# Blender 5.1.2
# www.blender.org
mtllib fenster.mtl
o window1
v -18.094250 -3.567537 5.210878
v -18.094250 -3.567537 4.589101
v -18.094250 -3.008205 4.589101
v -18.094250 -3.008205 5.210878
v -18.094250 -3.008205 5.210878
v -18.094250 -3.008205 4.589101
v -23.018215 -3.008205 4.589102
v -23.018215 -3.008205 5.210879
v -23.018215 -3.008205 5.210879
v -23.018215 -3.008205 4.589102
v -23.018215 -3.567537 4.589102
v -23.018215 -3.567537 5.210879
v -23.018215 -3.567537 5.210879
v -23.018215 -3.567537 4.589102
v -18.094250 -3.567537 4.589101
v -18.094250 -3.567537 5.210878
v -18.094250 -3.685392 3.960988
v -23.018215 -3.685392 3.960989
v -23.018215 -3.379818 3.960989
v -18.094250 -3.379818 3.960988
v -23.018215 -3.567537 5.210879
v -18.094250 -3.567537 5.210878
v -18.094250 -3.008205 5.210878
v -23.018215 -3.008205 5.210879
v -23.018215 -3.685392 3.960989
v -18.094250 -3.685392 3.960988
v -23.018215 -3.379818 3.960989
v -23.018215 -3.685392 3.960989
v -18.094250 -3.379818 3.960988
v -23.018215 -3.379818 3.960989
v -18.094250 -3.685392 3.960988
v -18.094250 -3.379818 3.960988
v -21.162741 3.016597 4.794732
v -20.886412 3.202834 4.798077
v -20.851326 3.122187 4.739758
v -21.099276 2.955076 4.736757
v -21.346764 2.738785 4.792155
v -21.264399 2.705793 4.734445
v -21.410469 2.411687 4.790740
v -21.321564 2.412292 4.733175
v -21.344158 2.085106 4.790701
v -21.262062 2.119251 4.733140
v -21.157925 1.808761 4.792046
v -21.094955 1.871287 4.734347
v -20.880121 1.624720 4.794568
v -20.845682 1.706149 4.736609
v -20.553041 1.561003 4.797883
v -20.552195 1.648977 4.739584
v -20.226479 1.627311 4.801488
v -20.259171 1.708474 4.742819
v -19.950151 1.813545 4.804834
v -20.011225 1.875584 4.745821
v -19.766129 2.091361 4.807410
v -19.846098 2.124865 4.748133
v -19.702423 2.418458 4.808825
v -19.788937 2.418365 4.749403
v -19.768734 2.745039 4.808864
v -19.848438 2.711406 4.749437
v -19.954967 3.021388 4.807519
v -20.015545 2.959370 4.748231
v -20.232771 3.205425 4.804998
v -20.264816 3.124509 4.745968
v -20.559851 3.269145 4.801682
v -20.558306 3.181684 4.742993
v -20.827301 3.067315 4.763907
v -21.055927 2.913225 4.761139
v -21.208189 2.683367 4.759008
v -21.260899 2.412730 4.757837
v -21.206030 2.142529 4.757805
v -21.051943 1.913879 4.758917
v -20.822096 1.761610 4.761003
v -20.551476 1.708894 4.763747
v -20.281284 1.763755 4.766730
v -20.052656 1.917841 4.769497
v -19.900398 2.147703 4.771629
v -19.847691 2.418332 4.772800
v -19.902554 2.688541 4.772832
v -20.056641 2.917187 4.771720
v -20.286489 3.069456 4.769633
v -20.557110 3.122176 4.766890
v -20.814936 3.034932 4.795068
v -21.032255 2.888459 4.792438
v -21.176985 2.669971 4.790411
v -21.229170 2.412730 4.789276
v -21.174936 2.155885 4.789268
v -21.028471 1.938546 4.790325
v -20.809988 1.793806 4.792308
v -20.548504 1.737416 4.794947
v -20.295925 1.795840 4.797751
v -20.078602 1.942308 4.800382
v -19.933876 2.160801 4.802408
v -19.873241 2.418104 4.803633
v -19.935926 2.674891 4.803552
v -20.082390 2.892229 4.802495
v -20.300873 3.036970 4.800511
v -20.553909 3.093419 4.797962
v -21.032255 2.888459 4.792438
v -20.814936 3.034932 4.795068
v -20.788233 2.972936 4.816715
v -20.898577 2.756596 4.815057
v -21.176985 2.669971 4.790411
v -21.114019 2.644531 4.812524
v -21.229170 2.412730 4.789276
v -21.223598 2.412793 4.810840
v -21.174936 2.155885 4.789268
v -21.112177 2.181929 4.811496
v -21.028471 1.938546 4.790325
v -20.895845 2.071574 4.813534
v -20.809988 1.793806 4.792308
v -20.783781 1.856115 4.814231
v -20.548504 1.737416 4.794947
v -20.552052 1.746529 4.816434
v -20.295925 1.795840 4.797751
v -20.321203 1.857950 4.819129
v -20.078602 1.942308 4.800382
v -20.210859 2.074286 4.820786
v -19.933876 2.160801 4.802408
v -19.995415 2.186355 4.823319
v -19.873241 2.418104 4.803633
v -19.885838 2.418093 4.825004
v -19.935926 2.674891 4.803552
v -19.997257 2.648960 4.824348
v -20.082390 2.892229 4.802495
v -20.213591 2.759312 4.822310
v -20.300873 3.036970 4.800511
v -20.325655 2.974767 4.821612
v -20.553909 3.093419 4.797962
v -20.557384 3.084356 4.819409
v -20.838989 2.696800 4.887567
v -20.747948 2.875291 4.888935
v -20.733444 2.839079 4.912750
v -20.816202 2.673417 4.912750
v -21.016745 2.604334 4.885477
v -20.838989 2.696800 4.887567
v -20.816202 2.673417 4.912750
v -20.976444 2.587396 4.912750
v -21.107155 2.413136 4.884087
v -21.016745 2.604334 4.885477
v -20.976444 2.587396 4.912750
v -21.056591 2.413184 4.912750
v -21.015223 2.222656 4.884628
v -21.107155 2.413136 4.884087
v -21.056591 2.413184 4.912750
v -20.973923 2.240103 4.912750
v -20.836735 2.131609 4.886310
v -21.015223 2.222656 4.884628
v -20.973923 2.240103 4.912750
v -20.813105 2.155962 4.912750
v -20.744274 1.953840 4.886885
v -20.836735 2.131609 4.886310
v -20.813105 2.155962 4.912750
v -20.728939 1.992754 4.912750
v -20.553082 1.863419 4.888703
v -20.744274 1.953840 4.886885
v -20.728939 1.992754 4.912750
v -20.553871 1.906973 4.912750
v -20.362614 1.955351 4.890926
v -20.553082 1.863419 4.888703
v -20.553871 1.906973 4.912750
v -20.377121 1.988516 4.912750
v -20.271574 2.133850 4.892294
v -20.362614 1.955351 4.890926
v -20.377121 1.988516 4.912750
v -20.291437 2.152910 4.912750
v -20.093815 2.226308 4.894384
v -20.271574 2.133850 4.892294
v -20.291437 2.152910 4.912750
v -20.122726 2.237851 4.912750
v -20.003408 2.417507 4.895774
v -20.093815 2.226308 4.894384
v -20.122726 2.237851 4.912750
v -20.035427 2.417289 4.912750
v -20.095337 2.607986 4.895233
v -20.003408 2.417507 4.895774
v -20.035427 2.417289 4.912750
v -20.122900 2.596536 4.912750
v -20.273827 2.699041 4.893551
v -20.095337 2.607986 4.895233
v -20.122900 2.596536 4.912750
v -20.292402 2.680710 4.912750
v -20.366287 2.876806 4.892975
v -20.273827 2.699041 4.893551
v -20.292402 2.680710 4.912750
v -20.379280 2.846228 4.912750
v -20.557482 2.967227 4.891158
v -20.366287 2.876806 4.892975
v -20.379280 2.846228 4.912750
v -20.557882 2.927561 4.912750
v -20.747948 2.875291 4.888935
v -20.557482 2.967227 4.891158
v -20.557882 2.927561 4.912750
v -20.733444 2.839079 4.912750
v -20.780863 2.954457 4.860549
v -20.887564 2.745260 4.858946
v -21.095892 2.636894 4.856496
v -21.201851 2.412808 4.854868
v -21.094112 2.189565 4.855502
v -20.884922 2.082855 4.857473
v -20.776558 1.874512 4.858147
v -20.552479 1.768542 4.860278
v -20.329254 1.876281 4.862883
v -20.222553 2.085482 4.864486
v -20.014221 2.193844 4.866936
v -19.908262 2.417934 4.868565
v -20.016006 2.641173 4.867930
v -20.225195 2.747887 4.865959
v -20.333559 2.956230 4.865285
v -20.557636 3.062200 4.863154
v -20.747948 2.875291 4.888935
v -20.838989 2.696800 4.887567
v -21.016745 2.604334 4.885477
v -21.107155 2.413136 4.884087
v -21.015223 2.222656 4.884628
v -20.836735 2.131609 4.886310
v -20.744274 1.953840 4.886885
v -20.553082 1.863419 4.888703
v -20.362614 1.955351 4.890926
v -20.271574 2.133850 4.892294
v -20.093815 2.226308 4.894384
v -20.003408 2.417507 4.895774
v -20.095337 2.607986 4.895233
v -20.273827 2.699041 4.893551
v -20.366287 2.876806 4.892975
v -20.557482 2.967227 4.891158
v -21.467865 2.411275 4.911693
v -21.400331 2.760738 4.911860
v -21.346764 2.738785 4.792155
v -21.410469 2.411687 4.790740
v -21.397047 2.062574 4.911689
v -21.344158 2.085106 4.790701
v -21.198547 1.767149 4.911847
v -21.157925 1.808761 4.792046
v -20.902115 1.569656 4.912144
v -20.880121 1.624720 4.794568
v -20.552307 1.500264 4.912535
v -20.553041 1.561003 4.797883
v -20.202053 1.570021 4.912962
v -20.226479 1.627311 4.801488
v -19.904781 1.768870 4.913359
v -19.950151 1.813545 4.804834
v -19.706226 2.066868 4.913665
v -19.766129 2.091361 4.807410
v -19.661276 2.418454 4.913806
v -19.702423 2.418458 4.808825
v -19.708515 2.769875 4.913839
v -19.768734 2.745039 4.808864
v -19.909225 3.066796 4.913679
v -19.954967 3.021388 4.807519
v -20.208286 3.263787 4.913378
v -20.232771 3.205425 4.804998
v -20.559593 3.330961 4.912985
v -20.559851 3.269145 4.801682
v -20.909344 3.258583 4.912558
v -20.886412 3.202834 4.798077
v -21.204401 3.058234 4.912163
v -21.162741 3.016597 4.794732
v -21.162741 3.016597 5.030770
v -21.099276 2.955076 5.088745
v -20.851326 3.122187 5.085741
v -20.886412 3.202834 5.027423
v -21.346764 2.738785 5.033346
v -21.264399 2.705793 5.091055
v -21.410469 2.411687 5.034761
v -21.321564 2.412292 5.092323
v -21.344158 2.085106 5.034798
v -21.262062 2.119251 5.092360
v -21.157925 1.808761 5.033453
v -21.094955 1.871291 5.091155
v -20.880121 1.624720 5.030932
v -20.845682 1.706149 5.088892
v -20.553041 1.561003 5.027615
v -20.552195 1.648973 5.085914
v -20.226479 1.627311 5.024011
v -20.259171 1.708474 5.082682
v -19.950151 1.813545 5.020668
v -20.011225 1.875584 5.079679
v -19.766129 2.091361 5.018088
v -19.846098 2.124865 5.077368
v -19.702423 2.418458 5.016673
v -19.788937 2.418365 5.076096
v -19.768734 2.745039 5.016636
v -19.848438 2.711406 5.076063
v -19.954967 3.021388 5.017982
v -20.015545 2.959370 5.077268
v -20.232771 3.205425 5.020502
v -20.264816 3.124512 5.079531
v -20.559851 3.269142 5.023819
v -20.558304 3.181684 5.082505
v -21.055927 2.913225 5.064362
v -20.827301 3.067311 5.061594
v -21.208189 2.683367 5.066492
v -21.260899 2.412734 5.067664
v -21.206030 2.142525 5.067694
v -21.051943 1.913883 5.066585
v -20.822096 1.761610 5.064495
v -20.551476 1.708894 5.061753
v -20.281284 1.763755 5.058771
v -20.052656 1.917841 5.056004
v -19.900398 2.147703 5.053870
v -19.847691 2.418336 5.052701
v -19.902554 2.688541 5.052668
v -20.056641 2.917187 5.053781
v -20.286489 3.069456 5.055867
v -20.557110 3.122172 5.058609
v -21.032255 2.888463 5.033062
v -20.814936 3.034932 5.030431
v -21.176985 2.669971 5.035089
v -21.229170 2.412730 5.036224
v -21.174936 2.155881 5.036232
v -21.028471 1.938546 5.035174
v -20.809988 1.793806 5.033191
v -20.548504 1.737416 5.030552
v -20.295925 1.795840 5.027748
v -20.078602 1.942312 5.025116
v -19.933876 2.160801 5.023093
v -19.873241 2.418104 5.021866
v -19.935926 2.674891 5.021947
v -20.082390 2.892229 5.023005
v -20.300873 3.036966 5.024987
v -20.553909 3.093419 5.027538
v -21.032255 2.888463 5.033062
v -20.898577 2.756596 5.010441
v -20.788233 2.972936 5.008786
v -20.814936 3.034932 5.030431
v -21.176985 2.669971 5.035089
v -21.114019 2.644531 5.012977
v -21.229170 2.412730 5.036224
v -21.223598 2.412793 5.014661
v -21.174936 2.155881 5.036232
v -21.112177 2.181929 5.014005
v -21.028471 1.938546 5.035174
v -20.895845 2.071574 5.011967
v -20.809988 1.793806 5.033191
v -20.783781 1.856115 5.011271
v -20.548504 1.737416 5.030552
v -20.552052 1.746529 5.009067
v -20.295925 1.795840 5.027748
v -20.321203 1.857950 5.006372
v -20.078602 1.942312 5.025116
v -20.210859 2.074286 5.004714
v -19.933876 2.160801 5.023093
v -19.995415 2.186355 5.002178
v -19.873241 2.418104 5.021866
v -19.885838 2.418093 5.000494
v -19.935926 2.674891 5.021947
v -19.997257 2.648960 5.001150
v -20.082390 2.892229 5.023005
v -20.213591 2.759312 5.003188
v -20.300873 3.036966 5.024987
v -20.325655 2.974771 5.003889
v -20.553909 3.093419 5.027538
v -20.557384 3.084356 5.006089
v -20.838989 2.696797 4.937933
v -20.816202 2.673417 4.912750
v -20.733444 2.839079 4.912750
v -20.747948 2.875295 4.936565
v -21.016745 2.604337 4.940023
v -20.976444 2.587396 4.912750
v -20.816202 2.673417 4.912750
v -20.838989 2.696797 4.937933
v -21.107155 2.413136 4.941413
v -21.056591 2.413184 4.912750
v -20.976444 2.587396 4.912750
v -21.016745 2.604337 4.940023
v -21.015223 2.222656 4.940872
v -20.973923 2.240103 4.912750
v -21.056591 2.413184 4.912750
v -21.107155 2.413136 4.941413
v -20.836735 2.131605 4.939190
v -20.813105 2.155962 4.912750
v -20.973923 2.240103 4.912750
v -21.015223 2.222656 4.940872
v -20.744274 1.953840 4.938615
v -20.728939 1.992754 4.912750
v -20.813105 2.155962 4.912750
v -20.836735 2.131605 4.939190
v -20.553082 1.863419 4.936797
v -20.553871 1.906973 4.912750
v -20.728939 1.992754 4.912750
v -20.744274 1.953840 4.938615
v -20.362614 1.955351 4.934574
v -20.377121 1.988516 4.912750
v -20.553871 1.906973 4.912750
v -20.553082 1.863419 4.936797
v -20.271574 2.133850 4.933206
v -20.291437 2.152910 4.912750
v -20.377121 1.988516 4.912750
v -20.362614 1.955351 4.934574
v -20.093815 2.226308 4.931116
v -20.122726 2.237851 4.912750
v -20.291437 2.152910 4.912750
v -20.271574 2.133850 4.933206
v -20.003408 2.417507 4.929726
v -20.035427 2.417289 4.912750
v -20.122726 2.237851 4.912750
v -20.093815 2.226308 4.931116
v -20.095337 2.607986 4.930267
v -20.122900 2.596536 4.912750
v -20.035427 2.417289 4.912750
v -20.003408 2.417507 4.929726
v -20.273827 2.699041 4.931949
v -20.292402 2.680710 4.912750
v -20.122900 2.596536 4.912750
v -20.095337 2.607986 4.930267
v -20.366287 2.876806 4.932525
v -20.379280 2.846228 4.912750
v -20.292402 2.680710 4.912750
v -20.273827 2.699041 4.931949
v -20.557482 2.967227 4.934342
v -20.557882 2.927561 4.912750
v -20.379280 2.846228 4.912750
v -20.366287 2.876806 4.932525
v -20.747948 2.875295 4.936565
v -20.733444 2.839079 4.912750
v -20.557882 2.927561 4.912750
v -20.557482 2.967227 4.934342
v -20.887562 2.745260 4.966556
v -20.780863 2.954457 4.964952
v -21.095892 2.636894 4.969003
v -21.201851 2.412808 4.970632
v -21.094112 2.189565 4.969997
v -20.884922 2.082855 4.968026
v -20.776558 1.874512 4.967351
v -20.552479 1.768542 4.965221
v -20.329254 1.876285 4.962615
v -20.222553 2.085482 4.961012
v -20.014221 2.193844 4.958564
v -19.908262 2.417934 4.956935
v -20.016006 2.641173 4.957569
v -20.225195 2.747884 4.959540
v -20.333559 2.956226 4.960217
v -20.557636 3.062200 4.962347
v -20.838989 2.696797 4.937933
v -20.747948 2.875295 4.936565
v -21.016745 2.604337 4.940023
v -21.107155 2.413136 4.941413
v -21.015223 2.222656 4.940872
v -20.836735 2.131605 4.939190
v -20.744274 1.953840 4.938615
v -20.553082 1.863419 4.936797
v -20.362614 1.955351 4.934574
v -20.271574 2.133850 4.933206
v -20.093815 2.226308 4.931116
v -20.003408 2.417507 4.929726
v -20.095337 2.607986 4.930267
v -20.273827 2.699041 4.931949
v -20.366287 2.876806 4.932525
v -20.557482 2.967227 4.934342
v -21.467865 2.411275 4.911693
v -21.410469 2.411687 5.034761
v -21.346764 2.738785 5.033346
v -21.400331 2.760738 4.911860
v -21.397047 2.062574 4.911689
v -21.344158 2.085106 5.034798
v -21.198547 1.767149 4.911847
v -21.157925 1.808761 5.033453
v -20.902115 1.569656 4.912144
v -20.880121 1.624720 5.030932
v -20.552307 1.500264 4.912535
v -20.553041 1.561003 5.027615
v -20.202053 1.570021 4.912962
v -20.226479 1.627311 5.024011
v -19.904781 1.768870 4.913359
v -19.950151 1.813545 5.020668
v -19.706226 2.066868 4.913665
v -19.766129 2.091361 5.018088
v -19.661276 2.418454 4.913806
v -19.702423 2.418458 5.016673
v -19.708515 2.769875 4.913839
v -19.768734 2.745039 5.016636
v -19.909225 3.066796 4.913679
v -19.954967 3.021388 5.017982
v -20.208286 3.263787 4.913378
v -20.232771 3.205425 5.020502
v -20.559593 3.330961 4.912985
v -20.559851 3.269142 5.023819
v -20.909344 3.258583 4.912558
v -20.886412 3.202834 5.027423
v -21.204401 3.058234 4.912163
v -21.162741 3.016597 5.030770
v -20.492407 -2.633194 4.654877
v -20.556774 -2.633194 4.654877
v -20.556232 -2.509052 4.659405
v -20.507580 -2.588759 4.674190
v -18.958622 -2.484643 4.654877
v -19.005619 -2.588759 4.674190
v -19.005619 0.508076 4.674190
v -18.958622 0.508072 4.654877
v -19.067442 0.969030 4.674190
v -19.000248 0.985798 4.654877
v -18.964409 0.789197 4.654877
v -19.033609 0.789197 4.674190
v -20.400330 0.969030 4.674190
v -20.467520 0.985798 4.654877
v -20.397385 1.195368 4.654877
v -20.357969 1.144200 4.674190
v -20.219501 1.386986 4.674190
v -20.250233 1.460727 4.654877
v -20.024515 1.702655 4.654877
v -20.040119 1.569247 4.674190
v -19.779968 1.657420 4.641803
v -19.779968 1.769504 4.654877
v -19.508516 1.702655 4.654877
v -19.491018 1.569247 4.674190
v -19.281816 1.386986 4.674190
v -19.248089 1.460727 4.654877
v -19.082027 1.164842 4.654877
v -19.124210 1.113674 4.674190
v -18.958622 -2.633194 4.654877
v -19.029573 -2.633194 4.654877
v -19.057251 0.524947 4.694200
v -19.057251 -2.563610 4.694200
v -19.112097 -2.527295 4.680988
v -19.112097 0.529786 4.680988
v -19.153389 0.973692 4.694200
v -19.110943 0.789429 4.694200
v -19.205959 0.789975 4.680988
v -19.357359 0.862997 4.659824
v -20.474878 0.524947 4.694200
v -20.463900 0.701267 4.694200
v -20.427580 0.673450 4.680988
v -20.440142 0.529786 4.680988
v -20.330704 1.004218 4.694200
v -20.289721 1.150255 4.694200
v -20.241735 1.072663 4.659824
v -20.180868 0.862997 4.659824
v -20.191320 1.337451 4.694200
v -20.002842 1.510760 4.694200
v -20.003456 1.448809 4.659824
v -20.174706 1.280663 4.659824
v -19.779968 1.573430 4.694200
v -19.532814 1.510760 4.694200
v -19.532122 1.448809 4.659824
v -19.779968 1.529272 4.659824
v -19.331743 1.361870 4.694200
v -19.197248 1.119729 4.694200
v -19.294661 1.042137 4.659824
v -19.366961 1.280663 4.659824
v -20.474878 -2.563610 4.694200
v -20.440142 -2.527295 4.680988
v -19.057251 -2.563610 4.694200
v -20.474878 -2.563610 4.694200
v -20.440142 -2.527295 4.680988
v -19.112097 -2.527295 4.680988
v -19.057251 -2.563610 4.694200
v -19.057251 0.524947 4.694200
v -19.005619 0.508076 4.674190
v -19.005619 -2.588759 4.674190
v -18.904203 0.508072 4.723204
v -18.904203 -2.528080 4.723204
v -18.948753 1.005957 4.723204
v -18.910395 0.810381 4.723204
v -19.110943 0.789429 4.694200
v -19.153389 0.973692 4.694200
v -19.067442 0.969030 4.674190
v -19.033609 0.789197 4.674190
v -20.463900 0.701267 4.694200
v -20.474878 0.524947 4.694200
v -20.507580 0.508076 4.674190
v -20.495762 0.681366 4.674190
v -20.519018 1.005957 4.723204
v -20.440144 1.225286 4.723204
v -20.397385 1.195368 4.654877
v -20.467520 0.985798 4.654877
v -20.289721 1.150255 4.694200
v -20.330704 1.004218 4.694200
v -20.400330 0.969030 4.674190
v -20.357969 1.144200 4.674190
v -20.281303 1.534863 4.723204
v -20.038626 1.781386 4.723204
v -20.040119 1.569247 4.674190
v -20.002842 1.510760 4.694200
v -20.191320 1.337451 4.694200
v -20.219501 1.386986 4.674190
v -19.779968 1.870539 4.723204
v -19.492695 1.781386 4.723204
v -19.491018 1.569247 4.674190
v -19.532814 1.510760 4.694200
v -19.779968 1.573430 4.694200
v -19.779968 1.657420 4.641803
v -19.213987 1.534863 4.723204
v -19.036274 1.194760 4.723204
v -19.124210 1.113674 4.674190
v -19.197248 1.119729 4.694200
v -19.331743 1.361870 4.694200
v -19.281816 1.386986 4.674190
v -20.474878 -2.563610 4.694200
v -20.507580 -2.588759 4.674190
v -18.904203 -2.683960 4.723204
v -18.980137 -2.683960 4.723204
v -18.904203 -2.683960 4.723204
v -20.474878 -2.563610 4.694200
v -19.057251 -2.563610 4.694200
v -19.005619 -2.588759 4.674190
v -20.507580 -2.588759 4.674190
v -18.980137 -2.683960 4.723204
v -20.523718 -2.683960 4.730136
v -20.492407 -2.633194 4.654877
v -19.029573 -2.633194 4.654877
v -20.489853 0.789197 4.674190
v -20.440874 0.789429 4.694200
v -20.440874 0.789429 4.694200
v -20.308720 0.789975 4.680988
v -19.074587 0.701267 4.694200
v -19.024277 0.681366 4.674190
v -19.131935 0.673450 4.680988
v -19.074587 0.701267 4.694200
v -18.953865 0.681366 4.654877
v -18.899111 0.681366 4.723204
v -19.024277 0.681366 4.674190
v -20.289721 1.150255 4.694200
v -20.357969 1.144200 4.674190
v -20.357969 1.144200 4.674190
v -20.519018 1.005957 4.723204
v -20.556232 0.795182 4.727714
v -20.556232 0.803165 4.824889
v -20.556232 0.857027 4.912750
v -20.519018 1.005957 4.912750
v -20.489853 0.789197 4.674190
v -20.556232 0.789197 4.654877
v -20.467520 0.985798 4.654877
v -20.400330 0.969030 4.674190
v -20.330704 1.004218 4.694200
v -20.440874 0.789429 4.694200
v -20.489853 0.789197 4.674190
v -20.400330 0.969030 4.674190
v -19.112097 0.529786 4.680988
v -19.112097 -2.527295 4.680988
v -19.171543 -2.486788 4.722961
v -19.171543 0.554276 4.722961
v -19.357359 0.862997 4.659824
v -19.205959 0.789975 4.680988
v -19.281559 0.777824 4.722961
v -19.411282 0.840133 4.706950
v -20.440142 0.529786 4.680988
v -20.427580 0.673450 4.680988
v -20.322634 0.692640 4.722961
v -20.337784 0.554276 4.722961
v -20.180868 0.862997 4.659824
v -20.241735 1.072663 4.659824
v -20.200975 1.033284 4.706950
v -20.135338 0.840133 4.706950
v -20.174706 1.280663 4.659824
v -20.003456 1.448809 4.659824
v -19.999155 1.387801 4.706950
v -20.139666 1.214875 4.706950
v -19.779968 1.529272 4.659824
v -19.532122 1.448809 4.659824
v -19.536945 1.387801 4.706950
v -19.779968 1.477127 4.706950
v -19.366961 1.280663 4.659824
v -19.294661 1.042137 4.659824
v -19.344114 1.002758 4.706950
v -19.408665 1.214875 4.706950
v -20.440142 -2.527295 4.680988
v -20.402494 -2.486788 4.722961
v -20.308720 0.789975 4.680988
v -20.244879 0.777824 4.722961
v -19.131935 0.673450 4.680988
v -19.189484 0.692640 4.722961
v -19.171543 0.554276 4.722961
v -19.171543 -2.486788 4.722961
v -19.216885 -2.470046 4.772925
v -19.216913 0.544325 4.773560
v -19.411282 0.840133 4.706950
v -19.281559 0.777824 4.722961
v -19.358833 0.767372 4.772925
v -19.446859 0.818316 4.763050
v -20.337784 0.554276 4.722961
v -20.322634 0.692640 4.722961
v -20.285568 0.671777 4.772925
v -20.299496 0.548434 4.772925
v -20.135338 0.840133 4.706950
v -20.200975 1.033284 4.706950
v -20.175402 1.008788 4.763050
v -20.105295 0.818316 4.763050
v -20.139666 1.214875 4.706950
v -19.999155 1.387801 4.706950
v -19.979782 1.321261 4.763050
v -20.109526 1.167108 4.763050
v -19.779968 1.477127 4.706950
v -19.536945 1.387801 4.706950
v -19.558662 1.321261 4.763050
v -19.779968 1.431569 4.751040
v -19.408665 1.214875 4.706950
v -19.344114 1.002758 4.706950
v -19.375145 0.978262 4.763050
v -19.444530 1.167108 4.763050
v -20.402494 -2.486788 4.722961
v -20.299496 -2.470046 4.772925
v -19.171543 -2.486788 4.722961
v -20.402494 -2.486788 4.722961
v -20.244879 0.777824 4.722961
v -20.202755 0.782180 4.772925
v -19.189484 0.692640 4.722961
v -19.233406 0.667664 4.773560
v -19.344114 1.002758 4.706950
v -19.411282 0.840133 4.706950
v -19.446859 0.818316 4.763050
v -19.375145 0.978262 4.763050
v -20.200975 1.033284 4.706950
v -20.175402 1.008788 4.763050
v -20.135338 0.840133 4.706950
v -20.105295 0.818316 4.763050
v -19.246986 -2.441812 4.912750
v -19.247019 0.536365 4.912750
v -19.446859 0.818316 4.763050
v -19.404205 0.766046 4.912750
v -19.480467 0.800202 4.912750
v -20.236082 0.659619 4.912750
v -20.274076 0.540474 4.912750
v -20.105295 0.818316 4.763050
v -20.143476 0.983255 4.912750
v -20.076914 0.800202 4.912750
v -19.951527 1.283184 4.912750
v -20.083275 1.134279 4.912750
v -19.590343 1.283184 4.912750
v -19.779966 1.365375 4.912750
v -19.413883 0.952729 4.912750
v -19.475775 1.134279 4.912750
v -20.274076 -2.441812 4.912750
v -20.141312 0.766046 4.912750
v -19.291977 0.659619 4.912750
v -18.980133 -2.683960 4.912750
v -20.520639 -2.685298 4.912750
v -20.523718 -2.683960 4.730136
v -18.980137 -2.683960 4.723204
v -18.904200 -2.683960 4.912750
v -18.980133 -2.683960 4.912750
v -18.980137 -2.683960 4.723204
v -18.904203 -2.683960 4.723204
v -18.904200 -2.528080 4.912750
v -18.904200 -2.683960 4.912750
v -18.904203 -2.683960 4.723204
v -18.904203 -2.528080 4.723204
v -18.904200 0.508072 4.912750
v -18.904203 0.508072 4.723204
v -18.899111 0.681366 4.723204
v -18.899115 0.681366 4.912750
v -18.910395 0.810381 4.723204
v -18.910395 0.810381 4.912750
v -18.948753 1.005957 4.723204
v -18.948750 1.005957 4.912750
v -19.036274 1.194760 4.723204
v -19.036270 1.194760 4.912750
v -19.213987 1.534863 4.723204
v -19.213987 1.534863 4.912750
v -19.492695 1.781386 4.723204
v -19.492695 1.781386 4.912750
v -19.779968 1.870539 4.723204
v -19.779966 1.870539 4.912750
v -20.038626 1.781386 4.723204
v -20.038626 1.781386 4.912750
v -19.779966 1.870539 4.912750
v -19.779968 1.870539 4.723204
v -20.281303 1.534863 4.723204
v -20.281303 1.534863 4.912750
v -20.440144 1.225286 4.723204
v -20.440144 1.225286 4.912750
v -20.467520 0.985798 4.654877
v -20.556232 0.789197 4.654877
v -20.507580 0.508076 4.674190
v -20.556232 0.511120 4.654877
v -20.556232 0.665128 4.654877
v -20.495762 0.681366 4.674190
v -20.507580 -2.588759 4.674190
v -20.556232 -2.509052 4.659405
v -20.556232 0.789197 4.654877
v -20.489853 0.789197 4.674190
v -20.492407 -2.633194 5.170623
v -20.507580 -2.588759 5.151311
v -20.556232 -2.509052 5.166094
v -20.556232 -2.633194 5.170623
v -18.958622 -2.484643 5.170623
v -18.958622 0.508072 5.170623
v -19.005619 0.508076 5.151311
v -19.005619 -2.588759 5.151311
v -19.067440 0.969030 5.151311
v -19.033609 0.789197 5.151311
v -18.964409 0.789197 5.170623
v -19.000248 0.985798 5.170623
v -20.400330 0.969030 5.151311
v -20.357969 1.144200 5.151311
v -20.397385 1.195368 5.170623
v -20.467520 0.985798 5.170623
v -20.219501 1.386986 5.151311
v -20.040119 1.569247 5.151311
v -20.024515 1.702655 5.170623
v -20.250233 1.460727 5.170623
v -19.779966 1.657420 5.183699
v -19.491018 1.569247 5.151311
v -19.508516 1.702655 5.170623
v -19.779966 1.769504 5.170623
v -19.281816 1.386986 5.151311
v -19.124210 1.113674 5.151311
v -19.082027 1.164842 5.170623
v -19.248087 1.460727 5.170623
v -18.958622 -2.633194 5.170623
v -19.029573 -2.633194 5.170623
v -19.057251 0.524947 5.131299
v -19.112097 0.529786 5.144512
v -19.112097 -2.527295 5.144512
v -19.057251 -2.563610 5.131299
v -19.153387 0.973692 5.131299
v -19.357359 0.862997 5.165677
v -19.205959 0.789975 5.144512
v -19.110943 0.789429 5.131299
v -20.474878 0.524947 5.131300
v -20.440142 0.529786 5.144512
v -20.427580 0.673450 5.144512
v -20.463900 0.701267 5.131300
v -20.330704 1.004218 5.131300
v -20.180868 0.862997 5.165677
v -20.241735 1.072663 5.165677
v -20.289721 1.150255 5.131300
v -20.191320 1.337451 5.131300
v -20.174706 1.280663 5.165677
v -20.003456 1.448809 5.165677
v -20.002842 1.510760 5.131300
v -19.779966 1.573430 5.131300
v -19.779966 1.529272 5.165677
v -19.532122 1.448809 5.165677
v -19.532814 1.510760 5.131300
v -19.331743 1.361870 5.131299
v -19.366961 1.280663 5.165677
v -19.294661 1.042137 5.165677
v -19.197248 1.119729 5.131299
v -20.474878 -2.563610 5.131300
v -20.440142 -2.527295 5.144512
v -19.057251 -2.563610 5.131299
v -19.112097 -2.527295 5.144512
v -20.440142 -2.527295 5.144512
v -20.474878 -2.563610 5.131300
v -19.057251 -2.563610 5.131299
v -19.005619 -2.588759 5.151311
v -19.005619 0.508076 5.151311
v -19.057251 0.524947 5.131299
v -18.904203 0.508072 5.102295
v -18.904203 -2.528080 5.102295
v -18.948753 1.005957 5.102295
v -18.910395 0.810381 5.102295
v -19.110943 0.789429 5.131299
v -19.033609 0.789197 5.151311
v -19.067440 0.969030 5.151311
v -19.153387 0.973692 5.131299
v -20.463900 0.701267 5.131300
v -20.495762 0.681366 5.151311
v -20.507580 0.508076 5.151311
v -20.474878 0.524947 5.131300
v -20.519018 1.005957 5.102296
v -20.467520 0.985798 5.170623
v -20.397385 1.195368 5.170623
v -20.440144 1.225286 5.102296
v -20.289721 1.150255 5.131300
v -20.357969 1.144200 5.151311
v -20.400330 0.969030 5.151311
v -20.330704 1.004218 5.131300
v -20.281303 1.534863 5.102296
v -20.038626 1.781386 5.102296
v -20.040119 1.569247 5.151311
v -20.219501 1.386986 5.151311
v -20.191320 1.337451 5.131300
v -20.002842 1.510760 5.131300
v -19.779966 1.870539 5.102296
v -19.492695 1.781386 5.102296
v -19.491018 1.569247 5.151311
v -19.779966 1.657420 5.183699
v -19.779966 1.573430 5.131300
v -19.532814 1.510760 5.131300
v -19.213987 1.534863 5.102296
v -19.036274 1.194760 5.102296
v -19.124210 1.113674 5.151311
v -19.281816 1.386986 5.151311
v -19.331743 1.361870 5.131299
v -19.197248 1.119729 5.131299
v -20.507580 -2.588759 5.151311
v -20.474878 -2.563610 5.131300
v -18.904203 -2.683960 5.102295
v -18.980137 -2.683960 5.102295
v -18.904203 -2.683960 5.102295
v -20.474878 -2.563610 5.131300
v -20.507580 -2.588759 5.151311
v -19.005619 -2.588759 5.151311
v -19.057251 -2.563610 5.131299
v -20.523718 -2.683960 5.095364
v -20.489853 0.789197 5.151311
v -20.440874 0.789429 5.131300
v -20.308720 0.789975 5.144512
v -20.440874 0.789429 5.131300
v -19.024277 0.681366 5.151311
v -19.074587 0.701267 5.131299
v -19.131935 0.673450 5.144512
v -19.074587 0.701267 5.131299
v -18.953865 0.681366 5.170623
v -18.899111 0.681366 5.102295
v -19.024277 0.681366 5.151311
v -20.357969 1.144200 5.151311
v -20.289721 1.150255 5.131300
v -20.357969 1.144200 5.151311
v -20.519018 1.005957 5.102296
v -20.519018 1.005957 4.912750
v -20.556232 0.857027 4.912750
v -20.556232 0.803165 5.000612
v -20.556232 0.795182 5.097785
v -20.489853 0.789197 5.151311
v -20.400330 0.969030 5.151311
v -20.467520 0.985798 5.170623
v -20.556232 0.789197 5.170623
v -20.330704 1.004218 5.131300
v -20.400330 0.969030 5.151311
v -20.489853 0.789197 5.151311
v -20.440874 0.789429 5.131300
v -19.112097 0.529786 5.144512
v -19.171543 0.554276 5.102539
v -19.171543 -2.486788 5.102539
v -19.112097 -2.527295 5.144512
v -19.357359 0.862997 5.165677
v -19.411282 0.840133 5.118548
v -19.281559 0.777824 5.102539
v -19.205959 0.789975 5.144512
v -20.440142 0.529786 5.144512
v -20.337784 0.554276 5.102539
v -20.322634 0.692640 5.102539
v -20.427580 0.673450 5.144512
v -20.180868 0.862997 5.165677
v -20.135338 0.840133 5.118548
v -20.200975 1.033284 5.118548
v -20.241735 1.072663 5.165677
v -20.174706 1.280663 5.165677
v -20.139666 1.214875 5.118548
v -19.999155 1.387801 5.118548
v -20.003456 1.448809 5.165677
v -19.779966 1.529272 5.165677
v -19.779966 1.477127 5.118548
v -19.536945 1.387801 5.118548
v -19.532122 1.448809 5.165677
v -19.366961 1.280663 5.165677
v -19.408665 1.214875 5.118548
v -19.344114 1.002758 5.118548
v -19.294661 1.042137 5.165677
v -20.440142 -2.527295 5.144512
v -20.402494 -2.486788 5.102539
v -20.244879 0.777824 5.102539
v -20.308720 0.789975 5.144512
v -19.131935 0.673450 5.144512
v -19.189484 0.692640 5.102539
v -19.171543 0.554276 5.102539
v -19.216913 0.544325 5.051939
v -19.216883 -2.470046 5.052576
v -19.171543 -2.486788 5.102539
v -19.411282 0.840133 5.118548
v -19.446859 0.818316 5.062449
v -19.358833 0.767372 5.052576
v -19.281559 0.777824 5.102539
v -20.337784 0.554276 5.102539
v -20.299496 0.548434 5.052576
v -20.285568 0.671777 5.052576
v -20.322634 0.692640 5.102539
v -20.135338 0.840133 5.118548
v -20.105295 0.818316 5.062449
v -20.175402 1.008788 5.062449
v -20.200975 1.033284 5.118548
v -20.139666 1.214875 5.118548
v -20.109526 1.167108 5.062449
v -19.979782 1.321261 5.062449
v -19.999155 1.387801 5.118548
v -19.779966 1.477127 5.118548
v -19.779966 1.431569 5.074460
v -19.558662 1.321261 5.062449
v -19.536945 1.387801 5.118548
v -19.408665 1.214875 5.118548
v -19.444530 1.167108 5.062449
v -19.375145 0.978262 5.062449
v -19.344114 1.002758 5.118548
v -20.402494 -2.486788 5.102539
v -20.299496 -2.470046 5.052576
v -19.171543 -2.486788 5.102539
v -20.402494 -2.486788 5.102539
v -20.202755 0.782180 5.052576
v -20.244879 0.777824 5.102539
v -19.189484 0.692640 5.102539
v -19.233406 0.667664 5.051939
v -19.344114 1.002758 5.118548
v -19.375145 0.978262 5.062449
v -19.446859 0.818316 5.062449
v -19.411282 0.840133 5.118548
v -20.200975 1.033284 5.118548
v -20.175402 1.008788 5.062449
v -20.105295 0.818316 5.062449
v -20.135338 0.840133 5.118548
v -19.247019 0.536365 4.912750
v -19.246986 -2.441812 4.912750
v -19.446859 0.818316 5.062449
v -19.480467 0.800202 4.912750
v -19.404205 0.766046 4.912750
v -20.274076 0.540474 4.912750
v -20.236082 0.659619 4.912750
v -20.105295 0.818316 5.062449
v -20.076914 0.800202 4.912750
v -20.143476 0.983255 4.912750
v -20.083275 1.134279 4.912750
v -19.951527 1.283184 4.912750
v -19.779966 1.365375 4.912750
v -19.590343 1.283184 4.912750
v -19.475775 1.134279 4.912750
v -19.413883 0.952729 4.912750
v -20.274076 -2.441812 4.912750
v -20.141312 0.766046 4.912750
v -19.291977 0.659619 4.912750
v -20.556232 -2.633194 5.170623
v -20.556232 -2.658985 5.097007
v -18.980133 -2.683960 4.912750
v -18.980137 -2.683960 5.102295
v -20.523718 -2.683960 5.095364
v -20.520639 -2.685298 4.912750
v -18.904200 -2.683960 4.912750
v -18.904203 -2.683960 5.102295
v -18.904200 -2.528080 4.912750
v -18.904203 -2.528080 5.102295
v -18.904203 -2.683960 5.102295
v -18.904200 -2.683960 4.912750
v -18.904200 0.508072 4.912750
v -18.904203 0.508072 5.102295
v -18.899111 0.681366 5.102295
v -18.899115 0.681366 4.912750
v -18.910395 0.810381 5.102295
v -18.910395 0.810381 4.912750
v -18.948753 1.005957 5.102295
v -18.948750 1.005957 4.912750
v -19.036274 1.194760 5.102296
v -19.036270 1.194760 4.912750
v -19.213987 1.534863 5.102296
v -19.213987 1.534863 4.912750
v -19.492695 1.781386 5.102296
v -19.492695 1.781386 4.912750
v -19.779966 1.870539 5.102296
v -19.779966 1.870539 4.912750
v -20.038626 1.781386 5.102296
v -19.779966 1.870539 5.102296
v -19.779966 1.870539 4.912750
v -20.038626 1.781386 4.912750
v -20.281303 1.534863 5.102296
v -20.281303 1.534863 4.912750
v -20.440144 1.225286 5.102296
v -20.440144 1.225286 4.912750
v -20.556232 0.789197 5.170623
v -20.467520 0.985798 5.170623
v -20.507580 0.508076 5.151311
v -20.495762 0.681366 5.151311
v -20.556232 0.665128 5.170623
v -20.556232 0.511120 5.170623
v -20.489853 0.789197 5.151311
v -20.556232 0.789197 5.170623
v -20.620058 -2.633194 4.654877
v -20.604885 -2.588759 4.674190
v -20.556232 -2.509052 4.659405
v -20.556774 -2.633194 4.654877
v -22.153843 -2.484643 4.654877
v -22.153843 0.508072 4.654877
v -22.106846 0.508076 4.674190
v -22.106846 -2.588759 4.674190
v -22.045023 0.969030 4.674190
v -22.078856 0.789197 4.674190
v -22.148056 0.789197 4.654877
v -22.112217 0.985798 4.654877
v -20.712135 0.969030 4.674190
v -20.754496 1.144200 4.674190
v -20.715080 1.195368 4.654877
v -20.644945 0.985798 4.654877
v -20.892963 1.386986 4.674190
v -21.072346 1.569247 4.674190
v -21.087950 1.702655 4.654877
v -20.862232 1.460727 4.654877
v -21.332497 1.657420 4.641803
v -21.621447 1.569247 4.674190
v -21.603949 1.702655 4.654877
v -21.332497 1.769504 4.654877
v -21.830648 1.386986 4.674190
v -21.988255 1.113674 4.674190
v -22.030437 1.164842 4.654877
v -21.864376 1.460727 4.654877
v -22.153843 -2.633194 4.654877
v -22.082891 -2.633194 4.654877
v -20.620058 -2.633194 4.654877
v -22.082891 -2.633194 4.654877
v -22.106846 -2.588759 4.674190
v -20.604885 -2.588759 4.674190
v -22.055214 0.524947 4.694201
v -22.000368 0.529786 4.680988
v -22.000368 -2.527295 4.680988
v -22.055214 -2.563610 4.694201
v -21.959076 0.973692 4.694201
v -21.755106 0.862997 4.659824
v -21.906506 0.789975 4.680988
v -22.001522 0.789429 4.694201
v -20.637585 0.524947 4.694200
v -20.672323 0.529786 4.680988
v -20.684885 0.673450 4.680988
v -20.648565 0.701267 4.694200
v -20.781761 1.004218 4.694200
v -20.931597 0.862997 4.659824
v -20.870729 1.072663 4.659824
v -20.822744 1.150255 4.694200
v -20.921144 1.337451 4.694200
v -20.937759 1.280663 4.659824
v -21.109009 1.448809 4.659824
v -21.109623 1.510760 4.694200
v -21.332497 1.573430 4.694200
v -21.332497 1.529272 4.659824
v -21.580343 1.448809 4.659824
v -21.579651 1.510760 4.694200
v -21.780722 1.361870 4.694201
v -21.745504 1.280663 4.659824
v -21.817804 1.042137 4.659824
v -21.915216 1.119729 4.694201
v -20.637585 -2.563610 4.694200
v -20.672323 -2.527295 4.680988
v -22.055214 -2.563610 4.694201
v -22.000368 -2.527295 4.680988
v -20.672323 -2.527295 4.680988
v -20.637585 -2.563610 4.694200
v -22.055214 -2.563610 4.694201
v -22.106846 -2.588759 4.674190
v -22.106846 0.508076 4.674190
v -22.055214 0.524947 4.694201
v -22.208261 0.508072 4.723205
v -22.208261 -2.528080 4.723205
v -22.163712 1.005957 4.723204
v -22.202070 0.810381 4.723205
v -22.001522 0.789429 4.694201
v -22.078856 0.789197 4.674190
v -22.045023 0.969030 4.674190
v -21.959076 0.973692 4.694201
v -20.648565 0.701267 4.694200
v -20.616703 0.681366 4.674190
v -20.604885 0.508076 4.674190
v -20.637585 0.524947 4.694200
v -20.593447 1.005957 4.723204
v -20.644945 0.985798 4.654877
v -20.715080 1.195368 4.654877
v -20.672321 1.225286 4.723204
v -20.822744 1.150255 4.694200
v -20.754496 1.144200 4.674190
v -20.712135 0.969030 4.674190
v -20.781761 1.004218 4.694200
v -20.831161 1.534863 4.723204
v -21.073839 1.781386 4.723204
v -21.072346 1.569247 4.674190
v -20.892963 1.386986 4.674190
v -20.921144 1.337451 4.694200
v -21.109623 1.510760 4.694200
v -21.332497 1.870539 4.723204
v -21.619770 1.781386 4.723204
v -21.621447 1.569247 4.674190
v -21.332497 1.657420 4.641803
v -21.332497 1.573430 4.694200
v -21.579651 1.510760 4.694200
v -21.898478 1.534863 4.723204
v -22.076191 1.194760 4.723204
v -21.988255 1.113674 4.674190
v -21.830648 1.386986 4.674190
v -21.780722 1.361870 4.694201
v -21.915216 1.119729 4.694201
v -20.604885 -2.588759 4.674190
v -20.637585 -2.563610 4.694200
v -22.208261 -2.683960 4.723205
v -22.132328 -2.683960 4.723204
v -22.208261 -2.683960 4.723205
v -20.637585 -2.563610 4.694200
v -20.604885 -2.588759 4.674190
v -22.106846 -2.588759 4.674190
v -22.055214 -2.563610 4.694201
v -22.132328 -2.683960 4.723204
v -22.082891 -2.633194 4.654877
v -20.620058 -2.633194 4.654877
v -20.588747 -2.683960 4.730136
v -20.622612 0.789197 4.674190
v -20.671591 0.789429 4.694200
v -20.803745 0.789975 4.680988
v -20.671591 0.789429 4.694200
v -22.088188 0.681366 4.674190
v -22.037878 0.701267 4.694201
v -21.980530 0.673450 4.680988
v -22.037878 0.701267 4.694201
v -22.158600 0.681366 4.654877
v -22.213354 0.681366 4.723205
v -22.088188 0.681366 4.674190
v -20.754496 1.144200 4.674190
v -20.822744 1.150255 4.694200
v -20.754496 1.144200 4.674190
v -20.593447 1.005957 4.723204
v -20.593447 1.005957 4.912750
v -20.556232 0.857027 4.912750
v -20.556232 0.803165 4.824889
v -20.556232 0.795182 4.727714
v -20.622612 0.789197 4.674190
v -20.712135 0.969030 4.674190
v -20.644945 0.985798 4.654877
v -20.556232 0.789197 4.654877
v -20.781761 1.004218 4.694200
v -20.712135 0.969030 4.674190
v -20.622612 0.789197 4.674190
v -20.671591 0.789429 4.694200
v -22.000368 0.529786 4.680988
v -21.940922 0.554276 4.722961
v -21.940922 -2.486788 4.722961
v -22.000368 -2.527295 4.680988
v -21.755106 0.862997 4.659824
v -21.701183 0.840133 4.706950
v -21.830906 0.777824 4.722961
v -21.906506 0.789975 4.680988
v -20.672323 0.529786 4.680988
v -20.774681 0.554276 4.722961
v -20.789831 0.692640 4.722961
v -20.684885 0.673450 4.680988
v -20.931597 0.862997 4.659824
v -20.977127 0.840133 4.706950
v -20.911489 1.033284 4.706950
v -20.870729 1.072663 4.659824
v -20.937759 1.280663 4.659824
v -20.972799 1.214875 4.706950
v -21.113310 1.387801 4.706950
v -21.109009 1.448809 4.659824
v -21.332497 1.529272 4.659824
v -21.332497 1.477127 4.706950
v -21.575520 1.387801 4.706950
v -21.580343 1.448809 4.659824
v -21.745504 1.280663 4.659824
v -21.703800 1.214875 4.706950
v -21.768351 1.002758 4.706950
v -21.817804 1.042137 4.659824
v -20.672323 -2.527295 4.680988
v -20.709970 -2.486788 4.722961
v -20.867586 0.777824 4.722961
v -20.803745 0.789975 4.680988
v -21.980530 0.673450 4.680988
v -21.922981 0.692640 4.722961
v -21.940922 0.554276 4.722961
v -21.895552 0.544325 4.773560
v -21.895580 -2.470046 4.772925
v -21.940922 -2.486788 4.722961
v -21.701183 0.840133 4.706950
v -21.665606 0.818316 4.763050
v -21.753632 0.767372 4.772925
v -21.830906 0.777824 4.722961
v -20.774681 0.554276 4.722961
v -20.812969 0.548434 4.772925
v -20.826897 0.671777 4.772925
v -20.789831 0.692640 4.722961
v -20.977127 0.840133 4.706950
v -21.007170 0.818316 4.763050
v -20.937063 1.008788 4.763050
v -20.911489 1.033284 4.706950
v -20.972799 1.214875 4.706950
v -21.002939 1.167108 4.763050
v -21.132683 1.321261 4.763050
v -21.113310 1.387801 4.706950
v -21.332497 1.477127 4.706950
v -21.332497 1.431569 4.751040
v -21.553802 1.321261 4.763050
v -21.575520 1.387801 4.706950
v -21.703800 1.214875 4.706950
v -21.667934 1.167108 4.763050
v -21.737320 0.978262 4.763050
v -21.768351 1.002758 4.706950
v -20.709970 -2.486788 4.722961
v -20.812969 -2.470046 4.772925
v -21.940922 -2.486788 4.722961
v -20.709970 -2.486788 4.722961
v -20.909710 0.782180 4.772925
v -20.867586 0.777824 4.722961
v -21.922981 0.692640 4.722961
v -21.879059 0.667664 4.773560
v -21.768351 1.002758 4.706950
v -21.737320 0.978262 4.763050
v -21.665606 0.818316 4.763050
v -21.701183 0.840133 4.706950
v -20.911489 1.033284 4.706950
v -20.937063 1.008788 4.763050
v -21.007170 0.818316 4.763050
v -20.977127 0.840133 4.706950
v -21.865446 0.536365 4.912750
v -21.865479 -2.441812 4.912750
v -21.665606 0.818316 4.763050
v -21.631998 0.800202 4.912750
v -21.708260 0.766046 4.912750
v -20.838388 0.540474 4.912750
v -20.876383 0.659619 4.912750
v -21.007170 0.818316 4.763050
v -21.035551 0.800202 4.912750
v -20.968988 0.983255 4.912750
v -21.029190 1.134279 4.912750
v -21.160938 1.283184 4.912750
v -21.332497 1.365375 4.912750
v -21.522121 1.283184 4.912750
v -21.636690 1.134279 4.912750
v -21.698582 0.952729 4.912750
v -20.838388 -2.441812 4.912750
v -20.971151 0.766046 4.912750
v -21.820488 0.659619 4.912750
v -22.132332 -2.683960 4.912750
v -22.132328 -2.683960 4.723204
v -20.588747 -2.683960 4.730136
v -20.576935 -2.685298 4.912750
v -22.208265 -2.683960 4.912750
v -22.208261 -2.683960 4.723205
v -22.132328 -2.683960 4.723204
v -22.132332 -2.683960 4.912750
v -22.208265 -2.528080 4.912750
v -22.208261 -2.528080 4.723205
v -22.208261 -2.683960 4.723205
v -22.208265 -2.683960 4.912750
v -22.208265 0.508072 4.912750
v -22.208261 0.508072 4.723205
v -22.213354 0.681366 4.723205
v -22.213350 0.681366 4.912750
v -22.202070 0.810381 4.723205
v -22.202070 0.810381 4.912750
v -22.163712 1.005957 4.723204
v -22.163715 1.005957 4.912750
v -22.076191 1.194760 4.723204
v -22.076195 1.194760 4.912750
v -21.898478 1.534863 4.723204
v -21.898478 1.534863 4.912750
v -21.619770 1.781386 4.723204
v -21.619770 1.781386 4.912750
v -21.332497 1.870539 4.723204
v -21.332497 1.870539 4.912750
v -21.073839 1.781386 4.723204
v -21.332497 1.870539 4.723204
v -21.332497 1.870539 4.912750
v -21.073839 1.781386 4.912750
v -20.831161 1.534863 4.723204
v -20.831161 1.534863 4.912750
v -20.672321 1.225286 4.723204
v -20.672321 1.225286 4.912750
v -20.556232 0.789197 4.654877
v -20.644945 0.985798 4.654877
v -20.604885 0.508076 4.674190
v -20.616703 0.681366 4.674190
v -20.556232 0.665128 4.654877
v -20.556232 0.511120 4.654877
v -20.604885 -2.588759 4.674190
v -20.556232 -2.509052 4.659405
v -20.622612 0.789197 4.674190
v -20.556232 0.789197 4.654877
v -20.620058 -2.633194 5.170623
v -20.556232 -2.633194 5.170623
v -20.556232 -2.509052 5.166094
v -20.604885 -2.588759 5.151311
v -22.153843 -2.484643 5.170623
v -22.106846 -2.588759 5.151312
v -22.106846 0.508076 5.151312
v -22.153843 0.508072 5.170623
v -22.045023 0.969030 5.151312
v -22.112215 0.985798 5.170623
v -22.148056 0.789197 5.170623
v -22.078856 0.789197 5.151312
v -20.712135 0.969030 5.151311
v -20.644945 0.985798 5.170623
v -20.715080 1.195368 5.170623
v -20.754496 1.144200 5.151311
v -20.892963 1.386986 5.151311
v -20.862230 1.460727 5.170623
v -21.087950 1.702655 5.170623
v -21.072346 1.569247 5.151311
v -21.332497 1.657420 5.183699
v -21.332497 1.769504 5.170623
v -21.603949 1.702655 5.170623
v -21.621447 1.569247 5.151312
v -21.830648 1.386986 5.151312
v -21.864376 1.460727 5.170623
v -22.030437 1.164842 5.170623
v -21.988255 1.113674 5.151312
v -22.153843 -2.633194 5.170623
v -22.082891 -2.633194 5.170623
v -22.055214 0.524947 5.131300
v -22.055214 -2.563610 5.131300
v -22.000368 -2.527295 5.144512
v -22.000368 0.529786 5.144512
v -21.959076 0.973692 5.131300
v -22.001522 0.789429 5.131300
v -21.906506 0.789975 5.144512
v -21.755104 0.862997 5.165678
v -20.637585 0.524947 5.131300
v -20.648565 0.701267 5.131300
v -20.684885 0.673450 5.144512
v -20.672323 0.529786 5.144512
v -20.781761 1.004218 5.131300
v -20.822744 1.150255 5.131300
v -20.870729 1.072663 5.165677
v -20.931597 0.862997 5.165677
v -20.921144 1.337451 5.131300
v -21.109623 1.510760 5.131300
v -21.109009 1.448809 5.165677
v -20.937759 1.280663 5.165677
v -21.332497 1.573430 5.131300
v -21.579651 1.510760 5.131300
v -21.580343 1.448809 5.165677
v -21.332497 1.529272 5.165677
v -21.780722 1.361870 5.131300
v -21.915216 1.119729 5.131300
v -21.817804 1.042137 5.165678
v -21.745504 1.280663 5.165678
v -20.637585 -2.563610 5.131300
v -20.672323 -2.527295 5.144512
v -22.055214 -2.563610 5.131300
v -20.637585 -2.563610 5.131300
v -20.672323 -2.527295 5.144512
v -22.000368 -2.527295 5.144512
v -22.055214 -2.563610 5.131300
v -22.055214 0.524947 5.131300
v -22.106846 0.508076 5.151312
v -22.106846 -2.588759 5.151312
v -22.208261 0.508072 5.102296
v -22.208261 -2.528080 5.102296
v -22.163712 1.005957 5.102296
v -22.202068 0.810381 5.102296
v -22.001522 0.789429 5.131300
v -21.959076 0.973692 5.131300
v -22.045023 0.969030 5.151312
v -22.078856 0.789197 5.151312
v -20.648565 0.701267 5.131300
v -20.637585 0.524947 5.131300
v -20.604885 0.508076 5.151311
v -20.616703 0.681366 5.151311
v -20.593447 1.005957 5.102296
v -20.672321 1.225286 5.102296
v -20.715080 1.195368 5.170623
v -20.644945 0.985798 5.170623
v -20.822744 1.150255 5.131300
v -20.781761 1.004218 5.131300
v -20.712135 0.969030 5.151311
v -20.754496 1.144200 5.151311
v -20.831161 1.534863 5.102296
v -21.073839 1.781386 5.102296
v -21.072346 1.569247 5.151311
v -21.109623 1.510760 5.131300
v -20.921144 1.337451 5.131300
v -20.892963 1.386986 5.151311
v -21.332497 1.870539 5.102296
v -21.619770 1.781386 5.102296
v -21.621447 1.569247 5.151312
v -21.579651 1.510760 5.131300
v -21.332497 1.573430 5.131300
v -21.332497 1.657420 5.183699
v -21.898478 1.534863 5.102296
v -22.076191 1.194760 5.102296
v -21.988255 1.113674 5.151312
v -21.915216 1.119729 5.131300
v -21.780722 1.361870 5.131300
v -21.830648 1.386986 5.151312
v -20.637585 -2.563610 5.131300
v -20.604885 -2.588759 5.151311
v -22.208261 -2.683960 5.102296
v -22.132326 -2.683960 5.099948
v -22.208261 -2.683960 5.102296
v -20.637585 -2.563610 5.131300
v -22.055214 -2.563610 5.131300
v -22.106846 -2.588759 5.151312
v -20.604885 -2.588759 5.151311
v -22.132326 -2.683960 5.099948
v -20.588747 -2.683960 5.095364
v -20.620058 -2.633194 5.170623
v -22.082891 -2.633194 5.170623
v -20.622612 0.789197 5.151311
v -20.671591 0.789429 5.131300
v -20.671591 0.789429 5.131300
v -20.803745 0.789975 5.144512
v -22.037878 0.701267 5.131300
v -22.088186 0.681366 5.151312
v -21.980530 0.673450 5.144512
v -22.037878 0.701267 5.131300
v -22.158600 0.681366 5.170623
v -22.213354 0.681366 5.102296
v -22.088186 0.681366 5.151312
v -20.822744 1.150255 5.131300
v -20.754496 1.144200 5.151311
v -20.754496 1.144200 5.151311
v -20.593447 1.005957 5.102296
v -20.556232 0.795182 5.097785
v -20.556232 0.803165 5.000612
v -20.556232 0.857027 4.912750
v -20.593447 1.005957 4.912750
v -20.622612 0.789197 5.151311
v -20.556232 0.789197 5.170623
v -20.644945 0.985798 5.170623
v -20.712135 0.969030 5.151311
v -20.781761 1.004218 5.131300
v -20.671591 0.789429 5.131300
v -20.622612 0.789197 5.151311
v -20.712135 0.969030 5.151311
v -22.000368 0.529786 5.144512
v -22.000368 -2.527295 5.144512
v -21.940922 -2.486788 5.102539
v -21.940922 0.554276 5.102539
v -21.755104 0.862997 5.165678
v -21.906506 0.789975 5.144512
v -21.830906 0.777824 5.102539
v -21.701183 0.840133 5.118548
v -20.672323 0.529786 5.144512
v -20.684885 0.673450 5.144512
v -20.789829 0.692640 5.102539
v -20.774681 0.554276 5.102539
v -20.931597 0.862997 5.165677
v -20.870729 1.072663 5.165677
v -20.911489 1.033284 5.118548
v -20.977127 0.840133 5.118548
v -20.937759 1.280663 5.165677
v -21.109009 1.448809 5.165677
v -21.113308 1.387801 5.118548
v -20.972799 1.214875 5.118548
v -21.332497 1.529272 5.165677
v -21.580343 1.448809 5.165677
v -21.575520 1.387801 5.118548
v -21.332497 1.477127 5.118548
v -21.745504 1.280663 5.165678
v -21.817804 1.042137 5.165678
v -21.768351 1.002758 5.118548
v -21.703800 1.214875 5.118548
v -20.672323 -2.527295 5.144512
v -20.709970 -2.486788 5.102539
v -20.803745 0.789975 5.144512
v -20.867586 0.777824 5.102539
v -21.980530 0.673450 5.144512
v -21.922981 0.692640 5.102539
v -21.940922 0.554276 5.102539
v -21.940922 -2.486788 5.102539
v -21.895580 -2.470046 5.052577
v -21.895552 0.544325 5.051939
v -21.701183 0.840133 5.118548
v -21.830906 0.777824 5.102539
v -21.753632 0.767372 5.052577
v -21.665606 0.818316 5.062449
v -20.774681 0.554276 5.102539
v -20.789829 0.692640 5.102539
v -20.826897 0.671777 5.052576
v -20.812969 0.548434 5.052576
v -20.977127 0.840133 5.118548
v -20.911489 1.033284 5.118548
v -20.937063 1.008788 5.062449
v -21.007170 0.818316 5.062449
v -20.972799 1.214875 5.118548
v -21.113308 1.387801 5.118548
v -21.132683 1.321261 5.062449
v -21.002939 1.167108 5.062449
v -21.332497 1.477127 5.118548
v -21.575520 1.387801 5.118548
v -21.553802 1.321261 5.062449
v -21.332497 1.431569 5.074460
v -21.703800 1.214875 5.118548
v -21.768351 1.002758 5.118548
v -21.737320 0.978262 5.062449
v -21.667934 1.167108 5.062449
v -20.709970 -2.486788 5.102539
v -20.812969 -2.470046 5.052576
v -21.940922 -2.486788 5.102539
v -20.709970 -2.486788 5.102539
v -20.867586 0.777824 5.102539
v -20.909710 0.782180 5.052576
v -21.922981 0.692640 5.102539
v -21.879059 0.667664 5.051939
v -21.768351 1.002758 5.118548
v -21.701183 0.840133 5.118548
v -21.665606 0.818316 5.062449
v -21.737320 0.978262 5.062449
v -20.911489 1.033284 5.118548
v -20.937063 1.008788 5.062449
v -20.977127 0.840133 5.118548
v -21.007170 0.818316 5.062449
v -21.865479 -2.441812 4.912750
v -21.865446 0.536365 4.912750
v -21.665606 0.818316 5.062449
v -21.708260 0.766046 4.912750
v -21.631998 0.800202 4.912750
v -20.876383 0.659619 4.912750
v -20.838388 0.540474 4.912750
v -21.007170 0.818316 5.062449
v -20.968988 0.983255 4.912750
v -21.035551 0.800202 4.912750
v -21.160938 1.283184 4.912750
v -21.029190 1.134279 4.912750
v -21.522121 1.283184 4.912750
v -21.332497 1.365375 4.912750
v -21.698582 0.952729 4.912750
v -21.636690 1.134279 4.912750
v -20.838388 -2.441812 4.912750
v -20.971151 0.766046 4.912750
v -21.820488 0.659619 4.912750
v -20.588747 -2.683960 5.095364
v -20.556232 -2.658985 5.097007
v -20.556232 -2.633194 5.170623
v -20.620058 -2.633194 5.170623
v -22.132332 -2.683960 4.912750
v -20.576935 -2.685298 4.912750
v -20.588747 -2.683960 5.095364
v -22.132326 -2.683960 5.099948
v -22.208265 -2.683960 4.912750
v -22.132332 -2.683960 4.912750
v -22.132326 -2.683960 5.099948
v -22.208261 -2.683960 5.102296
v -22.208265 -2.528080 4.912750
v -22.208265 -2.683960 4.912750
v -22.208261 -2.683960 5.102296
v -22.208261 -2.528080 5.102296
v -22.208265 0.508072 4.912750
v -22.208261 0.508072 5.102296
v -22.213354 0.681366 5.102296
v -22.213350 0.681366 4.912750
v -22.202068 0.810381 5.102296
v -22.202070 0.810381 4.912750
v -22.163712 1.005957 5.102296
v -22.163715 1.005957 4.912750
v -22.076191 1.194760 5.102296
v -22.076195 1.194760 4.912750
v -21.898478 1.534863 5.102296
v -21.898478 1.534863 4.912750
v -21.619770 1.781386 5.102296
v -21.619770 1.781386 4.912750
v -21.332497 1.870539 5.102296
v -21.332497 1.870539 4.912750
v -21.073839 1.781386 5.102296
v -21.073839 1.781386 4.912750
v -21.332497 1.870539 4.912750
v -21.332497 1.870539 5.102296
v -20.831161 1.534863 5.102296
v -20.831161 1.534863 4.912750
v -20.672321 1.225286 5.102296
v -20.672321 1.225286 4.912750
v -20.644945 0.985798 5.170623
v -20.556232 0.789197 5.170623
v -20.604885 0.508076 5.151311
v -20.556232 0.511120 5.170623
v -20.556232 0.665128 5.170623
v -20.616703 0.681366 5.151311
v -20.604885 -2.588759 5.151311
v -20.556232 -2.509052 5.166094
v -20.556232 0.789197 5.170623
v -20.622612 0.789197 5.151311
v -20.556774 -2.633194 4.654877
v -20.559135 -2.683960 4.730136
v -20.588747 -2.683960 4.730136
v -20.620058 -2.633194 4.654877
v -20.576935 -2.685298 4.912750
v -20.588747 -2.683960 4.730136
v -20.559135 -2.683960 4.730136
v -20.550716 -2.685298 4.912750
v -20.492407 -2.633194 4.654877
v -20.523718 -2.683960 4.730136
v -20.559135 -2.683960 4.730136
v -20.550716 -2.685298 4.912750
v -20.559135 -2.683960 4.730136
v -20.523718 -2.683960 4.730136
v -20.520639 -2.685298 4.912750
v -20.556232 -2.658985 5.097007
v -20.588747 -2.683960 5.095364
v -20.576935 -2.685298 4.912750
v -20.550716 -2.685298 4.912750
v -20.523718 -2.683960 5.095364
v -20.556232 -2.658985 5.097007
v -20.550716 -2.685298 4.912750
v -20.520639 -2.685298 4.912750
v -20.507580 -2.588759 5.151311
v -20.507580 0.508076 5.151311
v -20.556232 0.511120 5.170623
v -20.556232 -2.509052 5.166094
v -22.610952 -2.805601 5.221828
v -22.610952 -2.805601 4.603673
v -22.610952 -3.011817 4.603673
v -22.610952 -3.011817 5.221828
v -22.610952 -3.011817 5.221828
v -22.343805 -3.011817 4.603672
v -22.343805 -3.011817 5.221828
v -22.365240 -2.784222 4.641328
v -22.610952 -3.011817 5.221828
v -22.343805 -3.011817 5.221828
v -22.350388 -2.792635 5.221828
v -22.610952 -2.805601 5.221828
v -18.501513 -2.805601 5.221828
v -18.501513 -2.805601 4.603672
v -18.501513 1.192961 4.603672
v -18.501513 1.192961 5.221828
v -18.904079 0.834048 5.098032
v -18.904079 0.834048 4.727467
v -18.904079 -2.678185 4.759634
v -18.904079 -2.678185 5.065866
v -18.768660 -3.011817 5.221828
v -18.768660 -3.011817 4.603672
v -18.501513 -3.011817 4.603672
v -18.501513 -3.011817 5.221828
v -18.776974 -2.800669 4.635729
v -18.758532 1.063018 4.592515
v -18.762077 -2.792635 5.221828
v -18.501513 -2.805601 5.221828
v -18.501513 1.192961 5.221828
v -18.762077 1.071292 5.221828
v -18.935677 1.982840 4.582520
v -18.732616 2.170453 4.603672
v -18.732616 2.170453 5.221828
v -18.732616 2.170453 5.221828
v -18.943607 1.990333 5.221828
v -19.202761 1.951813 5.012726
v -19.202761 1.951813 4.812772
v -19.050400 1.180479 4.746787
v -19.050400 1.180479 5.078713
v -22.346802 1.079470 4.598114
v -22.610952 1.192961 4.603673
v -22.379848 2.170453 4.603673
v -22.160885 1.997626 4.587553
v -22.610952 1.192961 5.221828
v -22.379848 2.170453 5.221828
v -22.610952 1.192961 5.221828
v -22.350388 1.071292 5.221828
v -22.168858 1.990333 5.221828
v -22.379848 2.170453 5.221828
v -22.062065 1.180479 5.078713
v -22.062065 1.180479 4.746787
v -21.909704 1.951813 4.812773
v -21.909704 1.951813 5.012726
v -21.812143 3.019468 4.603672
v -21.742290 2.715360 4.578856
v -21.812143 3.019468 5.221828
v -21.753691 2.710016 5.221828
v -21.812143 3.019468 5.221828
v -21.561256 2.579701 4.812773
v -21.561256 2.579701 5.012726
v -21.200678 3.474798 4.603672
v -21.156965 3.200391 4.572492
v -21.200678 3.474798 5.221828
v -21.170687 3.197748 5.221828
v -21.200678 3.474798 5.221828
v -21.071941 3.013991 4.812773
v -21.071939 3.013991 5.012726
v -20.541359 3.440549 4.568815
v -20.556232 3.685392 4.603672
v -19.911787 3.474798 4.603672
v -19.928072 3.194756 4.570574
v -20.556232 3.685392 5.221828
v -19.911787 3.474798 5.221828
v -20.556232 3.685392 5.221828
v -20.556232 3.440741 5.221828
v -19.941778 3.197748 5.221828
v -19.911787 3.474798 5.221828
v -20.556232 3.225216 5.012726
v -20.556232 3.225216 4.812772
v -20.040524 3.013991 4.812772
v -20.040524 3.013991 5.012726
v -19.347403 2.704381 4.575119
v -19.300322 3.019468 4.603672
v -19.300322 3.019468 5.221828
v -19.300322 3.019468 5.221828
v -19.358774 2.710016 5.221828
v -19.551208 2.579701 5.012726
v -19.551208 2.579701 4.812772
v -22.208385 -2.678185 5.065866
v -22.208385 -2.678185 4.759634
v -22.208385 0.834048 4.727467
v -22.208385 0.834048 5.098032
v -18.768660 -3.011817 5.221828
v -18.501513 -3.011817 5.221828
v -18.501513 -3.011817 5.221828
v -18.758532 1.063018 4.592515
v -18.776974 -2.800669 4.635729
v -18.904079 -2.678185 4.759634
v -18.904079 0.834048 4.727467
v -18.935677 1.982840 4.582520
v -19.071245 1.929144 4.759634
v -19.071243 1.929144 5.065866
v -22.346802 1.079470 4.598114
v -22.160885 1.997626 4.587553
v -22.041220 1.929144 4.759634
v -22.208385 0.834048 4.727467
v -22.041220 1.929144 5.065866
v -21.742290 2.715360 4.578856
v -21.658916 2.618047 4.759634
v -21.658916 2.618047 5.065866
v -21.156965 3.200391 4.572492
v -21.122055 3.094539 4.759634
v -21.122055 3.094539 5.065866
v -20.541359 3.440549 4.568815
v -19.928072 3.194756 4.570574
v -19.990410 3.094539 4.759634
v -20.556232 3.326291 4.759634
v -20.556232 3.326291 5.065866
v -19.990410 3.094539 5.065866
v -19.347403 2.704381 4.575119
v -19.453548 2.618047 4.759634
v -19.453548 2.618047 5.065866
v -22.365240 -2.784222 4.641328
v -22.208385 -2.678185 4.759634
v -19.071245 1.929144 4.759634
v -18.904079 0.834048 4.727467
v -18.977242 0.950422 4.718990
v -19.137003 1.940481 4.727259
v -18.904079 0.834048 4.727467
v -18.904079 0.834048 5.098032
v -18.977242 0.950422 5.106508
v -18.977242 0.950422 4.718990
v -18.904079 0.834048 5.098032
v -19.071243 1.929144 5.065866
v -19.137003 1.940481 5.098242
v -18.977242 0.950422 5.106508
v -22.208385 0.834048 5.098032
v -22.208385 0.834048 4.727467
v -22.135223 0.950422 4.718991
v -22.135223 0.950422 5.106508
v -22.208385 0.834048 4.727467
v -22.041220 1.929144 4.759634
v -21.975462 1.940481 4.727260
v -22.135223 0.950422 4.718991
v -22.041220 1.929144 5.065866
v -22.208385 0.834048 5.098032
v -22.135223 0.950422 5.106508
v -21.975462 1.940481 5.098242
v -22.041220 1.929144 4.759634
v -21.658916 2.618047 4.759634
v -21.610085 2.598876 4.727259
v -21.975462 1.940481 4.727260
v -21.658916 2.618047 5.065866
v -22.041220 1.929144 5.065866
v -21.975462 1.940481 5.098242
v -21.610085 2.598876 5.098242
v -21.658916 2.618047 4.759634
v -21.122055 3.094539 4.759634
v -21.096998 3.054265 4.727259
v -21.610085 2.598876 4.727259
v -21.122055 3.094539 5.065866
v -21.658916 2.618047 5.065866
v -21.610085 2.598876 5.098242
v -21.096998 3.054265 5.098242
v -20.556232 3.326291 4.759634
v -19.990410 3.094539 4.759634
v -20.015467 3.054265 4.727259
v -20.556232 3.275753 4.727259
v -19.990410 3.094539 5.065866
v -20.556232 3.326291 5.065866
v -20.556232 3.275753 5.098242
v -20.015467 3.054265 5.098242
v -19.453548 2.618047 4.759634
v -19.071245 1.929144 4.759634
v -19.137003 1.940481 4.727259
v -19.502380 2.598876 4.727259
v -19.071243 1.929144 5.065866
v -19.453548 2.618047 5.065866
v -19.502380 2.598876 5.098242
v -19.137003 1.940481 5.098242
v -21.122055 3.094539 4.759634
v -20.556232 3.326291 4.759634
v -20.556232 3.275753 4.727259
v -21.096998 3.054265 4.727259
v -20.556232 3.326291 5.065866
v -21.122055 3.094539 5.065866
v -21.096998 3.054265 5.098242
v -20.556232 3.275753 5.098242
v -19.990410 3.094539 4.759634
v -19.453548 2.618047 4.759634
v -19.502380 2.598876 4.727259
v -20.015467 3.054265 4.727259
v -19.453548 2.618047 5.065866
v -19.990410 3.094539 5.065866
v -20.015467 3.054265 5.098242
v -19.502380 2.598876 5.098242
v -21.561256 2.579701 4.812773
v -21.909704 1.951813 4.812773
v -21.909704 1.951813 4.812773
v -22.062065 1.180479 4.746787
v -22.062065 1.180479 4.746787
v -22.062065 1.180479 5.078713
v -22.062065 1.180479 5.078713
v -21.909704 1.951813 5.012726
v -21.909704 1.951813 5.012726
v -21.561256 2.579701 5.012726
v -21.561256 2.579701 5.012726
v -21.071939 3.013991 5.012726
v -21.071939 3.013991 5.012726
v -20.556232 3.225216 5.012726
v -20.556232 3.225216 5.012726
v -20.040524 3.013991 5.012726
v -20.040524 3.013991 5.012726
v -19.551208 2.579701 5.012726
v -19.551208 2.579701 5.012726
v -19.202761 1.951813 5.012726
v -19.202761 1.951813 5.012726
v -19.050400 1.180479 5.078713
v -19.050400 1.180479 5.078713
v -19.050400 1.180479 4.746787
v -19.050400 1.180479 4.746787
v -19.202761 1.951813 4.812772
v -19.202761 1.951813 4.812772
v -19.551208 2.579701 4.812772
v -19.551208 2.579701 4.812772
v -20.040524 3.013991 4.812772
v -20.040524 3.013991 4.812772
v -20.556232 3.225216 4.812772
v -20.556232 3.225216 4.812772
v -21.071941 3.013991 4.812773
v -21.071941 3.013991 4.812773
v -21.561256 2.579701 4.812773
vn 1.0000 -0.0000 -0.0000
vn -0.0000 1.0000 -0.0000
vn -0.0000 0.9585 -0.2850
vn -1.0000 -0.0000 -0.0000
vn -0.0000 -1.0000 -0.0000
vn -0.0000 -0.9956 0.0938
vn -0.0000 -0.0000 -1.0000
vn -0.0000 -0.0000 1.0000
vn -0.0000 -0.9828 0.1844
vn -0.0000 0.8607 -0.5092
vn -0.2006 0.2110 -0.9567
vn -0.3843 0.3915 -0.8361
vn -0.2057 0.5131 -0.8333
vn -0.1044 0.2771 -0.9552
vn -0.2638 0.1142 -0.9578
vn -0.5027 0.2112 -0.8382
vn -0.2854 0.0010 -0.9584
vn -0.5435 -0.0004 -0.8394
vn -0.2624 -0.1120 -0.9584
vn -0.5006 -0.2114 -0.8394
vn -0.1983 -0.2078 -0.9578
vn -0.3806 -0.3904 -0.8383
vn -0.1025 -0.2724 -0.9567
vn -0.2012 -0.5101 -0.8362
vn 0.0111 -0.2956 -0.9553
vn 0.0107 -0.5524 -0.8335
vn 0.1254 -0.2736 -0.9536
vn 0.2230 -0.5105 -0.8305
vn 0.2229 -0.2092 -0.9521
vn 0.4035 -0.3901 -0.8277
vn 0.2884 -0.1120 -0.9509
vn 0.5241 -0.2094 -0.8255
vn 0.3114 0.0033 -0.9503
vn 0.5662 0.0040 -0.8243
vn 0.2880 0.1186 -0.9503
vn 0.5229 0.2173 -0.8243
vn 0.2219 0.2158 -0.9509
vn 0.4009 0.3974 -0.8254
vn 0.1237 0.2799 -0.9520
vn 0.2194 0.5168 -0.8275
vn 0.0087 0.3011 -0.9536
vn 0.0063 0.5573 -0.8303
vn 0.3511 -0.3384 -0.8730
vn 0.1979 -0.4486 -0.8715
vn 0.4562 -0.1822 -0.8711
vn 0.4938 0.0037 -0.8695
vn 0.4543 0.1888 -0.8706
vn 0.3474 0.3443 -0.8722
vn 0.1938 0.4525 -0.8704
vn 0.0096 0.4956 -0.8685
vn -0.1825 0.4525 -0.8729
vn -0.3355 0.3427 -0.8775
vn -0.4481 0.1911 -0.8733
vn -0.4957 -0.0002 -0.8685
vn -0.4471 -0.1913 -0.8738
vn -0.3337 -0.3423 -0.8783
vn -0.1794 -0.4516 -0.8740
vn 0.0135 -0.4934 -0.8697
vn 0.4846 -0.4695 -0.7380
vn 0.2755 -0.6259 -0.7296
vn 0.6351 -0.2562 -0.7287
vn 0.6922 0.0045 -0.7217
vn 0.6334 0.2649 -0.7270
vn 0.4815 0.4776 -0.7349
vn 0.2710 0.6327 -0.7255
vn -0.0023 0.7009 -0.7133
vn -0.2597 0.6290 -0.7328
vn -0.4592 0.4670 -0.7557
vn -0.6238 0.2690 -0.7338
vn -0.7051 -0.0011 -0.7091
vn -0.6212 -0.2702 -0.7356
vn -0.4548 -0.4663 -0.7587
vn -0.2542 -0.6264 -0.7369
vn 0.0034 -0.6962 -0.7179
vn 0.3384 -0.3246 -0.8832
vn 0.1310 -0.1174 -0.9844
vn 0.1481 -0.2096 -0.9665
vn 0.3005 -0.3516 -0.8866
vn 0.3648 -0.2860 -0.8860
vn 0.2249 -0.1340 -0.9651
vn 0.7092 0.0043 -0.7050
vn 0.4943 0.0043 -0.8693
vn 0.3623 0.2927 -0.8849
vn 0.2233 0.1399 -0.9647
vn 0.3355 0.3309 -0.8820
vn 0.1299 0.1227 -0.9839
vn 0.2972 0.3574 -0.8854
vn 0.1461 0.2148 -0.9657
vn 0.0112 0.6914 -0.7224
vn -0.0074 0.4737 -0.8806
vn -0.2825 0.3547 -0.8913
vn -0.1287 0.2159 -0.9679
vn -0.3222 0.3308 -0.8870
vn -0.1113 0.1230 -0.9861
vn -0.3461 0.2913 -0.8918
vn -0.2027 0.1394 -0.9693
vn -0.6721 -0.0012 -0.7405
vn -0.4522 0.0006 -0.8919
vn -0.3440 -0.2903 -0.8930
vn -0.2021 -0.1369 -0.9697
vn -0.3199 -0.3298 -0.8882
vn -0.1105 -0.1196 -0.9866
vn -0.2801 -0.3536 -0.8925
vn -0.1272 -0.2129 -0.9688
vn 0.0177 -0.6898 -0.7237
vn -0.0037 -0.4715 -0.8818
vn 0.5659 -0.2827 -0.7745
vn 0.2960 -0.5514 -0.7799
vn 0.2960 -0.5515 -0.7799
vn 0.4811 -0.2213 -0.8483
vn 0.4799 0.2292 -0.8469
vn 0.2924 0.5588 -0.7760
vn 0.2924 0.5588 -0.7761
vn 0.5644 0.2910 -0.7725
vn 0.5644 0.2911 -0.7725
vn 0.2320 0.4734 -0.8498
vn -0.2163 0.4689 -0.8564
vn -0.5428 0.2829 -0.7907
vn -0.5428 0.2829 -0.7908
vn -0.2783 0.5528 -0.7855
vn -0.2783 0.5528 -0.7854
vn -0.4578 0.2227 -0.8607
vn -0.4555 -0.2223 -0.8620
vn -0.2731 -0.5499 -0.7893
vn -0.2731 -0.5500 -0.7893
vn -0.5398 -0.2833 -0.7927
vn -0.5397 -0.2833 -0.7927
vn -0.2120 -0.4656 -0.8592
vn 0.2352 -0.4666 -0.8527
vn 0.2351 -0.4665 -0.8527
vn 0.4517 -0.4383 -0.7771
vn 0.4487 -0.4651 -0.7631
vn 0.4781 -0.4353 -0.7628
vn 0.6195 0.0041 -0.7850
vn 0.4745 0.4423 -0.7610
vn 0.4480 0.4451 -0.7754
vn 0.4448 0.4718 -0.7613
vn 0.0052 0.6135 -0.7896
vn -0.4333 0.4689 -0.7697
vn -0.4360 0.4424 -0.7837
vn -0.4628 0.4392 -0.7700
vn -0.6043 -0.0008 -0.7968
vn -0.4595 -0.4397 -0.7717
vn -0.4327 -0.4426 -0.7854
vn -0.4296 -0.4692 -0.7715
vn 0.0101 -0.6103 -0.7921
vn 0.2792 -0.2652 -0.9229
vn 0.2610 -0.2278 -0.9381
vn 0.2419 -0.2472 -0.9383
vn 0.2948 0.0033 -0.9555
vn 0.2398 0.2532 -0.9372
vn 0.2770 0.2714 -0.9217
vn 0.2591 0.2340 -0.9371
vn 0.0089 0.2870 -0.9579
vn -0.2415 0.2323 -0.9422
vn -0.2599 0.2697 -0.9272
vn -0.2222 0.2516 -0.9420
vn -0.2750 0.0010 -0.9615
vn -0.2203 -0.2493 -0.9430
vn -0.2578 -0.2677 -0.9284
vn -0.2397 -0.2301 -0.9432
vn 0.0112 -0.2828 -0.9591
vn -0.9026 -0.0040 -0.4304
vn -0.9027 -0.0040 -0.4303
vn -0.8327 0.3403 -0.4368
vn -0.8330 0.3396 -0.4368
vn -0.8326 -0.3480 -0.4308
vn -0.8323 -0.3488 -0.4308
vn -0.6344 -0.6369 -0.4381
vn -0.6333 -0.6380 -0.4381
vn -0.3405 -0.8249 -0.4512
vn -0.3387 -0.8256 -0.4513
vn 0.0008 -0.8835 -0.4685
vn 0.0029 -0.8834 -0.4686
vn 0.3351 -0.8064 -0.4873
vn 0.3368 -0.8056 -0.4875
vn 0.6114 -0.6093 -0.5050
vn 0.6124 -0.6082 -0.5051
vn 0.8151 -0.3198 -0.4831
vn 0.8144 -0.3211 -0.4833
vn 0.8946 0.0033 -0.4470
vn 0.8945 0.0032 -0.4470
vn 0.8092 0.3242 -0.4900
vn 0.8086 0.3253 -0.4903
vn 0.6016 0.6086 -0.5174
vn 0.6028 0.6074 -0.5174
vn 0.3255 0.8006 -0.5031
vn 0.3273 0.7998 -0.5032
vn -0.0061 0.8744 -0.4851
vn -0.0039 0.8744 -0.4852
vn -0.3443 0.8150 -0.4662
vn -0.3424 0.8157 -0.4662
vn -0.6358 0.6276 -0.4493
vn -0.6348 0.6286 -0.4493
vn -0.2057 0.5131 0.8333
vn -0.3843 0.3915 0.8361
vn -0.2002 0.2115 0.9567
vn -0.1051 0.2768 0.9552
vn -0.5027 0.2112 0.8382
vn -0.2636 0.1146 0.9578
vn -0.5435 -0.0004 0.8394
vn -0.2853 0.0011 0.9584
vn -0.5006 -0.2114 0.8394
vn -0.2623 -0.1121 0.9584
vn -0.3806 -0.3904 0.8383
vn -0.1980 -0.2081 0.9578
vn -0.2012 -0.5101 0.8362
vn -0.1019 -0.2726 0.9567
vn 0.0107 -0.5525 0.8335
vn 0.0119 -0.2956 0.9552
vn 0.2230 -0.5105 0.8305
vn 0.1261 -0.2733 0.9536
vn 0.4035 -0.3901 0.8277
vn 0.2234 -0.2087 0.9521
vn 0.5242 -0.2094 0.8255
vn 0.2886 -0.1115 0.9509
vn 0.5662 0.0040 0.8243
vn 0.3114 0.0035 0.9503
vn 0.5229 0.2173 0.8243
vn 0.2880 0.1185 0.9503
vn 0.4009 0.3974 0.8254
vn 0.2222 0.2155 0.9509
vn 0.2194 0.5168 0.8275
vn 0.1243 0.2796 0.9520
vn 0.0063 0.5573 0.8303
vn 0.0095 0.3011 0.9535
vn 0.3511 -0.3384 0.8731
vn 0.1979 -0.4486 0.8715
vn 0.4562 -0.1822 0.8710
vn 0.4938 0.0038 0.8695
vn 0.4542 0.1891 0.8706
vn 0.3477 0.3440 0.8722
vn 0.1938 0.4525 0.8704
vn 0.0096 0.4956 0.8685
vn -0.1825 0.4525 0.8729
vn -0.3355 0.3428 0.8775
vn -0.4481 0.1911 0.8733
vn -0.4957 -0.0002 0.8685
vn -0.4471 -0.1913 0.8738
vn -0.3335 -0.3425 0.8783
vn -0.1794 -0.4516 0.8740
vn 0.0135 -0.4934 0.8697
vn 0.4844 -0.4698 0.7381
vn 0.2755 -0.6259 0.7296
vn 0.6351 -0.2562 0.7287
vn 0.6922 0.0045 0.7217
vn 0.6335 0.2649 0.7270
vn 0.4815 0.4776 0.7349
vn 0.2710 0.6326 0.7255
vn -0.0023 0.7009 0.7133
vn -0.2597 0.6290 0.7328
vn -0.4592 0.4670 0.7557
vn -0.6238 0.2690 0.7339
vn -0.7051 -0.0011 0.7091
vn -0.6212 -0.2703 0.7356
vn -0.4549 -0.4663 0.7587
vn -0.2542 -0.6264 0.7369
vn 0.0034 -0.6962 0.7179
vn 0.1481 -0.2096 0.9665
vn 0.1310 -0.1174 0.9844
vn 0.3384 -0.3246 0.8832
vn 0.3005 -0.3516 0.8866
vn 0.2249 -0.1340 0.9651
vn 0.3648 -0.2860 0.8860
vn 0.4943 0.0044 0.8693
vn 0.7092 0.0043 0.7050
vn 0.2233 0.1399 0.9647
vn 0.3623 0.2927 0.8849
vn 0.1299 0.1227 0.9839
vn 0.3355 0.3309 0.8820
vn 0.1461 0.2148 0.9657
vn 0.2972 0.3574 0.8854
vn -0.0073 0.4737 0.8807
vn 0.0122 0.6915 0.7222
vn -0.1287 0.2159 0.9679
vn -0.2825 0.3548 0.8913
vn -0.1113 0.1230 0.9861
vn -0.3222 0.3308 0.8870
vn -0.2027 0.1394 0.9693
vn -0.3461 0.2913 0.8918
vn -0.4522 0.0006 0.8919
vn -0.6721 -0.0011 0.7405
vn -0.2022 -0.1369 0.9697
vn -0.3440 -0.2903 0.8930
vn -0.1105 -0.1196 0.9866
vn -0.3198 -0.3298 0.8882
vn -0.1272 -0.2129 0.9688
vn -0.2801 -0.3536 0.8925
vn -0.0037 -0.4716 0.8818
vn 0.0178 -0.6898 0.7237
vn 0.5659 -0.2827 0.7745
vn 0.2960 -0.5514 0.7799
vn 0.2960 -0.5515 0.7799
vn 0.4811 -0.2213 0.8483
vn 0.4799 0.2292 0.8469
vn 0.2924 0.5588 0.7761
vn 0.2924 0.5588 0.7760
vn 0.5644 0.2911 0.7725
vn 0.5644 0.2910 0.7725
vn 0.2320 0.4734 0.8498
vn -0.2163 0.4689 0.8564
vn -0.5428 0.2829 0.7907
vn -0.5428 0.2829 0.7908
vn -0.2783 0.5528 0.7855
vn -0.2783 0.5528 0.7854
vn -0.4578 0.2227 0.8607
vn -0.4555 -0.2223 0.8620
vn -0.2731 -0.5499 0.7893
vn -0.2731 -0.5500 0.7893
vn -0.5398 -0.2833 0.7927
vn -0.5397 -0.2833 0.7927
vn -0.2120 -0.4656 0.8592
vn 0.2351 -0.4665 0.8527
vn 0.4518 -0.4381 0.7771
vn 0.4487 -0.4651 0.7631
vn 0.4781 -0.4353 0.7628
vn 0.6195 0.0042 0.7850
vn 0.4745 0.4423 0.7610
vn 0.4481 0.4450 0.7754
vn 0.4448 0.4718 0.7613
vn 0.0057 0.6136 0.7896
vn -0.4333 0.4689 0.7697
vn -0.4359 0.4426 0.7837
vn -0.4628 0.4392 0.7700
vn -0.6043 -0.0007 0.7968
vn -0.4595 -0.4397 0.7717
vn -0.4326 -0.4427 0.7854
vn -0.4296 -0.4692 0.7715
vn 0.0106 -0.6103 0.7921
vn 0.2792 -0.2652 0.9229
vn 0.2610 -0.2278 0.9381
vn 0.2419 -0.2472 0.9383
vn 0.2948 0.0033 0.9555
vn 0.2398 0.2532 0.9372
vn 0.2770 0.2714 0.9217
vn 0.2591 0.2340 0.9371
vn 0.0089 0.2870 0.9579
vn -0.2415 0.2323 0.9422
vn -0.2599 0.2697 0.9272
vn -0.2222 0.2516 0.9420
vn -0.2750 0.0010 0.9615
vn -0.2203 -0.2493 0.9430
vn -0.2578 -0.2677 0.9284
vn -0.2397 -0.2301 0.9432
vn 0.0112 -0.2828 0.9591
vn -0.8353 0.3405 0.4317
vn -0.9054 -0.0043 0.4245
vn -0.9054 -0.0042 0.4245
vn -0.8355 0.3399 0.4318
vn -0.8350 -0.3496 0.4250
vn -0.8353 -0.3489 0.4250
vn -0.6356 -0.6392 0.4330
vn -0.6365 -0.6382 0.4330
vn -0.3404 -0.8268 0.4478
vn -0.3421 -0.8262 0.4476
vn 0.0015 -0.8841 0.4672
vn -0.0004 -0.8842 0.4671
vn 0.3352 -0.8054 0.4888
vn 0.3336 -0.8061 0.4887
vn 0.6098 -0.6074 0.5091
vn 0.6089 -0.6083 0.5091
vn 0.8109 -0.3206 0.4895
vn 0.8116 -0.3193 0.4893
vn 0.8910 0.0029 0.4541
vn 0.8910 0.0030 0.4541
vn 0.8045 0.3240 0.4977
vn 0.8052 0.3228 0.4975
vn 0.5994 0.6052 0.5238
vn 0.5984 0.6063 0.5238
vn 0.3252 0.7979 0.5075
vn 0.3236 0.7987 0.5074
vn -0.0054 0.8735 0.4867
vn -0.0073 0.8736 0.4866
vn -0.3440 0.8157 0.4651
vn -0.3456 0.8151 0.4650
vn -0.6368 0.6290 0.4459
vn -0.6377 0.6281 0.4458
vn 0.0274 0.3727 -0.9275
vn 0.0099 0.3893 -0.9210
vn 0.2356 0.1561 -0.9592
vn 0.4295 -0.0013 -0.9030
vn 0.3487 0.0004 -0.9372
vn -0.1926 0.2127 -0.9580
vn -0.3755 -0.0009 -0.9268
vn -0.2666 -0.0412 -0.9629
vn -0.2669 -0.0800 -0.9604
vn 0.4130 0.1338 -0.9009
vn 0.3925 0.0583 -0.9179
vn 0.2910 -0.0851 -0.9529
vn 0.2911 -0.0851 -0.9529
vn 0.0900 -0.1147 -0.9893
vn 0.2280 -0.1559 -0.9611
vn -0.3450 0.2214 -0.9121
vn -0.2503 0.3195 -0.9139
vn -0.0773 -0.1152 -0.9903
vn -0.0004 -0.0217 -0.9998
vn -0.0004 0.3435 -0.9392
vn 0.2185 0.3204 -0.9218
vn -0.2589 -0.1295 -0.9572
vn -0.2104 -0.1544 -0.9653
vn 0.3296 0.2273 -0.9163
vn 0.3518 0.1763 -0.9193
vn 0.4912 -0.2426 -0.8366
vn -0.0104 0.3506 -0.9365
vn 0.2336 0.0016 -0.9723
vn 0.2337 0.0012 -0.9723
vn 0.2342 -0.0000 -0.9722
vn 0.1835 0.0105 -0.9830
vn 0.1946 0.0049 -0.9809
vn 0.1497 0.0477 -0.9876
vn 0.1477 0.0355 -0.9884
vn -0.3546 0.0016 -0.9350
vn -0.3549 0.0011 -0.9349
vn -0.1898 0.0791 -0.9786
vn -0.2295 0.0653 -0.9711
vn -0.1876 0.0325 -0.9817
vn -0.2450 0.0142 -0.9694
vn -0.4402 0.1261 -0.8890
vn -0.3790 0.0282 -0.9250
vn -0.4579 0.2776 -0.8446
vn -0.4265 0.3555 -0.8317
vn -0.2518 0.4995 -0.8289
vn -0.3204 0.4639 -0.8259
vn -0.0011 0.5445 -0.8388
vn 0.0012 0.5445 -0.8388
vn 0.2151 0.4687 -0.8568
vn 0.2562 0.4170 -0.8720
vn 0.3179 0.1951 -0.9278
vn 0.3134 0.2595 -0.9135
vn 0.2860 0.0784 -0.9550
vn 0.2616 0.0377 -0.9644
vn -0.3555 -0.0000 -0.9347
vn -0.0000 -0.3419 -0.9397
vn -0.3614 -0.0000 -0.9324
vn -0.3626 -0.0030 -0.9319
vn -0.3619 -0.0013 -0.9322
vn 0.7822 -0.0012 -0.6231
vn 0.7822 -0.0000 -0.6230
vn 0.7382 0.2390 -0.6309
vn 0.7665 0.1204 -0.6308
vn -0.2625 -0.0574 -0.9632
vn -0.2544 -0.0549 -0.9655
vn -0.2442 -0.0692 -0.9672
vn -0.2423 -0.0620 -0.9682
vn 0.5206 -0.0432 -0.8527
vn 0.4912 -0.0544 -0.8693
vn 0.5237 -0.0031 -0.8519
vn 0.5225 -0.0010 -0.8526
vn -0.7478 0.2598 -0.6110
vn -0.7047 0.3244 -0.6310
vn -0.4679 0.1976 -0.8614
vn 0.2993 -0.0777 -0.9510
vn 0.2993 -0.0776 -0.9510
vn -0.5670 0.4470 -0.6919
vn -0.3251 0.5518 -0.7680
vn 0.2466 -0.2058 -0.9470
vn 0.1382 -0.3447 -0.9285
vn 0.1366 -0.3472 -0.9278
vn 0.2694 -0.1937 -0.9434
vn 0.0017 0.5959 -0.8031
vn 0.2983 0.5576 -0.7747
vn -0.0009 -0.4371 -0.8994
vn -0.1272 -0.3493 -0.9284
vn -0.1170 -0.3649 -0.9237
vn 0.0004 -0.4371 -0.8994
vn 0.5335 0.4567 -0.7119
vn 0.6777 0.3476 -0.6480
vn -0.2473 -0.1939 -0.9493
vn -0.2638 -0.1184 -0.9573
vn -0.2740 -0.1406 -0.9514
vn -0.2349 -0.2053 -0.9501
vn 0.5220 -0.0000 -0.8530
vn -0.0000 -0.8027 -0.5964
vn -0.0000 0.6226 -0.7825
vn -0.0013 -0.8166 -0.5773
vn -0.0013 -0.8166 -0.5772
vn 0.4560 -0.0673 -0.8874
vn 0.4561 -0.0673 -0.8874
vn -0.1433 0.0507 -0.9884
vn -0.1421 0.0642 -0.9878
vn -0.3377 -0.0581 -0.9394
vn -0.3584 -0.0481 -0.9323
vn 0.1933 0.0523 -0.9797
vn 0.1866 0.0580 -0.9807
vn 0.4120 0.0021 -0.9112
vn 0.7795 0.0155 -0.6263
vn -0.2918 -0.0180 -0.9563
vn 0.3108 -0.1712 -0.9349
vn 0.2624 -0.1475 -0.9536
vn -0.9622 0.2718 -0.0143
vn -0.9589 0.2744 -0.0719
vn -0.9650 0.2190 -0.1440
vn -0.9813 0.1899 -0.0314
vn 0.2613 -0.1237 -0.9573
vn 0.3631 -0.1837 -0.9135
vn 0.3631 -0.1837 -0.9134
vn -0.5785 -0.0053 -0.8156
vn -0.5775 -0.0021 -0.8164
vn -0.4985 0.1528 -0.8533
vn -0.4587 0.2191 -0.8611
vn -0.5815 -0.2826 -0.7629
vn -0.6063 -0.2306 -0.7610
vn -0.4220 -0.5294 -0.7360
vn -0.3253 -0.6447 -0.6918
vn 0.5056 -0.0081 -0.8627
vn 0.5106 -0.0068 -0.8598
vn 0.3942 -0.1125 -0.9121
vn 0.4105 -0.2451 -0.8783
vn 0.6594 -0.2437 -0.7112
vn 0.6981 -0.1574 -0.6985
vn 0.6948 -0.0894 -0.7137
vn 0.7541 0.0721 -0.6527
vn 0.5736 -0.2999 -0.7623
vn 0.5237 -0.3646 -0.7699
vn 0.3256 -0.5530 -0.7669
vn 0.3862 -0.5041 -0.7725
vn 0.0016 -0.6345 -0.7729
vn -0.0020 -0.6345 -0.7729
vn -0.3081 -0.5531 -0.7740
vn -0.3741 -0.4995 -0.7813
vn -0.5575 -0.2642 -0.7870
vn -0.5229 -0.3269 -0.7872
vn -0.6408 -0.0848 -0.7630
vn -0.6925 0.0660 -0.7184
vn 0.4315 0.1713 -0.8857
vn 0.4250 0.1832 -0.8864
vn 0.3896 -0.5033 -0.7713
vn 0.3491 -0.6048 -0.7158
vn -0.5456 -0.2949 -0.7844
vn -0.5801 -0.1755 -0.7954
vn -0.9222 -0.0081 -0.3867
vn -0.7421 -0.0045 -0.6703
vn -0.7425 0.0001 -0.6698
vn -0.8326 0.3257 -0.4480
vn -0.3234 -0.7529 -0.5732
vn -0.4184 -0.5895 -0.6910
vn -0.5207 -0.7680 -0.3730
vn 0.8848 -0.0092 -0.4659
vn 0.5854 -0.0089 -0.8107
vn 0.7248 -0.3108 -0.6149
vn 0.8230 -0.3811 -0.4212
vn 0.8953 0.3168 -0.3130
vn 0.8953 0.3168 -0.3131
vn 0.7769 -0.4798 -0.4077
vn 0.6240 -0.4056 -0.6679
vn 0.3861 -0.5575 -0.7349
vn 0.5427 -0.6934 -0.4740
vn -0.0008 -0.8326 -0.5539
vn -0.0025 -0.6387 -0.7695
vn -0.3707 -0.5528 -0.7463
vn -0.5329 -0.6873 -0.4937
vn -0.7984 -0.4197 -0.4318
vn -0.6376 -0.3592 -0.6815
vn -0.7517 -0.2511 -0.6099
vn -0.9418 -0.0787 -0.3270
vn 0.7812 0.3335 -0.5277
vn 0.5777 -0.0062 -0.8162
vn -0.0000 0.9482 -0.3177
vn 0.5567 -0.6369 -0.5333
vn 0.5820 -0.7270 -0.3643
vn -0.7539 -0.4543 -0.4747
vn -0.5954 -0.3424 -0.7268
vn -0.8580 0.3694 -0.3569
vn 0.9581 -0.0721 -0.2771
vn 0.7706 -0.2883 -0.5683
vn 0.3572 -0.8518 -0.3832
vn 0.3571 -0.8518 -0.3832
vn -0.9765 -0.0094 -0.2151
vn -0.9094 0.3233 -0.2616
vn -0.9731 -0.0697 -0.2196
vn -0.9762 -0.0212 -0.2157
vn -0.5512 -0.8033 -0.2255
vn 0.9832 -0.0079 -0.1825
vn 0.8414 -0.4347 -0.3210
vn 0.9748 -0.0669 -0.2127
vn 0.9782 -0.0234 -0.2064
vn 0.9795 0.0495 -0.1952
vn 0.8189 -0.5079 -0.2673
vn 0.5804 -0.7540 -0.3076
vn 0.0017 -0.9345 -0.3561
vn -0.5712 -0.7547 -0.3227
vn -0.8484 -0.4443 -0.2878
vn -0.9715 0.0480 -0.2323
vn 0.9189 0.3195 -0.2315
vn 0.5806 -0.7574 -0.2987
vn -0.7812 -0.5523 -0.2910
vn 0.0004 -1.0000 -0.0036
vn 1.0000 -0.0016 -0.0000
vn 0.9998 0.0205 -0.0000
vn 0.9885 0.1512 -0.0000
vn 0.9503 0.3112 -0.0000
vn 0.9504 0.3112 -0.0000
vn 0.8939 0.4483 -0.0000
vn 0.7892 0.6141 -0.0000
vn 0.5101 0.8601 -0.0000
vn 0.2964 0.9551 -0.0000
vn -0.3259 0.9454 -0.0000
vn -0.5564 0.8309 -0.0000
vn -0.8107 0.5855 -0.0000
vn -0.8108 0.5853 -0.0000
vn -0.9121 0.4100 -0.0000
vn -0.9121 0.4099 -0.0000
vn -0.8873 0.2701 -0.3738
vn -0.8873 0.2702 -0.3737
vn 0.3116 -0.0096 -0.9502
vn 0.3304 -0.0013 -0.9438
vn 0.3305 -0.0014 -0.9438
vn 0.3191 -0.0104 -0.9476
vn 0.3302 -0.0007 -0.9439
vn 0.2921 -0.0074 -0.9563
vn 0.2922 -0.0074 -0.9563
vn 0.2372 0.1569 0.9587
vn -0.0002 -0.4892 0.8722
vn 0.0275 0.3730 0.9274
vn -0.1926 0.2127 0.9580
vn 0.3487 0.0004 0.9372
vn 0.4295 -0.0013 0.9030
vn -0.3755 -0.0009 0.9268
vn 0.4130 0.1338 0.9008
vn -0.2669 -0.0800 0.9604
vn -0.2666 -0.0412 0.9629
vn 0.3925 0.0583 0.9179
vn 0.2910 -0.0851 0.9529
vn -0.3450 0.2215 0.9121
vn 0.2280 -0.1559 0.9611
vn 0.0900 -0.1147 0.9893
vn -0.2503 0.3195 0.9139
vn -0.0004 0.3435 0.9392
vn -0.0004 -0.0217 0.9998
vn -0.0773 -0.1152 0.9903
vn 0.2185 0.3204 0.9218
vn 0.3296 0.2273 0.9163
vn -0.2104 -0.1544 0.9653
vn -0.2589 -0.1295 0.9572
vn 0.3518 0.1763 0.9193
vn 0.4912 -0.2427 0.8366
vn -0.0056 -0.4949 0.8689
vn 0.2342 -0.0000 0.9722
vn 0.2337 0.0012 0.9723
vn 0.2336 0.0016 0.9723
vn 0.1497 0.0477 0.9876
vn 0.1946 0.0049 0.9809
vn 0.1835 0.0105 0.9830
vn 0.1477 0.0355 0.9884
vn -0.1898 0.0791 0.9786
vn -0.3549 0.0011 0.9349
vn -0.3546 0.0016 0.9350
vn -0.2295 0.0653 0.9711
vn -0.4402 0.1262 0.8890
vn -0.2450 0.0142 0.9694
vn -0.1876 0.0325 0.9817
vn -0.3790 0.0282 0.9250
vn -0.2518 0.4995 0.8289
vn -0.4265 0.3555 0.8317
vn -0.4578 0.2776 0.8446
vn -0.3204 0.4639 0.8259
vn 0.2151 0.4687 0.8568
vn 0.0012 0.5445 0.8388
vn -0.0011 0.5445 0.8387
vn 0.2562 0.4170 0.8721
vn 0.2860 0.0784 0.9550
vn 0.3134 0.2595 0.9135
vn 0.3179 0.1951 0.9279
vn 0.2616 0.0377 0.9644
vn -0.3555 -0.0000 0.9347
vn -0.0000 -0.3419 0.9397
vn -0.3626 -0.0030 0.9319
vn -0.3614 -0.0000 0.9324
vn -0.3619 -0.0013 0.9322
vn 0.7822 -0.0000 0.6230
vn 0.7822 -0.0012 0.6231
vn 0.7665 0.1204 0.6308
vn 0.7382 0.2390 0.6309
vn -0.2442 -0.0692 0.9672
vn -0.2544 -0.0549 0.9655
vn -0.2625 -0.0574 0.9632
vn -0.2423 -0.0620 0.9682
vn 0.5237 -0.0031 0.8519
vn 0.4912 -0.0544 0.8693
vn 0.5206 -0.0432 0.8527
vn 0.5225 -0.0011 0.8526
vn -0.7047 0.3244 0.6310
vn -0.7478 0.2598 0.6110
vn -0.4679 0.1976 0.8614
vn 0.2993 -0.0776 0.9510
vn 0.2992 -0.0777 0.9510
vn 0.2993 -0.0777 0.9510
vn -0.3251 0.5518 0.7680
vn -0.5670 0.4470 0.6919
vn 0.1366 -0.3472 0.9278
vn 0.1382 -0.3447 0.9285
vn 0.2466 -0.2058 0.9470
vn 0.2694 -0.1937 0.9433
vn 0.2983 0.5576 0.7747
vn 0.0017 0.5959 0.8031
vn -0.1170 -0.3648 0.9237
vn -0.1272 -0.3493 0.9283
vn -0.0009 -0.4371 0.8994
vn 0.0004 -0.4371 0.8994
vn 0.6777 0.3476 0.6480
vn 0.5335 0.4567 0.7119
vn -0.2740 -0.1406 0.9514
vn -0.2638 -0.1184 0.9573
vn -0.2473 -0.1938 0.9494
vn -0.2349 -0.2053 0.9501
vn 0.5220 -0.0000 0.8530
vn -0.0012 -0.8154 0.5789
vn -0.0000 -0.8027 0.5964
vn -0.0000 0.6227 0.7825
vn -0.0000 0.6226 0.7825
vn -0.0092 -0.8186 0.5743
vn 0.4561 -0.0673 0.8874
vn -0.1434 0.0507 0.9884
vn -0.1421 0.0642 0.9878
vn -0.3377 -0.0581 0.9394
vn -0.3584 -0.0481 0.9323
vn 0.1866 0.0580 0.9807
vn 0.1933 0.0523 0.9797
vn 0.7795 0.0155 0.6263
vn 0.4120 0.0033 0.9112
vn -0.2918 -0.0180 0.9563
vn 0.3108 -0.1712 0.9349
vn 0.2624 -0.1475 0.9536
vn -0.9650 0.2190 0.1440
vn -0.9589 0.2745 0.0719
vn -0.9622 0.2718 0.0143
vn -0.9813 0.1899 0.0314
vn -0.9813 0.1898 0.0313
vn 0.2613 -0.1237 0.9573
vn 0.3631 -0.1837 0.9135
vn 0.3631 -0.1837 0.9134
vn -0.4984 0.1527 0.8534
vn -0.5775 -0.0021 0.8164
vn -0.5785 -0.0054 0.8156
vn -0.4587 0.2191 0.8611
vn -0.4220 -0.5294 0.7360
vn -0.6064 -0.2306 0.7610
vn -0.5815 -0.2826 0.7629
vn -0.3253 -0.6447 0.6918
vn 0.3942 -0.1125 0.9121
vn 0.5106 -0.0069 0.8598
vn 0.5056 -0.0081 0.8627
vn 0.4105 -0.2451 0.8783
vn 0.6948 -0.0894 0.7136
vn 0.6981 -0.1574 0.6985
vn 0.6594 -0.2437 0.7112
vn 0.7541 0.0721 0.6527
vn 0.3256 -0.5530 0.7669
vn 0.5237 -0.3646 0.7699
vn 0.5736 -0.2999 0.7623
vn 0.3861 -0.5041 0.7725
vn -0.3081 -0.5531 0.7740
vn -0.0020 -0.6345 0.7729
vn 0.0016 -0.6345 0.7729
vn -0.3741 -0.4995 0.7813
vn -0.6408 -0.0848 0.7630
vn -0.5229 -0.3269 0.7872
vn -0.5575 -0.2642 0.7870
vn -0.6925 0.0659 0.7184
vn 0.4250 0.1832 0.8865
vn 0.4315 0.1713 0.8857
vn 0.3896 -0.5033 0.7713
vn 0.3491 -0.6048 0.7158
vn -0.5801 -0.1755 0.7954
vn -0.5456 -0.2949 0.7844
vn -0.7425 0.0001 0.6698
vn -0.7421 -0.0046 0.6703
vn -0.9222 -0.0081 0.3867
vn -0.8326 0.3257 0.4480
vn -0.4184 -0.5895 0.6909
vn -0.3234 -0.7529 0.5732
vn -0.5207 -0.7680 0.3730
vn 0.7248 -0.3108 0.6149
vn 0.5854 -0.0089 0.8107
vn 0.8848 -0.0092 0.4659
vn 0.8230 -0.3811 0.4212
vn 0.8953 0.3168 0.3130
vn 0.8953 0.3168 0.3131
vn 0.3861 -0.5575 0.7349
vn 0.6240 -0.4056 0.6679
vn 0.7769 -0.4798 0.4076
vn 0.5427 -0.6934 0.4740
vn -0.3708 -0.5528 0.7463
vn -0.0024 -0.6387 0.7695
vn -0.0008 -0.8326 0.5539
vn -0.5329 -0.6873 0.4937
vn -0.7517 -0.2511 0.6099
vn -0.6376 -0.3592 0.6815
vn -0.7984 -0.4197 0.4318
vn -0.9418 -0.0787 0.3270
vn 0.5777 -0.0062 0.8162
vn 0.7812 0.3335 0.5277
vn -0.0000 0.9482 0.3177
vn 0.5567 -0.6369 0.5333
vn 0.5820 -0.7270 0.3643
vn -0.5954 -0.3424 0.7268
vn -0.7539 -0.4543 0.4747
vn -0.8580 0.3694 0.3569
vn 0.7706 -0.2883 0.5683
vn 0.9581 -0.0721 0.2771
vn 0.3572 -0.8518 0.3832
vn 0.3571 -0.8518 0.3832
vn -0.9765 -0.0094 0.2151
vn -0.9094 0.3233 0.2615
vn -0.9762 -0.0212 0.2157
vn -0.9731 -0.0697 0.2196
vn -0.5512 -0.8033 0.2255
vn 0.9832 -0.0079 0.1825
vn 0.8414 -0.4347 0.3210
vn 0.9782 -0.0234 0.2064
vn 0.9748 -0.0669 0.2128
vn 0.9795 0.0495 0.1952
vn 0.8189 -0.5079 0.2673
vn 0.5804 -0.7540 0.3076
vn 0.0017 -0.9345 0.3561
vn -0.5712 -0.7547 0.3227
vn -0.8484 -0.4443 0.2878
vn -0.9715 0.0480 0.2323
vn 0.9189 0.3195 0.2316
vn 0.5806 -0.7574 0.2987
vn -0.7812 -0.5523 0.2910
vn -0.2122 -0.8502 0.4819
vn -0.2122 -0.8502 0.4818
vn 0.0004 -1.0000 0.0036
vn 0.0004 -1.0000 0.0034
vn 0.0004 -1.0000 0.0033
vn -0.8105 0.5857 -0.0000
vn -0.8873 0.2701 0.3738
vn -0.8873 0.2702 0.3737
vn 0.3349 -0.0121 0.9422
vn 0.3116 -0.0096 0.9502
vn 0.3191 -0.0104 0.9477
vn 0.2921 -0.0074 0.9563
vn -0.2389 0.1578 -0.9581
vn -0.2389 0.1577 -0.9581
vn 0.3627 0.0213 -0.9317
vn -0.3487 0.0004 -0.9372
vn -0.4295 -0.0013 -0.9030
vn 0.3755 -0.0009 -0.9268
vn -0.4130 0.1338 -0.9009
vn 0.2669 -0.0800 -0.9604
vn 0.2666 -0.0412 -0.9629
vn -0.3925 0.0583 -0.9179
vn -0.2910 -0.0851 -0.9529
vn 0.3450 0.2215 -0.9121
vn -0.2280 -0.1559 -0.9611
vn -0.0900 -0.1147 -0.9893
vn 0.2503 0.3195 -0.9139
vn 0.0004 0.3435 -0.9392
vn 0.0004 -0.0217 -0.9998
vn 0.0773 -0.1152 -0.9903
vn -0.2185 0.3204 -0.9218
vn -0.3296 0.2273 -0.9163
vn 0.2104 -0.1544 -0.9653
vn 0.2589 -0.1295 -0.9572
vn -0.3518 0.1763 -0.9193
vn -0.4912 -0.2426 -0.8366
vn 0.1497 -0.4207 -0.8948
vn -0.0000 0.3986 -0.9171
vn -0.2342 -0.0000 -0.9722
vn -0.2337 0.0012 -0.9723
vn -0.2336 0.0016 -0.9723
vn -0.1497 0.0477 -0.9876
vn -0.1946 0.0049 -0.9809
vn -0.1835 0.0105 -0.9830
vn -0.1477 0.0355 -0.9884
vn 0.1898 0.0791 -0.9786
vn 0.3549 0.0011 -0.9349
vn 0.3546 0.0016 -0.9350
vn 0.2295 0.0653 -0.9711
vn 0.4402 0.1261 -0.8890
vn 0.2450 0.0142 -0.9694
vn 0.1876 0.0325 -0.9817
vn 0.3790 0.0282 -0.9250
vn 0.2518 0.4995 -0.8289
vn 0.4265 0.3555 -0.8317
vn 0.4579 0.2776 -0.8446
vn 0.3204 0.4639 -0.8259
vn -0.2151 0.4687 -0.8568
vn -0.0012 0.5445 -0.8388
vn 0.0011 0.5445 -0.8388
vn -0.2562 0.4170 -0.8721
vn -0.2860 0.0784 -0.9550
vn -0.3134 0.2596 -0.9134
vn -0.3179 0.1951 -0.9278
vn -0.2616 0.0377 -0.9644
vn 0.3555 -0.0000 -0.9347
vn 0.3626 -0.0030 -0.9319
vn 0.3614 -0.0000 -0.9324
vn 0.3619 -0.0013 -0.9322
vn -0.7822 -0.0000 -0.6230
vn -0.7822 -0.0012 -0.6231
vn -0.7665 0.1204 -0.6308
vn -0.7382 0.2390 -0.6309
vn 0.2442 -0.0692 -0.9672
vn 0.2544 -0.0549 -0.9655
vn 0.2625 -0.0574 -0.9632
vn 0.2423 -0.0620 -0.9682
vn -0.5237 -0.0031 -0.8519
vn -0.4912 -0.0544 -0.8693
vn -0.5206 -0.0432 -0.8527
vn -0.5225 -0.0010 -0.8526
vn 0.7047 0.3244 -0.6310
vn 0.7478 0.2598 -0.6110
vn 0.4679 0.1976 -0.8614
vn -0.2993 -0.0776 -0.9510
vn -0.2993 -0.0777 -0.9510
vn 0.3251 0.5518 -0.7680
vn 0.5670 0.4470 -0.6919
vn -0.1366 -0.3472 -0.9278
vn -0.1382 -0.3447 -0.9285
vn -0.2466 -0.2058 -0.9470
vn -0.2694 -0.1937 -0.9434
vn -0.2983 0.5576 -0.7747
vn -0.0017 0.5959 -0.8031
vn 0.1170 -0.3649 -0.9237
vn 0.1272 -0.3493 -0.9284
vn 0.0009 -0.4371 -0.8994
vn -0.0004 -0.4371 -0.8994
vn -0.6777 0.3476 -0.6480
vn -0.5335 0.4567 -0.7119
vn 0.2740 -0.1406 -0.9514
vn 0.2638 -0.1184 -0.9573
vn 0.2473 -0.1939 -0.9493
vn 0.2349 -0.2053 -0.9501
vn -0.5220 -0.0000 -0.8530
vn 0.0013 -0.8166 -0.5772
vn 0.0013 -0.8166 -0.5773
vn -0.4561 -0.0673 -0.8874
vn -0.4560 -0.0673 -0.8874
vn 0.1434 0.0507 -0.9884
vn 0.1421 0.0642 -0.9878
vn 0.3377 -0.0581 -0.9395
vn 0.3584 -0.0481 -0.9323
vn -0.1866 0.0580 -0.9807
vn -0.1933 0.0523 -0.9797
vn -0.7795 0.0155 -0.6263
vn -0.4120 0.0033 -0.9112
vn 0.2918 -0.0180 -0.9563
vn -0.3108 -0.1712 -0.9349
vn -0.2624 -0.1475 -0.9536
vn 0.9650 0.2190 -0.1441
vn 0.9589 0.2745 -0.0719
vn 0.9622 0.2718 -0.0143
vn 0.9813 0.1899 -0.0314
vn 0.9813 0.1898 -0.0313
vn -0.2613 -0.1237 -0.9573
vn -0.3631 -0.1837 -0.9134
vn -0.3631 -0.1837 -0.9135
vn 0.4985 0.1528 -0.8533
vn 0.5775 -0.0021 -0.8164
vn 0.5785 -0.0053 -0.8156
vn 0.4587 0.2191 -0.8611
vn 0.4220 -0.5294 -0.7360
vn 0.6063 -0.2306 -0.7610
vn 0.5815 -0.2826 -0.7629
vn 0.3253 -0.6447 -0.6918
vn -0.3942 -0.1125 -0.9121
vn -0.5106 -0.0069 -0.8598
vn -0.5056 -0.0081 -0.8627
vn -0.4105 -0.2451 -0.8783
vn -0.6948 -0.0894 -0.7137
vn -0.6981 -0.1574 -0.6985
vn -0.6594 -0.2437 -0.7112
vn -0.7541 0.0721 -0.6527
vn -0.3256 -0.5530 -0.7669
vn -0.5237 -0.3646 -0.7699
vn -0.5736 -0.2999 -0.7623
vn -0.3862 -0.5041 -0.7725
vn 0.3081 -0.5531 -0.7740
vn 0.0020 -0.6345 -0.7729
vn -0.0016 -0.6345 -0.7729
vn 0.3741 -0.4995 -0.7813
vn 0.6408 -0.0848 -0.7630
vn 0.5229 -0.3269 -0.7872
vn 0.5575 -0.2642 -0.7870
vn 0.6925 0.0660 -0.7184
vn -0.4250 0.1832 -0.8865
vn -0.4315 0.1713 -0.8857
vn -0.3896 -0.5033 -0.7713
vn -0.3491 -0.6048 -0.7158
vn 0.5801 -0.1755 -0.7954
vn 0.5456 -0.2949 -0.7844
vn 0.7425 0.0001 -0.6698
vn 0.7421 -0.0046 -0.6703
vn 0.9222 -0.0081 -0.3867
vn 0.8326 0.3257 -0.4480
vn 0.4184 -0.5895 -0.6910
vn 0.3234 -0.7529 -0.5732
vn 0.5207 -0.7680 -0.3730
vn -0.7248 -0.3108 -0.6149
vn -0.5854 -0.0089 -0.8107
vn -0.8848 -0.0092 -0.4659
vn -0.8230 -0.3811 -0.4212
vn -0.8953 0.3168 -0.3130
vn -0.8953 0.3168 -0.3131
vn -0.3861 -0.5575 -0.7349
vn -0.6240 -0.4056 -0.6679
vn -0.7769 -0.4798 -0.4077
vn -0.5427 -0.6934 -0.4740
vn 0.3707 -0.5528 -0.7463
vn 0.0025 -0.6387 -0.7695
vn 0.0008 -0.8326 -0.5539
vn 0.5329 -0.6873 -0.4937
vn 0.7517 -0.2511 -0.6099
vn 0.6376 -0.3592 -0.6815
vn 0.7984 -0.4197 -0.4318
vn 0.9418 -0.0787 -0.3270
vn -0.5777 -0.0062 -0.8162
vn -0.7812 0.3335 -0.5277
vn -0.5567 -0.6369 -0.5333
vn -0.5820 -0.7270 -0.3643
vn 0.5954 -0.3424 -0.7268
vn 0.7539 -0.4543 -0.4747
vn 0.8580 0.3694 -0.3569
vn -0.7706 -0.2883 -0.5683
vn -0.9581 -0.0721 -0.2771
vn -0.3572 -0.8518 -0.3832
vn -0.3571 -0.8518 -0.3832
vn 0.9765 -0.0094 -0.2151
vn 0.9094 0.3233 -0.2615
vn 0.9762 -0.0212 -0.2157
vn 0.9731 -0.0697 -0.2196
vn 0.5512 -0.8033 -0.2256
vn -0.9832 -0.0079 -0.1825
vn -0.8414 -0.4347 -0.3210
vn -0.9782 -0.0234 -0.2064
vn -0.9748 -0.0669 -0.2128
vn -0.9795 0.0495 -0.1952
vn -0.8189 -0.5079 -0.2673
vn -0.5803 -0.7541 -0.3075
vn -0.0017 -0.9345 -0.3561
vn 0.5712 -0.7547 -0.3227
vn 0.8484 -0.4443 -0.2878
vn 0.9715 0.0480 -0.2323
vn -0.9189 0.3195 -0.2316
vn -0.5806 -0.7574 -0.2987
vn 0.7812 -0.5523 -0.2910
vn -0.0004 -1.0000 -0.0036
vn -1.0000 -0.0016 -0.0000
vn -0.9998 0.0205 -0.0000
vn -0.9885 0.1512 -0.0000
vn -0.9504 0.3112 -0.0000
vn -0.9503 0.3112 -0.0000
vn -0.8939 0.4483 -0.0000
vn -0.7892 0.6141 -0.0000
vn -0.7893 0.6141 -0.0000
vn -0.5101 0.8601 -0.0000
vn -0.2964 0.9551 -0.0000
vn 0.5564 0.8309 -0.0000
vn 0.3259 0.9454 -0.0000
vn 0.8108 0.5853 -0.0000
vn 0.8107 0.5855 -0.0000
vn 0.9121 0.4099 -0.0000
vn 0.9121 0.4100 -0.0000
vn 0.8873 0.2701 -0.3738
vn 0.8873 0.2702 -0.3737
vn -0.3305 -0.0014 -0.9438
vn -0.3304 -0.0013 -0.9438
vn -0.3116 -0.0096 -0.9502
vn -0.3191 -0.0104 -0.9476
vn -0.3302 -0.0007 -0.9439
vn -0.2921 -0.0074 -0.9563
vn -0.2922 -0.0074 -0.9563
vn -0.0275 0.3730 0.9274
vn -0.0099 0.3894 0.9210
vn -0.2372 0.1569 0.9587
vn -0.2373 0.1569 0.9587
vn -0.4295 -0.0013 0.9030
vn -0.3487 0.0004 0.9372
vn 0.1926 0.2127 0.9580
vn 0.3755 -0.0009 0.9268
vn 0.2665 -0.0413 0.9629
vn 0.2669 -0.0800 0.9604
vn -0.4130 0.1338 0.9008
vn -0.3925 0.0583 0.9179
vn -0.2910 -0.0851 0.9529
vn -0.0900 -0.1147 0.9893
vn -0.2280 -0.1559 0.9611
vn 0.3450 0.2214 0.9121
vn 0.2503 0.3195 0.9139
vn 0.0773 -0.1152 0.9903
vn 0.0004 -0.0217 0.9998
vn 0.0004 0.3435 0.9392
vn -0.2185 0.3204 0.9218
vn 0.2589 -0.1295 0.9572
vn 0.2104 -0.1544 0.9653
vn -0.3296 0.2273 0.9163
vn -0.3518 0.1763 0.9193
vn -0.4878 -0.2505 0.8363
vn 0.0108 0.3494 0.9369
vn -0.2336 0.0016 0.9723
vn -0.2337 0.0012 0.9723
vn -0.2342 -0.0000 0.9722
vn -0.1835 0.0105 0.9830
vn -0.1946 0.0049 0.9809
vn -0.1497 0.0477 0.9876
vn -0.1477 0.0355 0.9884
vn 0.3546 0.0016 0.9350
vn 0.3549 0.0011 0.9349
vn 0.1898 0.0791 0.9786
vn 0.2295 0.0653 0.9711
vn 0.1876 0.0325 0.9817
vn 0.2450 0.0142 0.9694
vn 0.4402 0.1262 0.8890
vn 0.3790 0.0282 0.9250
vn 0.4578 0.2776 0.8446
vn 0.4265 0.3555 0.8317
vn 0.2518 0.4995 0.8289
vn 0.3204 0.4639 0.8259
vn 0.0011 0.5445 0.8387
vn -0.0012 0.5445 0.8388
vn -0.2151 0.4687 0.8568
vn -0.2562 0.4170 0.8721
vn -0.3179 0.1951 0.9279
vn -0.3134 0.2595 0.9135
vn -0.2860 0.0784 0.9550
vn -0.2616 0.0377 0.9644
vn 0.3555 -0.0000 0.9347
vn 0.3614 -0.0000 0.9324
vn 0.3626 -0.0030 0.9319
vn 0.3619 -0.0013 0.9322
vn -0.7822 -0.0012 0.6231
vn -0.7822 -0.0000 0.6230
vn -0.7382 0.2390 0.6309
vn -0.7665 0.1204 0.6308
vn 0.2625 -0.0574 0.9632
vn 0.2544 -0.0549 0.9655
vn 0.2442 -0.0692 0.9672
vn 0.2423 -0.0620 0.9682
vn -0.5206 -0.0432 0.8527
vn -0.4912 -0.0544 0.8693
vn -0.5237 -0.0031 0.8519
vn -0.5225 -0.0011 0.8526
vn 0.7478 0.2598 0.6110
vn 0.7047 0.3244 0.6310
vn 0.4679 0.1976 0.8614
vn -0.2993 -0.0777 0.9510
vn -0.2993 -0.0776 0.9510
vn 0.5670 0.4470 0.6919
vn 0.3251 0.5518 0.7680
vn -0.2466 -0.2058 0.9470
vn -0.1382 -0.3447 0.9285
vn -0.1366 -0.3472 0.9278
vn -0.2694 -0.1937 0.9433
vn -0.0017 0.5959 0.8031
vn -0.2983 0.5576 0.7747
vn 0.0009 -0.4371 0.8994
vn 0.1272 -0.3493 0.9283
vn 0.1170 -0.3648 0.9237
vn -0.0004 -0.4371 0.8994
vn -0.5335 0.4567 0.7119
vn -0.6777 0.3476 0.6480
vn 0.2473 -0.1938 0.9494
vn 0.2638 -0.1184 0.9573
vn 0.2740 -0.1406 0.9514
vn 0.2349 -0.2053 0.9501
vn -0.5220 -0.0000 0.8530
vn 0.0093 -0.8108 0.5853
vn 0.0094 -0.8108 0.5853
vn 0.0009 -0.8209 0.5711
vn -0.4561 -0.0673 0.8874
vn 0.1433 0.0507 0.9884
vn 0.1421 0.0642 0.9878
vn 0.3377 -0.0581 0.9394
vn 0.3584 -0.0481 0.9323
vn -0.1933 0.0523 0.9797
vn -0.1866 0.0580 0.9807
vn -0.4120 0.0021 0.9112
vn -0.7795 0.0155 0.6263
vn 0.2918 -0.0180 0.9563
vn -0.3108 -0.1712 0.9349
vn -0.2624 -0.1475 0.9536
vn 0.9622 0.2718 0.0143
vn 0.9589 0.2744 0.0719
vn 0.9650 0.2190 0.1440
vn 0.9813 0.1899 0.0314
vn -0.2613 -0.1237 0.9573
vn -0.3631 -0.1837 0.9135
vn -0.3631 -0.1837 0.9134
vn 0.5785 -0.0054 0.8156
vn 0.5775 -0.0021 0.8164
vn 0.4984 0.1527 0.8534
vn 0.4587 0.2191 0.8611
vn 0.5815 -0.2826 0.7629
vn 0.6064 -0.2306 0.7610
vn 0.4220 -0.5294 0.7360
vn 0.3253 -0.6447 0.6918
vn -0.5056 -0.0081 0.8627
vn -0.5106 -0.0068 0.8598
vn -0.3942 -0.1125 0.9121
vn -0.4105 -0.2451 0.8783
vn -0.6594 -0.2437 0.7112
vn -0.6981 -0.1574 0.6985
vn -0.6948 -0.0894 0.7136
vn -0.7542 0.0721 0.6527
vn -0.5736 -0.2999 0.7623
vn -0.5237 -0.3647 0.7699
vn -0.3256 -0.5530 0.7669
vn -0.3861 -0.5041 0.7725
vn -0.0016 -0.6345 0.7729
vn 0.0020 -0.6345 0.7729
vn 0.3081 -0.5531 0.7740
vn 0.3741 -0.4995 0.7813
vn 0.5575 -0.2642 0.7870
vn 0.5229 -0.3269 0.7872
vn 0.6408 -0.0848 0.7630
vn 0.6925 0.0659 0.7184
vn -0.4315 0.1713 0.8857
vn -0.4250 0.1832 0.8864
vn -0.3896 -0.5033 0.7713
vn -0.3491 -0.6048 0.7158
vn 0.5456 -0.2949 0.7844
vn 0.5801 -0.1755 0.7954
vn 0.9222 -0.0081 0.3867
vn 0.7421 -0.0046 0.6703
vn 0.7426 0.0001 0.6698
vn 0.8326 0.3257 0.4480
vn 0.3234 -0.7529 0.5732
vn 0.4184 -0.5895 0.6909
vn 0.5207 -0.7680 0.3730
vn -0.8848 -0.0092 0.4659
vn -0.5854 -0.0089 0.8107
vn -0.7248 -0.3108 0.6149
vn -0.8230 -0.3811 0.4212
vn -0.8953 0.3168 0.3130
vn -0.8953 0.3168 0.3131
vn -0.7769 -0.4798 0.4076
vn -0.6240 -0.4056 0.6679
vn -0.3861 -0.5575 0.7349
vn -0.5427 -0.6934 0.4740
vn 0.0008 -0.8326 0.5539
vn 0.0024 -0.6387 0.7695
vn 0.3708 -0.5528 0.7463
vn 0.5329 -0.6873 0.4937
vn 0.7984 -0.4197 0.4318
vn 0.6376 -0.3592 0.6815
vn 0.7517 -0.2511 0.6099
vn 0.9418 -0.0787 0.3270
vn -0.7812 0.3335 0.5277
vn -0.5777 -0.0062 0.8162
vn -0.5567 -0.6369 0.5333
vn -0.5820 -0.7270 0.3643
vn 0.7539 -0.4543 0.4747
vn 0.5954 -0.3424 0.7268
vn 0.8580 0.3694 0.3569
vn -0.9581 -0.0721 0.2771
vn -0.7706 -0.2883 0.5683
vn -0.3572 -0.8518 0.3832
vn -0.3571 -0.8518 0.3832
vn 0.9765 -0.0094 0.2151
vn 0.9094 0.3233 0.2616
vn 0.9731 -0.0697 0.2196
vn 0.9762 -0.0212 0.2157
vn 0.5512 -0.8033 0.2256
vn -0.9832 -0.0079 0.1825
vn -0.8414 -0.4347 0.3210
vn -0.9748 -0.0669 0.2127
vn -0.9782 -0.0234 0.2064
vn -0.9795 0.0495 0.1952
vn -0.8189 -0.5079 0.2673
vn -0.5803 -0.7541 0.3075
vn -0.0017 -0.9345 0.3561
vn 0.5712 -0.7547 0.3227
vn 0.8484 -0.4443 0.2878
vn 0.9715 0.0480 0.2323
vn -0.9189 0.3195 0.2315
vn -0.5806 -0.7574 0.2987
vn 0.7812 -0.5523 0.2910
vn 0.2122 -0.8502 0.4818
vn 0.2122 -0.8502 0.4819
vn -0.0004 -1.0000 0.0036
vn -0.0004 -1.0000 0.0037
vn 0.8105 0.5857 -0.0000
vn 0.8873 0.2701 0.3738
vn 0.8873 0.2702 0.3737
vn -0.3116 -0.0096 0.9502
vn -0.3305 -0.0013 0.9438
vn -0.3305 -0.0014 0.9438
vn -0.3191 -0.0104 0.9477
vn -0.3302 -0.0007 0.9439
vn -0.2921 -0.0074 0.9563
vn -0.0000 -0.8290 -0.5592
vn -0.0000 -1.0000 -0.0073
vn 0.3878 -0.9176 0.0875
vn -0.3685 -0.9276 0.0613
vn -0.3686 -0.9276 0.0613
vn 0.3302 -0.0007 0.9439
vn -0.5900 -0.7644 0.2599
vn -0.9272 -0.0000 0.3745
vn -0.9295 -0.0000 -0.3689
vn -0.5891 -0.7631 -0.2657
vn -0.0000 -0.9409 0.3387
vn -0.5901 -0.7644 0.2599
vn -0.0000 -0.9300 -0.3675
vn 0.0372 0.0625 -0.9973
vn -0.9272 -0.0000 0.3746
vn -0.0000 -0.9409 0.3388
vn 0.1396 0.1266 0.9821
vn 0.9476 0.0440 0.3165
vn 0.9272 -0.0000 0.3745
vn 0.9197 -0.0005 -0.3927
vn 0.9477 0.0437 -0.3161
vn -0.6555 0.6176 0.4346
vn -0.9154 -0.0067 0.4025
vn -0.7633 0.6461 -0.0000
vn 0.5901 -0.7644 0.2599
vn -0.0015 -0.9389 -0.3441
vn 0.5886 -0.7625 -0.2684
vn -0.0227 0.0660 -0.9976
vn -0.0245 -0.0036 -0.9997
vn -0.2120 -0.0166 0.9771
vn -0.1396 0.1267 0.9821
vn 0.9272 -0.0000 0.3746
vn 0.0742 0.0244 -0.9969
vn 0.8714 0.3809 -0.3091
vn 0.8671 0.3792 0.3230
vn 0.8671 0.3793 0.3231
vn -0.2839 -0.0970 0.9539
vn -0.9810 -0.1938 -0.0000
vn -0.9499 -0.3124 -0.0000
vn -0.0546 0.0181 -0.9983
vn 0.0460 -0.0042 -0.9989
vn -0.9462 0.0434 -0.3207
vn -0.8674 0.3789 -0.3225
vn -0.9476 0.0440 0.3164
vn -0.8671 0.3792 0.3230
vn -0.8671 0.3792 0.3231
vn -0.9476 0.0440 0.3165
vn 0.2120 -0.0166 0.9771
vn 0.2838 -0.0970 0.9540
vn 0.9499 -0.3124 -0.0000
vn 0.9810 -0.1938 -0.0000
vn -0.0727 0.0528 -0.9960
vn -0.7034 0.6374 -0.3146
vn -0.7034 0.6359 0.3177
vn -0.7034 0.6358 0.3177
vn 0.2436 -0.1990 0.9492
vn 0.7852 -0.6193 -0.0000
vn -0.0616 0.0962 -0.9935
vn -0.4417 0.8324 -0.3348
vn -0.4403 0.8304 0.3416
vn -0.4403 0.8303 0.3416
vn 0.1760 -0.2854 0.9421
vn 0.5404 -0.8414 -0.0000
vn 0.0686 0.1055 -0.9921
vn 0.0018 0.1247 -0.9922
vn -0.0006 0.9514 -0.3080
vn 0.4431 0.8363 -0.3229
vn -0.0000 0.9479 0.3186
vn 0.4403 0.8304 0.3416
vn 0.4402 0.8303 0.3416
vn 0.0001 0.9479 0.3186
vn -0.0000 -0.2834 0.9590
vn -0.1760 -0.2854 0.9421
vn -0.5404 -0.8414 -0.0000
vn 0.0884 0.0637 -0.9940
vn 0.7061 0.6407 -0.3015
vn 0.7034 0.6359 0.3177
vn -0.2435 -0.1990 0.9492
vn -0.7852 -0.6193 -0.0000
vn 0.9154 -0.0067 0.4025
vn 0.6555 0.6176 0.4346
vn 0.7633 0.6461 -0.0000
vn 0.5901 -0.7643 0.2599
vn 0.5900 -0.7644 0.2599
vn -0.6877 -0.0165 -0.7258
vn -0.6882 -0.0598 -0.7231
vn -0.4417 0.3681 -0.8182
vn -0.4305 0.3808 -0.8183
vn -0.6954 -0.2356 -0.6789
vn -0.6955 -0.2393 -0.6775
vn -0.6659 -0.2167 0.7138
vn 0.6452 -0.0189 -0.7638
vn 0.6693 -0.0647 -0.7401
vn 0.7047 -0.2552 -0.6621
vn 0.7040 -0.2356 -0.6700
vn 0.6659 -0.2167 0.7138
vn 0.6295 -0.5310 -0.5673
vn 0.6394 -0.5149 -0.5711
vn 0.6003 -0.4789 0.6406
vn 0.4401 -0.7349 -0.5159
vn 0.4570 -0.7223 -0.5191
vn 0.4281 -0.6741 0.6020
vn 0.0088 -0.8482 -0.5296
vn -0.0187 -0.8474 -0.5306
vn -0.4452 -0.7117 -0.5434
vn -0.4449 -0.7119 -0.5433
vn -0.4281 -0.6741 0.6020
vn -0.0000 -0.7960 0.6053
vn -0.6253 -0.5082 -0.5922
vn -0.6251 -0.5085 -0.5921
vn -0.6003 -0.4789 0.6405
vn 0.3822 0.3945 -0.8357
vn 0.4555 0.3019 -0.8375
vn -0.3182 -0.0311 -0.9475
vn 0.3415 0.0717 -0.9371
vn 0.2884 0.0638 -0.9554
vn -0.9192 -0.3939 -0.0000
vn -0.8466 -0.5322 -0.0000
vn -0.9191 -0.3939 -0.0000
vn 0.2884 0.0638 0.9554
vn 0.3415 0.0717 0.9372
vn 0.3415 0.0717 0.9371
vn -0.3183 -0.0311 0.9475
vn 0.9192 -0.3939 -0.0000
vn 0.8466 -0.5322 -0.0000
vn 0.9191 -0.3939 -0.0000
vn -0.2884 0.0638 -0.9554
vn -0.3415 0.0717 -0.9372
vn -0.3415 0.0717 -0.9371
vn 0.3183 -0.0311 -0.9475
vn 0.3183 -0.0311 0.9475
vn -0.3415 0.0717 0.9371
vn -0.2884 0.0638 0.9554
vn 0.1297 -0.0720 -0.9889
vn -0.4622 0.2565 -0.8489
vn -0.4621 0.2565 -0.8489
vn 0.4221 -0.2342 -0.8758
vn 0.4221 -0.2342 0.8758
vn -0.4622 0.2565 0.8489
vn 0.1297 -0.0720 0.9889
vn 0.1891 -0.2131 -0.9585
vn -0.3779 0.4258 -0.8221
vn 0.2734 -0.3080 -0.9113
vn 0.2733 -0.3080 0.9113
vn -0.3779 0.4258 0.8221
vn 0.1892 -0.2131 0.9585
vn -0.1219 -0.2978 -0.9468
vn 0.2157 0.5267 -0.8222
vn -0.1563 -0.3815 -0.9110
vn -0.1563 -0.3816 0.9110
vn 0.2157 0.5267 0.8222
vn -0.1220 -0.2978 0.9468
vn -0.4221 -0.2342 -0.8758
vn 0.4621 0.2565 -0.8489
vn 0.4622 0.2565 -0.8489
vn -0.1297 -0.0720 -0.9889
vn -0.1297 -0.0720 0.9889
vn 0.4622 0.2565 0.8489
vn -0.4221 -0.2342 0.8758
vn 0.1563 -0.3815 -0.9111
vn -0.2157 0.5267 -0.8222
vn 0.1219 -0.2978 -0.9468
vn 0.1219 -0.2978 0.9468
vn -0.2157 0.5267 0.8222
vn 0.1563 -0.3815 0.9110
vn -0.2733 -0.3080 -0.9113
vn 0.3779 0.4258 -0.8221
vn -0.1891 -0.2131 -0.9586
vn -0.1891 -0.2131 0.9586
vn 0.3779 0.4258 0.8221
vn -0.2734 -0.3080 0.9113
vn 0.7471 -0.4146 -0.5196
vn 0.7277 -0.1004 -0.6785
vn 0.7278 -0.1004 -0.6784
vn 0.9530 -0.3030 -0.0000
vn 0.7278 -0.1004 0.6784
vn 0.7278 -0.1003 0.6785
vn 0.7471 -0.4146 0.5195
vn 0.7471 -0.4146 0.5196
vn 0.5824 -0.6562 0.4797
vn 0.3325 -0.8119 0.4798
vn -0.3325 -0.8119 0.4798
vn -0.5824 -0.6562 0.4797
vn -0.7471 -0.4146 0.5196
vn -0.7471 -0.4146 0.5195
vn -0.7277 -0.1004 0.6785
vn -0.7278 -0.1004 0.6784
vn -0.9530 -0.3030 -0.0000
vn -0.7278 -0.1004 -0.6784
vn -0.7278 -0.1003 -0.6784
vn -0.7471 -0.4146 -0.5196
vn -0.5824 -0.6562 -0.4797
vn -0.3325 -0.8119 -0.4798
vn 0.3325 -0.8119 -0.4798
vn 0.5824 -0.6562 -0.4797
vt 0.638772 0.019108
vt 0.604182 0.026406
vt 0.610222 0.065300
vt 0.641527 0.056758
vt 0.942230 0.026718
vt 0.937921 0.064780
vt 0.977346 0.035844
vt 0.968334 0.075590
vt 0.633376 0.196854
vt 0.937255 0.206145
vt 0.938507 0.167894
vt 0.634535 0.158625
vt 0.636223 0.100563
vt 0.635688 0.119343
vt 0.939831 0.128570
vt 0.940480 0.109764
vt 0.936158 0.240548
vt 0.632306 0.231250
vt 0.958206 0.116530
vt 0.618002 0.106197
vt 0.270059 0.129831
vt 0.279729 0.122337
vt 0.247768 0.095692
vt 0.241755 0.106414
vt 0.286374 0.162725
vt 0.298271 0.159545
vt 0.289015 0.199409
vt 0.301211 0.200859
vt 0.278087 0.234530
vt 0.288868 0.240395
vt 0.254678 0.262794
vt 0.262354 0.272329
vt 0.221819 0.279116
vt 0.225217 0.290946
vt 0.185115 0.281933
vt 0.183840 0.294135
vt 0.149970 0.270960
vt 0.144223 0.281796
vt 0.121603 0.247589
vt 0.112146 0.255277
vt 0.105199 0.214683
vt 0.093364 0.218020
vt 0.102541 0.177934
vt 0.090420 0.176568
vt 0.113450 0.142734
vt 0.102662 0.136844
vt 0.136892 0.114374
vt 0.129403 0.104772
vt 0.169850 0.098020
vt 0.166697 0.086183
vt 0.206610 0.095304
vt 0.208140 0.083149
vt 0.264136 0.134331
vt 0.238040 0.112904
vt 0.279064 0.164608
vt 0.281541 0.198518
vt 0.271418 0.230954
vt 0.249959 0.257002
vt 0.219695 0.271898
vt 0.185804 0.274525
vt 0.153355 0.264353
vt 0.127232 0.242927
vt 0.112288 0.212643
vt 0.109755 0.178726
vt 0.119908 0.146259
vt 0.141335 0.120131
vt 0.171661 0.105171
vt 0.205603 0.102624
vt 0.260056 0.137671
vt 0.235568 0.117668
vt 0.273911 0.166034
vt 0.276446 0.197933
vt 0.266723 0.228403
vt 0.246751 0.252833
vt 0.218373 0.266711
vt 0.185936 0.269671
vt 0.156003 0.259582
vt 0.131492 0.239653
vt 0.117578 0.211249
vt 0.114316 0.179254
vt 0.124745 0.148826
vt 0.144744 0.124299
vt 0.173158 0.110433
vt 0.204626 0.107392
vt 0.243466 0.150684
vt 0.231726 0.124902
vt 0.265957 0.168067
vt 0.273926 0.197631
vt 0.259446 0.224578
vt 0.233593 0.236354
vt 0.216290 0.258774
vt 0.186736 0.267101
vt 0.159685 0.252364
vt 0.147880 0.226508
vt 0.125409 0.209219
vt 0.117102 0.179561
vt 0.131921 0.152548
vt 0.157749 0.140792
vt 0.175115 0.118279
vt 0.204822 0.110069
vt 0.228514 0.162463
vt 0.232384 0.159377
vt 0.223496 0.138416
vt 0.220864 0.142916
vt 0.245199 0.174639
vt 0.250822 0.172873
vt 0.251298 0.195007
vt 0.257666 0.195737
vt 0.240592 0.213358
vt 0.245808 0.216430
vt 0.221598 0.221306
vt 0.224803 0.225356
vt 0.209710 0.238390
vt 0.211368 0.243742
vt 0.189179 0.245244
vt 0.188521 0.250730
vt 0.170304 0.234602
vt 0.167826 0.238757
vt 0.162125 0.215144
vt 0.158892 0.217689
vt 0.144407 0.203040
vt 0.140461 0.204270
vt 0.137469 0.181891
vt 0.133459 0.181427
vt 0.148883 0.162777
vt 0.145472 0.160765
vt 0.168920 0.154907
vt 0.166496 0.151870
vt 0.181312 0.137600
vt 0.179970 0.133379
vt 0.202289 0.131402
vt 0.202839 0.126413
vt 0.239256 0.153989
vt 0.228191 0.129277
vt 0.260847 0.170452
vt 0.268524 0.197001
vt 0.255015 0.221083
vt 0.230254 0.232173
vt 0.213850 0.253708
vt 0.187318 0.261664
vt 0.163181 0.247951
vt 0.152064 0.223157
vt 0.130477 0.206768
vt 0.122529 0.180179
vt 0.136308 0.156077
vt 0.161073 0.145000
vt 0.177524 0.123369
vt 0.204154 0.115494
vt 0.317134 0.202710
vt 0.313266 0.155207
vt 0.302575 0.248106
vt 0.271820 0.284712
vt 0.229063 0.305894
vt 0.181847 0.309231
vt 0.136834 0.294860
vt 0.100462 0.264284
vt 0.079447 0.221824
vt 0.077086 0.175043
vt 0.090047 0.130037
vt 0.120176 0.093496
vt 0.162535 0.072020
vt 0.209605 0.068271
vt 0.254800 0.082247
vt 0.291621 0.112580
vt 0.225086 0.291273
vt 0.262237 0.272578
vt 0.254519 0.263090
vt 0.221655 0.279470
vt 0.288715 0.240581
vt 0.277855 0.234782
vt 0.300948 0.201068
vt 0.288747 0.199698
vt 0.297936 0.159829
vt 0.286099 0.163065
vt 0.279448 0.122748
vt 0.269782 0.130260
vt 0.247626 0.096119
vt 0.241587 0.106848
vt 0.208062 0.083403
vt 0.206498 0.095557
vt 0.166574 0.086432
vt 0.169703 0.098295
vt 0.129298 0.105013
vt 0.136767 0.114652
vt 0.102539 0.137033
vt 0.113310 0.142973
vt 0.090217 0.176734
vt 0.102336 0.178158
vt 0.093087 0.218229
vt 0.104932 0.214942
vt 0.111839 0.255571
vt 0.121310 0.247914
vt 0.143959 0.282156
vt 0.149707 0.271338
vt 0.183648 0.294510
vt 0.184906 0.282324
vt 0.249771 0.257365
vt 0.219506 0.272308
vt 0.271166 0.231288
vt 0.281269 0.198861
vt 0.278790 0.165018
vt 0.263856 0.134810
vt 0.237852 0.113388
vt 0.205468 0.102911
vt 0.171494 0.105503
vt 0.141194 0.120473
vt 0.119754 0.146571
vt 0.109543 0.179026
vt 0.112022 0.212975
vt 0.126943 0.243314
vt 0.153090 0.264782
vt 0.185580 0.274966
vt 0.246555 0.253188
vt 0.218177 0.267109
vt 0.266473 0.228729
vt 0.276177 0.198269
vt 0.273636 0.166424
vt 0.259773 0.138129
vt 0.235366 0.118140
vt 0.204484 0.107652
vt 0.172988 0.110755
vt 0.144603 0.124631
vt 0.124592 0.149130
vt 0.114107 0.179549
vt 0.117316 0.211572
vt 0.131208 0.240028
vt 0.155740 0.259996
vt 0.185708 0.270100
vt 0.233354 0.236751
vt 0.216074 0.259192
vt 0.259192 0.224942
vt 0.273655 0.197988
vt 0.265677 0.168479
vt 0.243173 0.151142
vt 0.231498 0.125405
vt 0.204677 0.110328
vt 0.174930 0.118627
vt 0.157594 0.141164
vt 0.131760 0.152887
vt 0.116890 0.179882
vt 0.125149 0.209579
vt 0.147611 0.226921
vt 0.159422 0.252798
vt 0.186506 0.267538
vt 0.211123 0.244166
vt 0.224539 0.225769
vt 0.221473 0.221884
vt 0.209581 0.239187
vt 0.245549 0.216823
vt 0.240476 0.213826
vt 0.257398 0.196126
vt 0.251034 0.195388
vt 0.250547 0.173290
vt 0.244773 0.175089
vt 0.232110 0.159818
vt 0.228083 0.163015
vt 0.223192 0.138964
vt 0.220313 0.143828
vt 0.202675 0.126586
vt 0.202059 0.132039
vt 0.179807 0.133737
vt 0.181306 0.138344
vt 0.166325 0.152250
vt 0.168893 0.155457
vt 0.145294 0.161132
vt 0.148855 0.163229
vt 0.133247 0.181788
vt 0.137257 0.182250
vt 0.140213 0.204663
vt 0.143992 0.203482
vt 0.158636 0.218126
vt 0.161683 0.215721
vt 0.167573 0.239194
vt 0.169837 0.235389
vt 0.188276 0.251171
vt 0.188871 0.246187
vt 0.230005 0.232577
vt 0.213623 0.254130
vt 0.254758 0.221458
vt 0.268254 0.197371
vt 0.260569 0.170866
vt 0.238963 0.154443
vt 0.227948 0.129790
vt 0.204001 0.115728
vt 0.177336 0.123719
vt 0.160915 0.145378
vt 0.136139 0.156427
vt 0.122317 0.180515
vt 0.130223 0.207140
vt 0.151801 0.223579
vt 0.162922 0.248388
vt 0.187083 0.262103
vt 0.302491 0.248303
vt 0.317101 0.202923
vt 0.313257 0.155401
vt 0.291660 0.112766
vt 0.254892 0.082356
vt 0.209596 0.068217
vt 0.162367 0.072074
vt 0.120040 0.093683
vt 0.090000 0.130253
vt 0.077118 0.175217
vt 0.079455 0.221943
vt 0.100445 0.264354
vt 0.136768 0.294901
vt 0.181722 0.309285
vt 0.228906 0.305995
vt 0.271681 0.284869
vt 0.865963 0.294707
vt 0.867633 0.291924
vt 0.864192 0.289907
vt 0.861827 0.298338
vt 0.926288 0.504541
vt 0.962896 0.322240
vt 0.961072 0.315558
vt 0.923177 0.503849
vt 0.917093 0.521055
vt 0.912294 0.531695
vt 0.916064 0.533576
vt 0.921399 0.521957
vt 0.816772 0.537489
vt 0.809997 0.525734
vt 0.805857 0.528092
vt 0.815658 0.541702
vt 0.843985 0.561284
vt 0.830142 0.551803
vt 0.829827 0.557023
vt 0.846617 0.569245
vt 0.878533 0.561886
vt 0.860598 0.565868
vt 0.861135 0.572375
vt 0.876933 0.569374
vt 0.906862 0.539900
vt 0.893235 0.553689
vt 0.894349 0.558416
vt 0.908802 0.543565
vt 0.963848 0.313718
vt 0.960590 0.312383
vt 0.915996 0.503926
vt 0.919535 0.504337
vt 0.957394 0.316777
vt 0.953540 0.318544
vt 0.897195 0.523520
vt 0.907017 0.531272
vt 0.912245 0.520183
vt 0.906390 0.519401
vt 0.811429 0.489784
vt 0.809185 0.489069
vt 0.804970 0.504809
vt 0.808482 0.502398
vt 0.822888 0.517538
vt 0.815366 0.527561
vt 0.821259 0.537085
vt 0.822990 0.531257
vt 0.831465 0.544144
vt 0.831106 0.548317
vt 0.845462 0.557416
vt 0.844890 0.553216
vt 0.859896 0.557085
vt 0.860130 0.560256
vt 0.875973 0.558212
vt 0.876161 0.554260
vt 0.888686 0.546649
vt 0.890074 0.551827
vt 0.901990 0.539534
vt 0.897043 0.533943
vt 0.868688 0.300415
vt 0.867431 0.297268
vt 0.931632 0.505759
vt 0.968731 0.320098
vt 0.920209 0.536712
vt 0.925865 0.525108
vt 0.802729 0.502959
vt 0.807182 0.487335
vt 0.802572 0.532882
vt 0.812904 0.546216
vt 0.828763 0.563723
vt 0.846617 0.575713
vt 0.861723 0.579529
vt 0.878030 0.575543
vt 0.896384 0.564501
vt 0.912488 0.547422
vt 0.968349 0.311802
vt 0.965937 0.308294
vt 0.867598 0.286042
vt 0.800429 0.513179
vt 0.805066 0.512320
vt 0.815147 0.511765
vt 0.915663 0.515050
vt 0.919326 0.514490
vt 0.912387 0.512659
vt 0.923762 0.515379
vt 0.928778 0.517086
vt 0.796436 0.543223
vt 0.791218 0.522037
vt 0.788694 0.529735
vt 0.789057 0.537557
vt 0.793820 0.514885
vt 0.911151 0.504734
vt 0.948802 0.321035
vt 0.893749 0.521359
vt 0.901122 0.517515
vt 0.817951 0.492698
vt 0.816809 0.503621
vt 0.826326 0.515554
vt 0.826356 0.528166
vt 0.833068 0.539258
vt 0.844808 0.548726
vt 0.859697 0.553112
vt 0.875828 0.550011
vt 0.886442 0.542055
vt 0.893528 0.530898
vt 0.870478 0.304676
vt 0.820813 0.510169
vt 0.907472 0.512843
vt 0.907057 0.503292
vt 0.944826 0.322796
vt 0.890406 0.519093
vt 0.895080 0.516225
vt 0.822146 0.492818
vt 0.821645 0.501759
vt 0.829845 0.513610
vt 0.829750 0.525857
vt 0.835323 0.535332
vt 0.845647 0.543839
vt 0.859558 0.549552
vt 0.874521 0.545294
vt 0.883925 0.538216
vt 0.890141 0.528537
vt 0.875872 0.309040
vt 0.825571 0.509486
vt 0.903582 0.510467
vt 0.898185 0.501682
vt 0.937109 0.326796
vt 0.879765 0.514765
vt 0.885470 0.513065
vt 0.831690 0.493452
vt 0.832273 0.500777
vt 0.840561 0.510315
vt 0.837736 0.521229
vt 0.841571 0.529024
vt 0.849330 0.536477
vt 0.859271 0.540374
vt 0.870566 0.537953
vt 0.877753 0.531757
vt 0.882293 0.523425
vt 0.879834 0.317045
vt 0.836773 0.507516
vt 0.893772 0.508365
vt 0.967614 0.296558
vt 0.872564 0.275966
vt 0.980191 0.311782
vt 0.979848 0.306844
vt 0.980292 0.321793
vt 0.943106 0.508299
vt 0.939747 0.520840
vt 0.936401 0.529812
vt 0.930053 0.542579
vt 0.921646 0.554540
vt 0.904121 0.573012
vt 0.883470 0.585633
vt 0.863846 0.590506
vt 0.844560 0.586993
vt 0.823622 0.574120
vt 0.806282 0.555972
vt 0.803951 0.486653
vt 0.798976 0.500693
vt 0.829225 0.855779
vt 0.831092 0.851458
vt 0.826712 0.851227
vt 0.819159 0.852424
vt 0.869953 0.742060
vt 0.865939 0.735509
vt 0.670694 0.631031
vt 0.668598 0.634589
vt 0.635445 0.616815
vt 0.633795 0.622044
vt 0.647639 0.626381
vt 0.650630 0.621475
vt 0.544382 0.728580
vt 0.550050 0.726594
vt 0.544755 0.709154
vt 0.539886 0.706418
vt 0.538072 0.678694
vt 0.543159 0.683139
vt 0.546676 0.661314
vt 0.541712 0.651597
vt 0.551769 0.635076
vt 0.557211 0.641441
vt 0.576724 0.628012
vt 0.568531 0.622865
vt 0.593889 0.616088
vt 0.597158 0.621301
vt 0.621608 0.620268
vt 0.620043 0.615238
vt 0.873918 0.740876
vt 0.872542 0.745184
vt 0.865978 0.744698
vt 0.664963 0.637733
vt 0.662250 0.641503
vt 0.861302 0.747064
vt 0.644161 0.631813
vt 0.629514 0.627498
vt 0.627936 0.643741
vt 0.639740 0.638196
vt 0.565929 0.750788
vt 0.584636 0.760455
vt 0.585597 0.757558
vt 0.570950 0.749367
vt 0.549007 0.705145
vt 0.552778 0.719566
vt 0.568375 0.721236
vt 0.555857 0.708733
vt 0.551525 0.663410
vt 0.547217 0.685385
vt 0.551370 0.688823
vt 0.554876 0.667757
vt 0.577794 0.633703
vt 0.561915 0.646926
vt 0.564603 0.649996
vt 0.581548 0.637038
vt 0.617637 0.625251
vt 0.596043 0.625937
vt 0.599501 0.631812
vt 0.618351 0.634889
vt 0.825153 0.847873
vt 0.822870 0.844289
vt 0.873602 0.732152
vt 0.674286 0.624907
vt 0.651748 0.614527
vt 0.636306 0.610153
vt 0.566052 0.754749
vt 0.584889 0.763891
vt 0.533320 0.705016
vt 0.537113 0.727556
vt 0.535803 0.645735
vt 0.530966 0.673609
vt 0.563926 0.616321
vt 0.545795 0.628074
vt 0.619849 0.608367
vt 0.590213 0.608799
vt 0.879936 0.743170
vt 0.880394 0.739342
vt 0.837710 0.855916
vt 0.558760 0.743840
vt 0.554319 0.747846
vt 0.567285 0.734126
vt 0.651825 0.632756
vt 0.655551 0.629660
vt 0.651125 0.637915
vt 0.661541 0.618398
vt 0.658656 0.624645
vt 0.538518 0.749436
vt 0.522093 0.724171
vt 0.521425 0.736783
vt 0.528720 0.744397
vt 0.547589 0.753224
vt 0.657296 0.645594
vt 0.855098 0.749612
vt 0.626881 0.648979
vt 0.636828 0.644950
vt 0.587565 0.748536
vt 0.576263 0.739896
vt 0.573119 0.719697
vt 0.561584 0.708243
vt 0.557253 0.691695
vt 0.558924 0.671894
vt 0.568060 0.653753
vt 0.585121 0.641127
vt 0.601695 0.638009
vt 0.618026 0.640945
vt 0.819927 0.839352
vt 0.573405 0.729960
vt 0.646651 0.642568
vt 0.655032 0.650713
vt 0.850070 0.751885
vt 0.626050 0.654227
vt 0.632716 0.651988
vt 0.590609 0.744108
vt 0.581820 0.736796
vt 0.577943 0.718113
vt 0.566614 0.707041
vt 0.562815 0.693067
vt 0.564146 0.675503
vt 0.571199 0.657080
vt 0.588279 0.646564
vt 0.602986 0.643820
vt 0.617215 0.646303
vt 0.819324 0.830764
vt 0.577983 0.725926
vt 0.645396 0.648331
vt 0.648679 0.660585
vt 0.839157 0.755090
vt 0.620894 0.668463
vt 0.627366 0.664189
vt 0.597113 0.733795
vt 0.591447 0.727587
vt 0.590081 0.710861
vt 0.577731 0.703580
vt 0.574027 0.692803
vt 0.574118 0.678607
vt 0.579384 0.665577
vt 0.591542 0.656899
vt 0.603522 0.655477
vt 0.615120 0.658433
vt 0.815101 0.820791
vt 0.589360 0.717120
vt 0.638821 0.659847
vt 0.835543 0.857873
vt 0.852681 0.856098
vt 0.894445 0.743940
vt 0.892676 0.735190
vt 0.883759 0.721267
vt 0.682028 0.611970
vt 0.667891 0.604885
vt 0.656897 0.600585
vt 0.639804 0.595821
vt 0.621606 0.593549
vt 0.589436 0.594031
vt 0.559659 0.602234
vt 0.537723 0.616226
vt 0.523691 0.637463
vt 0.516871 0.669038
vt 0.518485 0.702514
vt 0.583179 0.767825
vt 0.565493 0.760657
vt 0.860381 0.289336
vt 0.860509 0.292736
vt 0.771183 0.265714
vt 0.766144 0.269306
vt 0.693573 0.426661
vt 0.696472 0.428055
vt 0.684359 0.454921
vt 0.688515 0.455857
vt 0.691150 0.444833
vt 0.687167 0.442834
vt 0.775419 0.518745
vt 0.773651 0.514466
vt 0.760590 0.519608
vt 0.758744 0.523557
vt 0.737586 0.526659
vt 0.740724 0.522430
vt 0.723725 0.521056
vt 0.716510 0.525523
vt 0.703168 0.518751
vt 0.707781 0.514120
vt 0.696288 0.499803
vt 0.692765 0.506497
vt 0.686084 0.487235
vt 0.689942 0.484357
vt 0.687793 0.465432
vt 0.683973 0.466982
vt 0.769852 0.262750
vt 0.773302 0.263461
vt 0.773533 0.268609
vt 0.699119 0.430667
vt 0.702211 0.432519
vt 0.775697 0.272066
vt 0.695562 0.447178
vt 0.692985 0.458828
vt 0.705663 0.459009
vt 0.700752 0.450195
vt 0.791448 0.500821
vt 0.798224 0.485864
vt 0.795958 0.485250
vt 0.790193 0.496999
vt 0.757304 0.516545
vt 0.768169 0.512757
vt 0.768727 0.500558
vt 0.759716 0.511007
vt 0.725069 0.517155
vt 0.742232 0.519137
vt 0.744655 0.515699
vt 0.728235 0.514280
vt 0.700637 0.498611
vt 0.711755 0.510117
vt 0.713976 0.507834
vt 0.703008 0.495481
vt 0.691879 0.468201
vt 0.693603 0.484931
vt 0.697966 0.481865
vt 0.699317 0.467029
vt 0.857911 0.294131
vt 0.855159 0.296100
vt 0.763020 0.263666
vt 0.688586 0.424274
vt 0.681695 0.442433
vt 0.679134 0.454699
vt 0.794466 0.500537
vt 0.800870 0.485495
vt 0.758011 0.528747
vt 0.774963 0.524451
vt 0.712321 0.530484
vt 0.734074 0.532501
vt 0.687959 0.510489
vt 0.698092 0.523834
vt 0.678651 0.467587
vt 0.680638 0.490561
vt 0.770936 0.257782
vt 0.767939 0.257812
vt 0.862956 0.283873
vt 0.786400 0.506724
vt 0.789577 0.509951
vt 0.778661 0.500646
vt 0.695902 0.441172
vt 0.693292 0.438486
vt 0.699964 0.441377
vt 0.684183 0.434583
vt 0.689213 0.436402
vt 0.773176 0.536307
vt 0.782765 0.536117
vt 0.788152 0.530011
vt 0.705654 0.436099
vt 0.778106 0.276692
vt 0.709777 0.459492
vt 0.706146 0.452018
vt 0.788917 0.484175
vt 0.782721 0.493378
vt 0.767310 0.496963
vt 0.759067 0.506587
vt 0.746557 0.510953
vt 0.731201 0.510878
vt 0.716686 0.504910
vt 0.705974 0.492443
vt 0.702648 0.479761
vt 0.704030 0.466888
vt 0.851367 0.298648
vt 0.775199 0.496139
vt 0.703813 0.444547
vt 0.709777 0.437529
vt 0.780242 0.280434
vt 0.713886 0.459805
vt 0.711816 0.454762
vt 0.785387 0.482028
vt 0.780112 0.489233
vt 0.765840 0.493311
vt 0.757896 0.502752
vt 0.747327 0.506552
vt 0.733699 0.506600
vt 0.719080 0.502261
vt 0.710006 0.489643
vt 0.707077 0.478384
vt 0.708227 0.467172
vt 0.844581 0.299602
vt 0.771882 0.492820
vt 0.708368 0.445144
vt 0.717806 0.441855
vt 0.783544 0.288650
vt 0.725187 0.462906
vt 0.721563 0.458154
vt 0.777166 0.477521
vt 0.772569 0.482282
vt 0.759609 0.484319
vt 0.754637 0.494340
vt 0.746513 0.497869
vt 0.735546 0.498663
vt 0.725195 0.495368
vt 0.717818 0.486461
vt 0.716068 0.477233
vt 0.717727 0.468031
vt 0.836877 0.303360
vt 0.764514 0.484511
vt 0.717658 0.449535
vt 0.863293 0.272387
vt 0.770361 0.246540
vt 0.763679 0.248623
vt 0.753794 0.256591
vt 0.678034 0.419089
vt 0.673277 0.430535
vt 0.670534 0.439344
vt 0.667777 0.452906
vt 0.667027 0.467163
vt 0.669211 0.492087
vt 0.677270 0.514674
vt 0.689368 0.530831
vt 0.706619 0.540411
vt 0.731359 0.543745
vt 0.756925 0.540435
vt 0.823438 0.857811
vt 0.826957 0.860150
vt 0.556462 0.926311
vt 0.786930 0.977611
vt 0.794919 0.975392
vt 0.557289 0.922270
vt 0.535432 0.913891
vt 0.521924 0.907380
vt 0.519510 0.912253
vt 0.534285 0.919479
vt 0.517112 0.783040
vt 0.532552 0.774403
vt 0.529725 0.768916
vt 0.511746 0.781501
vt 0.485613 0.818057
vt 0.498208 0.800220
vt 0.491517 0.799720
vt 0.475326 0.821341
vt 0.483981 0.862873
vt 0.479307 0.839534
vt 0.470961 0.840118
vt 0.474443 0.860659
vt 0.511540 0.900120
vt 0.494167 0.882122
vt 0.488119 0.883480
vt 0.506856 0.902575
vt 0.797058 0.978513
vt 0.798848 0.974504
vt 0.557141 0.912919
vt 0.556645 0.917522
vt 0.793392 0.970753
vt 0.791177 0.965869
vt 0.532524 0.887883
vt 0.522513 0.900519
vt 0.536556 0.907595
vt 0.537599 0.899976
vt 0.578693 0.777388
vt 0.579749 0.774504
vt 0.559773 0.768360
vt 0.562653 0.773053
vt 0.542482 0.791455
vt 0.529933 0.781401
vt 0.517451 0.788903
vt 0.524864 0.791277
vt 0.507996 0.802077
vt 0.502653 0.801533
vt 0.490534 0.820038
vt 0.495940 0.819370
vt 0.490574 0.838780
vt 0.486506 0.839026
vt 0.488736 0.859626
vt 0.493781 0.859942
vt 0.503227 0.876360
vt 0.496599 0.878062
vt 0.512074 0.893799
vt 0.519275 0.887482
vt 0.816000 0.860808
vt 0.820090 0.859459
vt 0.555018 0.933254
vt 0.790486 0.985176
vt 0.515498 0.917588
vt 0.530289 0.925232
vt 0.562304 0.765493
vt 0.582078 0.771983
vt 0.523746 0.764480
vt 0.506063 0.777817
vt 0.482947 0.798227
vt 0.467032 0.821234
vt 0.461785 0.840759
vt 0.466530 0.861971
vt 0.480318 0.886005
vt 0.501903 0.907296
vt 0.800512 0.983388
vt 0.803823 0.980877
vt 0.834566 0.860336
vt 0.549296 0.762065
vt 0.550092 0.768224
vt 0.550239 0.781474
vt 0.543059 0.912188
vt 0.543771 0.916976
vt 0.546089 0.907980
vt 0.542662 0.922732
vt 0.540537 0.929227
vt 0.510679 0.756268
vt 0.528546 0.746340
vt 0.518391 0.746712
vt 0.556127 0.906598
vt 0.788039 0.959857
vt 0.535332 0.883442
vt 0.540062 0.893148
vt 0.574621 0.785752
vt 0.560635 0.783892
vt 0.544888 0.795968
vt 0.528687 0.795736
vt 0.514207 0.804261
vt 0.501703 0.819345
vt 0.495668 0.838592
vt 0.499217 0.859589
vt 0.509126 0.873530
vt 0.523202 0.882966
vt 0.810442 0.862729
vt 0.552028 0.788918
vt 0.545893 0.901568
vt 0.557958 0.901300
vt 0.785826 0.954836
vt 0.538290 0.879143
vt 0.541798 0.885305
vt 0.574240 0.791211
vt 0.562789 0.790256
vt 0.547264 0.800572
vt 0.531514 0.800206
vt 0.519166 0.807279
vt 0.507949 0.820526
vt 0.500233 0.838476
vt 0.505277 0.857982
vt 0.514073 0.870329
vt 0.526268 0.878603
vt 0.804639 0.869187
vt 0.552705 0.795128
vt 0.548929 0.896566
vt 0.560107 0.889811
vt 0.780750 0.945066
vt 0.544047 0.865405
vt 0.546024 0.872903
vt 0.572923 0.803625
vt 0.563615 0.804094
vt 0.551137 0.814525
vt 0.537196 0.810668
vt 0.527077 0.815508
vt 0.517286 0.825443
vt 0.511997 0.838268
vt 0.514772 0.852983
vt 0.522472 0.862443
vt 0.532974 0.868509
vt 0.794068 0.873451
vt 0.554846 0.809706
vt 0.551690 0.883887
vt 0.816093 0.987910
vt 0.848433 0.864811
vt 0.808525 0.994527
vt 0.790843 1.000000
vt 0.552044 0.948021
vt 0.535826 0.943363
vt 0.524296 0.938782
vt 0.507953 0.930215
vt 0.492718 0.919006
vt 0.469323 0.895846
vt 0.453520 0.868812
vt 0.447679 0.843297
vt 0.452625 0.818379
vt 0.469753 0.791390
vt 0.493756 0.769041
vt 0.864692 0.283282
vt 0.864737 0.271771
vt 0.866173 0.284402
vt 0.871399 0.274725
vt 0.849221 0.863236
vt 0.850838 0.861642
vt 0.397825 0.969958
vt 0.403115 0.954795
vt 0.357106 0.939646
vt 0.351564 0.954799
vt 0.315376 0.993123
vt 0.335000 1.000000
vt 0.331578 0.948117
vt 0.339175 0.931925
vt 0.516290 0.348961
vt 0.531519 0.347903
vt 0.529639 0.328459
vt 0.513305 0.329664
vt 0.113739 0.513738
vt 0.005470 0.812898
vt 0.050369 0.829572
vt 0.155672 0.535729
vt 0.498687 0.059098
vt 0.231305 0.041970
vt 0.238198 0.067209
vt 0.483407 0.073899
vt 0.029064 0.890002
vt 0.048579 0.897104
vt 0.064717 0.852025
vt 0.045060 0.844729
vt 0.070919 0.836711
vt 0.170570 0.552603
vt 0.213498 0.027643
vt 0.511802 0.045093
vt 0.514553 0.025768
vt 0.205224 0.007968
vt 0.207657 0.491128
vt 0.198928 0.471962
vt 0.166662 0.438849
vt 0.126542 0.033354
vt 0.140723 0.048242
vt 0.594982 0.539975
vt 0.650279 0.563030
vt 0.657360 0.549096
vt 0.604814 0.519171
vt 0.448072 0.574055
vt 0.437379 0.645677
vt 0.459688 0.643238
vt 0.467716 0.566312
vt 0.506448 0.652646
vt 0.514076 0.560689
vt 0.127760 0.345911
vt 0.207174 0.371186
vt 0.215345 0.351414
vt 0.141961 0.330992
vt 0.913254 0.692205
vt 0.965808 0.722118
vt 0.975634 0.701312
vt 0.920332 0.678270
vt 0.435244 0.511499
vt 0.446998 0.490397
vt 0.487715 0.468636
vt 0.059977 0.294722
vt 0.084345 0.292513
vt 0.864574 0.668016
vt 0.871222 0.654496
vt 0.403803 0.462164
vt 0.412406 0.443298
vt 0.442331 0.408797
vt 0.023888 0.242706
vt 0.045030 0.242099
vt 0.820124 0.646108
vt 0.826647 0.632699
vt 0.312209 0.431305
vt 0.363358 0.431573
vt 0.370256 0.415548
vt 0.319463 0.411416
vt 0.383697 0.373451
vt 0.316428 0.366052
vt 0.023655 0.136786
vt 0.007631 0.189797
vt 0.025862 0.189821
vt 0.044732 0.137399
vt 0.743961 0.608608
vt 0.781800 0.627559
vt 0.788808 0.613749
vt 0.750484 0.595199
vt 0.256806 0.451318
vt 0.262971 0.427134
vt 0.244413 0.384591
vt 0.059370 0.084681
vt 0.083629 0.086853
vt 0.699385 0.586811
vt 0.706035 0.573291
vt 0.233138 0.336883
vt 0.500008 0.315901
vt 0.483501 0.302209
vt 0.239995 0.310829
vt 0.528188 0.045945
vt 0.529761 0.026513
vt 0.000000 0.827938
vt 0.178565 0.574964
vt 0.087252 0.829393
vt 0.220036 0.503106
vt 0.147566 0.062504
vt 0.417285 0.659814
vt 0.431762 0.576776
vt 0.148775 0.316703
vt 0.420785 0.519811
vt 0.095183 0.281746
vt 0.393275 0.474360
vt 0.058053 0.236088
vt 0.359241 0.446440
vt 0.314859 0.447706
vt 0.057756 0.143391
vt 0.039669 0.189837
vt 0.264426 0.466817
vt 0.094477 0.097595
vt 0.329108 0.916563
vt 0.658459 0.540692
vt 0.658375 0.535008
vt 0.582712 0.501830
vt 0.590299 0.509155
vt 0.567400 0.532839
vt 0.578212 0.534623
vt 0.639881 0.572553
vt 0.644393 0.569108
vt 0.980324 0.732130
vt 0.987912 0.739453
vt 1.003220 0.708443
vt 0.992405 0.706661
vt 0.930731 0.668747
vt 0.926219 0.672192
vt 0.912160 0.700610
vt 0.912247 0.706294
vt 0.878550 0.644857
vt 0.875548 0.648335
vt 0.862346 0.675211
vt 0.861434 0.679716
vt 0.831806 0.622482
vt 0.829899 0.626253
vt 0.817000 0.652616
vt 0.815181 0.656430
vt 0.792126 0.606987
vt 0.794029 0.603124
vt 0.755435 0.584880
vt 0.753612 0.588693
vt 0.740713 0.615056
vt 0.738809 0.618829
vt 0.776589 0.638188
vt 0.778487 0.634324
vt 0.708268 0.566097
vt 0.709184 0.561594
vt 0.692064 0.596453
vt 0.695063 0.592974
s 0
usemtl lambert1
f 4/1/1 1/2/1 2/3/1
f 2/3/1 3/4/1 4/1/1
s 1
f 8/5/2 5/1/2 6/4/3
f 6/4/3 7/6/3 8/5/2
s 0
f 12/7/4 9/5/4 10/6/4
f 10/6/4 11/8/4 12/7/4
s 1
f 16/9/5 13/10/5 14/11/6
f 14/11/6 15/12/6 16/9/5
s 0
f 20/13/7 17/14/7 18/15/7
f 18/15/7 19/16/7 20/13/7
f 24/17/8 21/10/8 22/9/8
f 22/9/8 23/18/8 24/17/8
s 1
f 26/14/9 15/12/6 14/11/6
f 14/11/6 25/15/9 26/14/9
s 0
f 28/19/4 11/8/4 10/6/4
f 10/6/4 27/16/4 28/19/4
s 1
f 30/16/10 7/6/3 6/4/3
f 6/4/3 29/13/10 30/16/10
s 0
f 32/13/1 3/4/1 2/3/1
f 2/3/1 31/20/1 32/13/1
s 1
f 36/21/11 33/22/12 34/23/13
f 34/23/13 35/24/14 36/21/11
f 38/25/15 37/26/16 33/22/12
f 33/22/12 36/21/11 38/25/15
f 40/27/17 39/28/18 37/26/16
f 37/26/16 38/25/15 40/27/17
f 42/29/19 41/30/20 39/28/18
f 39/28/18 40/27/17 42/29/19
f 44/31/21 43/32/22 41/30/20
f 41/30/20 42/29/19 44/31/21
f 46/33/23 45/34/24 43/32/22
f 43/32/22 44/31/21 46/33/23
f 48/35/25 47/36/26 45/34/24
f 45/34/24 46/33/23 48/35/25
f 50/37/27 49/38/28 47/36/26
f 47/36/26 48/35/25 50/37/27
f 52/39/29 51/40/30 49/38/28
f 49/38/28 50/37/27 52/39/29
f 54/41/31 53/42/32 51/40/30
f 51/40/30 52/39/29 54/41/31
f 56/43/33 55/44/34 53/42/32
f 53/42/32 54/41/31 56/43/33
f 58/45/35 57/46/36 55/44/34
f 55/44/34 56/43/33 58/45/35
f 60/47/37 59/48/38 57/46/36
f 57/46/36 58/45/35 60/47/37
f 62/49/39 61/50/40 59/48/38
f 59/48/38 60/47/37 62/49/39
f 64/51/41 63/52/42 61/50/40
f 61/50/40 62/49/39 64/51/41
f 35/24/14 34/23/13 63/52/42
f 63/52/42 64/51/41 35/24/14
f 66/53/43 36/21/11 35/24/14
f 35/24/14 65/54/44 66/53/43
f 67/55/45 38/25/15 36/21/11
f 36/21/11 66/53/43 67/55/45
f 68/56/46 40/27/17 38/25/15
f 38/25/15 67/55/45 68/56/46
f 69/57/47 42/29/19 40/27/17
f 40/27/17 68/56/46 69/57/47
f 70/58/48 44/31/21 42/29/19
f 42/29/19 69/57/47 70/58/48
f 71/59/49 46/33/23 44/31/21
f 44/31/21 70/58/48 71/59/49
f 72/60/50 48/35/25 46/33/23
f 46/33/23 71/59/49 72/60/50
f 73/61/51 50/37/27 48/35/25
f 48/35/25 72/60/50 73/61/51
f 74/62/52 52/39/29 50/37/27
f 50/37/27 73/61/51 74/62/52
f 75/63/53 54/41/31 52/39/29
f 52/39/29 74/62/52 75/63/53
f 76/64/54 56/43/33 54/41/31
f 54/41/31 75/63/53 76/64/54
f 77/65/55 58/45/35 56/43/33
f 56/43/33 76/64/54 77/65/55
f 78/66/56 60/47/37 58/45/35
f 58/45/35 77/65/55 78/66/56
f 79/67/57 62/49/39 60/47/37
f 60/47/37 78/66/56 79/67/57
f 80/68/58 64/51/41 62/49/39
f 62/49/39 79/67/57 80/68/58
f 65/54/44 35/24/14 64/51/41
f 64/51/41 80/68/58 65/54/44
f 82/69/59 66/53/43 65/54/44
f 65/54/44 81/70/60 82/69/59
f 83/71/61 67/55/45 66/53/43
f 66/53/43 82/69/59 83/71/61
f 84/72/62 68/56/46 67/55/45
f 67/55/45 83/71/61 84/72/62
f 85/73/63 69/57/47 68/56/46
f 68/56/46 84/72/62 85/73/63
f 86/74/64 70/58/48 69/57/47
f 69/57/47 85/73/63 86/74/64
f 87/75/65 71/59/49 70/58/48
f 70/58/48 86/74/64 87/75/65
f 88/76/66 72/60/50 71/59/49
f 71/59/49 87/75/65 88/76/66
f 89/77/67 73/61/51 72/60/50
f 72/60/50 88/76/66 89/77/67
f 90/78/68 74/62/52 73/61/51
f 73/61/51 89/77/67 90/78/68
f 91/79/69 75/63/53 74/62/52
f 74/62/52 90/78/68 91/79/69
f 92/80/70 76/64/54 75/63/53
f 75/63/53 91/79/69 92/80/70
f 93/81/71 77/65/55 76/64/54
f 76/64/54 92/80/70 93/81/71
f 94/82/72 78/66/56 77/65/55
f 77/65/55 93/81/71 94/82/72
f 95/83/73 79/67/57 78/66/56
f 78/66/56 94/82/72 95/83/73
f 96/84/74 80/68/58 79/67/57
f 79/67/57 95/83/73 96/84/74
f 81/70/60 65/54/44 80/68/58
f 80/68/58 96/84/74 81/70/60
f 100/85/75 97/69/76 98/70/77
f 98/70/77 99/86/78 100/85/75
f 102/87/79 101/71/80 97/69/76
f 97/69/76 100/85/75 102/87/79
f 104/88/81 103/72/82 101/71/80
f 101/71/80 102/87/79 104/88/81
f 106/89/83 105/73/84 103/72/82
f 103/72/82 104/88/81 106/89/83
f 108/90/85 107/74/86 105/73/84
f 105/73/84 106/89/83 108/90/85
f 110/91/87 109/75/88 107/74/86
f 107/74/86 108/90/85 110/91/87
f 112/92/89 111/76/90 109/75/88
f 109/75/88 110/91/87 112/92/89
f 114/93/91 113/77/92 111/76/90
f 111/76/90 112/92/89 114/93/91
f 116/94/93 115/78/94 113/77/92
f 113/77/92 114/93/91 116/94/93
f 118/95/95 117/79/96 115/78/94
f 115/78/94 116/94/93 118/95/95
f 120/96/97 119/80/98 117/79/96
f 117/79/96 118/95/95 120/96/97
f 122/97/99 121/81/100 119/80/98
f 119/80/98 120/96/97 122/97/99
f 124/98/101 123/82/102 121/81/100
f 121/81/100 122/97/99 124/98/101
f 126/99/103 125/83/104 123/82/102
f 123/82/102 124/98/101 126/99/103
f 128/100/105 127/84/106 125/83/104
f 125/83/104 126/99/103 128/100/105
f 99/86/78 98/70/77 127/84/106
f 127/84/106 128/100/105 99/86/78
s 0
f 132/101/107 129/102/107 130/103/107
f 130/103/107 131/104/107 132/101/107
f 136/105/108 133/106/108 134/102/108
f 134/102/109 135/101/109 136/105/109
f 140/107/110 137/108/110 138/106/110
f 138/106/110 139/105/110 140/107/110
f 144/109/111 141/110/111 142/108/111
f 142/108/111 143/107/111 144/109/111
f 148/111/112 145/112/112 146/110/112
f 146/110/113 147/109/113 148/111/113
f 152/113/114 149/114/114 150/112/114
f 150/112/115 151/111/115 152/113/115
f 156/115/116 153/116/116 154/114/116
f 154/114/116 155/113/116 156/115/116
f 160/117/117 157/118/117 158/116/117
f 158/116/117 159/115/117 160/117/117
f 164/119/118 161/120/118 162/118/118
f 162/118/119 163/117/119 164/119/119
f 168/121/120 165/122/120 166/120/120
f 166/120/121 167/119/121 168/121/121
f 172/123/122 169/124/122 170/122/122
f 170/122/122 171/121/122 172/123/122
f 176/125/123 173/126/123 174/124/123
f 174/124/123 175/123/123 176/125/123
f 180/127/124 177/128/124 178/126/124
f 178/126/125 179/125/125 180/127/125
f 184/129/126 181/130/126 182/128/126
f 182/128/127 183/127/127 184/129/127
f 188/131/128 185/132/128 186/130/128
f 186/130/128 187/129/128 188/131/128
f 192/104/129 189/103/129 190/132/129
f 190/132/130 191/131/130 192/104/130
s 1
f 194/133/131 100/85/75 99/86/78
f 99/86/78 193/134/132 194/133/131
f 195/135/133 102/87/79 100/85/75
f 100/85/75 194/133/131 195/135/133
f 196/136/134 104/88/81 102/87/79
f 102/87/79 195/135/133 196/136/134
f 197/137/135 106/89/83 104/88/81
f 104/88/81 196/136/134 197/137/135
f 198/138/136 108/90/85 106/89/83
f 106/89/83 197/137/135 198/138/136
f 199/139/137 110/91/87 108/90/85
f 108/90/85 198/138/136 199/139/137
f 200/140/138 112/92/89 110/91/87
f 110/91/87 199/139/137 200/140/138
f 201/141/139 114/93/91 112/92/89
f 112/92/89 200/140/138 201/141/139
f 202/142/140 116/94/93 114/93/91
f 114/93/91 201/141/139 202/142/140
f 203/143/141 118/95/95 116/94/93
f 116/94/93 202/142/140 203/143/141
f 204/144/142 120/96/97 118/95/95
f 118/95/95 203/143/141 204/144/142
f 205/145/143 122/97/99 120/96/97
f 120/96/97 204/144/142 205/145/143
f 206/146/144 124/98/101 122/97/99
f 122/97/99 205/145/143 206/146/144
f 207/147/145 126/99/103 124/98/101
f 124/98/101 206/146/144 207/147/145
f 208/148/146 128/100/105 126/99/103
f 126/99/103 207/147/145 208/148/146
f 193/134/132 99/86/78 128/100/105
f 128/100/105 208/148/146 193/134/132
f 210/102/147 194/133/131 193/134/132
f 193/134/132 209/103/148 210/102/147
f 211/106/149 195/135/133 194/133/131
f 194/133/131 210/102/147 211/106/149
f 212/108/150 196/136/134 195/135/133
f 195/135/133 211/106/149 212/108/150
f 213/110/151 197/137/135 196/136/134
f 196/136/134 212/108/150 213/110/151
f 214/112/152 198/138/136 197/137/135
f 197/137/135 213/110/151 214/112/152
f 215/114/153 199/139/137 198/138/136
f 198/138/136 214/112/152 215/114/153
f 216/116/154 200/140/138 199/139/137
f 199/139/137 215/114/153 216/116/154
f 217/118/155 201/141/139 200/140/138
f 200/140/138 216/116/154 217/118/155
f 218/120/156 202/142/140 201/141/139
f 201/141/139 217/118/155 218/120/156
f 219/122/157 203/143/141 202/142/140
f 202/142/140 218/120/156 219/122/157
f 220/124/158 204/144/142 203/143/141
f 203/143/141 219/122/157 220/124/158
f 221/126/159 205/145/143 204/144/142
f 204/144/142 220/124/158 221/126/159
f 222/128/160 206/146/144 205/145/143
f 205/145/143 221/126/159 222/128/160
f 223/130/161 207/147/145 206/146/144
f 206/146/144 222/128/160 223/130/161
f 224/132/162 208/148/146 207/147/145
f 207/147/145 223/130/161 224/132/162
f 209/103/148 193/134/132 208/148/146
f 208/148/146 224/132/162 209/103/148
f 228/28/163 225/149/164 226/150/165
f 226/150/165 227/26/166 228/28/163
f 230/30/167 229/151/168 225/149/164
f 225/149/164 228/28/163 230/30/167
f 232/32/169 231/152/170 229/151/168
f 229/151/168 230/30/167 232/32/169
f 234/34/171 233/153/172 231/152/170
f 231/152/170 232/32/169 234/34/171
f 236/36/173 235/154/174 233/153/172
f 233/153/172 234/34/171 236/36/173
f 238/38/175 237/155/176 235/154/174
f 235/154/174 236/36/173 238/38/175
f 240/40/177 239/156/178 237/155/176
f 237/155/176 238/38/175 240/40/177
f 242/42/179 241/157/180 239/156/178
f 239/156/178 240/40/177 242/42/179
f 244/44/181 243/158/182 241/157/180
f 241/157/180 242/42/179 244/44/181
f 246/46/183 245/159/184 243/158/182
f 243/158/182 244/44/181 246/46/183
f 248/48/185 247/160/186 245/159/184
f 245/159/184 246/46/183 248/48/185
f 250/50/187 249/161/188 247/160/186
f 247/160/186 248/48/185 250/50/187
f 252/52/189 251/162/190 249/161/188
f 249/161/188 250/50/187 252/52/189
f 254/23/191 253/163/192 251/162/190
f 251/162/190 252/52/189 254/23/191
f 256/22/193 255/164/194 253/163/192
f 253/163/192 254/23/191 256/22/193
f 227/26/166 226/150/165 255/164/194
f 255/164/194 256/22/193 227/26/166
f 260/165/195 257/166/196 258/167/197
f 258/167/197 259/168/198 260/165/195
f 257/166/196 261/169/199 262/170/200
f 262/170/200 258/167/197 257/166/196
f 261/169/199 263/171/201 264/172/202
f 264/172/202 262/170/200 261/169/199
f 263/171/201 265/173/203 266/174/204
f 266/174/204 264/172/202 263/171/201
f 265/173/203 267/175/205 268/176/206
f 268/176/206 266/174/204 265/173/203
f 267/175/205 269/177/207 270/178/208
f 270/178/208 268/176/206 267/175/205
f 269/177/207 271/179/209 272/180/210
f 272/180/210 270/178/208 269/177/207
f 271/179/209 273/181/211 274/182/212
f 274/182/212 272/180/210 271/179/209
f 273/181/211 275/183/213 276/184/214
f 276/184/214 274/182/212 273/181/211
f 275/183/213 277/185/215 278/186/216
f 278/186/216 276/184/214 275/183/213
f 277/185/215 279/187/217 280/188/218
f 280/188/218 278/186/216 277/185/215
f 279/187/217 281/189/219 282/190/220
f 282/190/220 280/188/218 279/187/217
f 281/189/219 283/191/221 284/192/222
f 284/192/222 282/190/220 281/189/219
f 283/191/221 285/193/223 286/194/224
f 286/194/224 284/192/222 283/191/221
f 285/193/223 287/195/225 288/196/226
f 288/196/226 286/194/224 285/193/223
f 287/195/225 260/165/195 259/168/198
f 259/168/198 288/196/226 287/195/225
f 259/168/198 258/167/197 289/197/227
f 289/197/227 290/198/228 259/168/198
f 258/167/197 262/170/200 291/199/229
f 291/199/229 289/197/227 258/167/197
f 262/170/200 264/172/202 292/200/230
f 292/200/230 291/199/229 262/170/200
f 264/172/202 266/174/204 293/201/231
f 293/201/231 292/200/230 264/172/202
f 266/174/204 268/176/206 294/202/232
f 294/202/232 293/201/231 266/174/204
f 268/176/206 270/178/208 295/203/233
f 295/203/233 294/202/232 268/176/206
f 270/178/208 272/180/210 296/204/234
f 296/204/234 295/203/233 270/178/208
f 272/180/210 274/182/212 297/205/235
f 297/205/235 296/204/234 272/180/210
f 274/182/212 276/184/214 298/206/236
f 298/206/236 297/205/235 274/182/212
f 276/184/214 278/186/216 299/207/237
f 299/207/237 298/206/236 276/184/214
f 278/186/216 280/188/218 300/208/238
f 300/208/238 299/207/237 278/186/216
f 280/188/218 282/190/220 301/209/239
f 301/209/239 300/208/238 280/188/218
f 282/190/220 284/192/222 302/210/240
f 302/210/240 301/209/239 282/190/220
f 284/192/222 286/194/224 303/211/241
f 303/211/241 302/210/240 284/192/222
f 286/194/224 288/196/226 304/212/242
f 304/212/242 303/211/241 286/194/224
f 288/196/226 259/168/198 290/198/228
f 290/198/228 304/212/242 288/196/226
f 290/198/228 289/197/227 305/213/243
f 305/213/243 306/214/244 290/198/228
f 289/197/227 291/199/229 307/215/245
f 307/215/245 305/213/243 289/197/227
f 291/199/229 292/200/230 308/216/246
f 308/216/246 307/215/245 291/199/229
f 292/200/230 293/201/231 309/217/247
f 309/217/247 308/216/246 292/200/230
f 293/201/231 294/202/232 310/218/248
f 310/218/248 309/217/247 293/201/231
f 294/202/232 295/203/233 311/219/249
f 311/219/249 310/218/248 294/202/232
f 295/203/233 296/204/234 312/220/250
f 312/220/250 311/219/249 295/203/233
f 296/204/234 297/205/235 313/221/251
f 313/221/251 312/220/250 296/204/234
f 297/205/235 298/206/236 314/222/252
f 314/222/252 313/221/251 297/205/235
f 298/206/236 299/207/237 315/223/253
f 315/223/253 314/222/252 298/206/236
f 299/207/237 300/208/238 316/224/254
f 316/224/254 315/223/253 299/207/237
f 300/208/238 301/209/239 317/225/255
f 317/225/255 316/224/254 300/208/238
f 301/209/239 302/210/240 318/226/256
f 318/226/256 317/225/255 301/209/239
f 302/210/240 303/211/241 319/227/257
f 319/227/257 318/226/256 302/210/240
f 303/211/241 304/212/242 320/228/258
f 320/228/258 319/227/257 303/211/241
f 304/212/242 290/198/228 306/214/244
f 306/214/244 320/228/258 304/212/242
f 324/214/259 321/213/260 322/229/261
f 322/229/261 323/230/262 324/214/259
f 321/213/260 325/215/263 326/231/264
f 326/231/264 322/229/261 321/213/260
f 325/215/263 327/216/265 328/232/266
f 328/232/266 326/231/264 325/215/263
f 327/216/265 329/217/267 330/233/268
f 330/233/268 328/232/266 327/216/265
f 329/217/267 331/218/269 332/234/270
f 332/234/270 330/233/268 329/217/267
f 331/218/269 333/219/271 334/235/272
f 334/235/272 332/234/270 331/218/269
f 333/219/271 335/220/273 336/236/274
f 336/236/274 334/235/272 333/219/271
f 335/220/273 337/221/275 338/237/276
f 338/237/276 336/236/274 335/220/273
f 337/221/275 339/222/277 340/238/278
f 340/238/278 338/237/276 337/221/275
f 339/222/277 341/223/279 342/239/280
f 342/239/280 340/238/278 339/222/277
f 341/223/279 343/224/281 344/240/282
f 344/240/282 342/239/280 341/223/279
f 343/224/281 345/225/283 346/241/284
f 346/241/284 344/240/282 343/224/281
f 345/225/283 347/226/285 348/242/286
f 348/242/286 346/241/284 345/225/283
f 347/226/285 349/227/287 350/243/288
f 350/243/288 348/242/286 347/226/285
f 349/227/287 351/228/289 352/244/290
f 352/244/290 350/243/288 349/227/287
f 351/228/289 324/214/259 323/230/262
f 323/230/262 352/244/290 351/228/289
s 0
f 356/245/291 353/246/291 354/247/291
f 354/247/291 355/248/291 356/245/291
f 360/246/292 357/249/292 358/250/292
f 358/250/293 359/247/293 360/246/293
f 364/249/294 361/251/294 362/252/294
f 362/252/294 363/250/294 364/249/294
f 368/251/295 365/253/295 366/254/295
f 366/254/295 367/252/295 368/251/295
f 372/253/296 369/255/296 370/256/296
f 370/256/297 371/254/297 372/253/297
f 376/255/298 373/257/298 374/258/298
f 374/258/299 375/256/299 376/255/299
f 380/257/300 377/259/300 378/260/300
f 378/260/300 379/258/300 380/257/300
f 384/259/301 381/261/301 382/262/301
f 382/262/301 383/260/301 384/259/301
f 388/261/302 385/263/302 386/264/302
f 386/264/303 387/262/303 388/261/303
s 1
f 392/263/304 389/265/304 390/266/304
s 0
f 390/266/305 391/264/305 392/263/305
f 396/265/306 393/267/306 394/268/306
f 394/268/306 395/266/306 396/265/306
f 400/267/307 397/269/307 398/270/307
f 398/270/307 399/268/307 400/267/307
f 404/269/308 401/271/308 402/272/308
f 402/272/309 403/270/309 404/269/309
f 408/271/310 405/273/310 406/274/310
f 406/274/311 407/272/311 408/271/311
f 412/273/312 409/275/312 410/276/312
f 410/276/312 411/274/312 412/273/312
s 1
f 416/275/313 413/245/313 414/248/313
s 0
f 414/248/313 415/276/313 416/275/313
s 1
f 323/230/262 322/229/261 417/277/314
f 417/277/314 418/278/315 323/230/262
f 322/229/261 326/231/264 419/279/316
f 419/279/316 417/277/314 322/229/261
f 326/231/264 328/232/266 420/280/317
f 420/280/317 419/279/316 326/231/264
f 328/232/266 330/233/268 421/281/318
f 421/281/318 420/280/317 328/232/266
f 330/233/268 332/234/270 422/282/319
f 422/282/319 421/281/318 330/233/268
f 332/234/270 334/235/272 423/283/320
f 423/283/320 422/282/319 332/234/270
f 334/235/272 336/236/274 424/284/321
f 424/284/321 423/283/320 334/235/272
f 336/236/274 338/237/276 425/285/322
f 425/285/322 424/284/321 336/236/274
f 338/237/276 340/238/278 426/286/323
f 426/286/323 425/285/322 338/237/276
f 340/238/278 342/239/280 427/287/324
f 427/287/324 426/286/323 340/238/278
f 342/239/280 344/240/282 428/288/325
f 428/288/325 427/287/324 342/239/280
f 344/240/282 346/241/284 429/289/326
f 429/289/326 428/288/325 344/240/282
f 346/241/284 348/242/286 430/290/327
f 430/290/327 429/289/326 346/241/284
f 348/242/286 350/243/288 431/291/328
f 431/291/328 430/290/327 348/242/286
f 350/243/288 352/244/290 432/292/329
f 432/292/329 431/291/328 350/243/288
f 352/244/290 323/230/262 418/278/315
f 418/278/315 432/292/329 352/244/290
f 418/278/315 417/277/314 433/246/330
f 433/246/330 434/245/331 418/278/315
f 417/277/314 419/279/316 435/249/332
f 435/249/332 433/246/330 417/277/314
f 419/279/316 420/280/317 436/251/333
f 436/251/333 435/249/332 419/279/316
f 420/280/317 421/281/318 437/253/334
f 437/253/334 436/251/333 420/280/317
f 421/281/318 422/282/319 438/255/335
f 438/255/335 437/253/334 421/281/318
f 422/282/319 423/283/320 439/257/336
f 439/257/336 438/255/335 422/282/319
f 423/283/320 424/284/321 440/259/337
f 440/259/337 439/257/336 423/283/320
f 424/284/321 425/285/322 441/261/338
f 441/261/338 440/259/337 424/284/321
f 425/285/322 426/286/323 442/263/339
f 442/263/339 441/261/338 425/285/322
f 426/286/323 427/287/324 443/265/340
f 443/265/340 442/263/339 426/286/323
f 427/287/324 428/288/325 444/267/341
f 444/267/341 443/265/340 427/287/324
f 428/288/325 429/289/326 445/269/342
f 445/269/342 444/267/341 428/288/325
f 429/289/326 430/290/327 446/271/343
f 446/271/343 445/269/342 429/289/326
f 430/290/327 431/291/328 447/273/344
f 447/273/344 446/271/343 430/290/327
f 431/291/328 432/292/329 448/275/345
f 448/275/345 447/273/344 431/291/328
f 432/292/329 418/278/315 434/245/331
f 434/245/331 448/275/345 432/292/329
f 452/293/346 449/294/347 450/171/348
f 450/171/348 451/169/349 452/293/346
f 449/294/347 453/295/350 454/173/351
f 454/173/351 450/171/348 449/294/347
f 453/295/350 455/296/352 456/175/353
f 456/175/353 454/173/351 453/295/350
f 455/296/352 457/297/354 458/177/355
f 458/177/355 456/175/353 455/296/352
f 457/297/354 459/298/356 460/179/357
f 460/179/357 458/177/355 457/297/354
f 459/298/356 461/299/358 462/181/359
f 462/181/359 460/179/357 459/298/356
f 461/299/358 463/300/360 464/183/361
f 464/183/361 462/181/359 461/299/358
f 463/300/360 465/301/362 466/185/363
f 466/185/363 464/183/361 463/300/360
f 465/301/362 467/302/364 468/187/365
f 468/187/365 466/185/363 465/301/362
f 467/302/364 469/303/366 470/189/367
f 470/189/367 468/187/365 467/302/364
f 469/303/366 471/304/368 472/191/369
f 472/191/369 470/189/367 469/303/366
f 471/304/368 473/305/370 474/193/371
f 474/193/371 472/191/369 471/304/368
f 473/305/370 475/306/372 476/195/373
f 476/195/373 474/193/371 473/305/370
f 475/306/372 477/307/374 478/165/375
f 478/165/375 476/195/373 475/306/372
f 477/307/374 479/308/376 480/166/377
f 480/166/377 478/165/375 477/307/374
f 479/308/376 452/293/346 451/169/349
f 451/169/349 480/166/377 479/308/376
f 484/309/378 481/310/379 482/311/380
f 482/311/380 483/312/380 484/309/378
f 488/313/381 485/314/382 486/315/383
f 486/315/383 487/316/384 488/313/381
f 492/317/385 489/318/386 490/319/387
f 490/319/387 491/320/388 492/317/385
f 496/321/389 493/322/389 494/323/389
f 494/323/389 495/324/390 496/321/389
f 500/325/391 497/326/392 498/327/393
f 498/327/393 499/328/394 500/325/391
f 504/329/395 501/330/396 502/331/397
f 502/331/397 503/332/398 504/329/395
f 508/333/399 505/334/400 506/335/401
f 506/335/401 507/336/402 508/333/399
f 509/337/403 510/338/404 486/315/383
f 509/337/403 486/315/383 485/314/382
f 510/338/404 481/310/379 484/309/378
f 484/309/378 486/315/383 510/338/404
f 514/339/405 511/340/406 512/341/407
f 512/341/407 513/342/407 514/339/405
f 518/343/408 515/344/409 516/345/410
f 516/345/410 517/346/411 518/343/408
f 522/347/412 519/348/413 520/349/414
f 520/349/414 521/350/415 522/347/412
f 526/351/416 523/352/417 524/353/418
f 524/353/418 525/354/419 526/351/416
f 530/355/420 527/356/421 528/357/422
f 528/357/422 529/358/423 530/355/420
f 534/359/424 531/360/425 532/361/426
f 532/361/426 533/362/427 534/359/424
f 538/363/428 535/364/429 536/365/430
f 536/365/430 537/366/431 538/363/428
f 540/367/432 539/368/432 519/348/413
f 519/348/413 522/347/412 540/367/432
s 0
f 544/342/433 541/341/433 542/368/433
f 542/368/433 543/367/433 544/342/433
s 1
f 548/315/434 545/341/434 546/340/435
f 546/340/435 547/316/436 548/315/434
f 488/313/381 549/369/437 550/370/438
f 550/370/438 485/314/382 488/313/381
f 490/319/387 551/371/439 552/372/440
f 552/372/440 491/320/388 490/319/387
f 556/317/441 553/345/442 554/344/443
f 554/344/443 555/318/444 556/317/441
f 560/373/445 557/349/446 558/348/447
f 558/348/447 559/374/448 560/373/445
f 564/323/449 561/375/449 562/376/450
f 562/376/450 563/324/451 564/323/449
f 568/321/452 565/353/453 566/352/453
f 566/352/453 567/322/452 568/321/452
f 498/327/393 569/377/454 570/378/455
f 570/378/455 499/328/394 498/327/393
f 574/326/456 571/325/457 572/357/458
f 572/357/458 573/356/459 574/326/456
f 502/331/397 575/379/460 576/380/461
f 576/380/461 503/332/398 502/331/397
f 580/330/462 577/329/463 578/361/464
f 578/361/464 579/360/465 580/330/462
f 506/335/401 581/381/466 582/382/467
f 582/382/467 507/336/402 506/335/401
f 586/334/468 583/333/469 584/365/470
f 584/365/470 585/364/471 586/334/468
f 559/374/448 558/348/447 587/368/472
f 587/368/472 588/309/472 559/374/448
f 509/337/403 589/383/473 590/384/473
f 590/384/473 510/338/404 509/337/403
f 485/314/382 550/370/438 591/383/438
f 591/383/438 509/337/403 485/314/382
s 0
f 595/309/474 592/368/474 593/341/474
f 593/341/474 594/315/474 595/309/474
s 1
f 599/338/475 596/384/476 597/385/476
f 597/385/476 598/310/476 599/338/475
f 560/373/445 600/386/477 601/387/478
f 601/387/478 557/349/446 560/373/445
f 603/388/479 521/350/415 520/349/414
f 520/349/414 602/387/480 603/388/479
f 547/316/436 546/340/435 604/389/481
f 604/389/481 605/390/482 547/316/436
f 514/339/405 606/391/483 607/389/484
f 607/389/484 511/340/406 514/339/405
f 488/313/381 608/392/485 609/393/486
f 609/393/486 549/369/437 488/313/381
f 487/316/384 610/390/487 608/392/485
f 608/392/485 488/313/381 487/316/384
f 537/366/431 536/365/430 515/344/409
f 515/344/409 518/343/408 537/366/431
f 490/319/387 507/336/402 582/382/467
f 582/382/467 551/371/439 490/319/387
f 489/318/386 508/333/399 507/336/402
f 507/336/402 490/319/387 489/318/386
f 555/318/444 554/344/443 584/365/470
f 584/365/470 583/333/469 555/318/444
f 574/326/456 573/356/459 611/353/488
f 611/353/488 612/321/488 574/326/456
f 530/355/420 525/354/419 524/353/418
f 524/353/418 527/356/421 530/355/420
f 498/327/393 563/324/451 562/376/450
f 562/376/450 569/377/454 498/327/393
f 497/326/392 613/321/489 563/324/451
f 563/324/451 498/327/393 497/326/392
f 608/392/485 491/320/388 552/372/440
f 552/372/440 609/393/486 608/392/485
f 610/390/487 492/317/385 491/320/388
f 491/320/388 608/392/485 610/390/487
f 605/390/482 604/389/481 553/345/442
f 553/345/442 556/317/441 605/390/482
f 606/391/483 517/346/411 516/345/410
f 516/345/410 607/389/484 606/391/483
f 526/351/416 603/388/479 602/387/480
f 602/387/480 523/352/417 526/351/416
f 618/394/490 614/375/491 615/395/492
f 618/394/490 615/395/492 616/396/493
f 616/396/493 617/397/493 618/394/490
f 622/322/494 619/386/494 620/398/494
f 620/398/494 621/323/494 622/322/494
f 626/322/495 623/352/496 624/387/496
f 624/387/496 625/386/495 626/322/495
f 529/358/423 528/357/422 531/360/425
f 531/360/425 534/359/424 529/358/423
f 502/331/397 499/328/394 570/378/455
f 570/378/455 575/379/460 502/331/397
f 501/330/396 500/325/391 499/328/394
f 499/328/394 502/331/397 501/330/396
f 580/330/462 579/360/465 572/357/458
f 572/357/458 571/325/457 580/330/462
f 533/362/427 532/361/426 535/364/429
f 535/364/429 538/363/428 533/362/427
f 506/335/401 503/332/398 576/380/461
f 576/380/461 581/381/466 506/335/401
f 505/334/400 504/329/395 503/332/398
f 503/332/398 506/335/401 505/334/400
f 586/334/468 585/364/471 578/361/464
f 578/361/464 577/329/463 586/334/468
f 630/399/497 627/339/498 628/342/499
f 628/342/499 629/400/500 630/399/497
f 634/401/501 631/343/502 632/346/503
f 632/346/503 633/402/504 634/401/501
f 638/403/505 635/347/506 636/350/507
f 636/350/507 637/404/508 638/403/505
f 642/405/509 639/351/510 640/354/511
f 640/354/511 641/406/512 642/405/509
f 646/407/513 643/355/514 644/358/515
f 644/358/515 645/408/516 646/407/513
f 650/409/517 647/359/518 648/362/519
f 648/362/519 649/410/520 650/409/517
f 654/411/521 651/363/522 652/366/523
f 652/366/523 653/412/524 654/411/521
f 656/413/525 655/367/526 635/347/506
f 635/347/506 638/403/505 656/413/525
f 629/400/500 628/342/499 655/367/526
f 655/367/526 656/413/525 629/400/500
f 637/404/508 636/350/507 657/388/527
f 657/388/527 658/414/528 637/404/508
f 660/415/529 659/391/530 627/339/498
f 627/339/498 630/399/497 660/415/529
f 653/412/524 652/366/523 631/343/502
f 631/343/502 634/401/501 653/412/524
f 641/406/512 640/354/511 643/355/514
f 643/355/514 646/407/513 641/406/512
f 633/402/504 632/346/503 659/391/530
f 659/391/530 660/415/529 633/402/504
f 658/414/528 657/388/527 639/351/510
f 639/351/510 642/405/509 658/414/528
f 645/408/516 644/358/515 647/359/518
f 647/359/518 650/409/517 645/408/516
f 649/410/520 648/362/519 651/363/522
f 651/363/522 654/411/521 649/410/520
f 664/416/531 661/399/532 662/400/533
f 662/400/533 663/417/534 664/416/531
f 668/418/535 665/401/535 666/402/536
f 666/402/536 667/419/537 668/418/535
f 672/420/538 669/403/539 670/404/540
f 670/404/540 671/421/541 672/420/538
f 676/422/542 673/405/543 674/406/542
f 674/406/542 675/423/542 676/422/542
f 680/424/544 677/407/545 678/408/546
f 678/408/546 679/425/547 680/424/544
f 684/426/548 681/409/549 682/410/550
f 682/410/550 683/427/551 684/426/548
f 688/428/552 685/411/553 686/412/554
f 686/412/554 687/429/555 688/428/552
f 690/430/556 689/413/557 669/403/539
f 669/403/539 672/420/538 690/430/556
f 663/417/534 691/400/558 692/413/558
f 692/413/558 690/430/556 663/417/534
f 671/421/541 670/404/540 693/414/559
f 693/414/559 694/431/560 671/421/541
f 696/432/561 695/415/562 661/399/532
f 661/399/532 664/416/531 696/432/561
f 700/429/563 697/412/563 698/401/563
f 698/401/563 699/418/563 700/429/563
f 702/423/564 701/406/565 677/407/545
f 677/407/545 680/424/544 702/423/564
f 667/419/537 666/402/536 695/415/562
f 695/415/562 696/432/561 667/419/537
f 694/431/560 693/414/559 703/405/566
f 703/405/566 704/422/567 694/431/560
f 679/425/547 678/408/546 681/409/549
f 681/409/549 684/426/548 679/425/547
f 683/427/551 682/410/550 685/411/553
f 685/411/553 688/428/552 683/427/551
f 706/433/568 664/416/531 663/417/534
f 663/417/534 705/434/569 706/433/568
f 709/435/570 707/418/571 667/419/537
f 667/419/537 708/436/572 709/435/570
f 711/437/573 672/420/538 671/421/541
f 671/421/541 710/438/574 711/437/573
f 714/439/575 712/422/576 702/423/564
f 702/423/564 713/440/577 714/439/575
f 716/441/578 680/424/544 679/425/547
f 679/425/547 715/442/579 716/441/578
f 718/443/580 684/426/548 683/427/551
f 683/427/551 717/444/581 718/443/580
f 720/445/582 688/428/552 687/429/555
f 687/429/555 719/446/583 720/445/582
f 721/447/584 690/430/556 672/420/538
f 672/420/538 711/437/573 721/447/584
f 705/434/569 663/417/534 690/430/556
f 690/430/556 721/447/584 705/434/569
f 710/438/574 671/421/541 694/431/560
f 694/431/560 722/448/585 710/438/574
f 723/449/586 696/432/561 664/416/531
f 664/416/531 706/433/568 723/449/586
f 719/446/583 687/429/555 707/418/571
f 707/418/571 709/435/570 719/446/583
f 713/440/577 702/423/564 680/424/544
f 680/424/544 716/441/578 713/440/577
f 708/436/572 667/419/537 696/432/561
f 696/432/561 723/449/586 708/436/572
f 722/448/585 694/431/560 712/422/576
f 712/422/576 714/439/575 722/448/585
f 715/442/579 679/425/547 684/426/548
f 684/426/548 718/443/580 715/442/579
f 717/444/581 683/427/551 688/428/552
f 688/428/552 720/445/582 717/444/581
f 727/384/587 724/450/587 725/451/587
f 725/451/587 726/385/587 727/384/587
s 0
f 731/383/5 728/452/5 729/453/5
f 729/453/5 730/384/5 731/383/5
f 735/370/1 732/454/1 733/452/1
f 733/452/1 734/383/1 735/370/1
s 1
f 737/369/588 736/455/588 732/454/1
f 732/454/1 735/370/1 737/369/588
f 737/369/588 738/393/589 739/456/589
f 739/456/589 736/455/588 737/369/588
f 738/393/589 740/372/590 741/457/590
f 741/457/590 739/456/589 738/393/589
f 740/372/590 742/371/591 743/458/592
f 743/458/592 741/457/590 740/372/590
f 742/371/591 744/382/593 745/459/593
f 745/459/593 743/458/592 742/371/591
f 744/382/593 746/381/594 747/460/594
f 747/460/594 745/459/593 744/382/593
f 746/381/594 748/380/595 749/461/595
f 749/461/595 747/460/594 746/381/594
f 748/380/595 750/379/596 751/462/596
f 751/462/596 749/461/595 748/380/595
f 755/379/597 752/378/598 753/463/598
f 753/463/598 754/462/597 755/379/597
f 752/378/598 756/377/599 757/464/600
f 757/464/600 753/463/598 752/378/598
f 756/377/599 758/376/601 759/465/602
f 759/465/602 757/464/600 756/377/599
f 758/376/601 614/375/491 618/394/490
f 618/394/490 759/465/602 758/376/601
f 615/395/492 614/375/491 760/323/603
f 760/323/603 761/398/604 615/395/492
f 765/373/605 762/374/606 763/466/607
f 763/466/607 764/467/608 765/373/605
f 762/374/606 766/309/609 767/312/609
f 767/312/609 763/466/607 762/374/606
f 769/386/610 765/373/605 764/467/608
f 764/467/608 768/398/611 769/386/610
f 773/468/612 770/469/613 771/470/614
f 771/470/614 772/471/612 773/468/612
f 777/472/615 774/473/616 775/474/617
f 775/474/617 776/475/618 777/472/615
f 781/476/619 778/477/620 779/478/621
f 779/478/621 780/479/622 781/476/619
f 785/480/623 782/481/623 783/482/623
f 783/482/623 784/483/623 785/480/623
f 789/484/624 786/485/625 787/486/626
f 787/486/626 788/487/627 789/484/624
f 793/488/628 790/489/629 791/490/630
f 791/490/630 792/491/631 793/488/628
f 797/492/632 794/493/633 795/494/634
f 795/494/634 796/495/635 797/492/632
f 798/496/636 774/473/616 777/472/615
f 798/496/636 777/472/615 799/497/637
f 771/470/614 770/469/613 799/497/637
f 799/497/637 777/472/615 771/470/614
f 803/498/638 800/499/639 801/500/640
f 801/500/640 802/501/638 803/498/638
f 807/502/641 804/503/642 805/504/643
f 805/504/643 806/505/644 807/502/641
f 811/506/645 808/507/646 809/508/647
f 809/508/647 810/509/648 811/506/645
f 815/510/649 812/511/650 813/512/651
f 813/512/651 814/513/652 815/510/649
f 819/514/653 816/515/654 817/516/655
f 817/516/655 818/517/656 819/514/653
f 823/518/657 820/519/658 821/520/659
f 821/520/659 822/521/660 823/518/657
f 827/522/661 824/523/662 825/524/663
f 825/524/663 826/525/664 827/522/661
f 808/507/646 828/526/665 829/527/665
f 829/527/665 809/508/647 808/507/646
s 0
f 833/526/666 830/498/666 831/501/666
f 831/501/666 832/527/666 833/526/666
s 1
f 837/499/667 834/498/668 835/472/668
f 835/472/668 836/475/669 837/499/667
f 839/528/670 838/529/671 775/474/617
f 775/474/617 774/473/616 839/528/670
f 841/530/672 840/531/673 781/476/619
f 781/476/619 780/479/622 841/530/672
f 845/503/674 842/502/675 843/478/676
f 843/478/676 844/477/677 845/503/674
f 849/507/678 846/506/679 847/532/680
f 847/532/680 848/533/681 849/507/678
f 853/534/682 850/535/683 851/480/683
f 851/480/683 852/483/684 853/534/682
f 857/511/685 854/510/686 855/482/687
f 855/482/687 856/481/685 857/511/685
f 859/536/688 858/537/689 789/484/624
f 789/484/624 788/487/627 859/536/688
f 863/514/690 860/486/691 861/485/692
f 861/485/692 862/515/693 863/514/690
f 865/538/694 864/539/695 793/488/628
f 793/488/628 792/491/631 865/538/694
f 869/518/696 866/490/697 867/489/698
f 867/489/698 868/519/699 869/518/696
f 871/540/700 870/541/701 797/492/632
f 797/492/632 796/495/635 871/540/700
f 875/522/702 872/494/703 873/493/704
f 873/493/704 874/523/705 875/522/702
f 877/526/706 849/507/678 848/533/681
f 848/533/681 876/470/706 877/526/706
f 879/542/707 878/543/708 798/496/636
f 798/496/636 799/497/637 879/542/707
f 880/543/670 839/528/670 774/473/616
f 774/473/616 798/496/636 880/543/670
s 0
f 884/498/709 881/526/709 882/470/709
f 882/470/710 883/472/710 884/498/710
s 1
f 885/544/711 879/542/707 799/497/637
f 799/497/637 770/469/613 885/544/711
f 887/545/712 886/546/712 847/532/680
f 847/532/680 846/506/679 887/545/712
f 811/506/645 810/509/648 888/547/713
f 888/547/713 889/545/714 811/506/645
f 891/548/715 837/499/667 836/475/669
f 836/475/669 890/549/716 891/548/715
f 893/548/717 892/550/718 801/500/640
f 801/500/640 800/499/639 893/548/717
f 895/551/719 894/552/720 775/474/617
f 775/474/617 838/529/671 895/551/719
f 894/552/720 896/549/721 776/475/618
f 776/475/618 775/474/617 894/552/720
f 804/503/642 827/522/661 826/525/664
f 826/525/664 805/504/643 804/503/642
f 871/540/700 796/495/635 781/476/619
f 781/476/619 840/531/673 871/540/700
f 796/495/635 795/494/634 778/477/620
f 778/477/620 781/476/619 796/495/635
f 875/522/702 845/503/674 844/477/677
f 844/477/677 872/494/703 875/522/702
f 898/510/722 862/515/693 861/485/692
f 861/485/692 897/482/722 898/510/722
f 815/510/649 814/513/652 817/516/655
f 817/516/655 816/515/654 815/510/649
f 853/534/682 852/483/684 789/484/624
f 789/484/624 858/537/689 853/534/682
f 852/483/684 899/482/723 786/485/625
f 786/485/625 789/484/624 852/483/684
f 841/530/672 780/479/622 894/552/720
f 894/552/720 895/551/719 841/530/672
f 780/479/622 779/478/621 896/549/721
f 896/549/721 894/552/720 780/479/622
f 842/502/675 891/548/715 890/549/716
f 890/549/716 843/478/676 842/502/675
f 807/502/641 806/505/644 892/550/718
f 892/550/718 893/548/717 807/502/641
f 889/545/714 888/547/713 813/512/651
f 813/512/651 812/511/650 889/545/714
f 904/553/724 900/535/725 901/554/726
f 904/553/724 901/554/726 902/555/727
f 902/555/727 903/556/728 904/553/724
f 908/557/729 905/546/729 906/481/729
f 906/481/729 907/480/729 908/557/729
f 912/545/730 909/511/730 910/481/730
f 910/481/730 911/546/731 912/545/730
f 820/519/658 819/514/653 818/517/656
f 818/517/656 821/520/659 820/519/658
f 859/536/688 788/487/627 793/488/628
f 793/488/628 864/539/695 859/536/688
f 788/487/627 787/486/626 790/489/629
f 790/489/629 793/488/628 788/487/627
f 863/514/690 868/519/699 867/489/698
f 867/489/698 860/486/691 863/514/690
f 824/523/662 823/518/657 822/521/660
f 822/521/660 825/524/663 824/523/662
f 865/538/694 792/491/631 797/492/632
f 797/492/632 870/541/701 865/538/694
f 792/491/631 791/490/630 794/493/633
f 794/493/633 797/492/632 792/491/631
f 869/518/696 874/523/705 873/493/704
f 873/493/704 866/490/697 869/518/696
f 916/501/732 913/500/733 914/558/734
f 914/558/734 915/559/735 916/501/732
f 920/505/736 917/504/737 918/560/738
f 918/560/738 919/561/739 920/505/736
f 924/509/740 921/508/741 922/562/742
f 922/562/742 923/563/743 924/509/740
f 928/513/744 925/512/745 926/564/746
f 926/564/746 927/565/747 928/513/744
f 932/517/748 929/516/749 930/566/750
f 930/566/750 931/567/751 932/517/748
f 936/521/752 933/520/753 934/568/754
f 934/568/754 935/569/755 936/521/752
f 940/525/756 937/524/757 938/570/758
f 938/570/758 939/571/759 940/525/756
f 921/508/741 941/527/760 942/572/761
f 942/572/761 922/562/742 921/508/741
f 941/527/760 916/501/732 915/559/735
f 915/559/735 942/572/761 941/527/760
f 944/547/762 924/509/740 923/563/743
f 923/563/743 943/573/763 944/547/762
f 913/500/733 945/550/764 946/574/765
f 946/574/765 914/558/734 913/500/733
f 917/504/737 940/525/756 939/571/759
f 939/571/759 918/560/738 917/504/737
f 929/516/749 928/513/744 927/565/747
f 927/565/747 930/566/750 929/516/749
f 945/550/764 920/505/736 919/561/739
f 919/561/739 946/574/765 945/550/764
f 925/512/745 944/547/762 943/573/763
f 943/573/763 926/564/746 925/512/745
f 933/520/753 932/517/748 931/567/751
f 931/567/751 934/568/754 933/520/753
f 937/524/757 936/521/752 935/569/755
f 935/569/755 938/570/758 937/524/757
f 950/559/766 947/558/767 948/575/768
f 948/575/768 949/576/769 950/559/766
f 954/561/770 951/560/771 952/577/771
f 952/577/771 953/578/772 954/561/770
f 958/563/773 955/562/774 956/579/775
f 956/579/775 957/580/776 958/563/773
f 962/565/777 959/564/778 960/581/777
f 960/581/777 961/582/777 962/565/777
f 966/567/779 963/566/780 964/583/781
f 964/583/781 965/584/782 966/567/779
f 970/569/783 967/568/784 968/585/785
f 968/585/785 969/586/786 970/569/783
f 974/571/787 971/570/788 972/587/789
f 972/587/789 973/588/790 974/571/787
f 955/562/774 975/572/791 976/589/792
f 976/589/792 956/579/775 955/562/774
f 978/572/793 977/559/793 949/576/769
f 949/576/769 976/589/792 978/572/793
f 980/573/794 958/563/773 957/580/776
f 957/580/776 979/590/795 980/573/794
f 947/558/767 981/574/796 982/591/797
f 982/591/797 948/575/768 947/558/767
f 986/560/798 983/571/798 984/588/798
f 984/588/798 985/577/798 986/560/798
f 963/566/780 987/565/799 988/582/800
f 988/582/800 964/583/781 963/566/780
f 981/574/796 954/561/770 953/578/772
f 953/578/772 982/591/797 981/574/796
f 990/564/801 980/573/794 979/590/795
f 979/590/795 989/581/802 990/564/801
f 967/568/784 966/567/779 965/584/782
f 965/584/782 968/585/785 967/568/784
f 971/570/788 970/569/783 969/586/786
f 969/586/786 972/587/789 971/570/788
f 949/576/769 948/575/768 991/592/803
f 991/592/803 992/593/804 949/576/769
f 953/578/772 993/577/805 994/594/806
f 994/594/806 995/595/807 953/578/772
f 957/580/776 956/579/775 996/596/808
f 996/596/808 997/597/809 957/580/776
f 988/582/800 998/581/810 999/598/811
f 999/598/811 1000/599/812 988/582/800
f 965/584/782 964/583/781 1001/600/813
f 1001/600/813 1002/601/814 965/584/782
f 969/586/786 968/585/785 1003/602/815
f 1003/602/815 1004/603/816 969/586/786
f 973/588/790 972/587/789 1005/604/817
f 1005/604/817 1006/605/818 973/588/790
f 956/579/775 976/589/792 1007/606/819
f 1007/606/819 996/596/808 956/579/775
f 976/589/792 949/576/769 992/593/804
f 992/593/804 1007/606/819 976/589/792
f 979/590/795 957/580/776 997/597/809
f 997/597/809 1008/607/820 979/590/795
f 948/575/768 982/591/797 1009/608/821
f 1009/608/821 991/592/803 948/575/768
f 993/577/805 973/588/790 1006/605/818
f 1006/605/818 994/594/806 993/577/805
f 964/583/781 988/582/800 1000/599/812
f 1000/599/812 1001/600/813 964/583/781
f 982/591/797 953/578/772 995/595/807
f 995/595/807 1009/608/821 982/591/797
f 998/581/810 979/590/795 1008/607/820
f 1008/607/820 999/598/811 998/581/810
f 968/585/785 965/584/782 1002/601/814
f 1002/601/814 1003/602/815 968/585/785
f 972/587/789 969/586/786 1004/603/816
f 1004/603/816 1005/604/817 972/587/789
f 1011/609/822 885/544/711 770/469/613
f 770/469/613 1010/468/823 1011/609/822
f 1015/610/824 1012/611/825 1013/542/826
f 1013/542/826 1014/544/824 1015/610/824
f 1012/611/825 1016/612/5 1017/543/5
f 1017/543/5 1013/542/826 1012/611/825
s 0
f 1021/612/1 1018/613/1 1019/528/1
f 1019/528/1 1020/543/1 1021/612/1
s 1
f 1018/613/1 1022/614/588 1023/529/588
f 1023/529/588 1019/528/1 1018/613/1
f 1025/615/589 1024/551/589 1023/529/588
f 1023/529/588 1022/614/588 1025/615/589
f 1027/616/590 1026/530/590 1024/551/589
f 1024/551/589 1025/615/589 1027/616/590
f 1029/617/592 1028/531/591 1026/530/590
f 1026/530/590 1027/616/590 1029/617/592
f 1031/618/593 1030/540/593 1028/531/591
f 1028/531/591 1029/617/592 1031/618/593
f 1033/619/594 1032/541/594 1030/540/593
f 1030/540/593 1031/618/593 1033/619/594
f 1035/620/595 1034/538/595 1032/541/594
f 1032/541/594 1033/619/594 1035/620/595
f 1037/621/596 1036/539/596 1034/538/595
f 1034/538/595 1035/620/595 1037/621/596
f 1041/622/598 1038/536/598 1039/539/597
f 1039/539/597 1040/621/597 1041/622/598
f 1043/623/827 1042/537/827 1038/536/598
f 1038/536/598 1041/622/598 1043/623/827
f 1045/624/602 1044/534/601 1042/537/827
f 1042/537/827 1043/623/827 1045/624/602
f 901/554/726 900/535/725 1044/534/601
f 1044/534/601 1045/624/602 901/554/726
f 1047/480/828 900/535/725 904/553/724
f 904/553/724 1046/557/829 1047/480/828
f 1051/625/830 1048/533/830 1049/532/831
f 1049/532/831 1050/626/832 1051/625/830
f 1050/626/832 1049/532/831 1052/546/833
f 1052/546/833 1053/557/833 1050/626/832
f 1057/311/834 1054/627/834 1055/628/834
f 1055/628/834 1056/312/835 1057/311/834
f 1061/629/836 1058/630/837 1059/631/838
f 1059/631/838 1060/632/839 1061/629/836
f 1065/633/840 1062/634/841 1063/635/842
f 1063/635/842 1064/636/843 1065/633/840
f 1069/637/844 1066/638/844 1067/639/844
f 1067/639/844 1068/640/844 1069/637/844
f 1073/641/845 1070/642/846 1071/643/847
f 1071/643/847 1072/644/848 1073/641/845
f 1077/645/849 1074/646/850 1075/647/851
f 1075/647/851 1076/648/852 1077/645/849
f 1081/649/853 1078/650/854 1079/651/855
f 1079/651/855 1080/652/856 1081/649/853
f 1082/653/857 1058/630/837 1061/629/836
f 1082/653/857 1061/629/836 1083/654/858
s 0
f 1087/628/859 1084/627/859 1085/654/859
f 1085/654/859 1086/629/859 1087/628/859
s 1
f 1091/655/860 1088/656/861 1089/657/862
f 1089/657/862 1090/658/860 1091/655/860
f 1095/659/863 1092/660/864 1093/661/865
f 1093/661/865 1094/662/866 1095/659/863
f 1099/663/867 1096/664/868 1097/665/869
f 1097/665/869 1098/666/870 1099/663/867
f 1103/667/871 1100/668/872 1101/669/873
f 1101/669/873 1102/670/874 1103/667/871
f 1107/671/875 1104/672/876 1105/673/877
f 1105/673/877 1106/674/878 1107/671/875
f 1111/675/879 1108/676/880 1109/677/881
f 1109/677/881 1110/678/882 1111/675/879
f 1115/679/883 1112/680/884 1113/681/885
f 1113/681/885 1114/682/886 1115/679/883
f 1096/664/868 1116/683/887 1117/684/887
f 1117/684/887 1097/665/869 1096/664/868
s 0
f 1121/683/433 1118/655/433 1119/658/433
f 1119/658/433 1120/684/433 1121/683/433
s 1
f 1125/656/888 1122/655/889 1123/629/889
f 1123/629/889 1124/632/890 1125/656/888
f 1127/685/891 1126/686/892 1059/631/838
f 1059/631/838 1058/630/837 1127/685/891
f 1129/687/893 1128/688/894 1065/633/840
f 1065/633/840 1064/636/843 1129/687/893
f 1133/660/895 1130/659/896 1131/635/897
f 1131/635/897 1132/634/898 1133/660/895
f 1137/664/899 1134/663/900 1135/689/901
f 1135/689/901 1136/690/902 1137/664/899
f 1141/691/903 1138/692/904 1139/637/904
f 1139/637/904 1140/640/905 1141/691/903
f 1145/668/906 1142/667/907 1143/639/907
f 1143/639/907 1144/638/907 1145/668/906
f 1147/693/908 1146/694/909 1073/641/845
f 1073/641/845 1072/644/848 1147/693/908
f 1151/671/910 1148/643/911 1149/642/912
f 1149/642/912 1150/672/913 1151/671/910
f 1153/695/914 1152/696/915 1077/645/849
f 1077/645/849 1076/648/852 1153/695/914
f 1157/675/916 1154/647/917 1155/646/918
f 1155/646/918 1156/676/919 1157/675/916
f 1159/697/920 1158/698/921 1081/649/853
f 1081/649/853 1080/652/856 1159/697/920
f 1163/679/922 1160/651/923 1161/650/924
f 1161/650/924 1162/680/925 1163/679/922
f 1165/683/926 1137/664/899 1136/690/902
f 1136/690/902 1164/628/926 1165/683/926
f 1167/699/473 1166/700/473 1082/653/857
f 1082/653/857 1083/654/858 1167/699/473
f 1168/700/891 1127/685/891 1058/630/837
f 1058/630/837 1082/653/857 1168/700/891
s 0
f 1172/655/474 1169/683/474 1170/628/474
f 1170/628/474 1171/629/474 1172/655/474
s 1
f 1176/701/927 1173/699/927 1174/654/928
f 1174/654/928 1175/627/927 1176/701/927
f 1178/702/929 1177/703/930 1135/689/901
f 1135/689/901 1134/663/900 1178/702/929
f 1099/663/867 1098/666/870 1179/704/931
f 1179/704/931 1180/702/932 1099/663/867
f 1182/705/933 1125/656/888 1124/632/890
f 1124/632/890 1181/706/934 1182/705/933
f 1184/705/935 1183/707/936 1089/657/862
f 1089/657/862 1088/656/861 1184/705/935
f 1186/708/937 1185/709/938 1059/631/838
f 1059/631/838 1126/686/892 1186/708/937
f 1185/709/938 1187/706/939 1060/632/839
f 1060/632/839 1059/631/838 1185/709/938
f 1092/660/864 1115/679/883 1114/682/886
f 1114/682/886 1093/661/865 1092/660/864
f 1159/697/920 1080/652/856 1065/633/840
f 1065/633/840 1128/688/894 1159/697/920
f 1080/652/856 1079/651/855 1062/634/841
f 1062/634/841 1065/633/840 1080/652/856
f 1163/679/922 1133/660/895 1132/634/898
f 1132/634/898 1160/651/923 1163/679/922
f 1189/667/940 1150/672/913 1149/642/912
f 1149/642/912 1188/639/940 1189/667/940
f 1103/667/871 1102/670/874 1105/673/877
f 1105/673/877 1104/672/876 1103/667/871
f 1141/691/903 1140/640/905 1073/641/845
f 1073/641/845 1146/694/909 1141/691/903
f 1140/640/905 1190/639/941 1070/642/846
f 1070/642/846 1073/641/845 1140/640/905
f 1129/687/893 1064/636/843 1185/709/938
f 1185/709/938 1186/708/937 1129/687/893
f 1064/636/843 1063/635/842 1187/706/939
f 1187/706/939 1185/709/938 1064/636/843
f 1130/659/896 1182/705/933 1181/706/934
f 1181/706/934 1131/635/897 1130/659/896
f 1095/659/863 1094/662/866 1183/707/936
f 1183/707/936 1184/705/935 1095/659/863
f 1180/702/932 1179/704/931 1101/669/873
f 1101/669/873 1100/668/872 1180/702/932
f 1195/395/942 1191/692/943 1192/710/944
f 1195/395/942 1192/710/944 1193/711/945
f 1193/711/945 1194/712/946 1195/395/942
f 1199/398/947 1196/703/947 1197/638/947
f 1197/638/947 1198/637/947 1199/398/947
f 1203/702/948 1200/668/949 1201/638/949
f 1201/638/949 1202/703/949 1203/702/948
f 1108/676/880 1107/671/875 1106/674/878
f 1106/674/878 1109/677/881 1108/676/880
f 1147/693/908 1072/644/848 1077/645/849
f 1077/645/849 1152/696/915 1147/693/908
f 1072/644/848 1071/643/847 1074/646/850
f 1074/646/850 1077/645/849 1072/644/848
f 1151/671/910 1156/676/919 1155/646/918
f 1155/646/918 1148/643/911 1151/671/910
f 1112/680/884 1111/675/879 1110/678/882
f 1110/678/882 1113/681/885 1112/680/884
f 1153/695/914 1076/648/852 1081/649/853
f 1081/649/853 1158/698/921 1153/695/914
f 1076/648/852 1075/647/851 1078/650/854
f 1078/650/854 1081/649/853 1076/648/852
f 1157/675/916 1162/680/925 1161/650/924
f 1161/650/924 1154/647/917 1157/675/916
f 1207/658/950 1204/657/951 1205/713/952
f 1205/713/952 1206/714/953 1207/658/950
f 1211/662/954 1208/661/955 1209/715/956
f 1209/715/956 1210/716/957 1211/662/954
f 1215/666/958 1212/665/959 1213/717/960
f 1213/717/960 1214/718/961 1215/666/958
f 1219/670/962 1216/669/963 1217/719/964
f 1217/719/964 1218/720/965 1219/670/962
f 1223/674/966 1220/673/967 1221/721/968
f 1221/721/968 1222/722/969 1223/674/966
f 1227/678/970 1224/677/971 1225/723/972
f 1225/723/972 1226/724/973 1227/678/970
f 1231/682/974 1228/681/975 1229/725/976
f 1229/725/976 1230/726/977 1231/682/974
f 1212/665/959 1232/684/978 1233/727/979
f 1233/727/979 1213/717/960 1212/665/959
f 1232/684/978 1207/658/950 1206/714/953
f 1206/714/953 1233/727/979 1232/684/978
f 1235/704/980 1215/666/958 1214/718/961
f 1214/718/961 1234/728/981 1235/704/980
f 1204/657/951 1236/707/982 1237/729/983
f 1237/729/983 1205/713/952 1204/657/951
f 1208/661/955 1231/682/974 1230/726/977
f 1230/726/977 1209/715/956 1208/661/955
f 1220/673/967 1219/670/962 1218/720/965
f 1218/720/965 1221/721/968 1220/673/967
f 1236/707/982 1211/662/954 1210/716/957
f 1210/716/957 1237/729/983 1236/707/982
f 1216/669/963 1235/704/980 1234/728/981
f 1234/728/981 1217/719/964 1216/669/963
f 1224/677/971 1223/674/966 1222/722/969
f 1222/722/969 1225/723/972 1224/677/971
f 1228/681/975 1227/678/970 1226/724/973
f 1226/724/973 1229/725/976 1228/681/975
f 1241/714/984 1238/713/985 1239/730/986
f 1239/730/986 1240/731/987 1241/714/984
f 1245/716/988 1242/715/989 1243/732/989
f 1243/732/989 1244/733/990 1245/716/988
f 1249/718/991 1246/717/992 1247/734/993
f 1247/734/993 1248/735/994 1249/718/991
f 1253/720/995 1250/719/996 1251/736/995
f 1251/736/995 1252/737/995 1253/720/995
f 1257/722/997 1254/721/998 1255/738/999
f 1255/738/999 1256/739/1000 1257/722/997
f 1261/724/1001 1258/723/1002 1259/740/1003
f 1259/740/1003 1260/741/1004 1261/724/1001
f 1265/726/1005 1262/725/1006 1263/742/1007
f 1263/742/1007 1264/743/1008 1265/726/1005
f 1246/717/992 1266/727/1009 1267/744/1010
f 1267/744/1010 1247/734/993 1246/717/992
f 1269/727/558 1268/714/558 1240/731/987
f 1240/731/987 1267/744/1010 1269/727/558
f 1271/728/1011 1249/718/991 1248/735/994
f 1248/735/994 1270/745/1012 1271/728/1011
f 1238/713/985 1272/729/1013 1273/746/1014
f 1273/746/1014 1239/730/986 1238/713/985
f 1277/715/1015 1274/726/1015 1275/743/1015
f 1275/743/1015 1276/732/1015 1277/715/1015
f 1254/721/998 1278/720/1016 1279/737/1017
f 1279/737/1017 1255/738/999 1254/721/998
f 1272/729/1013 1245/716/988 1244/733/990
f 1244/733/990 1273/746/1014 1272/729/1013
f 1281/719/1018 1271/728/1011 1270/745/1012
f 1270/745/1012 1280/736/1019 1281/719/1018
f 1258/723/1002 1257/722/997 1256/739/1000
f 1256/739/1000 1259/740/1003 1258/723/1002
f 1262/725/1006 1261/724/1001 1260/741/1004
f 1260/741/1004 1263/742/1007 1262/725/1006
f 1240/731/987 1239/730/986 1282/747/1020
f 1282/747/1020 1283/748/1021 1240/731/987
f 1244/733/990 1284/732/1022 1285/749/1023
f 1285/749/1023 1286/750/1024 1244/733/990
f 1248/735/994 1247/734/993 1287/751/1025
f 1287/751/1025 1288/752/1026 1248/735/994
f 1279/737/1017 1289/736/1027 1290/753/1028
f 1290/753/1028 1291/754/1029 1279/737/1017
f 1256/739/1000 1255/738/999 1292/755/1030
f 1292/755/1030 1293/756/1031 1256/739/1000
f 1260/741/1004 1259/740/1003 1294/757/1032
f 1294/757/1032 1295/758/1033 1260/741/1004
f 1264/743/1008 1263/742/1007 1296/759/1034
f 1296/759/1034 1297/760/1035 1264/743/1008
f 1247/734/993 1267/744/1010 1298/761/1036
f 1298/761/1036 1287/751/1025 1247/734/993
f 1267/744/1010 1240/731/987 1283/748/1021
f 1283/748/1021 1298/761/1036 1267/744/1010
f 1270/745/1012 1248/735/994 1288/752/1026
f 1288/752/1026 1299/762/1037 1270/745/1012
f 1239/730/986 1273/746/1014 1300/763/1038
f 1300/763/1038 1282/747/1020 1239/730/986
f 1284/732/1022 1264/743/1008 1297/760/1035
f 1297/760/1035 1285/749/1023 1284/732/1022
f 1255/738/999 1279/737/1017 1291/754/1029
f 1291/754/1029 1292/755/1030 1255/738/999
f 1273/746/1014 1244/733/990 1286/750/1024
f 1286/750/1024 1300/763/1038 1273/746/1014
f 1289/736/1027 1270/745/1012 1299/762/1037
f 1299/762/1037 1290/753/1028 1289/736/1027
f 1259/740/1003 1256/739/1000 1293/756/1031
f 1293/756/1031 1294/757/1032 1259/740/1003
f 1263/742/1007 1260/741/1004 1295/758/1033
f 1295/758/1033 1296/759/1034 1263/742/1007
f 1304/764/1039 1301/765/1039 1302/699/1039
f 1302/699/1039 1303/701/1039 1304/764/1039
s 0
f 1308/765/5 1305/766/5 1306/700/5
f 1306/700/5 1307/699/5 1308/765/5
f 1312/766/4 1309/767/4 1310/685/4
f 1310/685/4 1311/700/4 1312/766/4
s 1
f 1309/767/4 1313/768/1040 1314/686/1040
f 1314/686/1040 1310/685/4 1309/767/4
f 1316/769/1041 1315/708/1041 1314/686/1040
f 1314/686/1040 1313/768/1040 1316/769/1041
f 1318/770/1042 1317/687/1042 1315/708/1041
f 1315/708/1041 1316/769/1041 1318/770/1042
f 1320/771/1043 1319/688/1044 1317/687/1042
f 1317/687/1042 1318/770/1042 1320/771/1043
f 1322/772/1045 1321/697/1045 1319/688/1044
f 1319/688/1044 1320/771/1043 1322/772/1045
f 1324/773/1046 1323/698/1047 1321/697/1045
f 1321/697/1045 1322/772/1045 1324/773/1046
f 1326/774/1048 1325/695/1048 1323/698/1047
f 1323/698/1047 1324/773/1046 1326/774/1048
f 1328/775/1049 1327/696/1049 1325/695/1048
f 1325/695/1048 1326/774/1048 1328/775/1049
f 1332/776/1050 1329/693/1050 1330/696/1051
f 1330/696/1051 1331/775/1051 1332/776/1050
f 1334/777/1052 1333/694/1053 1329/693/1050
f 1329/693/1050 1332/776/1050 1334/777/1052
f 1336/778/1054 1335/691/1055 1333/694/1053
f 1333/694/1053 1334/777/1052 1336/778/1054
f 1192/710/944 1191/692/943 1335/691/1055
f 1335/691/1055 1336/778/1054 1192/710/944
f 1338/637/1056 1191/692/943 1195/395/942
f 1195/395/942 1337/398/1057 1338/637/1056
f 1342/466/1058 1339/690/1059 1340/689/1060
f 1340/689/1060 1341/467/1061 1342/466/1058
f 1344/312/1062 1343/628/1062 1339/690/1059
f 1339/690/1059 1342/466/1058 1344/312/1062
f 1341/467/1061 1340/689/1060 1345/703/1063
f 1345/703/1063 1346/398/1064 1341/467/1061
f 1350/779/1065 1347/780/1066 1348/468/1067
f 1348/468/1067 1349/471/1068 1350/779/1065
f 1354/781/1069 1351/782/1070 1352/783/1071
f 1352/783/1071 1353/784/1072 1354/781/1069
f 1358/785/1073 1355/786/1074 1356/787/1075
f 1356/787/1075 1357/788/1076 1358/785/1073
f 1362/789/1077 1359/790/1077 1360/791/1077
f 1360/791/1077 1361/792/1077 1362/789/1077
f 1366/793/1078 1363/794/1079 1364/795/1080
f 1364/795/1080 1365/796/1081 1366/793/1078
f 1370/797/1082 1367/798/1083 1368/799/1084
f 1368/799/1084 1369/800/1085 1370/797/1082
f 1374/801/1086 1371/802/1087 1372/803/1088
f 1372/803/1088 1373/804/1089 1374/801/1086
f 1375/805/1090 1376/806/1091 1352/783/1071
f 1375/805/1090 1352/783/1071 1351/782/1070
f 1376/806/1091 1347/780/1066 1350/779/1065
f 1350/779/1065 1352/783/1071 1376/806/1091
f 1380/807/1092 1377/808/1093 1378/809/1094
f 1378/809/1094 1379/810/1094 1380/807/1092
f 1384/811/1095 1381/812/1096 1382/813/1097
f 1382/813/1097 1383/814/1098 1384/811/1095
f 1388/815/1099 1385/816/1100 1386/817/1101
f 1386/817/1101 1387/818/1102 1388/815/1099
f 1392/819/1103 1389/820/1104 1390/821/1105
f 1390/821/1105 1391/822/1106 1392/819/1103
f 1396/823/1107 1393/824/1108 1394/825/1109
f 1394/825/1109 1395/826/1110 1396/823/1107
f 1400/827/1111 1397/828/1112 1398/829/1113
f 1398/829/1113 1399/830/1114 1400/827/1111
f 1404/831/1115 1401/832/1116 1402/833/1117
f 1402/833/1117 1403/834/1118 1404/831/1115
f 1406/835/1119 1405/836/1119 1385/816/1100
f 1385/816/1100 1388/815/1099 1406/835/1119
s 0
f 1410/810/666 1407/809/666 1408/836/666
f 1408/836/666 1409/835/666 1410/810/666
s 1
f 1414/783/1120 1411/809/1120 1412/808/1121
f 1412/808/1121 1413/784/1122 1414/783/1120
f 1354/781/1069 1415/837/1123 1416/838/1124
f 1416/838/1124 1351/782/1070 1354/781/1069
f 1356/787/1075 1417/839/1125 1418/840/1126
f 1418/840/1126 1357/788/1076 1356/787/1075
f 1422/785/1127 1419/813/1128 1420/812/1129
f 1420/812/1129 1421/786/1130 1422/785/1127
f 1426/841/1131 1423/817/1132 1424/816/1133
f 1424/816/1133 1425/842/1134 1426/841/1131
f 1430/791/1135 1427/843/1135 1428/844/1136
f 1428/844/1136 1429/792/1137 1430/791/1135
f 1434/789/1138 1431/821/1139 1432/820/1139
f 1432/820/1139 1433/790/1139 1434/789/1138
f 1364/795/1080 1435/845/1140 1436/846/1141
f 1436/846/1141 1365/796/1081 1364/795/1080
f 1440/794/1142 1437/793/1143 1438/825/1144
f 1438/825/1144 1439/824/1145 1440/794/1142
f 1368/799/1084 1441/847/1146 1442/848/1147
f 1442/848/1147 1369/800/1085 1368/799/1084
f 1446/798/1148 1443/797/1149 1444/829/1150
f 1444/829/1150 1445/828/1151 1446/798/1148
f 1372/803/1088 1447/849/1152 1448/850/1153
f 1448/850/1153 1373/804/1089 1372/803/1088
f 1452/802/1154 1449/801/1155 1450/833/1156
f 1450/833/1156 1451/832/1157 1452/802/1154
f 1425/842/1134 1424/816/1133 1453/836/1158
f 1453/836/1158 1454/779/1158 1425/842/1134
f 1375/805/1090 1455/851/1159 1456/852/1160
f 1456/852/1160 1376/806/1091 1375/805/1090
f 1351/782/1070 1416/838/1124 1457/851/1124
f 1457/851/1124 1375/805/1090 1351/782/1070
s 0
f 1461/779/709 1458/836/709 1459/809/709
f 1459/809/710 1460/783/710 1461/779/710
s 1
f 1465/806/1161 1462/852/1161 1463/853/1161
f 1463/853/1161 1464/780/1161 1465/806/1161
f 1426/841/1131 1466/854/1162 1467/855/1162
f 1467/855/1162 1423/817/1132 1426/841/1131
f 1469/856/1163 1387/818/1102 1386/817/1101
f 1386/817/1101 1468/855/1164 1469/856/1163
f 1413/784/1122 1412/808/1121 1470/857/1165
f 1470/857/1165 1471/858/1166 1413/784/1122
f 1380/807/1092 1472/859/1167 1473/857/1168
f 1473/857/1168 1377/808/1093 1380/807/1092
f 1354/781/1069 1474/860/1169 1475/861/1170
f 1475/861/1170 1415/837/1123 1354/781/1069
f 1353/784/1072 1476/858/1171 1474/860/1169
f 1474/860/1169 1354/781/1069 1353/784/1072
f 1403/834/1118 1402/833/1117 1381/812/1096
f 1381/812/1096 1384/811/1095 1403/834/1118
f 1356/787/1075 1373/804/1089 1448/850/1153
f 1448/850/1153 1417/839/1125 1356/787/1075
f 1355/786/1074 1374/801/1086 1373/804/1089
f 1373/804/1089 1356/787/1075 1355/786/1074
f 1421/786/1130 1420/812/1129 1450/833/1156
f 1450/833/1156 1449/801/1155 1421/786/1130
f 1440/794/1142 1439/824/1145 1477/821/1172
f 1477/821/1172 1478/789/1172 1440/794/1142
f 1396/823/1107 1391/822/1106 1390/821/1105
f 1390/821/1105 1393/824/1108 1396/823/1107
f 1364/795/1080 1429/792/1137 1428/844/1136
f 1428/844/1136 1435/845/1140 1364/795/1080
f 1363/794/1079 1479/789/1173 1429/792/1137
f 1429/792/1137 1364/795/1080 1363/794/1079
f 1474/860/1169 1357/788/1076 1418/840/1126
f 1418/840/1126 1475/861/1170 1474/860/1169
f 1476/858/1171 1358/785/1073 1357/788/1076
f 1357/788/1076 1474/860/1169 1476/858/1171
f 1471/858/1166 1470/857/1165 1419/813/1128
f 1419/813/1128 1422/785/1127 1471/858/1166
f 1472/859/1167 1383/814/1098 1382/813/1097
f 1382/813/1097 1473/857/1168 1472/859/1167
f 1392/819/1103 1469/856/1163 1468/855/1164
f 1468/855/1164 1389/820/1104 1392/819/1103
f 1484/862/1174 1480/843/1175 1481/553/1176
f 1484/862/1174 1481/553/1176 1482/863/1177
f 1482/863/1177 1483/864/1177 1484/862/1174
f 1488/790/1178 1485/854/1178 1486/557/1178
f 1486/557/1178 1487/791/1178 1488/790/1178
f 1492/790/1179 1489/820/1179 1490/855/1179
f 1490/855/1179 1491/854/1180 1492/790/1179
f 1395/826/1110 1394/825/1109 1397/828/1112
f 1397/828/1112 1400/827/1111 1395/826/1110
f 1368/799/1084 1365/796/1081 1436/846/1141
f 1436/846/1141 1441/847/1146 1368/799/1084
f 1367/798/1083 1366/793/1078 1365/796/1081
f 1365/796/1081 1368/799/1084 1367/798/1083
f 1446/798/1148 1445/828/1151 1438/825/1144
f 1438/825/1144 1437/793/1143 1446/798/1148
f 1399/830/1114 1398/829/1113 1401/832/1116
f 1401/832/1116 1404/831/1115 1399/830/1114
f 1372/803/1088 1369/800/1085 1442/848/1147
f 1442/848/1147 1447/849/1152 1372/803/1088
f 1371/802/1087 1370/797/1082 1369/800/1085
f 1369/800/1085 1372/803/1088 1371/802/1087
f 1452/802/1154 1451/832/1157 1444/829/1150
f 1444/829/1150 1443/797/1149 1452/802/1154
f 1496/865/1181 1493/807/1182 1494/810/1183
f 1494/810/1183 1495/866/1184 1496/865/1181
f 1500/867/1185 1497/811/1186 1498/814/1187
f 1498/814/1187 1499/868/1188 1500/867/1185
f 1504/869/1189 1501/815/1190 1502/818/1191
f 1502/818/1191 1503/870/1192 1504/869/1189
f 1508/871/1193 1505/819/1194 1506/822/1195
f 1506/822/1195 1507/872/1196 1508/871/1193
f 1512/873/1197 1509/823/1198 1510/826/1199
f 1510/826/1199 1511/874/1200 1512/873/1197
f 1516/875/1201 1513/827/1202 1514/830/1203
f 1514/830/1203 1515/876/1204 1516/875/1201
f 1520/877/1205 1517/831/1206 1518/834/1207
f 1518/834/1207 1519/878/1208 1520/877/1205
f 1522/879/1209 1521/835/1210 1501/815/1190
f 1501/815/1190 1504/869/1189 1522/879/1209
f 1495/866/1184 1494/810/1183 1521/835/1210
f 1521/835/1210 1522/879/1209 1495/866/1184
f 1503/870/1192 1502/818/1191 1523/856/1211
f 1523/856/1211 1524/880/1212 1503/870/1192
f 1526/881/1213 1525/859/1214 1493/807/1182
f 1493/807/1182 1496/865/1181 1526/881/1213
f 1519/878/1208 1518/834/1207 1497/811/1186
f 1497/811/1186 1500/867/1185 1519/878/1208
f 1507/872/1196 1506/822/1195 1509/823/1198
f 1509/823/1198 1512/873/1197 1507/872/1196
f 1499/868/1188 1498/814/1187 1525/859/1214
f 1525/859/1214 1526/881/1213 1499/868/1188
f 1524/880/1212 1523/856/1211 1505/819/1194
f 1505/819/1194 1508/871/1193 1524/880/1212
f 1511/874/1200 1510/826/1199 1513/827/1202
f 1513/827/1202 1516/875/1201 1511/874/1200
f 1515/876/1204 1514/830/1203 1517/831/1206
f 1517/831/1206 1520/877/1205 1515/876/1204
f 1530/882/1215 1527/865/1216 1528/866/1217
f 1528/866/1217 1529/883/1218 1530/882/1215
f 1534/884/1219 1531/867/1219 1532/868/1220
f 1532/868/1220 1533/885/1221 1534/884/1219
f 1538/886/1222 1535/869/1223 1536/870/1224
f 1536/870/1224 1537/887/1225 1538/886/1222
f 1542/888/1226 1539/871/1227 1540/872/1226
f 1540/872/1226 1541/889/1226 1542/888/1226
f 1546/890/1228 1543/873/1229 1544/874/1230
f 1544/874/1230 1545/891/1231 1546/890/1228
f 1550/892/1232 1547/875/1233 1548/876/1234
f 1548/876/1234 1549/893/1235 1550/892/1232
f 1554/894/1236 1551/877/1237 1552/878/1238
f 1552/878/1238 1553/895/1239 1554/894/1236
f 1556/896/1240 1555/879/1241 1535/869/1223
f 1535/869/1223 1538/886/1222 1556/896/1240
f 1529/883/1218 1557/866/793 1558/879/793
f 1558/879/793 1556/896/1240 1529/883/1218
f 1537/887/1225 1536/870/1224 1559/880/1242
f 1559/880/1242 1560/897/1243 1537/887/1225
f 1562/898/1244 1561/881/1245 1527/865/1216
f 1527/865/1216 1530/882/1215 1562/898/1244
f 1566/895/1246 1563/878/1246 1564/867/1246
f 1564/867/1246 1565/884/1246 1566/895/1246
f 1568/889/1247 1567/872/1248 1543/873/1229
f 1543/873/1229 1546/890/1228 1568/889/1247
f 1533/885/1221 1532/868/1220 1561/881/1245
f 1561/881/1245 1562/898/1244 1533/885/1221
f 1560/897/1243 1559/880/1242 1569/871/1249
f 1569/871/1249 1570/888/1250 1560/897/1243
f 1545/891/1231 1544/874/1230 1547/875/1233
f 1547/875/1233 1550/892/1232 1545/891/1231
f 1549/893/1235 1548/876/1234 1551/877/1237
f 1551/877/1237 1554/894/1236 1549/893/1235
f 1572/899/1251 1530/882/1215 1529/883/1218
f 1529/883/1218 1571/900/1252 1572/899/1251
f 1575/901/1253 1573/884/1254 1533/885/1221
f 1533/885/1221 1574/902/1255 1575/901/1253
f 1577/903/1256 1538/886/1222 1537/887/1225
f 1537/887/1225 1576/904/1257 1577/903/1256
f 1580/905/1258 1578/888/1259 1568/889/1247
f 1568/889/1247 1579/906/1260 1580/905/1258
f 1582/907/1261 1546/890/1228 1545/891/1231
f 1545/891/1231 1581/908/1262 1582/907/1261
f 1584/909/1263 1550/892/1232 1549/893/1235
f 1549/893/1235 1583/910/1264 1584/909/1263
f 1586/911/1265 1554/894/1236 1553/895/1239
f 1553/895/1239 1585/912/1266 1586/911/1265
f 1587/913/1267 1556/896/1240 1538/886/1222
f 1538/886/1222 1577/903/1256 1587/913/1267
f 1571/900/1252 1529/883/1218 1556/896/1240
f 1556/896/1240 1587/913/1267 1571/900/1252
f 1576/904/1257 1537/887/1225 1560/897/1243
f 1560/897/1243 1588/914/1268 1576/904/1257
f 1589/915/1269 1562/898/1244 1530/882/1215
f 1530/882/1215 1572/899/1251 1589/915/1269
f 1585/912/1266 1553/895/1239 1573/884/1254
f 1573/884/1254 1575/901/1253 1585/912/1266
f 1579/906/1260 1568/889/1247 1546/890/1228
f 1546/890/1228 1582/907/1261 1579/906/1260
f 1574/902/1255 1533/885/1221 1562/898/1244
f 1562/898/1244 1589/915/1269 1574/902/1255
f 1588/914/1268 1560/897/1243 1578/888/1259
f 1578/888/1259 1580/905/1258 1588/914/1268
f 1581/908/1262 1545/891/1231 1550/892/1232
f 1550/892/1232 1584/909/1263 1581/908/1262
f 1583/910/1264 1549/893/1235 1554/894/1236
f 1554/894/1236 1586/911/1265 1583/910/1264
f 1593/780/1270 1590/853/1270 1591/609/1271
f 1591/609/1271 1592/468/1270 1593/780/1270
f 1597/852/1272 1594/916/1272 1595/917/1273
f 1595/917/1273 1596/853/1272 1597/852/1272
s 0
f 1601/851/5 1598/918/5 1599/916/5
f 1599/916/5 1600/852/5 1601/851/5
f 1605/838/4 1602/919/4 1603/918/4
f 1603/918/4 1604/851/4 1605/838/4
s 1
f 1607/837/1040 1606/920/1040 1602/919/4
f 1602/919/4 1605/838/4 1607/837/1040
f 1607/837/1040 1608/861/1041 1609/921/1041
f 1609/921/1041 1606/920/1040 1607/837/1040
f 1608/861/1041 1610/840/1042 1611/922/1042
f 1611/922/1042 1609/921/1041 1608/861/1041
f 1610/840/1042 1612/839/1044 1613/923/1043
f 1613/923/1043 1611/922/1042 1610/840/1042
f 1612/839/1044 1614/850/1045 1615/924/1045
f 1615/924/1045 1613/923/1043 1612/839/1044
f 1614/850/1045 1616/849/1046 1617/925/1046
f 1617/925/1046 1615/924/1045 1614/850/1045
f 1616/849/1046 1618/848/1048 1619/926/1048
f 1619/926/1048 1617/925/1046 1616/849/1046
f 1618/848/1048 1620/847/1049 1621/927/1049
f 1621/927/1049 1619/926/1048 1618/848/1048
f 1625/847/1051 1622/846/1050 1623/928/1050
f 1623/928/1050 1624/927/1051 1625/847/1051
f 1622/846/1050 1626/845/1274 1627/929/1052
f 1627/929/1052 1623/928/1050 1622/846/1050
f 1626/845/1274 1628/844/1055 1629/930/1054
f 1629/930/1054 1627/929/1052 1626/845/1274
f 1628/844/1055 1480/843/1175 1484/862/1174
f 1484/862/1174 1629/930/1054 1628/844/1055
f 1481/553/1176 1480/843/1175 1630/791/1275
f 1630/791/1275 1631/557/1276 1481/553/1176
f 1635/841/1277 1632/842/1278 1633/625/1279
f 1633/625/1279 1634/626/1280 1635/841/1277
f 1632/842/1278 1636/779/1281 1637/471/1281
f 1637/471/1281 1633/625/1279 1632/842/1278
f 1639/854/1282 1635/841/1277 1634/626/1280
f 1634/626/1280 1638/557/1282 1639/854/1282
s 0
f 1643/627/1283 1640/311/1283 1641/931/1283
f 1641/931/1283 1642/701/1283 1643/627/1283
f 1647/932/1284 1644/764/1284 1645/701/1284
f 1645/701/1284 1646/931/1284 1647/932/1284
f 1640/311/1283 1648/310/1283 1649/385/1283
f 1649/385/1283 1650/933/1283 1640/311/1283
f 1654/451/1284 1651/934/1284 1652/933/1284
f 1652/933/1284 1653/385/1284 1654/451/1284
s 1
f 1658/935/1285 1655/609/1285 1656/853/1285
f 1656/853/1285 1657/917/1285 1658/935/1285
f 1662/936/1286 1659/544/1287 1660/609/1287
f 1660/609/1287 1661/935/1286 1662/936/1286
f 1666/471/1288 1663/470/1288 1664/533/1288
f 1664/533/1288 1665/625/1288 1666/471/1288
f 1670/937/1289 1667/938/1290 1668/939/1291
f 1668/939/1291 1669/940/1292 1670/937/1289
f 1673/941/1293 1671/942/1294 1669/940/1292
f 1669/940/1292 1672/943/1295 1673/941/1293
f 1674/944/1296 1672/943/1295 1669/940/1292
f 1669/940/1292 1668/939/1291 1674/944/1296
f 1678/945/1297 1675/946/1289 1676/947/1298
f 1676/947/1298 1677/948/1299 1678/945/1297
f 1682/949/1300 1679/950/1301 1680/951/1302
f 1680/951/1302 1681/952/1303 1682/949/1300
f 1686/953/1304 1683/954/1305 1684/955/4
f 1684/955/4 1685/956/1306 1686/953/1304
f 1690/957/1307 1687/958/1293 1688/959/1308
f 1688/959/1308 1689/960/1309 1690/957/1307
f 1681/952/1303 1680/951/1302 1691/961/1310
f 1691/961/1310 1692/962/1311 1681/952/1303
f 1696/963/1312 1693/964/1313 1694/965/1314
f 1694/965/1314 1695/966/1300 1696/963/1312
f 1692/962/1311 1697/967/1315 1698/968/1316
f 1698/968/1316 1681/952/1303 1692/962/1311
f 1681/952/1303 1698/968/1316 1699/969/1317
f 1699/969/1317 1682/949/1300 1681/952/1303
f 1695/966/1300 1700/970/1318 1701/971/1319
f 1701/971/1319 1696/963/1312 1695/966/1300
f 1705/972/1320 1702/973/1321 1703/974/1321
f 1703/974/1321 1704/975/1320 1705/972/1320
f 1709/976/1322 1706/977/1323 1707/978/1324
f 1707/978/1324 1708/979/1325 1709/976/1322
f 1708/979/1325 1707/978/1324 1710/980/1326
f 1710/980/1326 1711/981/1327 1708/979/1325
f 1715/982/1328 1712/983/1329 1713/984/1330
f 1713/984/1330 1714/985/1331 1715/982/1328
f 1719/986/1332 1716/987/1333 1717/988/1333
f 1717/988/1333 1718/989/1332 1719/986/1332
f 1721/990/1334 1709/976/1322 1708/979/1325
f 1708/979/1325 1720/991/1335 1721/990/1334
f 1720/991/1335 1708/979/1325 1711/981/1327
f 1711/981/1327 1722/992/1336 1720/991/1335
f 1724/993/1337 1715/982/1328 1714/985/1331
f 1714/985/1331 1723/994/1338 1724/993/1337
f 1726/995/1339 1719/986/1332 1718/989/1332
f 1718/989/1332 1725/996/1339 1726/995/1339
f 1728/997/1340 1721/990/1334 1720/991/1335
f 1720/991/1335 1727/998/1341 1728/997/1340
f 1727/998/1341 1720/991/1335 1722/992/1336
f 1722/992/1336 1729/999/1342 1727/998/1341
f 1731/1000/1343 1724/993/1337 1723/994/1338
f 1723/994/1338 1730/1001/1344 1731/1000/1343
f 1733/1002/1345 1726/995/1339 1725/996/1339
f 1725/996/1339 1732/1003/1345 1733/1002/1345
f 1737/1004/1346 1734/1005/1347 1735/1006/1348
f 1735/1006/1348 1736/1007/1349 1737/1004/1346
f 1736/1007/1349 1735/1006/1348 1738/1008/1350
f 1738/1008/1350 1739/1009/1351 1736/1007/1349
f 1743/1010/1352 1740/1011/1353 1741/1012/1354
f 1741/1012/1354 1742/1013/1355 1743/1010/1352
f 1747/1014/1356 1744/1015/5 1745/1016/5
f 1745/1016/5 1746/1017/1356 1747/1014/1356
f 1697/967/1315 1748/1018/1357 1749/1019/1358
f 1749/1019/1358 1698/968/1316 1697/967/1315
f 1698/968/1316 1749/1019/1358 1750/1020/1359
f 1750/1020/1359 1699/969/1317 1698/968/1316
f 1700/970/1318 1751/1021/1359 1752/1022/1360
f 1752/1022/1360 1701/971/1319 1700/970/1318
f 1702/973/1321 1753/1023/1361 1754/1024/1361
f 1754/1024/1361 1703/974/1321 1702/973/1321
f 1758/1025/1362 1755/1026/1363 1756/1027/1364
f 1756/1027/1364 1757/1028/1 1758/1025/1362
f 1712/983/1329 1678/945/1297 1677/948/1299
f 1677/948/1299 1713/984/1330 1712/983/1329
f 1667/938/1290 1710/980/1326 1707/978/1324
f 1707/978/1324 1668/939/1291 1667/938/1290
f 1706/977/1323 1674/944/1296 1668/939/1291
f 1668/939/1291 1707/978/1324 1706/977/1323
f 1693/964/1313 1759/1029/1298 1760/1030/1365
f 1760/1030/1365 1694/965/1314 1693/964/1313
f 1679/950/1301 1761/1031/1366 1689/960/1309
f 1689/960/1309 1680/951/1302 1679/950/1301
f 1680/951/1302 1689/960/1309 1688/959/1308
f 1688/959/1308 1691/961/1310 1680/951/1302
f 1688/959/1308 1672/943/1295 1674/944/1296
f 1674/944/1296 1691/961/1310 1688/959/1308
f 1685/956/1306 1756/1027/1364 1755/1026/1363
f 1755/1026/1363 1686/953/1304 1685/956/1306
f 1693/964/1313 1677/948/1299 1676/947/1298
f 1676/947/1298 1759/1029/1298 1693/964/1313
f 1687/958/1293 1673/941/1293 1672/943/1295
f 1672/943/1295 1688/959/1308 1687/958/1293
f 1765/1032/1367 1762/962/1368 1763/961/1369
f 1763/961/1369 1764/1033/1370 1765/1032/1367
f 1686/953/1304 1693/964/1313 1696/963/1312
f 1696/963/1312 1683/954/1305 1686/953/1304
f 1767/1034/1371 1766/967/1372 1762/962/1368
f 1762/962/1368 1765/1032/1367 1767/1034/1371
f 1683/954/1305 1696/963/1312 1701/971/1319
f 1701/971/1319 1768/1035/1373 1683/954/1305
f 1772/1036/1374 1769/977/1375 1770/976/1376
f 1770/976/1376 1771/1037/1377 1772/1036/1374
f 1773/1038/1378 1714/985/1331 1713/984/1330
f 1713/984/1330 1758/1025/1362 1773/1038/1378
f 1771/1037/1377 1770/976/1376 1774/990/1379
f 1774/990/1379 1775/1039/1380 1771/1037/1377
f 1776/1040/1381 1723/994/1338 1714/985/1331
f 1714/985/1331 1773/1038/1378 1776/1040/1381
f 1775/1039/1380 1774/990/1379 1777/997/1382
f 1777/997/1382 1778/1041/1383 1775/1039/1380
f 1779/1042/1384 1730/1001/1344 1723/994/1338
f 1723/994/1338 1776/1040/1381 1779/1042/1384
f 1783/1043/1385 1780/1005/1386 1781/1004/1387
f 1781/1004/1387 1782/1044/1388 1783/1043/1385
f 1785/1045/1389 1742/1013/1355 1741/1012/1354
f 1741/1012/1354 1784/1046/1390 1785/1045/1389
f 1787/1047/1391 1786/1018/1392 1766/967/1372
f 1766/967/1372 1767/1034/1371 1787/1047/1391
f 1768/1035/1373 1701/971/1319 1752/1022/1360
f 1752/1022/1360 1788/1048/1393 1768/1035/1373
f 1790/1049/1394 1789/944/1395 1769/977/1375
f 1769/977/1375 1772/1036/1374 1790/1049/1394
f 1758/1025/1362 1713/984/1330 1677/948/1299
f 1677/948/1299 1755/1026/1363 1758/1025/1362
f 1755/1026/1363 1677/948/1299 1693/964/1313
f 1693/964/1313 1686/953/1304 1755/1026/1363
f 1764/1033/1370 1763/961/1369 1789/944/1395
f 1789/944/1395 1790/1049/1394 1764/1033/1370
f 1778/1041/1383 1777/997/1382 1780/1005/1386
f 1780/1005/1386 1783/1043/1385 1778/1041/1383
f 1744/1015/5 1733/1002/1345 1732/1003/1345
f 1732/1003/1345 1745/1016/5 1744/1015/5
f 1784/1046/1390 1741/1012/1354 1730/1001/1344
f 1730/1001/1344 1779/1042/1384 1784/1046/1390
f 1740/1011/1353 1731/1000/1343 1730/1001/1344
f 1730/1001/1344 1741/1012/1354 1740/1011/1353
f 1735/1006/1348 1727/998/1341 1729/999/1342
f 1729/999/1342 1738/1008/1350 1735/1006/1348
f 1734/1005/1347 1728/997/1340 1727/998/1341
f 1727/998/1341 1735/1006/1348 1734/1005/1347
f 1782/1044/1388 1781/1004/1387 1786/1018/1392
f 1786/1018/1392 1787/1047/1391 1782/1044/1388
f 1753/1023/1361 1747/1014/1356 1746/1017/1356
f 1746/1017/1356 1754/1024/1361 1753/1023/1361
f 1788/1048/1393 1752/1022/1360 1742/1013/1355
f 1742/1013/1355 1785/1045/1389 1788/1048/1393
f 1751/1021/1359 1743/1010/1352 1742/1013/1355
f 1742/1013/1355 1752/1022/1360 1751/1021/1359
f 1749/1019/1358 1736/1007/1349 1739/1009/1351
f 1739/1009/1351 1750/1020/1359 1749/1019/1358
f 1748/1018/1357 1737/1004/1346 1736/1007/1349
f 1736/1007/1349 1749/1019/1358 1748/1018/1357
f 1794/1050/1396 1791/1051/1397 1792/1052/1397
f 1792/1052/1397 1793/1053/1398 1794/1050/1396
f 1798/1053/1399 1795/1052/1400 1796/1054/1400
f 1796/1054/1400 1797/1055/1401 1798/1053/1399
f 1802/1055/1402 1799/1054/1403 1800/1056/1404
f 1800/1056/1404 1801/1057/1405 1802/1055/1402
f 1806/1058/1406 1803/1059/1407 1804/1060/1407
f 1804/1060/1407 1805/1061/1408 1806/1058/1406
f 1810/1061/1409 1807/1060/1410 1808/1062/1411
f 1808/1062/1411 1809/1063/1412 1810/1061/1409
f 1814/1064/1413 1811/1065/1414 1812/1059/1414
f 1812/1059/1414 1813/1058/1415 1814/1064/1413
f 1818/1063/1416 1815/1062/1417 1816/1066/1418
f 1816/1066/1418 1817/1067/1419 1818/1063/1416
f 1822/1068/1420 1819/1069/1421 1820/1065/1421
f 1820/1065/1421 1821/1064/1422 1822/1068/1420
f 1826/1067/1423 1823/1066/1424 1824/1070/1424
f 1824/1070/1424 1825/1071/1425 1826/1067/1423
f 1830/1072/1426 1827/1073/1427 1828/1069/1427
f 1828/1069/1427 1829/1068/1428 1830/1072/1426
f 1834/1074/1429 1831/1075/1430 1832/1076/1430
f 1832/1076/1430 1833/1077/1431 1834/1074/1429
f 1838/1078/1432 1835/1079/1433 1836/1080/1433
f 1836/1080/1433 1837/1081/1434 1838/1078/1432
f 1842/1082/1435 1839/1083/1436 1840/1051/1437
f 1840/1051/1437 1841/1050/1438 1842/1082/1435
f 1846/1057/1439 1843/1056/1440 1844/1084/1440
f 1844/1084/1440 1845/1085/1441 1846/1057/1439
f 1850/1071/1442 1847/1070/1443 1848/1075/1443
f 1848/1075/1443 1849/1074/1444 1850/1071/1442
f 1854/1081/1445 1851/1080/1446 1852/1073/1446
f 1852/1073/1446 1853/1072/1447 1854/1081/1445
f 1858/1077/1448 1855/1076/1449 1856/1083/1449
f 1856/1083/1449 1857/1082/1450 1858/1077/1448
f 1862/1085/1451 1859/1084/1452 1860/1079/1452
f 1860/1079/1452 1861/1078/1453 1862/1085/1451
f 1864/989/1454 1818/1063/1416 1817/1067/1419
f 1817/1067/1419 1863/996/1454 1864/989/1454
f 1866/988/1455 1810/1061/1409 1809/1063/1412
f 1809/1063/1412 1865/989/1456 1866/988/1455
f 1868/987/1457 1806/1058/1406 1805/1061/1408
f 1805/1061/1408 1867/988/1457 1868/987/1457
f 1870/986/1458 1814/1064/1413 1813/1058/1415
f 1813/1058/1415 1869/987/1459 1870/986/1458
f 1872/995/1460 1822/1068/1420 1821/1064/1422
f 1821/1064/1422 1871/986/1461 1872/995/1460
f 1874/1002/1462 1830/1072/1426 1829/1068/1428
f 1829/1068/1428 1873/995/1462 1874/1002/1462
f 1876/1015/1463 1854/1081/1445 1853/1072/1447
f 1853/1072/1447 1875/1002/1463 1876/1015/1463
f 1878/1014/1464 1838/1078/1432 1837/1081/1434
f 1837/1081/1434 1877/1015/1464 1878/1014/1464
f 1880/1023/1465 1862/1085/1451 1861/1078/1453
f 1861/1078/1453 1879/1014/1465 1880/1023/1465
f 1882/973/1466 1846/1057/1439 1845/1085/1441
f 1845/1085/1441 1881/1023/1467 1882/973/1466
f 1884/972/1468 1802/1055/1402 1801/1057/1405
f 1801/1057/1405 1883/973/1469 1884/972/1468
f 1886/975/1470 1798/1053/1399 1797/1055/1401
f 1797/1055/1401 1885/972/1470 1886/975/1470
f 1888/974/1471 1794/1050/1396 1793/1053/1398
f 1793/1053/1398 1887/975/1472 1888/974/1471
f 1890/1024/1473 1842/1082/1435 1841/1050/1438
f 1841/1050/1438 1889/974/1473 1890/1024/1473
f 1892/1017/1474 1858/1077/1448 1857/1082/1450
f 1857/1082/1450 1891/1024/1474 1892/1017/1474
f 1894/1016/1475 1834/1074/1429 1833/1077/1431
f 1833/1077/1431 1893/1017/1475 1894/1016/1475
f 1896/1003/1476 1850/1071/1442 1849/1074/1444
f 1849/1074/1444 1895/1016/1476 1896/1003/1476
f 1898/996/1477 1826/1067/1423 1825/1071/1425
f 1825/1071/1425 1897/1003/1477 1898/996/1477
o window2
v -32.543114 -3.567537 5.210878
v -32.543114 -3.567537 4.589101
v -32.543114 -3.008205 4.589101
v -32.543114 -3.008205 5.210878
v -32.543114 -3.008205 5.210878
v -32.543114 -3.008205 4.589101
v -37.467079 -3.008205 4.589102
v -37.467079 -3.008205 5.210879
v -37.467079 -3.008205 5.210879
v -37.467079 -3.008205 4.589102
v -37.467079 -3.567537 4.589102
v -37.467079 -3.567537 5.210879
v -37.467079 -3.567537 5.210879
v -37.467079 -3.567537 4.589102
v -32.543114 -3.567537 4.589101
v -32.543114 -3.567537 5.210878
v -32.543114 -3.685392 3.960988
v -37.467079 -3.685392 3.960989
v -37.467079 -3.379818 3.960989
v -32.543114 -3.379818 3.960988
v -37.467079 -3.567537 5.210879
v -32.543114 -3.567537 5.210878
v -32.543114 -3.008205 5.210878
v -37.467079 -3.008205 5.210879
v -37.467079 -3.685392 3.960989
v -32.543114 -3.685392 3.960988
v -37.467079 -3.379818 3.960989
v -37.467079 -3.685392 3.960989
v -32.543114 -3.379818 3.960988
v -37.467079 -3.379818 3.960989
v -32.543114 -3.685392 3.960988
v -32.543114 -3.379818 3.960988
v -35.611607 3.016597 4.794732
v -35.335278 3.202834 4.798077
v -35.300190 3.122187 4.739758
v -35.548138 2.955076 4.736757
v -35.795628 2.738785 4.792155
v -35.713264 2.705793 4.734445
v -35.859333 2.411687 4.790740
v -35.770428 2.412292 4.733175
v -35.793022 2.085106 4.790701
v -35.710926 2.119251 4.733140
v -35.606789 1.808761 4.792046
v -35.543819 1.871287 4.734347
v -35.328987 1.624720 4.794568
v -35.294544 1.706149 4.736609
v -35.001904 1.561003 4.797883
v -35.001057 1.648977 4.739584
v -34.675343 1.627311 4.801488
v -34.708035 1.708474 4.742819
v -34.399014 1.813545 4.804834
v -34.460091 1.875584 4.745821
v -34.214993 2.091361 4.807410
v -34.294960 2.124865 4.748133
v -34.151287 2.418458 4.808825
v -34.237801 2.418365 4.749403
v -34.217598 2.745039 4.808864
v -34.297302 2.711406 4.749437
v -34.403831 3.021388 4.807519
v -34.464409 2.959370 4.748231
v -34.681633 3.205425 4.804998
v -34.713680 3.124509 4.745968
v -35.008717 3.269145 4.801682
v -35.007168 3.181684 4.742993
v -35.276165 3.067315 4.763907
v -35.504791 2.913225 4.761139
v -35.657055 2.683367 4.759008
v -35.709763 2.412730 4.757837
v -35.654892 2.142529 4.757805
v -35.500809 1.913879 4.758917
v -35.270958 1.761610 4.761003
v -35.000340 1.708894 4.763747
v -34.730148 1.763755 4.766730
v -34.501522 1.917841 4.769497
v -34.349262 2.147703 4.771629
v -34.296555 2.418332 4.772800
v -34.351418 2.688541 4.772832
v -34.505505 2.917187 4.771720
v -34.735355 3.069456 4.769633
v -35.005974 3.122176 4.766890
v -35.263802 3.034932 4.795068
v -35.481121 2.888459 4.792438
v -35.625851 2.669971 4.790411
v -35.678036 2.412730 4.789276
v -35.623798 2.155885 4.789268
v -35.477337 1.938546 4.790325
v -35.258854 1.793806 4.792308
v -34.997368 1.737416 4.794947
v -34.744789 1.795840 4.797751
v -34.527466 1.942308 4.800382
v -34.382740 2.160801 4.802408
v -34.322105 2.418104 4.803633
v -34.384789 2.674891 4.803552
v -34.531254 2.892229 4.802495
v -34.749737 3.036970 4.800511
v -35.002773 3.093419 4.797962
v -35.481121 2.888459 4.792438
v -35.263802 3.034932 4.795068
v -35.237095 2.972936 4.816715
v -35.347439 2.756596 4.815057
v -35.625851 2.669971 4.790411
v -35.562885 2.644531 4.812524
v -35.678036 2.412730 4.789276
v -35.672462 2.412793 4.810840
v -35.623798 2.155885 4.789268
v -35.561043 2.181929 4.811496
v -35.477337 1.938546 4.790325
v -35.344707 2.071574 4.813534
v -35.258854 1.793806 4.792308
v -35.232643 1.856115 4.814231
v -34.997368 1.737416 4.794947
v -35.000916 1.746529 4.816434
v -34.744789 1.795840 4.797751
v -34.770065 1.857950 4.819129
v -34.527466 1.942308 4.800382
v -34.659725 2.074286 4.820786
v -34.382740 2.160801 4.802408
v -34.444279 2.186355 4.823319
v -34.322105 2.418104 4.803633
v -34.334702 2.418093 4.825004
v -34.384789 2.674891 4.803552
v -34.446121 2.648960 4.824348
v -34.531254 2.892229 4.802495
v -34.662453 2.759312 4.822310
v -34.749737 3.036970 4.800511
v -34.774521 2.974767 4.821612
v -35.002773 3.093419 4.797962
v -35.006248 3.084356 4.819409
v -35.287853 2.696800 4.887567
v -35.196812 2.875291 4.888935
v -35.182308 2.839079 4.912750
v -35.265068 2.673417 4.912750
v -35.465607 2.604334 4.885477
v -35.287853 2.696800 4.887567
v -35.265068 2.673417 4.912750
v -35.425308 2.587396 4.912750
v -35.556019 2.413136 4.884087
v -35.465607 2.604334 4.885477
v -35.425308 2.587396 4.912750
v -35.505455 2.413184 4.912750
v -35.464085 2.222656 4.884628
v -35.556019 2.413136 4.884087
v -35.505455 2.413184 4.912750
v -35.422787 2.240103 4.912750
v -35.285599 2.131609 4.886310
v -35.464085 2.222656 4.884628
v -35.422787 2.240103 4.912750
v -35.261967 2.155962 4.912750
v -35.193138 1.953840 4.886885
v -35.285599 2.131609 4.886310
v -35.261967 2.155962 4.912750
v -35.177803 1.992754 4.912750
v -35.001945 1.863419 4.888703
v -35.193138 1.953840 4.886885
v -35.177803 1.992754 4.912750
v -35.002735 1.906973 4.912750
v -34.811478 1.955351 4.890926
v -35.001945 1.863419 4.888703
v -35.002735 1.906973 4.912750
v -34.825985 1.988516 4.912750
v -34.720436 2.133850 4.892294
v -34.811478 1.955351 4.890926
v -34.825985 1.988516 4.912750
v -34.740299 2.152910 4.912750
v -34.542679 2.226308 4.894384
v -34.720436 2.133850 4.892294
v -34.740299 2.152910 4.912750
v -34.571590 2.237851 4.912750
v -34.452274 2.417507 4.895774
v -34.542679 2.226308 4.894384
v -34.571590 2.237851 4.912750
v -34.484291 2.417289 4.912750
v -34.544201 2.607986 4.895233
v -34.452274 2.417507 4.895774
v -34.484291 2.417289 4.912750
v -34.571766 2.596536 4.912750
v -34.722691 2.699041 4.893551
v -34.544201 2.607986 4.895233
v -34.571766 2.596536 4.912750
v -34.741268 2.680710 4.912750
v -34.815151 2.876806 4.892975
v -34.722691 2.699041 4.893551
v -34.741268 2.680710 4.912750
v -34.828144 2.846228 4.912750
v -35.006344 2.967227 4.891158
v -34.815151 2.876806 4.892975
v -34.828144 2.846228 4.912750
v -35.006748 2.927561 4.912750
v -35.196812 2.875291 4.888935
v -35.006344 2.967227 4.891158
v -35.006748 2.927561 4.912750
v -35.182308 2.839079 4.912750
v -35.229725 2.954457 4.860549
v -35.336426 2.745260 4.858946
v -35.544754 2.636894 4.856496
v -35.650715 2.412808 4.854868
v -35.542976 2.189565 4.855502
v -35.333786 2.082855 4.857473
v -35.225422 1.874512 4.858147
v -35.001343 1.768542 4.860278
v -34.778118 1.876281 4.862883
v -34.671417 2.085482 4.864486
v -34.463085 2.193844 4.866936
v -34.357128 2.417934 4.868565
v -34.464870 2.641173 4.867930
v -34.674057 2.747887 4.865959
v -34.782425 2.956230 4.865285
v -35.006500 3.062200 4.863154
v -35.196812 2.875291 4.888935
v -35.287853 2.696800 4.887567
v -35.465607 2.604334 4.885477
v -35.556019 2.413136 4.884087
v -35.464085 2.222656 4.884628
v -35.285599 2.131609 4.886310
v -35.193138 1.953840 4.886885
v -35.001945 1.863419 4.888703
v -34.811478 1.955351 4.890926
v -34.720436 2.133850 4.892294
v -34.542679 2.226308 4.894384
v -34.452274 2.417507 4.895774
v -34.544201 2.607986 4.895233
v -34.722691 2.699041 4.893551
v -34.815151 2.876806 4.892975
v -35.006344 2.967227 4.891158
v -35.916729 2.411275 4.911693
v -35.849194 2.760738 4.911860
v -35.795628 2.738785 4.792155
v -35.859333 2.411687 4.790740
v -35.845913 2.062574 4.911689
v -35.793022 2.085106 4.790701
v -35.647411 1.767149 4.911847
v -35.606789 1.808761 4.792046
v -35.350979 1.569656 4.912144
v -35.328987 1.624720 4.794568
v -35.001171 1.500264 4.912535
v -35.001904 1.561003 4.797883
v -34.650917 1.570021 4.912962
v -34.675343 1.627311 4.801488
v -34.353645 1.768870 4.913359
v -34.399014 1.813545 4.804834
v -34.155090 2.066868 4.913665
v -34.214993 2.091361 4.807410
v -34.110138 2.418454 4.913806
v -34.151287 2.418458 4.808825
v -34.157379 2.769875 4.913839
v -34.217598 2.745039 4.808864
v -34.358089 3.066796 4.913679
v -34.403831 3.021388 4.807519
v -34.657150 3.263787 4.913378
v -34.681633 3.205425 4.804998
v -35.008457 3.330961 4.912985
v -35.008717 3.269145 4.801682
v -35.358208 3.258583 4.912558
v -35.335278 3.202834 4.798077
v -35.653263 3.058234 4.912163
v -35.611607 3.016597 4.794732
v -35.611607 3.016597 5.030770
v -35.548138 2.955076 5.088745
v -35.300190 3.122187 5.085741
v -35.335278 3.202834 5.027423
v -35.795628 2.738785 5.033346
v -35.713264 2.705793 5.091055
v -35.859333 2.411687 5.034761
v -35.770428 2.412292 5.092323
v -35.793022 2.085106 5.034798
v -35.710926 2.119251 5.092360
v -35.606789 1.808761 5.033453
v -35.543819 1.871291 5.091155
v -35.328987 1.624720 5.030932
v -35.294544 1.706149 5.088892
v -35.001904 1.561003 5.027615
v -35.001057 1.648973 5.085914
v -34.675343 1.627311 5.024011
v -34.708035 1.708474 5.082682
v -34.399014 1.813545 5.020668
v -34.460091 1.875584 5.079679
v -34.214993 2.091361 5.018088
v -34.294960 2.124865 5.077368
v -34.151287 2.418458 5.016673
v -34.237801 2.418365 5.076096
v -34.217598 2.745039 5.016636
v -34.297302 2.711406 5.076063
v -34.403831 3.021388 5.017982
v -34.464409 2.959370 5.077268
v -34.681633 3.205425 5.020502
v -34.713680 3.124512 5.079531
v -35.008717 3.269142 5.023819
v -35.007168 3.181684 5.082505
v -35.504791 2.913225 5.064362
v -35.276165 3.067311 5.061594
v -35.657055 2.683367 5.066492
v -35.709763 2.412734 5.067664
v -35.654892 2.142525 5.067694
v -35.500809 1.913883 5.066585
v -35.270958 1.761610 5.064495
v -35.000340 1.708894 5.061753
v -34.730148 1.763755 5.058771
v -34.501522 1.917841 5.056004
v -34.349262 2.147703 5.053870
v -34.296555 2.418336 5.052701
v -34.351418 2.688541 5.052668
v -34.505505 2.917187 5.053781
v -34.735355 3.069456 5.055867
v -35.005974 3.122172 5.058609
v -35.481121 2.888463 5.033062
v -35.263802 3.034932 5.030431
v -35.625851 2.669971 5.035089
v -35.678036 2.412730 5.036224
v -35.623798 2.155881 5.036232
v -35.477337 1.938546 5.035174
v -35.258854 1.793806 5.033191
v -34.997368 1.737416 5.030552
v -34.744789 1.795840 5.027748
v -34.527466 1.942312 5.025116
v -34.382740 2.160801 5.023093
v -34.322105 2.418104 5.021866
v -34.384789 2.674891 5.021947
v -34.531254 2.892229 5.023005
v -34.749737 3.036966 5.024987
v -35.002773 3.093419 5.027538
v -35.481121 2.888463 5.033062
v -35.347439 2.756596 5.010441
v -35.237095 2.972936 5.008786
v -35.263802 3.034932 5.030431
v -35.625851 2.669971 5.035089
v -35.562885 2.644531 5.012977
v -35.678036 2.412730 5.036224
v -35.672462 2.412793 5.014661
v -35.623798 2.155881 5.036232
v -35.561043 2.181929 5.014005
v -35.477337 1.938546 5.035174
v -35.344707 2.071574 5.011967
v -35.258854 1.793806 5.033191
v -35.232643 1.856115 5.011271
v -34.997368 1.737416 5.030552
v -35.000916 1.746529 5.009067
v -34.744789 1.795840 5.027748
v -34.770065 1.857950 5.006372
v -34.527466 1.942312 5.025116
v -34.659725 2.074286 5.004714
v -34.382740 2.160801 5.023093
v -34.444279 2.186355 5.002178
v -34.322105 2.418104 5.021866
v -34.334702 2.418093 5.000494
v -34.384789 2.674891 5.021947
v -34.446121 2.648960 5.001150
v -34.531254 2.892229 5.023005
v -34.662453 2.759312 5.003188
v -34.749737 3.036966 5.024987
v -34.774521 2.974771 5.003889
v -35.002773 3.093419 5.027538
v -35.006248 3.084356 5.006089
v -35.287853 2.696797 4.937933
v -35.265068 2.673417 4.912750
v -35.182308 2.839079 4.912750
v -35.196812 2.875295 4.936565
v -35.465607 2.604337 4.940023
v -35.425308 2.587396 4.912750
v -35.265068 2.673417 4.912750
v -35.287853 2.696797 4.937933
v -35.556019 2.413136 4.941413
v -35.505455 2.413184 4.912750
v -35.425308 2.587396 4.912750
v -35.465607 2.604337 4.940023
v -35.464085 2.222656 4.940872
v -35.422787 2.240103 4.912750
v -35.505455 2.413184 4.912750
v -35.556019 2.413136 4.941413
v -35.285599 2.131605 4.939190
v -35.261967 2.155962 4.912750
v -35.422787 2.240103 4.912750
v -35.464085 2.222656 4.940872
v -35.193138 1.953840 4.938615
v -35.177803 1.992754 4.912750
v -35.261967 2.155962 4.912750
v -35.285599 2.131605 4.939190
v -35.001945 1.863419 4.936797
v -35.002735 1.906973 4.912750
v -35.177803 1.992754 4.912750
v -35.193138 1.953840 4.938615
v -34.811478 1.955351 4.934574
v -34.825985 1.988516 4.912750
v -35.002735 1.906973 4.912750
v -35.001945 1.863419 4.936797
v -34.720436 2.133850 4.933206
v -34.740299 2.152910 4.912750
v -34.825985 1.988516 4.912750
v -34.811478 1.955351 4.934574
v -34.542679 2.226308 4.931116
v -34.571590 2.237851 4.912750
v -34.740299 2.152910 4.912750
v -34.720436 2.133850 4.933206
v -34.452274 2.417507 4.929726
v -34.484291 2.417289 4.912750
v -34.571590 2.237851 4.912750
v -34.542679 2.226308 4.931116
v -34.544201 2.607986 4.930267
v -34.571766 2.596536 4.912750
v -34.484291 2.417289 4.912750
v -34.452274 2.417507 4.929726
v -34.722691 2.699041 4.931949
v -34.741268 2.680710 4.912750
v -34.571766 2.596536 4.912750
v -34.544201 2.607986 4.930267
v -34.815151 2.876806 4.932525
v -34.828144 2.846228 4.912750
v -34.741268 2.680710 4.912750
v -34.722691 2.699041 4.931949
v -35.006344 2.967227 4.934342
v -35.006748 2.927561 4.912750
v -34.828144 2.846228 4.912750
v -34.815151 2.876806 4.932525
v -35.196812 2.875295 4.936565
v -35.182308 2.839079 4.912750
v -35.006748 2.927561 4.912750
v -35.006344 2.967227 4.934342
v -35.336426 2.745260 4.966556
v -35.229725 2.954457 4.964952
v -35.544754 2.636894 4.969003
v -35.650715 2.412808 4.970632
v -35.542976 2.189565 4.969997
v -35.333786 2.082855 4.968026
v -35.225422 1.874512 4.967351
v -35.001343 1.768542 4.965221
v -34.778118 1.876285 4.962615
v -34.671417 2.085482 4.961012
v -34.463085 2.193844 4.958564
v -34.357128 2.417934 4.956935
v -34.464870 2.641173 4.957569
v -34.674057 2.747884 4.959540
v -34.782425 2.956226 4.960217
v -35.006500 3.062200 4.962347
v -35.287853 2.696797 4.937933
v -35.196812 2.875295 4.936565
v -35.465607 2.604337 4.940023
v -35.556019 2.413136 4.941413
v -35.464085 2.222656 4.940872
v -35.285599 2.131605 4.939190
v -35.193138 1.953840 4.938615
v -35.001945 1.863419 4.936797
v -34.811478 1.955351 4.934574
v -34.720436 2.133850 4.933206
v -34.542679 2.226308 4.931116
v -34.452274 2.417507 4.929726
v -34.544201 2.607986 4.930267
v -34.722691 2.699041 4.931949
v -34.815151 2.876806 4.932525
v -35.006344 2.967227 4.934342
v -35.916729 2.411275 4.911693
v -35.859333 2.411687 5.034761
v -35.795628 2.738785 5.033346
v -35.849194 2.760738 4.911860
v -35.845913 2.062574 4.911689
v -35.793022 2.085106 5.034798
v -35.647411 1.767149 4.911847
v -35.606789 1.808761 5.033453
v -35.350979 1.569656 4.912144
v -35.328987 1.624720 5.030932
v -35.001171 1.500264 4.912535
v -35.001904 1.561003 5.027615
v -34.650917 1.570021 4.912962
v -34.675343 1.627311 5.024011
v -34.353645 1.768870 4.913359
v -34.399014 1.813545 5.020668
v -34.155090 2.066868 4.913665
v -34.214993 2.091361 5.018088
v -34.110138 2.418454 4.913806
v -34.151287 2.418458 5.016673
v -34.157379 2.769875 4.913839
v -34.217598 2.745039 5.016636
v -34.358089 3.066796 4.913679
v -34.403831 3.021388 5.017982
v -34.657150 3.263787 4.913378
v -34.681633 3.205425 5.020502
v -35.008457 3.330961 4.912985
v -35.008717 3.269142 5.023819
v -35.358208 3.258583 4.912558
v -35.335278 3.202834 5.027423
v -35.653263 3.058234 4.912163
v -35.611607 3.016597 5.030770
v -34.941273 -2.633194 4.654877
v -35.005638 -2.633194 4.654877
v -35.005096 -2.509052 4.659405
v -34.956444 -2.588759 4.674190
v -33.407486 -2.484643 4.654877
v -33.454483 -2.588759 4.674190
v -33.454483 0.508076 4.674190
v -33.407486 0.508072 4.654877
v -33.516304 0.969030 4.674190
v -33.449112 0.985798 4.654877
v -33.413273 0.789197 4.654877
v -33.482471 0.789197 4.674190
v -34.849194 0.969030 4.674190
v -34.916386 0.985798 4.654877
v -34.846249 1.195368 4.654877
v -34.806835 1.144200 4.674190
v -34.668365 1.386986 4.674190
v -34.699097 1.460727 4.654877
v -34.473381 1.702655 4.654877
v -34.488983 1.569247 4.674190
v -34.228832 1.657420 4.641803
v -34.228832 1.769504 4.654877
v -33.957378 1.702655 4.654877
v -33.939880 1.569247 4.674190
v -33.730682 1.386986 4.674190
v -33.696953 1.460727 4.654877
v -33.530891 1.164842 4.654877
v -33.573074 1.113674 4.674190
v -33.407486 -2.633194 4.654877
v -33.478439 -2.633194 4.654877
v -33.506115 0.524947 4.694200
v -33.506115 -2.563610 4.694200
v -33.560963 -2.527295 4.680988
v -33.560963 0.529786 4.680988
v -33.602253 0.973692 4.694200
v -33.559807 0.789429 4.694200
v -33.654823 0.789975 4.680988
v -33.806225 0.862997 4.659824
v -34.923744 0.524947 4.694200
v -34.912762 0.701267 4.694200
v -34.876442 0.673450 4.680988
v -34.889008 0.529786 4.680988
v -34.779568 1.004218 4.694200
v -34.738583 1.150255 4.694200
v -34.690601 1.072663 4.659824
v -34.629730 0.862997 4.659824
v -34.640182 1.337451 4.694200
v -34.451706 1.510760 4.694200
v -34.452320 1.448809 4.659824
v -34.623569 1.280663 4.659824
v -34.228832 1.573430 4.694200
v -33.981678 1.510760 4.694200
v -33.980984 1.448809 4.659824
v -34.228832 1.529272 4.659824
v -33.780605 1.361870 4.694200
v -33.646111 1.119729 4.694200
v -33.743523 1.042137 4.659824
v -33.815823 1.280663 4.659824
v -34.923744 -2.563610 4.694200
v -34.889008 -2.527295 4.680988
v -33.506115 -2.563610 4.694200
v -34.923744 -2.563610 4.694200
v -34.889008 -2.527295 4.680988
v -33.560963 -2.527295 4.680988
v -33.506115 -2.563610 4.694200
v -33.506115 0.524947 4.694200
v -33.454483 0.508076 4.674190
v -33.454483 -2.588759 4.674190
v -33.353069 0.508072 4.723204
v -33.353069 -2.528080 4.723204
v -33.397617 1.005957 4.723204
v -33.359261 0.810381 4.723204
v -33.559807 0.789429 4.694200
v -33.602253 0.973692 4.694200
v -33.516304 0.969030 4.674190
v -33.482471 0.789197 4.674190
v -34.912762 0.701267 4.694200
v -34.923744 0.524947 4.694200
v -34.956444 0.508076 4.674190
v -34.944626 0.681366 4.674190
v -34.967880 1.005957 4.723204
v -34.889008 1.225286 4.723204
v -34.846249 1.195368 4.654877
v -34.916386 0.985798 4.654877
v -34.738583 1.150255 4.694200
v -34.779568 1.004218 4.694200
v -34.849194 0.969030 4.674190
v -34.806835 1.144200 4.674190
v -34.730167 1.534863 4.723204
v -34.487492 1.781386 4.723204
v -34.488983 1.569247 4.674190
v -34.451706 1.510760 4.694200
v -34.640182 1.337451 4.694200
v -34.668365 1.386986 4.674190
v -34.228832 1.870539 4.723204
v -33.941559 1.781386 4.723204
v -33.939880 1.569247 4.674190
v -33.981678 1.510760 4.694200
v -34.228832 1.573430 4.694200
v -34.228832 1.657420 4.641803
v -33.662849 1.534863 4.723204
v -33.485138 1.194760 4.723204
v -33.573074 1.113674 4.674190
v -33.646111 1.119729 4.694200
v -33.780605 1.361870 4.694200
v -33.730682 1.386986 4.674190
v -34.923744 -2.563610 4.694200
v -34.956444 -2.588759 4.674190
v -33.353069 -2.683960 4.723204
v -33.429001 -2.683960 4.723204
v -33.353069 -2.683960 4.723204
v -34.923744 -2.563610 4.694200
v -33.506115 -2.563610 4.694200
v -33.454483 -2.588759 4.674190
v -34.956444 -2.588759 4.674190
v -33.429001 -2.683960 4.723204
v -34.972584 -2.683960 4.730136
v -34.941273 -2.633194 4.654877
v -33.478439 -2.633194 4.654877
v -34.938717 0.789197 4.674190
v -34.889740 0.789429 4.694200
v -34.889740 0.789429 4.694200
v -34.757584 0.789975 4.680988
v -33.523453 0.701267 4.694200
v -33.473141 0.681366 4.674190
v -33.580799 0.673450 4.680988
v -33.523453 0.701267 4.694200
v -33.402729 0.681366 4.654877
v -33.347977 0.681366 4.723204
v -33.473141 0.681366 4.674190
v -34.738583 1.150255 4.694200
v -34.806835 1.144200 4.674190
v -34.806835 1.144200 4.674190
v -34.967880 1.005957 4.723204
v -35.005096 0.795182 4.727714
v -35.005096 0.803165 4.824889
v -35.005096 0.857027 4.912750
v -34.967880 1.005957 4.912750
v -34.938717 0.789197 4.674190
v -35.005096 0.789197 4.654877
v -34.916386 0.985798 4.654877
v -34.849194 0.969030 4.674190
v -34.779568 1.004218 4.694200
v -34.889740 0.789429 4.694200
v -34.938717 0.789197 4.674190
v -34.849194 0.969030 4.674190
v -33.560963 0.529786 4.680988
v -33.560963 -2.527295 4.680988
v -33.620407 -2.486788 4.722961
v -33.620407 0.554276 4.722961
v -33.806225 0.862997 4.659824
v -33.654823 0.789975 4.680988
v -33.730423 0.777824 4.722961
v -33.860146 0.840133 4.706950
v -34.889008 0.529786 4.680988
v -34.876442 0.673450 4.680988
v -34.771500 0.692640 4.722961
v -34.786648 0.554276 4.722961
v -34.629730 0.862997 4.659824
v -34.690601 1.072663 4.659824
v -34.649837 1.033284 4.706950
v -34.584202 0.840133 4.706950
v -34.623569 1.280663 4.659824
v -34.452320 1.448809 4.659824
v -34.448021 1.387801 4.706950
v -34.588528 1.214875 4.706950
v -34.228832 1.529272 4.659824
v -33.980984 1.448809 4.659824
v -33.985809 1.387801 4.706950
v -34.228832 1.477127 4.706950
v -33.815823 1.280663 4.659824
v -33.743523 1.042137 4.659824
v -33.792980 1.002758 4.706950
v -33.857529 1.214875 4.706950
v -34.889008 -2.527295 4.680988
v -34.851360 -2.486788 4.722961
v -34.757584 0.789975 4.680988
v -34.693745 0.777824 4.722961
v -33.580799 0.673450 4.680988
v -33.638348 0.692640 4.722961
v -33.620407 0.554276 4.722961
v -33.620407 -2.486788 4.722961
v -33.665749 -2.470046 4.772925
v -33.665775 0.544325 4.773560
v -33.860146 0.840133 4.706950
v -33.730423 0.777824 4.722961
v -33.807697 0.767372 4.772925
v -33.895725 0.818316 4.763050
v -34.786648 0.554276 4.722961
v -34.771500 0.692640 4.722961
v -34.734432 0.671777 4.772925
v -34.748360 0.548434 4.772925
v -34.584202 0.840133 4.706950
v -34.649837 1.033284 4.706950
v -34.624268 1.008788 4.763050
v -34.554161 0.818316 4.763050
v -34.588528 1.214875 4.706950
v -34.448021 1.387801 4.706950
v -34.428646 1.321261 4.763050
v -34.558392 1.167108 4.763050
v -34.228832 1.477127 4.706950
v -33.985809 1.387801 4.706950
v -34.007526 1.321261 4.763050
v -34.228832 1.431569 4.751040
v -33.857529 1.214875 4.706950
v -33.792980 1.002758 4.706950
v -33.824009 0.978262 4.763050
v -33.893394 1.167108 4.763050
v -34.851360 -2.486788 4.722961
v -34.748360 -2.470046 4.772925
v -33.620407 -2.486788 4.722961
v -34.851360 -2.486788 4.722961
v -34.693745 0.777824 4.722961
v -34.651619 0.782180 4.772925
v -33.638348 0.692640 4.722961
v -33.682270 0.667664 4.773560
v -33.792980 1.002758 4.706950
v -33.860146 0.840133 4.706950
v -33.895725 0.818316 4.763050
v -33.824009 0.978262 4.763050
v -34.649837 1.033284 4.706950
v -34.624268 1.008788 4.763050
v -34.584202 0.840133 4.706950
v -34.554161 0.818316 4.763050
v -33.695850 -2.441812 4.912750
v -33.695885 0.536365 4.912750
v -33.895725 0.818316 4.763050
v -33.853069 0.766046 4.912750
v -33.929329 0.800202 4.912750
v -34.684944 0.659619 4.912750
v -34.722939 0.540474 4.912750
v -34.554161 0.818316 4.763050
v -34.592339 0.983255 4.912750
v -34.525780 0.800202 4.912750
v -34.400391 1.283184 4.912750
v -34.532139 1.134279 4.912750
v -34.039207 1.283184 4.912750
v -34.228832 1.365375 4.912750
v -33.862747 0.952729 4.912750
v -33.924641 1.134279 4.912750
v -34.722939 -2.441812 4.912750
v -34.590176 0.766046 4.912750
v -33.740841 0.659619 4.912750
v -33.428997 -2.683960 4.912750
v -34.969505 -2.685298 4.912750
v -34.972584 -2.683960 4.730136
v -33.429001 -2.683960 4.723204
v -33.353065 -2.683960 4.912750
v -33.428997 -2.683960 4.912750
v -33.429001 -2.683960 4.723204
v -33.353069 -2.683960 4.723204
v -33.353065 -2.528080 4.912750
v -33.353065 -2.683960 4.912750
v -33.353069 -2.683960 4.723204
v -33.353069 -2.528080 4.723204
v -33.353065 0.508072 4.912750
v -33.353069 0.508072 4.723204
v -33.347977 0.681366 4.723204
v -33.347977 0.681366 4.912750
v -33.359261 0.810381 4.723204
v -33.359261 0.810381 4.912750
v -33.397617 1.005957 4.723204
v -33.397614 1.005957 4.912750
v -33.485138 1.194760 4.723204
v -33.485134 1.194760 4.912750
v -33.662849 1.534863 4.723204
v -33.662849 1.534863 4.912750
v -33.941559 1.781386 4.723204
v -33.941559 1.781386 4.912750
v -34.228832 1.870539 4.723204
v -34.228832 1.870539 4.912750
v -34.487492 1.781386 4.723204
v -34.487492 1.781386 4.912750
v -34.228832 1.870539 4.912750
v -34.228832 1.870539 4.723204
v -34.730167 1.534863 4.723204
v -34.730167 1.534863 4.912750
v -34.889008 1.225286 4.723204
v -34.889008 1.225286 4.912750
v -34.916386 0.985798 4.654877
v -35.005096 0.789197 4.654877
v -34.956444 0.508076 4.674190
v -35.005096 0.511120 4.654877
v -35.005096 0.665128 4.654877
v -34.944626 0.681366 4.674190
v -34.956444 -2.588759 4.674190
v -35.005096 -2.509052 4.659405
v -35.005096 0.789197 4.654877
v -34.938717 0.789197 4.674190
v -34.941273 -2.633194 5.170623
v -34.956444 -2.588759 5.151311
v -35.005096 -2.509052 5.166094
v -35.005096 -2.633194 5.170623
v -33.407486 -2.484643 5.170623
v -33.407486 0.508072 5.170623
v -33.454483 0.508076 5.151311
v -33.454483 -2.588759 5.151311
v -33.516304 0.969030 5.151311
v -33.482471 0.789197 5.151311
v -33.413273 0.789197 5.170623
v -33.449112 0.985798 5.170623
v -34.849194 0.969030 5.151311
v -34.806835 1.144200 5.151311
v -34.846249 1.195368 5.170623
v -34.916386 0.985798 5.170623
v -34.668365 1.386986 5.151311
v -34.488983 1.569247 5.151311
v -34.473377 1.702655 5.170623
v -34.699097 1.460727 5.170623
v -34.228832 1.657420 5.183699
v -33.939880 1.569247 5.151311
v -33.957378 1.702655 5.170623
v -34.228832 1.769504 5.170623
v -33.730679 1.386986 5.151311
v -33.573074 1.113674 5.151311
v -33.530891 1.164842 5.170623
v -33.696953 1.460727 5.170623
v -33.407486 -2.633194 5.170623
v -33.478439 -2.633194 5.170623
v -33.506115 0.524947 5.131299
v -33.560959 0.529786 5.144512
v -33.560959 -2.527295 5.144512
v -33.506115 -2.563610 5.131299
v -33.602253 0.973692 5.131299
v -33.806225 0.862997 5.165677
v -33.654823 0.789975 5.144512
v -33.559807 0.789429 5.131299
v -34.923744 0.524947 5.131300
v -34.889008 0.529786 5.144512
v -34.876442 0.673450 5.144512
v -34.912762 0.701267 5.131300
v -34.779568 1.004218 5.131300
v -34.629730 0.862997 5.165677
v -34.690598 1.072663 5.165677
v -34.738583 1.150255 5.131300
v -34.640182 1.337451 5.131300
v -34.623569 1.280663 5.165677
v -34.452320 1.448809 5.165677
v -34.451706 1.510760 5.131300
v -34.228832 1.573430 5.131300
v -34.228832 1.529272 5.165677
v -33.980984 1.448809 5.165677
v -33.981678 1.510760 5.131300
v -33.780605 1.361870 5.131299
v -33.815823 1.280663 5.165677
v -33.743523 1.042137 5.165677
v -33.646111 1.119729 5.131299
v -34.923744 -2.563610 5.131300
v -34.889008 -2.527295 5.144512
v -33.506115 -2.563610 5.131299
v -33.560959 -2.527295 5.144512
v -34.889008 -2.527295 5.144512
v -34.923744 -2.563610 5.131300
v -33.506115 -2.563610 5.131299
v -33.454483 -2.588759 5.151311
v -33.454483 0.508076 5.151311
v -33.506115 0.524947 5.131299
v -33.353069 0.508072 5.102295
v -33.353069 -2.528080 5.102295
v -33.397617 1.005957 5.102295
v -33.359261 0.810381 5.102295
v -33.559807 0.789429 5.131299
v -33.482471 0.789197 5.151311
v -33.516304 0.969030 5.151311
v -33.602253 0.973692 5.131299
v -34.912762 0.701267 5.131300
v -34.944626 0.681366 5.151311
v -34.956444 0.508076 5.151311
v -34.923744 0.524947 5.131300
v -34.967880 1.005957 5.102296
v -34.916386 0.985798 5.170623
v -34.846249 1.195368 5.170623
v -34.889008 1.225286 5.102296
v -34.738583 1.150255 5.131300
v -34.806835 1.144200 5.151311
v -34.849194 0.969030 5.151311
v -34.779568 1.004218 5.131300
v -34.730167 1.534863 5.102296
v -34.487492 1.781386 5.102296
v -34.488983 1.569247 5.151311
v -34.668365 1.386986 5.151311
v -34.640182 1.337451 5.131300
v -34.451706 1.510760 5.131300
v -34.228832 1.870539 5.102296
v -33.941559 1.781386 5.102296
v -33.939880 1.569247 5.151311
v -34.228832 1.657420 5.183699
v -34.228832 1.573430 5.131300
v -33.981678 1.510760 5.131300
v -33.662849 1.534863 5.102296
v -33.485138 1.194760 5.102296
v -33.573074 1.113674 5.151311
v -33.730679 1.386986 5.151311
v -33.780605 1.361870 5.131299
v -33.646111 1.119729 5.131299
v -34.956444 -2.588759 5.151311
v -34.923744 -2.563610 5.131300
v -33.353069 -2.683960 5.102295
v -33.429001 -2.683960 5.102295
v -33.353069 -2.683960 5.102295
v -34.923744 -2.563610 5.131300
v -34.956444 -2.588759 5.151311
v -33.454483 -2.588759 5.151311
v -33.506115 -2.563610 5.131299
v -34.972584 -2.683960 5.095364
v -34.938717 0.789197 5.151311
v -34.889736 0.789429 5.131300
v -34.757584 0.789975 5.144512
v -34.889736 0.789429 5.131300
v -33.473141 0.681366 5.151311
v -33.523453 0.701267 5.131299
v -33.580799 0.673450 5.144512
v -33.523453 0.701267 5.131299
v -33.402729 0.681366 5.170623
v -33.347973 0.681366 5.102295
v -33.473141 0.681366 5.151311
v -34.806835 1.144200 5.151311
v -34.738583 1.150255 5.131300
v -34.806835 1.144200 5.151311
v -34.967880 1.005957 5.102296
v -34.967880 1.005957 4.912750
v -35.005096 0.857027 4.912750
v -35.005096 0.803165 5.000612
v -35.005096 0.795182 5.097785
v -34.938717 0.789197 5.151311
v -34.849194 0.969030 5.151311
v -34.916386 0.985798 5.170623
v -35.005096 0.789197 5.170623
v -34.779568 1.004218 5.131300
v -34.849194 0.969030 5.151311
v -34.938717 0.789197 5.151311
v -34.889736 0.789429 5.131300
v -33.560959 0.529786 5.144512
v -33.620407 0.554276 5.102539
v -33.620407 -2.486788 5.102539
v -33.560959 -2.527295 5.144512
v -33.806225 0.862997 5.165677
v -33.860146 0.840133 5.118548
v -33.730423 0.777824 5.102539
v -33.654823 0.789975 5.144512
v -34.889008 0.529786 5.144512
v -34.786648 0.554276 5.102539
v -34.771500 0.692640 5.102539
v -34.876442 0.673450 5.144512
v -34.629730 0.862997 5.165677
v -34.584202 0.840133 5.118548
v -34.649837 1.033284 5.118548
v -34.690598 1.072663 5.165677
v -34.623569 1.280663 5.165677
v -34.588528 1.214875 5.118548
v -34.448021 1.387801 5.118548
v -34.452320 1.448809 5.165677
v -34.228832 1.529272 5.165677
v -34.228832 1.477127 5.118548
v -33.985809 1.387801 5.118548
v -33.980984 1.448809 5.165677
v -33.815823 1.280663 5.165677
v -33.857529 1.214875 5.118548
v -33.792976 1.002758 5.118548
v -33.743523 1.042137 5.165677
v -34.889008 -2.527295 5.144512
v -34.851357 -2.486788 5.102539
v -34.693745 0.777824 5.102539
v -34.757584 0.789975 5.144512
v -33.580799 0.673450 5.144512
v -33.638348 0.692640 5.102539
v -33.620407 0.554276 5.102539
v -33.665775 0.544325 5.051939
v -33.665749 -2.470046 5.052576
v -33.620407 -2.486788 5.102539
v -33.860146 0.840133 5.118548
v -33.895721 0.818316 5.062449
v -33.807697 0.767372 5.052576
v -33.730423 0.777824 5.102539
v -34.786648 0.554276 5.102539
v -34.748360 0.548434 5.052576
v -34.734432 0.671777 5.052576
v -34.771500 0.692640 5.102539
v -34.584202 0.840133 5.118548
v -34.554161 0.818316 5.062449
v -34.624268 1.008788 5.062449
v -34.649837 1.033284 5.118548
v -34.588528 1.214875 5.118548
v -34.558392 1.167108 5.062449
v -34.428646 1.321261 5.062449
v -34.448021 1.387801 5.118548
v -34.228832 1.477127 5.118548
v -34.228832 1.431569 5.074460
v -34.007526 1.321261 5.062449
v -33.985809 1.387801 5.118548
v -33.857529 1.214875 5.118548
v -33.893394 1.167108 5.062449
v -33.824009 0.978262 5.062449
v -33.792976 1.002758 5.118548
v -34.851357 -2.486788 5.102539
v -34.748360 -2.470046 5.052576
v -33.620407 -2.486788 5.102539
v -34.851357 -2.486788 5.102539
v -34.651619 0.782180 5.052576
v -34.693745 0.777824 5.102539
v -33.638348 0.692640 5.102539
v -33.682270 0.667664 5.051939
v -33.792976 1.002758 5.118548
v -33.824009 0.978262 5.062449
v -33.895721 0.818316 5.062449
v -33.860146 0.840133 5.118548
v -34.649837 1.033284 5.118548
v -34.624268 1.008788 5.062449
v -34.554161 0.818316 5.062449
v -34.584202 0.840133 5.118548
v -33.695885 0.536365 4.912750
v -33.695850 -2.441812 4.912750
v -33.895721 0.818316 5.062449
v -33.929329 0.800202 4.912750
v -33.853069 0.766046 4.912750
v -34.722939 0.540474 4.912750
v -34.684944 0.659619 4.912750
v -34.554161 0.818316 5.062449
v -34.525780 0.800202 4.912750
v -34.592339 0.983255 4.912750
v -34.532139 1.134279 4.912750
v -34.400391 1.283184 4.912750
v -34.228832 1.365375 4.912750
v -34.039207 1.283184 4.912750
v -33.924641 1.134279 4.912750
v -33.862747 0.952729 4.912750
v -34.722939 -2.441812 4.912750
v -34.590176 0.766046 4.912750
v -33.740841 0.659619 4.912750
v -35.005096 -2.633194 5.170623
v -35.005096 -2.658985 5.097007
v -33.428997 -2.683960 4.912750
v -33.429001 -2.683960 5.102295
v -34.972584 -2.683960 5.095364
v -34.969505 -2.685298 4.912750
v -33.353065 -2.683960 4.912750
v -33.353069 -2.683960 5.102295
v -33.353065 -2.528080 4.912750
v -33.353069 -2.528080 5.102295
v -33.353069 -2.683960 5.102295
v -33.353065 -2.683960 4.912750
v -33.353065 0.508072 4.912750
v -33.353069 0.508072 5.102295
v -33.347973 0.681366 5.102295
v -33.347977 0.681366 4.912750
v -33.359261 0.810381 5.102295
v -33.359261 0.810381 4.912750
v -33.397617 1.005957 5.102295
v -33.397614 1.005957 4.912750
v -33.485138 1.194760 5.102296
v -33.485134 1.194760 4.912750
v -33.662849 1.534863 5.102296
v -33.662849 1.534863 4.912750
v -33.941559 1.781386 5.102296
v -33.941559 1.781386 4.912750
v -34.228832 1.870539 5.102296
v -34.228832 1.870539 4.912750
v -34.487492 1.781386 5.102296
v -34.228832 1.870539 5.102296
v -34.228832 1.870539 4.912750
v -34.487492 1.781386 4.912750
v -34.730167 1.534863 5.102296
v -34.730167 1.534863 4.912750
v -34.889008 1.225286 5.102296
v -34.889008 1.225286 4.912750
v -35.005096 0.789197 5.170623
v -34.916386 0.985798 5.170623
v -34.956444 0.508076 5.151311
v -34.944626 0.681366 5.151311
v -35.005096 0.665128 5.170623
v -35.005096 0.511120 5.170623
v -34.938717 0.789197 5.151311
v -35.005096 0.789197 5.170623
v -35.068920 -2.633194 4.654877
v -35.053749 -2.588759 4.674190
v -35.005096 -2.509052 4.659405
v -35.005638 -2.633194 4.654877
v -36.602707 -2.484643 4.654877
v -36.602707 0.508072 4.654877
v -36.555710 0.508076 4.674190
v -36.555710 -2.588759 4.674190
v -36.493889 0.969030 4.674190
v -36.527721 0.789197 4.674190
v -36.596920 0.789197 4.654877
v -36.561081 0.985798 4.654877
v -35.160999 0.969030 4.674190
v -35.203358 1.144200 4.674190
v -35.163944 1.195368 4.654877
v -35.093807 0.985798 4.654877
v -35.341827 1.386986 4.674190
v -35.521210 1.569247 4.674190
v -35.536812 1.702655 4.654877
v -35.311096 1.460727 4.654877
v -35.781361 1.657420 4.641803
v -36.070312 1.569247 4.674190
v -36.052814 1.702655 4.654877
v -35.781361 1.769504 4.654877
v -36.279510 1.386986 4.674190
v -36.437119 1.113674 4.674190
v -36.479301 1.164842 4.654877
v -36.313240 1.460727 4.654877
v -36.602707 -2.633194 4.654877
v -36.531754 -2.633194 4.654877
v -35.068920 -2.633194 4.654877
v -36.531754 -2.633194 4.654877
v -36.555710 -2.588759 4.674190
v -35.053749 -2.588759 4.674190
v -36.504078 0.524947 4.694201
v -36.449230 0.529786 4.680988
v -36.449230 -2.527295 4.680988
v -36.504078 -2.563610 4.694201
v -36.407940 0.973692 4.694201
v -36.203968 0.862997 4.659824
v -36.355370 0.789975 4.680988
v -36.450386 0.789429 4.694201
v -35.086449 0.524947 4.694200
v -35.121185 0.529786 4.680988
v -35.133751 0.673450 4.680988
v -35.097431 0.701267 4.694200
v -35.230625 1.004218 4.694200
v -35.380463 0.862997 4.659824
v -35.319592 1.072663 4.659824
v -35.271610 1.150255 4.694200
v -35.370010 1.337451 4.694200
v -35.386623 1.280663 4.659824
v -35.557873 1.448809 4.659824
v -35.558487 1.510760 4.694200
v -35.781361 1.573430 4.694200
v -35.781361 1.529272 4.659824
v -36.029209 1.448809 4.659824
v -36.028515 1.510760 4.694200
v -36.229588 1.361870 4.694201
v -36.194370 1.280663 4.659824
v -36.266670 1.042137 4.659824
v -36.364082 1.119729 4.694201
v -35.086449 -2.563610 4.694200
v -35.121185 -2.527295 4.680988
v -36.504078 -2.563610 4.694201
v -36.449230 -2.527295 4.680988
v -35.121185 -2.527295 4.680988
v -35.086449 -2.563610 4.694200
v -36.504078 -2.563610 4.694201
v -36.555710 -2.588759 4.674190
v -36.555710 0.508076 4.674190
v -36.504078 0.524947 4.694201
v -36.657124 0.508072 4.723205
v -36.657124 -2.528080 4.723205
v -36.612576 1.005957 4.723204
v -36.650932 0.810381 4.723205
v -36.450386 0.789429 4.694201
v -36.527721 0.789197 4.674190
v -36.493889 0.969030 4.674190
v -36.407940 0.973692 4.694201
v -35.097431 0.701267 4.694200
v -35.065567 0.681366 4.674190
v -35.053749 0.508076 4.674190
v -35.086449 0.524947 4.694200
v -35.042313 1.005957 4.723204
v -35.093807 0.985798 4.654877
v -35.163944 1.195368 4.654877
v -35.121185 1.225286 4.723204
v -35.271610 1.150255 4.694200
v -35.203358 1.144200 4.674190
v -35.160999 0.969030 4.674190
v -35.230625 1.004218 4.694200
v -35.280025 1.534863 4.723204
v -35.522701 1.781386 4.723204
v -35.521210 1.569247 4.674190
v -35.341827 1.386986 4.674190
v -35.370010 1.337451 4.694200
v -35.558487 1.510760 4.694200
v -35.781361 1.870539 4.723204
v -36.068634 1.781386 4.723204
v -36.070312 1.569247 4.674190
v -35.781361 1.657420 4.641803
v -35.781361 1.573430 4.694200
v -36.028515 1.510760 4.694200
v -36.347343 1.534863 4.723204
v -36.525055 1.194760 4.723204
v -36.437119 1.113674 4.674190
v -36.279510 1.386986 4.674190
v -36.229588 1.361870 4.694201
v -36.364082 1.119729 4.694201
v -35.053749 -2.588759 4.674190
v -35.086449 -2.563610 4.694200
v -36.657124 -2.683960 4.723205
v -36.581192 -2.683960 4.723204
v -36.657124 -2.683960 4.723205
v -35.086449 -2.563610 4.694200
v -35.053749 -2.588759 4.674190
v -36.555710 -2.588759 4.674190
v -36.504078 -2.563610 4.694201
v -36.581192 -2.683960 4.723204
v -36.531754 -2.633194 4.654877
v -35.068920 -2.633194 4.654877
v -35.037609 -2.683960 4.730136
v -35.071476 0.789197 4.674190
v -35.120453 0.789429 4.694200
v -35.252609 0.789975 4.680988
v -35.120453 0.789429 4.694200
v -36.537052 0.681366 4.674190
v -36.486740 0.701267 4.694201
v -36.429394 0.673450 4.680988
v -36.486740 0.701267 4.694201
v -36.607464 0.681366 4.654877
v -36.662216 0.681366 4.723205
v -36.537052 0.681366 4.674190
v -35.203358 1.144200 4.674190
v -35.271610 1.150255 4.694200
v -35.203358 1.144200 4.674190
v -35.042313 1.005957 4.723204
v -35.042313 1.005957 4.912750
v -35.005096 0.857027 4.912750
v -35.005096 0.803165 4.824889
v -35.005096 0.795182 4.727714
v -35.071476 0.789197 4.674190
v -35.160999 0.969030 4.674190
v -35.093807 0.985798 4.654877
v -35.005096 0.789197 4.654877
v -35.230625 1.004218 4.694200
v -35.160999 0.969030 4.674190
v -35.071476 0.789197 4.674190
v -35.120453 0.789429 4.694200
v -36.449230 0.529786 4.680988
v -36.389786 0.554276 4.722961
v -36.389786 -2.486788 4.722961
v -36.449230 -2.527295 4.680988
v -36.203968 0.862997 4.659824
v -36.150047 0.840133 4.706950
v -36.279770 0.777824 4.722961
v -36.355370 0.789975 4.680988
v -35.121185 0.529786 4.680988
v -35.223545 0.554276 4.722961
v -35.238693 0.692640 4.722961
v -35.133751 0.673450 4.680988
v -35.380463 0.862997 4.659824
v -35.425991 0.840133 4.706950
v -35.360355 1.033284 4.706950
v -35.319592 1.072663 4.659824
v -35.386623 1.280663 4.659824
v -35.421665 1.214875 4.706950
v -35.562172 1.387801 4.706950
v -35.557873 1.448809 4.659824
v -35.781361 1.529272 4.659824
v -35.781361 1.477127 4.706950
v -36.024384 1.387801 4.706950
v -36.029209 1.448809 4.659824
v -36.194370 1.280663 4.659824
v -36.152664 1.214875 4.706950
v -36.217213 1.002758 4.706950
v -36.266670 1.042137 4.659824
v -35.121185 -2.527295 4.680988
v -35.158833 -2.486788 4.722961
v -35.316448 0.777824 4.722961
v -35.252609 0.789975 4.680988
v -36.429394 0.673450 4.680988
v -36.371845 0.692640 4.722961
v -36.389786 0.554276 4.722961
v -36.344418 0.544325 4.773560
v -36.344444 -2.470046 4.772925
v -36.389786 -2.486788 4.722961
v -36.150047 0.840133 4.706950
v -36.114468 0.818316 4.763050
v -36.202496 0.767372 4.772925
v -36.279770 0.777824 4.722961
v -35.223545 0.554276 4.722961
v -35.261833 0.548434 4.772925
v -35.275761 0.671777 4.772925
v -35.238693 0.692640 4.722961
v -35.425991 0.840133 4.706950
v -35.456032 0.818316 4.763050
v -35.385925 1.008788 4.763050
v -35.360355 1.033284 4.706950
v -35.421665 1.214875 4.706950
v -35.451801 1.167108 4.763050
v -35.581547 1.321261 4.763050
v -35.562172 1.387801 4.706950
v -35.781361 1.477127 4.706950
v -35.781361 1.431569 4.751040
v -36.002666 1.321261 4.763050
v -36.024384 1.387801 4.706950
v -36.152664 1.214875 4.706950
v -36.116798 1.167108 4.763050
v -36.186184 0.978262 4.763050
v -36.217213 1.002758 4.706950
v -35.158833 -2.486788 4.722961
v -35.261833 -2.470046 4.772925
v -36.389786 -2.486788 4.722961
v -35.158833 -2.486788 4.722961
v -35.358574 0.782180 4.772925
v -35.316448 0.777824 4.722961
v -36.371845 0.692640 4.722961
v -36.327923 0.667664 4.773560
v -36.217213 1.002758 4.706950
v -36.186184 0.978262 4.763050
v -36.114468 0.818316 4.763050
v -36.150047 0.840133 4.706950
v -35.360355 1.033284 4.706950
v -35.385925 1.008788 4.763050
v -35.456032 0.818316 4.763050
v -35.425991 0.840133 4.706950
v -36.314308 0.536365 4.912750
v -36.314342 -2.441812 4.912750
v -36.114468 0.818316 4.763050
v -36.080864 0.800202 4.912750
v -36.157124 0.766046 4.912750
v -35.287254 0.540474 4.912750
v -35.325249 0.659619 4.912750
v -35.456032 0.818316 4.763050
v -35.484413 0.800202 4.912750
v -35.417854 0.983255 4.912750
v -35.478054 1.134279 4.912750
v -35.609802 1.283184 4.912750
v -35.781361 1.365375 4.912750
v -35.970985 1.283184 4.912750
v -36.085552 1.134279 4.912750
v -36.147446 0.952729 4.912750
v -35.287254 -2.441812 4.912750
v -35.420017 0.766046 4.912750
v -36.269352 0.659619 4.912750
v -36.581196 -2.683960 4.912750
v -36.581192 -2.683960 4.723204
v -35.037609 -2.683960 4.730136
v -35.025799 -2.685298 4.912750
v -36.657127 -2.683960 4.912750
v -36.657124 -2.683960 4.723205
v -36.581192 -2.683960 4.723204
v -36.581196 -2.683960 4.912750
v -36.657127 -2.528080 4.912750
v -36.657124 -2.528080 4.723205
v -36.657124 -2.683960 4.723205
v -36.657127 -2.683960 4.912750
v -36.657127 0.508072 4.912750
v -36.657124 0.508072 4.723205
v -36.662216 0.681366 4.723205
v -36.662216 0.681366 4.912750
v -36.650932 0.810381 4.723205
v -36.650932 0.810381 4.912750
v -36.612576 1.005957 4.723204
v -36.612579 1.005957 4.912750
v -36.525055 1.194760 4.723204
v -36.525059 1.194760 4.912750
v -36.347343 1.534863 4.723204
v -36.347343 1.534863 4.912750
v -36.068634 1.781386 4.723204
v -36.068634 1.781386 4.912750
v -35.781361 1.870539 4.723204
v -35.781361 1.870539 4.912750
v -35.522701 1.781386 4.723204
v -35.781361 1.870539 4.723204
v -35.781361 1.870539 4.912750
v -35.522701 1.781386 4.912750
v -35.280025 1.534863 4.723204
v -35.280025 1.534863 4.912750
v -35.121185 1.225286 4.723204
v -35.121185 1.225286 4.912750
v -35.005096 0.789197 4.654877
v -35.093807 0.985798 4.654877
v -35.053749 0.508076 4.674190
v -35.065567 0.681366 4.674190
v -35.005096 0.665128 4.654877
v -35.005096 0.511120 4.654877
v -35.053749 -2.588759 4.674190
v -35.005096 -2.509052 4.659405
v -35.071476 0.789197 4.674190
v -35.005096 0.789197 4.654877
v -35.068920 -2.633194 5.170623
v -35.005096 -2.633194 5.170623
v -35.005096 -2.509052 5.166094
v -35.053749 -2.588759 5.151311
v -36.602707 -2.484643 5.170623
v -36.555710 -2.588759 5.151312
v -36.555710 0.508076 5.151312
v -36.602707 0.508072 5.170623
v -36.493889 0.969030 5.151312
v -36.561081 0.985798 5.170623
v -36.596920 0.789197 5.170623
v -36.527721 0.789197 5.151312
v -35.160999 0.969030 5.151311
v -35.093807 0.985798 5.170623
v -35.163944 1.195368 5.170623
v -35.203358 1.144200 5.151311
v -35.341827 1.386986 5.151311
v -35.311096 1.460727 5.170623
v -35.536812 1.702655 5.170623
v -35.521210 1.569247 5.151311
v -35.781361 1.657420 5.183699
v -35.781361 1.769504 5.170623
v -36.052814 1.702655 5.170623
v -36.070312 1.569247 5.151312
v -36.279510 1.386986 5.151312
v -36.313240 1.460727 5.170623
v -36.479301 1.164842 5.170623
v -36.437119 1.113674 5.151312
v -36.602707 -2.633194 5.170623
v -36.531754 -2.633194 5.170623
v -36.504078 0.524947 5.131300
v -36.504078 -2.563610 5.131300
v -36.449230 -2.527295 5.144512
v -36.449230 0.529786 5.144512
v -36.407940 0.973692 5.131300
v -36.450386 0.789429 5.131300
v -36.355370 0.789975 5.144512
v -36.203968 0.862997 5.165678
v -35.086449 0.524947 5.131300
v -35.097431 0.701267 5.131300
v -35.133751 0.673450 5.144512
v -35.121185 0.529786 5.144512
v -35.230625 1.004218 5.131300
v -35.271610 1.150255 5.131300
v -35.319592 1.072663 5.165677
v -35.380463 0.862997 5.165677
v -35.370010 1.337451 5.131300
v -35.558487 1.510760 5.131300
v -35.557873 1.448809 5.165677
v -35.386623 1.280663 5.165677
v -35.781361 1.573430 5.131300
v -36.028515 1.510760 5.131300
v -36.029209 1.448809 5.165677
v -35.781361 1.529272 5.165677
v -36.229588 1.361870 5.131300
v -36.364082 1.119729 5.131300
v -36.266670 1.042137 5.165678
v -36.194370 1.280663 5.165678
v -35.086449 -2.563610 5.131300
v -35.121185 -2.527295 5.144512
v -36.504078 -2.563610 5.131300
v -35.086449 -2.563610 5.131300
v -35.121185 -2.527295 5.144512
v -36.449230 -2.527295 5.144512
v -36.504078 -2.563610 5.131300
v -36.504078 0.524947 5.131300
v -36.555710 0.508076 5.151312
v -36.555710 -2.588759 5.151312
v -36.657124 0.508072 5.102296
v -36.657124 -2.528080 5.102296
v -36.612576 1.005957 5.102296
v -36.650932 0.810381 5.102296
v -36.450386 0.789429 5.131300
v -36.407940 0.973692 5.131300
v -36.493889 0.969030 5.151312
v -36.527721 0.789197 5.151312
v -35.097431 0.701267 5.131300
v -35.086449 0.524947 5.131300
v -35.053749 0.508076 5.151311
v -35.065567 0.681366 5.151311
v -35.042313 1.005957 5.102296
v -35.121185 1.225286 5.102296
v -35.163944 1.195368 5.170623
v -35.093807 0.985798 5.170623
v -35.271610 1.150255 5.131300
v -35.230625 1.004218 5.131300
v -35.160999 0.969030 5.151311
v -35.203358 1.144200 5.151311
v -35.280025 1.534863 5.102296
v -35.522701 1.781386 5.102296
v -35.521210 1.569247 5.151311
v -35.558487 1.510760 5.131300
v -35.370010 1.337451 5.131300
v -35.341827 1.386986 5.151311
v -35.781361 1.870539 5.102296
v -36.068634 1.781386 5.102296
v -36.070312 1.569247 5.151312
v -36.028515 1.510760 5.131300
v -35.781361 1.573430 5.131300
v -35.781361 1.657420 5.183699
v -36.347343 1.534863 5.102296
v -36.525055 1.194760 5.102296
v -36.437119 1.113674 5.151312
v -36.364082 1.119729 5.131300
v -36.229588 1.361870 5.131300
v -36.279510 1.386986 5.151312
v -35.086449 -2.563610 5.131300
v -35.053749 -2.588759 5.151311
v -36.657124 -2.683960 5.102296
v -36.581192 -2.683960 5.099948
v -36.657124 -2.683960 5.102296
v -35.086449 -2.563610 5.131300
v -36.504078 -2.563610 5.131300
v -36.555710 -2.588759 5.151312
v -35.053749 -2.588759 5.151311
v -36.581192 -2.683960 5.099948
v -35.037609 -2.683960 5.095364
v -35.068920 -2.633194 5.170623
v -36.531754 -2.633194 5.170623
v -35.071476 0.789197 5.151311
v -35.120453 0.789429 5.131300
v -35.120453 0.789429 5.131300
v -35.252609 0.789975 5.144512
v -36.486740 0.701267 5.131300
v -36.537052 0.681366 5.151312
v -36.429394 0.673450 5.144512
v -36.486740 0.701267 5.131300
v -36.607464 0.681366 5.170623
v -36.662216 0.681366 5.102296
v -36.537052 0.681366 5.151312
v -35.271610 1.150255 5.131300
v -35.203358 1.144200 5.151311
v -35.203358 1.144200 5.151311
v -35.042313 1.005957 5.102296
v -35.005096 0.795182 5.097785
v -35.005096 0.803165 5.000612
v -35.005096 0.857027 4.912750
v -35.042313 1.005957 4.912750
v -35.071476 0.789197 5.151311
v -35.005096 0.789197 5.170623
v -35.093807 0.985798 5.170623
v -35.160999 0.969030 5.151311
v -35.230625 1.004218 5.131300
v -35.120453 0.789429 5.131300
v -35.071476 0.789197 5.151311
v -35.160999 0.969030 5.151311
v -36.449230 0.529786 5.144512
v -36.449230 -2.527295 5.144512
v -36.389786 -2.486788 5.102539
v -36.389786 0.554276 5.102539
v -36.203968 0.862997 5.165678
v -36.355370 0.789975 5.144512
v -36.279770 0.777824 5.102539
v -36.150047 0.840133 5.118548
v -35.121185 0.529786 5.144512
v -35.133751 0.673450 5.144512
v -35.238693 0.692640 5.102539
v -35.223545 0.554276 5.102539
v -35.380463 0.862997 5.165677
v -35.319592 1.072663 5.165677
v -35.360355 1.033284 5.118548
v -35.425991 0.840133 5.118548
v -35.386623 1.280663 5.165677
v -35.557873 1.448809 5.165677
v -35.562172 1.387801 5.118548
v -35.421665 1.214875 5.118548
v -35.781361 1.529272 5.165677
v -36.029209 1.448809 5.165677
v -36.024384 1.387801 5.118548
v -35.781361 1.477127 5.118548
v -36.194370 1.280663 5.165678
v -36.266670 1.042137 5.165678
v -36.217213 1.002758 5.118548
v -36.152664 1.214875 5.118548
v -35.121185 -2.527295 5.144512
v -35.158833 -2.486788 5.102539
v -35.252609 0.789975 5.144512
v -35.316448 0.777824 5.102539
v -36.429394 0.673450 5.144512
v -36.371845 0.692640 5.102539
v -36.389786 0.554276 5.102539
v -36.389786 -2.486788 5.102539
v -36.344444 -2.470046 5.052577
v -36.344414 0.544325 5.051939
v -36.150047 0.840133 5.118548
v -36.279770 0.777824 5.102539
v -36.202496 0.767372 5.052577
v -36.114468 0.818316 5.062449
v -35.223545 0.554276 5.102539
v -35.238693 0.692640 5.102539
v -35.275761 0.671777 5.052576
v -35.261833 0.548434 5.052576
v -35.425991 0.840133 5.118548
v -35.360355 1.033284 5.118548
v -35.385925 1.008788 5.062449
v -35.456032 0.818316 5.062449
v -35.421665 1.214875 5.118548
v -35.562172 1.387801 5.118548
v -35.581547 1.321261 5.062449
v -35.451801 1.167108 5.062449
v -35.781361 1.477127 5.118548
v -36.024384 1.387801 5.118548
v -36.002666 1.321261 5.062449
v -35.781361 1.431569 5.074460
v -36.152664 1.214875 5.118548
v -36.217213 1.002758 5.118548
v -36.186184 0.978262 5.062449
v -36.116798 1.167108 5.062449
v -35.158833 -2.486788 5.102539
v -35.261833 -2.470046 5.052576
v -36.389786 -2.486788 5.102539
v -35.158833 -2.486788 5.102539
v -35.316448 0.777824 5.102539
v -35.358574 0.782180 5.052576
v -36.371845 0.692640 5.102539
v -36.327923 0.667664 5.051939
v -36.217213 1.002758 5.118548
v -36.150047 0.840133 5.118548
v -36.114468 0.818316 5.062449
v -36.186184 0.978262 5.062449
v -35.360355 1.033284 5.118548
v -35.385925 1.008788 5.062449
v -35.425991 0.840133 5.118548
v -35.456032 0.818316 5.062449
v -36.314342 -2.441812 4.912750
v -36.314308 0.536365 4.912750
v -36.114468 0.818316 5.062449
v -36.157124 0.766046 4.912750
v -36.080864 0.800202 4.912750
v -35.325249 0.659619 4.912750
v -35.287254 0.540474 4.912750
v -35.456032 0.818316 5.062449
v -35.417854 0.983255 4.912750
v -35.484413 0.800202 4.912750
v -35.609802 1.283184 4.912750
v -35.478054 1.134279 4.912750
v -35.970985 1.283184 4.912750
v -35.781361 1.365375 4.912750
v -36.147446 0.952729 4.912750
v -36.085552 1.134279 4.912750
v -35.287254 -2.441812 4.912750
v -35.420017 0.766046 4.912750
v -36.269352 0.659619 4.912750
v -35.037609 -2.683960 5.095364
v -35.005096 -2.658985 5.097007
v -35.005096 -2.633194 5.170623
v -35.068920 -2.633194 5.170623
v -36.581196 -2.683960 4.912750
v -35.025799 -2.685298 4.912750
v -35.037609 -2.683960 5.095364
v -36.581192 -2.683960 5.099948
v -36.657127 -2.683960 4.912750
v -36.581196 -2.683960 4.912750
v -36.581192 -2.683960 5.099948
v -36.657124 -2.683960 5.102296
v -36.657127 -2.528080 4.912750
v -36.657127 -2.683960 4.912750
v -36.657124 -2.683960 5.102296
v -36.657124 -2.528080 5.102296
v -36.657127 0.508072 4.912750
v -36.657124 0.508072 5.102296
v -36.662216 0.681366 5.102296
v -36.662216 0.681366 4.912750
v -36.650932 0.810381 5.102296
v -36.650932 0.810381 4.912750
v -36.612576 1.005957 5.102296
v -36.612579 1.005957 4.912750
v -36.525055 1.194760 5.102296
v -36.525059 1.194760 4.912750
v -36.347343 1.534863 5.102296
v -36.347343 1.534863 4.912750
v -36.068634 1.781386 5.102296
v -36.068634 1.781386 4.912750
v -35.781361 1.870539 5.102296
v -35.781361 1.870539 4.912750
v -35.522701 1.781386 5.102296
v -35.522701 1.781386 4.912750
v -35.781361 1.870539 4.912750
v -35.781361 1.870539 5.102296
v -35.280025 1.534863 5.102296
v -35.280025 1.534863 4.912750
v -35.121185 1.225286 5.102296
v -35.121185 1.225286 4.912750
v -35.093807 0.985798 5.170623
v -35.005096 0.789197 5.170623
v -35.053749 0.508076 5.151311
v -35.005096 0.511120 5.170623
v -35.005096 0.665128 5.170623
v -35.065567 0.681366 5.151311
v -35.053749 -2.588759 5.151311
v -35.005096 -2.509052 5.166094
v -35.005096 0.789197 5.170623
v -35.071476 0.789197 5.151311
v -35.005638 -2.633194 4.654877
v -35.007999 -2.683960 4.730136
v -35.037609 -2.683960 4.730136
v -35.068920 -2.633194 4.654877
v -35.025799 -2.685298 4.912750
v -35.037609 -2.683960 4.730136
v -35.007999 -2.683960 4.730136
v -34.999580 -2.685298 4.912750
v -34.941273 -2.633194 4.654877
v -34.972584 -2.683960 4.730136
v -35.007999 -2.683960 4.730136
v -34.999580 -2.685298 4.912750
v -35.007999 -2.683960 4.730136
v -34.972584 -2.683960 4.730136
v -34.969505 -2.685298 4.912750
v -35.005096 -2.658985 5.097007
v -35.037609 -2.683960 5.095364
v -35.025799 -2.685298 4.912750
v -34.999580 -2.685298 4.912750
v -34.972584 -2.683960 5.095364
v -35.005096 -2.658985 5.097007
v -34.999580 -2.685298 4.912750
v -34.969505 -2.685298 4.912750
v -34.956444 -2.588759 5.151311
v -34.956444 0.508076 5.151311
v -35.005096 0.511120 5.170623
v -35.005096 -2.509052 5.166094
v -37.059818 -2.805601 5.221828
v -37.059818 -2.805601 4.603673
v -37.059818 -3.011817 4.603673
v -37.059818 -3.011817 5.221828
v -37.059818 -3.011817 5.221828
v -36.792671 -3.011817 4.603672
v -36.792671 -3.011817 5.221828
v -36.814106 -2.784222 4.641328
v -37.059818 -3.011817 5.221828
v -36.792671 -3.011817 5.221828
v -36.799252 -2.792635 5.221828
v -37.059818 -2.805601 5.221828
v -32.950375 -2.805601 5.221828
v -32.950375 -2.805601 4.603672
v -32.950375 1.192961 4.603672
v -32.950375 1.192961 5.221828
v -33.352943 0.834048 5.098032
v -33.352943 0.834048 4.727467
v -33.352943 -2.678185 4.759634
v -33.352943 -2.678185 5.065866
v -33.217522 -3.011817 5.221828
v -33.217522 -3.011817 4.603672
v -32.950375 -3.011817 4.603672
v -32.950375 -3.011817 5.221828
v -33.225838 -2.800669 4.635729
v -33.207394 1.063018 4.592515
v -33.210941 -2.792635 5.221828
v -32.950375 -2.805601 5.221828
v -32.950375 1.192961 5.221828
v -33.210941 1.071292 5.221828
v -33.384541 1.982840 4.582520
v -33.181480 2.170453 4.603672
v -33.181480 2.170453 5.221828
v -33.181480 2.170453 5.221828
v -33.392471 1.990333 5.221828
v -33.651627 1.951813 5.012726
v -33.651627 1.951813 4.812772
v -33.499264 1.180479 4.746787
v -33.499264 1.180479 5.078713
v -36.795666 1.079470 4.598114
v -37.059818 1.192961 4.603673
v -36.828712 2.170453 4.603673
v -36.609749 1.997626 4.587553
v -37.059818 1.192961 5.221828
v -36.828712 2.170453 5.221828
v -37.059818 1.192961 5.221828
v -36.799252 1.071292 5.221828
v -36.617722 1.990333 5.221828
v -36.828712 2.170453 5.221828
v -36.510929 1.180479 5.078713
v -36.510929 1.180479 4.746787
v -36.358566 1.951813 4.812773
v -36.358566 1.951813 5.012726
v -36.261009 3.019468 4.603672
v -36.191154 2.715360 4.578856
v -36.261009 3.019468 5.221828
v -36.202553 2.710016 5.221828
v -36.261009 3.019468 5.221828
v -36.010120 2.579701 4.812773
v -36.010120 2.579701 5.012726
v -35.649544 3.474798 4.603672
v -35.605831 3.200391 4.572492
v -35.649544 3.474798 5.221828
v -35.619553 3.197748 5.221828
v -35.649544 3.474798 5.221828
v -35.520805 3.013991 4.812773
v -35.520805 3.013991 5.012726
v -34.990223 3.440549 4.568815
v -35.005096 3.685392 4.603672
v -34.360649 3.474798 4.603672
v -34.376938 3.194756 4.570574
v -35.005096 3.685392 5.221828
v -34.360649 3.474798 5.221828
v -35.005096 3.685392 5.221828
v -35.005096 3.440741 5.221828
v -34.390640 3.197748 5.221828
v -34.360649 3.474798 5.221828
v -35.005096 3.225216 5.012726
v -35.005096 3.225216 4.812772
v -34.489388 3.013991 4.812772
v -34.489388 3.013991 5.012726
v -33.796265 2.704381 4.575119
v -33.749184 3.019468 4.603672
v -33.749184 3.019468 5.221828
v -33.749184 3.019468 5.221828
v -33.807640 2.710016 5.221828
v -34.000072 2.579701 5.012726
v -34.000072 2.579701 4.812772
v -36.657249 -2.678185 5.065866
v -36.657249 -2.678185 4.759634
v -36.657249 0.834048 4.727467
v -36.657249 0.834048 5.098032
v -33.217522 -3.011817 5.221828
v -32.950375 -3.011817 5.221828
v -32.950375 -3.011817 5.221828
v -33.207394 1.063018 4.592515
v -33.225838 -2.800669 4.635729
v -33.352943 -2.678185 4.759634
v -33.352943 0.834048 4.727467
v -33.384541 1.982840 4.582520
v -33.520107 1.929144 4.759634
v -33.520107 1.929144 5.065866
v -36.795666 1.079470 4.598114
v -36.609749 1.997626 4.587553
v -36.490086 1.929144 4.759634
v -36.657249 0.834048 4.727467
v -36.490086 1.929144 5.065866
v -36.191154 2.715360 4.578856
v -36.107780 2.618047 4.759634
v -36.107780 2.618047 5.065866
v -35.605831 3.200391 4.572492
v -35.570919 3.094539 4.759634
v -35.570919 3.094539 5.065866
v -34.990223 3.440549 4.568815
v -34.376938 3.194756 4.570574
v -34.439274 3.094539 4.759634
v -35.005096 3.326291 4.759634
v -35.005096 3.326291 5.065866
v -34.439274 3.094539 5.065866
v -33.796265 2.704381 4.575119
v -33.902412 2.618047 4.759634
v -33.902412 2.618047 5.065866
v -36.814106 -2.784222 4.641328
v -36.657249 -2.678185 4.759634
v -33.520107 1.929144 4.759634
v -33.352943 0.834048 4.727467
v -33.426105 0.950422 4.718990
v -33.585865 1.940481 4.727259
v -33.352943 0.834048 4.727467
v -33.352943 0.834048 5.098032
v -33.426105 0.950422 5.106508
v -33.426105 0.950422 4.718990
v -33.352943 0.834048 5.098032
v -33.520107 1.929144 5.065866
v -33.585865 1.940481 5.098242
v -33.426105 0.950422 5.106508
v -36.657249 0.834048 5.098032
v -36.657249 0.834048 4.727467
v -36.584087 0.950422 4.718991
v -36.584087 0.950422 5.106508
v -36.657249 0.834048 4.727467
v -36.490086 1.929144 4.759634
v -36.424328 1.940481 4.727260
v -36.584087 0.950422 4.718991
v -36.490086 1.929144 5.065866
v -36.657249 0.834048 5.098032
v -36.584087 0.950422 5.106508
v -36.424328 1.940481 5.098242
v -36.490086 1.929144 4.759634
v -36.107780 2.618047 4.759634
v -36.058949 2.598876 4.727259
v -36.424328 1.940481 4.727260
v -36.107780 2.618047 5.065866
v -36.490086 1.929144 5.065866
v -36.424328 1.940481 5.098242
v -36.058949 2.598876 5.098242
v -36.107780 2.618047 4.759634
v -35.570919 3.094539 4.759634
v -35.545860 3.054265 4.727259
v -36.058949 2.598876 4.727259
v -35.570919 3.094539 5.065866
v -36.107780 2.618047 5.065866
v -36.058949 2.598876 5.098242
v -35.545860 3.054265 5.098242
v -35.005096 3.326291 4.759634
v -34.439274 3.094539 4.759634
v -34.464333 3.054265 4.727259
v -35.005096 3.275753 4.727259
v -34.439274 3.094539 5.065866
v -35.005096 3.326291 5.065866
v -35.005096 3.275753 5.098242
v -34.464333 3.054265 5.098242
v -33.902412 2.618047 4.759634
v -33.520107 1.929144 4.759634
v -33.585865 1.940481 4.727259
v -33.951244 2.598876 4.727259
v -33.520107 1.929144 5.065866
v -33.902412 2.618047 5.065866
v -33.951244 2.598876 5.098242
v -33.585865 1.940481 5.098242
v -35.570919 3.094539 4.759634
v -35.005096 3.326291 4.759634
v -35.005096 3.275753 4.727259
v -35.545860 3.054265 4.727259
v -35.005096 3.326291 5.065866
v -35.570919 3.094539 5.065866
v -35.545860 3.054265 5.098242
v -35.005096 3.275753 5.098242
v -34.439274 3.094539 4.759634
v -33.902412 2.618047 4.759634
v -33.951244 2.598876 4.727259
v -34.464333 3.054265 4.727259
v -33.902412 2.618047 5.065866
v -34.439274 3.094539 5.065866
v -34.464333 3.054265 5.098242
v -33.951244 2.598876 5.098242
v -36.010120 2.579701 4.812773
v -36.358566 1.951813 4.812773
v -36.358566 1.951813 4.812773
v -36.510929 1.180479 4.746787
v -36.510929 1.180479 4.746787
v -36.510929 1.180479 5.078713
v -36.510929 1.180479 5.078713
v -36.358566 1.951813 5.012726
v -36.358566 1.951813 5.012726
v -36.010120 2.579701 5.012726
v -36.010120 2.579701 5.012726
v -35.520805 3.013991 5.012726
v -35.520805 3.013991 5.012726
v -35.005096 3.225216 5.012726
v -35.005096 3.225216 5.012726
v -34.489388 3.013991 5.012726
v -34.489388 3.013991 5.012726
v -34.000072 2.579701 5.012726
v -34.000072 2.579701 5.012726
v -33.651627 1.951813 5.012726
v -33.651627 1.951813 5.012726
v -33.499264 1.180479 5.078713
v -33.499264 1.180479 5.078713
v -33.499264 1.180479 4.746787
v -33.499264 1.180479 4.746787
v -33.651627 1.951813 4.812772
v -33.651627 1.951813 4.812772
v -34.000072 2.579701 4.812772
v -34.000072 2.579701 4.812772
v -34.489388 3.013991 4.812772
v -34.489388 3.013991 4.812772
v -35.005096 3.225216 4.812772
v -35.005096 3.225216 4.812772
v -35.520805 3.013991 4.812773
v -35.520805 3.013991 4.812773
v -36.010120 2.579701 4.812773
vn 1.0000 -0.0000 -0.0000
vn -0.0000 1.0000 -0.0000
vn -0.0000 0.9585 -0.2850
vn -1.0000 -0.0000 -0.0000
vn -0.0000 -1.0000 -0.0000
vn -0.0000 -0.9956 0.0938
vn -0.0000 -0.0000 -1.0000
vn -0.0000 -0.0000 1.0000
vn -0.0000 -0.9828 0.1844
vn -0.0000 0.8607 -0.5092
vn -0.2006 0.2110 -0.9567
vn -0.3843 0.3915 -0.8361
vn -0.2057 0.5131 -0.8333
vn -0.1044 0.2771 -0.9552
vn -0.2638 0.1142 -0.9578
vn -0.5027 0.2112 -0.8382
vn -0.2854 0.0010 -0.9584
vn -0.5435 -0.0004 -0.8394
vn -0.2624 -0.1120 -0.9584
vn -0.5006 -0.2114 -0.8394
vn -0.1983 -0.2078 -0.9578
vn -0.3806 -0.3904 -0.8383
vn -0.1025 -0.2724 -0.9567
vn -0.2012 -0.5101 -0.8362
vn 0.0111 -0.2956 -0.9553
vn 0.0107 -0.5524 -0.8335
vn 0.1254 -0.2736 -0.9536
vn 0.2230 -0.5105 -0.8305
vn 0.2229 -0.2092 -0.9521
vn 0.4035 -0.3901 -0.8277
vn 0.2884 -0.1120 -0.9509
vn 0.5241 -0.2094 -0.8255
vn 0.3114 0.0033 -0.9503
vn 0.5662 0.0040 -0.8243
vn 0.2880 0.1186 -0.9503
vn 0.5229 0.2173 -0.8243
vn 0.2219 0.2158 -0.9509
vn 0.4009 0.3974 -0.8254
vn 0.1237 0.2799 -0.9520
vn 0.2194 0.5168 -0.8275
vn 0.0087 0.3011 -0.9536
vn 0.0063 0.5573 -0.8303
vn 0.3511 -0.3384 -0.8730
vn 0.1979 -0.4486 -0.8715
vn 0.4562 -0.1822 -0.8711
vn 0.4938 0.0037 -0.8695
vn 0.4543 0.1888 -0.8706
vn 0.3474 0.3443 -0.8722
vn 0.1938 0.4525 -0.8704
vn 0.0096 0.4956 -0.8685
vn -0.1825 0.4525 -0.8729
vn -0.3355 0.3427 -0.8775
vn -0.4481 0.1911 -0.8733
vn -0.4957 -0.0002 -0.8685
vn -0.4471 -0.1913 -0.8738
vn -0.3337 -0.3423 -0.8783
vn -0.1794 -0.4516 -0.8740
vn 0.0135 -0.4934 -0.8697
vn 0.4846 -0.4695 -0.7380
vn 0.2755 -0.6259 -0.7296
vn 0.6351 -0.2562 -0.7287
vn 0.6922 0.0045 -0.7217
vn 0.6334 0.2649 -0.7270
vn 0.4815 0.4776 -0.7349
vn 0.2710 0.6327 -0.7255
vn -0.0023 0.7009 -0.7133
vn -0.2597 0.6290 -0.7328
vn -0.4592 0.4670 -0.7557
vn -0.6238 0.2690 -0.7338
vn -0.7051 -0.0011 -0.7091
vn -0.6212 -0.2702 -0.7356
vn -0.4548 -0.4663 -0.7587
vn -0.2542 -0.6264 -0.7369
vn 0.0034 -0.6962 -0.7179
vn 0.3384 -0.3246 -0.8832
vn 0.1310 -0.1174 -0.9844
vn 0.1481 -0.2096 -0.9665
vn 0.3005 -0.3516 -0.8866
vn 0.3648 -0.2860 -0.8860
vn 0.2249 -0.1340 -0.9651
vn 0.7092 0.0043 -0.7050
vn 0.4943 0.0043 -0.8693
vn 0.3623 0.2927 -0.8849
vn 0.2233 0.1399 -0.9647
vn 0.3355 0.3309 -0.8820
vn 0.1299 0.1227 -0.9839
vn 0.2972 0.3574 -0.8854
vn 0.1461 0.2148 -0.9657
vn 0.0112 0.6914 -0.7224
vn -0.0074 0.4737 -0.8806
vn -0.2825 0.3547 -0.8913
vn -0.1287 0.2159 -0.9679
vn -0.3222 0.3308 -0.8870
vn -0.1113 0.1230 -0.9861
vn -0.3461 0.2913 -0.8918
vn -0.2027 0.1394 -0.9693
vn -0.6721 -0.0012 -0.7405
vn -0.4522 0.0006 -0.8919
vn -0.3440 -0.2903 -0.8930
vn -0.2021 -0.1369 -0.9697
vn -0.3199 -0.3298 -0.8882
vn -0.1105 -0.1196 -0.9866
vn -0.2801 -0.3536 -0.8925
vn -0.1272 -0.2129 -0.9688
vn 0.0177 -0.6898 -0.7237
vn -0.0037 -0.4715 -0.8818
vn 0.5659 -0.2827 -0.7745
vn 0.2960 -0.5514 -0.7799
vn 0.2960 -0.5515 -0.7799
vn 0.4811 -0.2213 -0.8483
vn 0.4799 0.2292 -0.8469
vn 0.2924 0.5588 -0.7760
vn 0.2924 0.5588 -0.7761
vn 0.5644 0.2910 -0.7725
vn 0.5644 0.2911 -0.7725
vn 0.2320 0.4734 -0.8498
vn -0.2163 0.4689 -0.8564
vn -0.5428 0.2829 -0.7907
vn -0.5428 0.2829 -0.7908
vn -0.2783 0.5528 -0.7855
vn -0.2783 0.5528 -0.7854
vn -0.4578 0.2227 -0.8607
vn -0.4555 -0.2223 -0.8620
vn -0.2731 -0.5499 -0.7893
vn -0.2731 -0.5500 -0.7893
vn -0.5398 -0.2833 -0.7927
vn -0.5397 -0.2833 -0.7927
vn -0.2120 -0.4656 -0.8592
vn 0.2352 -0.4666 -0.8527
vn 0.2351 -0.4665 -0.8527
vn 0.4517 -0.4383 -0.7771
vn 0.4487 -0.4651 -0.7631
vn 0.4781 -0.4353 -0.7628
vn 0.6195 0.0041 -0.7850
vn 0.4745 0.4423 -0.7610
vn 0.4480 0.4451 -0.7754
vn 0.4448 0.4718 -0.7613
vn 0.0052 0.6135 -0.7896
vn -0.4333 0.4689 -0.7697
vn -0.4360 0.4424 -0.7837
vn -0.4628 0.4392 -0.7700
vn -0.6043 -0.0008 -0.7968
vn -0.4595 -0.4397 -0.7717
vn -0.4327 -0.4426 -0.7854
vn -0.4296 -0.4692 -0.7715
vn 0.0101 -0.6103 -0.7921
vn 0.2792 -0.2652 -0.9229
vn 0.2610 -0.2278 -0.9381
vn 0.2419 -0.2472 -0.9383
vn 0.2948 0.0033 -0.9555
vn 0.2398 0.2532 -0.9372
vn 0.2770 0.2714 -0.9217
vn 0.2591 0.2340 -0.9371
vn 0.0089 0.2870 -0.9579
vn -0.2415 0.2323 -0.9422
vn -0.2599 0.2697 -0.9272
vn -0.2222 0.2516 -0.9420
vn -0.2750 0.0010 -0.9615
vn -0.2203 -0.2493 -0.9430
vn -0.2578 -0.2677 -0.9284
vn -0.2397 -0.2301 -0.9432
vn 0.0112 -0.2828 -0.9591
vn -0.9026 -0.0040 -0.4304
vn -0.9027 -0.0040 -0.4303
vn -0.8327 0.3403 -0.4368
vn -0.8330 0.3396 -0.4368
vn -0.8326 -0.3480 -0.4308
vn -0.8323 -0.3488 -0.4308
vn -0.6344 -0.6369 -0.4381
vn -0.6333 -0.6380 -0.4381
vn -0.3405 -0.8249 -0.4512
vn -0.3387 -0.8256 -0.4513
vn 0.0008 -0.8835 -0.4685
vn 0.0029 -0.8834 -0.4686
vn 0.3351 -0.8064 -0.4873
vn 0.3368 -0.8056 -0.4875
vn 0.6114 -0.6093 -0.5050
vn 0.6124 -0.6082 -0.5051
vn 0.8151 -0.3198 -0.4831
vn 0.8144 -0.3211 -0.4833
vn 0.8946 0.0033 -0.4470
vn 0.8945 0.0032 -0.4470
vn 0.8092 0.3242 -0.4900
vn 0.8086 0.3253 -0.4903
vn 0.6016 0.6086 -0.5174
vn 0.6028 0.6074 -0.5174
vn 0.3255 0.8006 -0.5031
vn 0.3273 0.7998 -0.5032
vn -0.0061 0.8744 -0.4851
vn -0.0039 0.8744 -0.4852
vn -0.3443 0.8150 -0.4662
vn -0.3424 0.8157 -0.4662
vn -0.6358 0.6276 -0.4493
vn -0.6348 0.6286 -0.4493
vn -0.2057 0.5131 0.8333
vn -0.3843 0.3915 0.8361
vn -0.2002 0.2115 0.9567
vn -0.1051 0.2768 0.9552
vn -0.5027 0.2112 0.8382
vn -0.2636 0.1146 0.9578
vn -0.5435 -0.0004 0.8394
vn -0.2853 0.0011 0.9584
vn -0.5006 -0.2114 0.8394
vn -0.2623 -0.1121 0.9584
vn -0.3806 -0.3904 0.8383
vn -0.1980 -0.2081 0.9578
vn -0.2012 -0.5101 0.8362
vn -0.1019 -0.2726 0.9567
vn 0.0107 -0.5525 0.8335
vn 0.0119 -0.2956 0.9552
vn 0.2230 -0.5105 0.8305
vn 0.1261 -0.2733 0.9536
vn 0.4035 -0.3901 0.8277
vn 0.2234 -0.2087 0.9521
vn 0.5242 -0.2094 0.8255
vn 0.2886 -0.1115 0.9509
vn 0.5662 0.0040 0.8243
vn 0.3114 0.0035 0.9503
vn 0.5229 0.2173 0.8243
vn 0.2880 0.1185 0.9503
vn 0.4009 0.3974 0.8254
vn 0.2222 0.2155 0.9509
vn 0.2194 0.5168 0.8275
vn 0.1243 0.2796 0.9520
vn 0.0063 0.5573 0.8303
vn 0.0095 0.3011 0.9535
vn 0.3511 -0.3384 0.8731
vn 0.1979 -0.4486 0.8715
vn 0.4562 -0.1822 0.8710
vn 0.4938 0.0038 0.8695
vn 0.4542 0.1891 0.8706
vn 0.3477 0.3440 0.8722
vn 0.1938 0.4525 0.8704
vn 0.0096 0.4956 0.8685
vn -0.1825 0.4525 0.8729
vn -0.3355 0.3428 0.8775
vn -0.4481 0.1911 0.8733
vn -0.4957 -0.0002 0.8685
vn -0.4471 -0.1913 0.8738
vn -0.3335 -0.3425 0.8783
vn -0.1794 -0.4516 0.8740
vn 0.0135 -0.4934 0.8697
vn 0.4844 -0.4698 0.7381
vn 0.2755 -0.6259 0.7296
vn 0.6351 -0.2562 0.7287
vn 0.6922 0.0045 0.7217
vn 0.6335 0.2649 0.7270
vn 0.4815 0.4776 0.7349
vn 0.2710 0.6326 0.7255
vn -0.0023 0.7009 0.7133
vn -0.2597 0.6290 0.7328
vn -0.4592 0.4670 0.7557
vn -0.6238 0.2690 0.7339
vn -0.7051 -0.0011 0.7091
vn -0.6212 -0.2703 0.7356
vn -0.4549 -0.4663 0.7587
vn -0.2542 -0.6264 0.7369
vn 0.0034 -0.6962 0.7179
vn 0.1481 -0.2096 0.9665
vn 0.1310 -0.1174 0.9844
vn 0.3384 -0.3246 0.8832
vn 0.3005 -0.3516 0.8866
vn 0.2249 -0.1340 0.9651
vn 0.3648 -0.2860 0.8860
vn 0.4943 0.0044 0.8693
vn 0.7092 0.0043 0.7050
vn 0.2233 0.1399 0.9647
vn 0.3623 0.2927 0.8849
vn 0.1299 0.1227 0.9839
vn 0.3355 0.3309 0.8820
vn 0.1461 0.2148 0.9657
vn 0.2972 0.3574 0.8854
vn -0.0073 0.4737 0.8807
vn 0.0122 0.6915 0.7222
vn -0.1287 0.2159 0.9679
vn -0.2825 0.3548 0.8913
vn -0.1113 0.1230 0.9861
vn -0.3222 0.3308 0.8870
vn -0.2027 0.1394 0.9693
vn -0.3461 0.2913 0.8918
vn -0.4522 0.0006 0.8919
vn -0.6721 -0.0011 0.7405
vn -0.2022 -0.1369 0.9697
vn -0.3440 -0.2903 0.8930
vn -0.1105 -0.1196 0.9866
vn -0.3198 -0.3298 0.8882
vn -0.1272 -0.2129 0.9688
vn -0.2801 -0.3536 0.8925
vn -0.0037 -0.4716 0.8818
vn 0.0178 -0.6898 0.7237
vn 0.5659 -0.2827 0.7745
vn 0.2960 -0.5514 0.7799
vn 0.2960 -0.5515 0.7799
vn 0.4811 -0.2213 0.8483
vn 0.4799 0.2292 0.8469
vn 0.2924 0.5588 0.7761
vn 0.2924 0.5588 0.7760
vn 0.5644 0.2911 0.7725
vn 0.5644 0.2910 0.7725
vn 0.2320 0.4734 0.8498
vn -0.2163 0.4689 0.8564
vn -0.5428 0.2829 0.7907
vn -0.5428 0.2829 0.7908
vn -0.2783 0.5528 0.7855
vn -0.2783 0.5528 0.7854
vn -0.4578 0.2227 0.8607
vn -0.4555 -0.2223 0.8620
vn -0.2731 -0.5499 0.7893
vn -0.2731 -0.5500 0.7893
vn -0.5398 -0.2833 0.7927
vn -0.5397 -0.2833 0.7927
vn -0.2120 -0.4656 0.8592
vn 0.2351 -0.4665 0.8527
vn 0.4518 -0.4381 0.7771
vn 0.4487 -0.4651 0.7631
vn 0.4781 -0.4353 0.7628
vn 0.6195 0.0042 0.7850
vn 0.4745 0.4423 0.7610
vn 0.4481 0.4450 0.7754
vn 0.4448 0.4718 0.7613
vn 0.0057 0.6136 0.7896
vn -0.4333 0.4689 0.7697
vn -0.4359 0.4426 0.7837
vn -0.4628 0.4392 0.7700
vn -0.6043 -0.0007 0.7968
vn -0.4595 -0.4397 0.7717
vn -0.4326 -0.4427 0.7854
vn -0.4296 -0.4692 0.7715
vn 0.0106 -0.6103 0.7921
vn 0.2792 -0.2652 0.9229
vn 0.2610 -0.2278 0.9381
vn 0.2419 -0.2472 0.9383
vn 0.2948 0.0033 0.9555
vn 0.2398 0.2532 0.9372
vn 0.2770 0.2714 0.9217
vn 0.2591 0.2340 0.9371
vn 0.0089 0.2870 0.9579
vn -0.2415 0.2323 0.9422
vn -0.2599 0.2697 0.9272
vn -0.2222 0.2516 0.9420
vn -0.2750 0.0010 0.9615
vn -0.2203 -0.2493 0.9430
vn -0.2578 -0.2677 0.9284
vn -0.2397 -0.2301 0.9432
vn 0.0112 -0.2828 0.9591
vn -0.8353 0.3405 0.4317
vn -0.9054 -0.0043 0.4245
vn -0.9054 -0.0042 0.4245
vn -0.8355 0.3399 0.4318
vn -0.8350 -0.3496 0.4250
vn -0.8353 -0.3489 0.4250
vn -0.6356 -0.6392 0.4330
vn -0.6365 -0.6382 0.4330
vn -0.3404 -0.8268 0.4478
vn -0.3421 -0.8262 0.4476
vn 0.0015 -0.8841 0.4672
vn -0.0004 -0.8842 0.4671
vn 0.3352 -0.8054 0.4888
vn 0.3336 -0.8061 0.4887
vn 0.6098 -0.6074 0.5091
vn 0.6089 -0.6083 0.5091
vn 0.8109 -0.3206 0.4895
vn 0.8116 -0.3193 0.4893
vn 0.8910 0.0029 0.4541
vn 0.8910 0.0030 0.4541
vn 0.8045 0.3240 0.4977
vn 0.8052 0.3228 0.4975
vn 0.5994 0.6052 0.5238
vn 0.5984 0.6063 0.5238
vn 0.3252 0.7979 0.5075
vn 0.3236 0.7987 0.5074
vn -0.0054 0.8735 0.4867
vn -0.0073 0.8736 0.4866
vn -0.3440 0.8157 0.4651
vn -0.3456 0.8151 0.4650
vn -0.6368 0.6290 0.4459
vn -0.6377 0.6281 0.4458
vn 0.0274 0.3727 -0.9275
vn 0.0099 0.3893 -0.9210
vn 0.2356 0.1561 -0.9592
vn 0.4295 -0.0013 -0.9030
vn 0.3487 0.0004 -0.9372
vn -0.1926 0.2127 -0.9580
vn -0.3755 -0.0009 -0.9268
vn -0.2666 -0.0412 -0.9629
vn -0.2669 -0.0800 -0.9604
vn 0.4130 0.1338 -0.9009
vn 0.3925 0.0583 -0.9179
vn 0.2910 -0.0851 -0.9529
vn 0.2911 -0.0851 -0.9529
vn 0.0900 -0.1147 -0.9893
vn 0.2280 -0.1559 -0.9611
vn -0.3450 0.2214 -0.9121
vn -0.2503 0.3195 -0.9139
vn -0.0773 -0.1152 -0.9903
vn -0.0004 -0.0217 -0.9998
vn -0.0004 0.3435 -0.9392
vn 0.2185 0.3204 -0.9218
vn -0.2589 -0.1295 -0.9572
vn -0.2104 -0.1544 -0.9653
vn 0.3296 0.2273 -0.9163
vn 0.3518 0.1763 -0.9193
vn 0.4912 -0.2426 -0.8366
vn -0.0104 0.3506 -0.9365
vn 0.2336 0.0016 -0.9723
vn 0.2337 0.0012 -0.9723
vn 0.2342 -0.0000 -0.9722
vn 0.1835 0.0105 -0.9830
vn 0.1946 0.0049 -0.9809
vn 0.1497 0.0477 -0.9876
vn 0.1477 0.0355 -0.9884
vn -0.3546 0.0016 -0.9350
vn -0.3549 0.0011 -0.9349
vn -0.1898 0.0791 -0.9786
vn -0.2295 0.0653 -0.9711
vn -0.1876 0.0325 -0.9817
vn -0.2450 0.0142 -0.9694
vn -0.4402 0.1261 -0.8890
vn -0.3790 0.0282 -0.9250
vn -0.4579 0.2776 -0.8446
vn -0.4265 0.3555 -0.8317
vn -0.2518 0.4995 -0.8289
vn -0.3204 0.4639 -0.8259
vn -0.0011 0.5445 -0.8388
vn 0.0012 0.5445 -0.8388
vn 0.2151 0.4687 -0.8568
vn 0.2562 0.4170 -0.8720
vn 0.3179 0.1951 -0.9278
vn 0.3134 0.2595 -0.9135
vn 0.2860 0.0784 -0.9550
vn 0.2616 0.0377 -0.9644
vn -0.3555 -0.0000 -0.9347
vn -0.0000 -0.3419 -0.9397
vn -0.3614 -0.0000 -0.9324
vn -0.3626 -0.0030 -0.9319
vn -0.3619 -0.0013 -0.9322
vn 0.7822 -0.0012 -0.6231
vn 0.7822 -0.0000 -0.6230
vn 0.7382 0.2390 -0.6309
vn 0.7665 0.1204 -0.6308
vn -0.2625 -0.0574 -0.9632
vn -0.2544 -0.0549 -0.9655
vn -0.2442 -0.0692 -0.9672
vn -0.2423 -0.0620 -0.9682
vn 0.5206 -0.0432 -0.8527
vn 0.4912 -0.0544 -0.8693
vn 0.5237 -0.0031 -0.8519
vn 0.5225 -0.0010 -0.8526
vn -0.7478 0.2598 -0.6110
vn -0.7047 0.3244 -0.6310
vn -0.4679 0.1976 -0.8614
vn 0.2993 -0.0777 -0.9510
vn 0.2993 -0.0776 -0.9510
vn -0.5670 0.4470 -0.6919
vn -0.3251 0.5518 -0.7680
vn 0.2466 -0.2058 -0.9470
vn 0.1382 -0.3447 -0.9285
vn 0.1366 -0.3472 -0.9278
vn 0.2694 -0.1937 -0.9434
vn 0.0017 0.5959 -0.8031
vn 0.2983 0.5576 -0.7747
vn -0.0009 -0.4371 -0.8994
vn -0.1272 -0.3493 -0.9284
vn -0.1170 -0.3649 -0.9237
vn 0.0004 -0.4371 -0.8994
vn 0.5335 0.4567 -0.7119
vn 0.6777 0.3476 -0.6480
vn -0.2473 -0.1939 -0.9493
vn -0.2638 -0.1184 -0.9573
vn -0.2740 -0.1406 -0.9514
vn -0.2349 -0.2053 -0.9501
vn 0.5220 -0.0000 -0.8530
vn -0.0000 -0.8027 -0.5964
vn -0.0000 0.6226 -0.7825
vn -0.0013 -0.8166 -0.5773
vn -0.0013 -0.8166 -0.5772
vn 0.4560 -0.0673 -0.8874
vn 0.4561 -0.0673 -0.8874
vn -0.1433 0.0507 -0.9884
vn -0.1421 0.0642 -0.9878
vn -0.3377 -0.0581 -0.9394
vn -0.3584 -0.0481 -0.9323
vn 0.1933 0.0523 -0.9797
vn 0.1866 0.0580 -0.9807
vn 0.4120 0.0021 -0.9112
vn 0.7795 0.0155 -0.6263
vn -0.2918 -0.0180 -0.9563
vn 0.3108 -0.1712 -0.9349
vn 0.2624 -0.1475 -0.9536
vn -0.9622 0.2718 -0.0143
vn -0.9589 0.2744 -0.0719
vn -0.9650 0.2190 -0.1440
vn -0.9813 0.1899 -0.0314
vn 0.2613 -0.1237 -0.9573
vn 0.3631 -0.1837 -0.9135
vn 0.3631 -0.1837 -0.9134
vn -0.5785 -0.0053 -0.8156
vn -0.5775 -0.0021 -0.8164
vn -0.4985 0.1528 -0.8533
vn -0.4587 0.2191 -0.8611
vn -0.5815 -0.2826 -0.7629
vn -0.6063 -0.2306 -0.7610
vn -0.4220 -0.5294 -0.7360
vn -0.3253 -0.6447 -0.6918
vn 0.5056 -0.0081 -0.8627
vn 0.5106 -0.0068 -0.8598
vn 0.3942 -0.1125 -0.9121
vn 0.4105 -0.2451 -0.8783
vn 0.6594 -0.2437 -0.7112
vn 0.6981 -0.1574 -0.6985
vn 0.6948 -0.0894 -0.7137
vn 0.7541 0.0721 -0.6527
vn 0.5736 -0.2999 -0.7623
vn 0.5237 -0.3646 -0.7699
vn 0.3256 -0.5530 -0.7669
vn 0.3862 -0.5041 -0.7725
vn 0.0016 -0.6345 -0.7729
vn -0.0020 -0.6345 -0.7729
vn -0.3081 -0.5531 -0.7740
vn -0.3741 -0.4995 -0.7813
vn -0.5575 -0.2642 -0.7870
vn -0.5229 -0.3269 -0.7872
vn -0.6408 -0.0848 -0.7630
vn -0.6925 0.0660 -0.7184
vn 0.4315 0.1713 -0.8857
vn 0.4250 0.1832 -0.8864
vn 0.3896 -0.5033 -0.7713
vn 0.3491 -0.6048 -0.7158
vn -0.5456 -0.2949 -0.7844
vn -0.5801 -0.1755 -0.7954
vn -0.9222 -0.0081 -0.3867
vn -0.7421 -0.0045 -0.6703
vn -0.7425 0.0001 -0.6698
vn -0.8326 0.3257 -0.4480
vn -0.3234 -0.7529 -0.5732
vn -0.4184 -0.5895 -0.6910
vn -0.5207 -0.7680 -0.3730
vn 0.8848 -0.0092 -0.4659
vn 0.5854 -0.0089 -0.8107
vn 0.7248 -0.3108 -0.6149
vn 0.8230 -0.3811 -0.4212
vn 0.8953 0.3168 -0.3130
vn 0.8953 0.3168 -0.3131
vn 0.7769 -0.4798 -0.4077
vn 0.6240 -0.4056 -0.6679
vn 0.3861 -0.5575 -0.7349
vn 0.5427 -0.6934 -0.4740
vn -0.0008 -0.8326 -0.5539
vn -0.0025 -0.6387 -0.7695
vn -0.3707 -0.5528 -0.7463
vn -0.5329 -0.6873 -0.4937
vn -0.7984 -0.4197 -0.4318
vn -0.6376 -0.3592 -0.6815
vn -0.7517 -0.2511 -0.6099
vn -0.9418 -0.0787 -0.3270
vn 0.7812 0.3335 -0.5277
vn 0.5777 -0.0062 -0.8162
vn -0.0000 0.9482 -0.3177
vn 0.5567 -0.6369 -0.5333
vn 0.5820 -0.7270 -0.3643
vn -0.7539 -0.4543 -0.4747
vn -0.5954 -0.3424 -0.7268
vn -0.8580 0.3694 -0.3569
vn 0.9581 -0.0721 -0.2771
vn 0.7706 -0.2883 -0.5683
vn 0.3572 -0.8518 -0.3832
vn 0.3571 -0.8518 -0.3832
vn -0.9765 -0.0094 -0.2151
vn -0.9094 0.3233 -0.2616
vn -0.9731 -0.0697 -0.2196
vn -0.9762 -0.0212 -0.2157
vn -0.5512 -0.8033 -0.2255
vn 0.9832 -0.0079 -0.1825
vn 0.8414 -0.4347 -0.3210
vn 0.9748 -0.0669 -0.2127
vn 0.9782 -0.0234 -0.2064
vn 0.9795 0.0495 -0.1952
vn 0.8189 -0.5079 -0.2673
vn 0.5804 -0.7540 -0.3076
vn 0.0017 -0.9345 -0.3561
vn -0.5712 -0.7547 -0.3227
vn -0.8484 -0.4443 -0.2878
vn -0.9715 0.0480 -0.2323
vn 0.9189 0.3195 -0.2315
vn 0.5806 -0.7574 -0.2987
vn -0.7812 -0.5523 -0.2910
vn 0.0004 -1.0000 -0.0036
vn 1.0000 -0.0016 -0.0000
vn 0.9998 0.0205 -0.0000
vn 0.9885 0.1512 -0.0000
vn 0.9503 0.3112 -0.0000
vn 0.9504 0.3112 -0.0000
vn 0.8939 0.4483 -0.0000
vn 0.7892 0.6141 -0.0000
vn 0.5101 0.8601 -0.0000
vn 0.2964 0.9551 -0.0000
vn -0.3259 0.9454 -0.0000
vn -0.5564 0.8309 -0.0000
vn -0.8107 0.5855 -0.0000
vn -0.8108 0.5853 -0.0000
vn -0.9121 0.4100 -0.0000
vn -0.9121 0.4099 -0.0000
vn -0.8873 0.2701 -0.3738
vn -0.8873 0.2702 -0.3737
vn 0.3116 -0.0096 -0.9502
vn 0.3304 -0.0013 -0.9438
vn 0.3305 -0.0014 -0.9438
vn 0.3191 -0.0104 -0.9476
vn 0.3302 -0.0007 -0.9439
vn 0.2921 -0.0074 -0.9563
vn 0.2922 -0.0074 -0.9563
vn 0.2372 0.1569 0.9587
vn -0.0002 -0.4892 0.8722
vn 0.0275 0.3730 0.9274
vn -0.1926 0.2127 0.9580
vn 0.3487 0.0004 0.9372
vn 0.4295 -0.0013 0.9030
vn -0.3755 -0.0009 0.9268
vn 0.4130 0.1338 0.9008
vn -0.2669 -0.0800 0.9604
vn -0.2666 -0.0412 0.9629
vn 0.3925 0.0583 0.9179
vn 0.2910 -0.0851 0.9529
vn -0.3450 0.2215 0.9121
vn 0.2280 -0.1559 0.9611
vn 0.0900 -0.1147 0.9893
vn -0.2503 0.3195 0.9139
vn -0.0004 0.3435 0.9392
vn -0.0004 -0.0217 0.9998
vn -0.0773 -0.1152 0.9903
vn 0.2185 0.3204 0.9218
vn 0.3296 0.2273 0.9163
vn -0.2104 -0.1544 0.9653
vn -0.2589 -0.1295 0.9572
vn 0.3518 0.1763 0.9193
vn 0.4912 -0.2427 0.8366
vn -0.0056 -0.4949 0.8689
vn 0.2342 -0.0000 0.9722
vn 0.2337 0.0012 0.9723
vn 0.2336 0.0016 0.9723
vn 0.1497 0.0477 0.9876
vn 0.1946 0.0049 0.9809
vn 0.1835 0.0105 0.9830
vn 0.1477 0.0355 0.9884
vn -0.1898 0.0791 0.9786
vn -0.3549 0.0011 0.9349
vn -0.3546 0.0016 0.9350
vn -0.2295 0.0653 0.9711
vn -0.4402 0.1262 0.8890
vn -0.2450 0.0142 0.9694
vn -0.1876 0.0325 0.9817
vn -0.3790 0.0282 0.9250
vn -0.2518 0.4995 0.8289
vn -0.4265 0.3555 0.8317
vn -0.4578 0.2776 0.8446
vn -0.3204 0.4639 0.8259
vn 0.2151 0.4687 0.8568
vn 0.0012 0.5445 0.8388
vn -0.0011 0.5445 0.8387
vn 0.2562 0.4170 0.8721
vn 0.2860 0.0784 0.9550
vn 0.3134 0.2595 0.9135
vn 0.3179 0.1951 0.9279
vn 0.2616 0.0377 0.9644
vn -0.3555 -0.0000 0.9347
vn -0.0000 -0.3419 0.9397
vn -0.3626 -0.0030 0.9319
vn -0.3614 -0.0000 0.9324
vn -0.3619 -0.0013 0.9322
vn 0.7822 -0.0000 0.6230
vn 0.7822 -0.0012 0.6231
vn 0.7665 0.1204 0.6308
vn 0.7382 0.2390 0.6309
vn -0.2442 -0.0692 0.9672
vn -0.2544 -0.0549 0.9655
vn -0.2625 -0.0574 0.9632
vn -0.2423 -0.0620 0.9682
vn 0.5237 -0.0031 0.8519
vn 0.4912 -0.0544 0.8693
vn 0.5206 -0.0432 0.8527
vn 0.5225 -0.0011 0.8526
vn -0.7047 0.3244 0.6310
vn -0.7478 0.2598 0.6110
vn -0.4679 0.1976 0.8614
vn 0.2993 -0.0776 0.9510
vn 0.2992 -0.0777 0.9510
vn 0.2993 -0.0777 0.9510
vn -0.3251 0.5518 0.7680
vn -0.5670 0.4470 0.6919
vn 0.1366 -0.3472 0.9278
vn 0.1382 -0.3447 0.9285
vn 0.2466 -0.2058 0.9470
vn 0.2694 -0.1937 0.9433
vn 0.2983 0.5576 0.7747
vn 0.0017 0.5959 0.8031
vn -0.1170 -0.3648 0.9237
vn -0.1272 -0.3493 0.9283
vn -0.0009 -0.4371 0.8994
vn 0.0004 -0.4371 0.8994
vn 0.6777 0.3476 0.6480
vn 0.5335 0.4567 0.7119
vn -0.2740 -0.1406 0.9514
vn -0.2638 -0.1184 0.9573
vn -0.2473 -0.1938 0.9494
vn -0.2349 -0.2053 0.9501
vn 0.5220 -0.0000 0.8530
vn -0.0012 -0.8154 0.5789
vn -0.0000 -0.8027 0.5964
vn -0.0000 0.6227 0.7825
vn -0.0000 0.6226 0.7825
vn -0.0092 -0.8186 0.5743
vn 0.4561 -0.0673 0.8874
vn -0.1434 0.0507 0.9884
vn -0.1421 0.0642 0.9878
vn -0.3377 -0.0581 0.9394
vn -0.3584 -0.0481 0.9323
vn 0.1866 0.0580 0.9807
vn 0.1933 0.0523 0.9797
vn 0.7795 0.0155 0.6263
vn 0.4120 0.0033 0.9112
vn -0.2918 -0.0180 0.9563
vn 0.3108 -0.1712 0.9349
vn 0.2624 -0.1475 0.9536
vn -0.9650 0.2190 0.1440
vn -0.9589 0.2745 0.0719
vn -0.9622 0.2718 0.0143
vn -0.9813 0.1899 0.0314
vn -0.9813 0.1898 0.0313
vn 0.2613 -0.1237 0.9573
vn 0.3631 -0.1837 0.9135
vn 0.3631 -0.1837 0.9134
vn -0.4984 0.1527 0.8534
vn -0.5775 -0.0021 0.8164
vn -0.5785 -0.0054 0.8156
vn -0.4587 0.2191 0.8611
vn -0.4220 -0.5294 0.7360
vn -0.6064 -0.2306 0.7610
vn -0.5815 -0.2826 0.7629
vn -0.3253 -0.6447 0.6918
vn 0.3942 -0.1125 0.9121
vn 0.5106 -0.0069 0.8598
vn 0.5056 -0.0081 0.8627
vn 0.4105 -0.2451 0.8783
vn 0.6948 -0.0894 0.7136
vn 0.6981 -0.1574 0.6985
vn 0.6594 -0.2437 0.7112
vn 0.7541 0.0721 0.6527
vn 0.3256 -0.5530 0.7669
vn 0.5237 -0.3646 0.7699
vn 0.5736 -0.2999 0.7623
vn 0.3861 -0.5041 0.7725
vn -0.3081 -0.5531 0.7740
vn -0.0020 -0.6345 0.7729
vn 0.0016 -0.6345 0.7729
vn -0.3741 -0.4995 0.7813
vn -0.6408 -0.0848 0.7630
vn -0.5229 -0.3269 0.7872
vn -0.5575 -0.2642 0.7870
vn -0.6925 0.0659 0.7184
vn 0.4250 0.1832 0.8865
vn 0.4315 0.1713 0.8857
vn 0.3896 -0.5033 0.7713
vn 0.3491 -0.6048 0.7158
vn -0.5801 -0.1755 0.7954
vn -0.5456 -0.2949 0.7844
vn -0.7425 0.0001 0.6698
vn -0.7421 -0.0046 0.6703
vn -0.9222 -0.0081 0.3867
vn -0.8326 0.3257 0.4480
vn -0.4184 -0.5895 0.6909
vn -0.3234 -0.7529 0.5732
vn -0.5207 -0.7680 0.3730
vn 0.7248 -0.3108 0.6149
vn 0.5854 -0.0089 0.8107
vn 0.8848 -0.0092 0.4659
vn 0.8230 -0.3811 0.4212
vn 0.8953 0.3168 0.3130
vn 0.8953 0.3168 0.3131
vn 0.3861 -0.5575 0.7349
vn 0.6240 -0.4056 0.6679
vn 0.7769 -0.4798 0.4076
vn 0.5427 -0.6934 0.4740
vn -0.3708 -0.5528 0.7463
vn -0.0024 -0.6387 0.7695
vn -0.0008 -0.8326 0.5539
vn -0.5329 -0.6873 0.4937
vn -0.7517 -0.2511 0.6099
vn -0.6376 -0.3592 0.6815
vn -0.7984 -0.4197 0.4318
vn -0.9418 -0.0787 0.3270
vn 0.5777 -0.0062 0.8162
vn 0.7812 0.3335 0.5277
vn -0.0000 0.9482 0.3177
vn 0.5567 -0.6369 0.5333
vn 0.5820 -0.7270 0.3643
vn -0.5954 -0.3424 0.7268
vn -0.7539 -0.4543 0.4747
vn -0.8580 0.3694 0.3569
vn 0.7706 -0.2883 0.5683
vn 0.9581 -0.0721 0.2771
vn 0.3572 -0.8518 0.3832
vn 0.3571 -0.8518 0.3832
vn -0.9765 -0.0094 0.2151
vn -0.9094 0.3233 0.2615
vn -0.9762 -0.0212 0.2157
vn -0.9731 -0.0697 0.2196
vn -0.5512 -0.8033 0.2255
vn 0.9832 -0.0079 0.1825
vn 0.8414 -0.4347 0.3210
vn 0.9782 -0.0234 0.2064
vn 0.9748 -0.0669 0.2128
vn 0.9795 0.0495 0.1952
vn 0.8189 -0.5079 0.2673
vn 0.5804 -0.7540 0.3076
vn 0.0017 -0.9345 0.3561
vn -0.5712 -0.7547 0.3227
vn -0.8484 -0.4443 0.2878
vn -0.9715 0.0480 0.2323
vn 0.9189 0.3195 0.2316
vn 0.5806 -0.7574 0.2987
vn -0.7812 -0.5523 0.2910
vn -0.2122 -0.8502 0.4819
vn -0.2122 -0.8502 0.4818
vn 0.0004 -1.0000 0.0036
vn 0.0004 -1.0000 0.0034
vn 0.0004 -1.0000 0.0033
vn -0.8105 0.5857 -0.0000
vn -0.8873 0.2701 0.3738
vn -0.8873 0.2702 0.3737
vn 0.3349 -0.0121 0.9422
vn 0.3116 -0.0096 0.9502
vn 0.3191 -0.0104 0.9477
vn 0.2921 -0.0074 0.9563
vn -0.2389 0.1578 -0.9581
vn -0.2389 0.1577 -0.9581
vn 0.3627 0.0213 -0.9317
vn -0.3487 0.0004 -0.9372
vn -0.4295 -0.0013 -0.9030
vn 0.3755 -0.0009 -0.9268
vn -0.4130 0.1338 -0.9009
vn 0.2669 -0.0800 -0.9604
vn 0.2666 -0.0412 -0.9629
vn -0.3925 0.0583 -0.9179
vn -0.2910 -0.0851 -0.9529
vn 0.3450 0.2215 -0.9121
vn -0.2280 -0.1559 -0.9611
vn -0.0900 -0.1147 -0.9893
vn 0.2503 0.3195 -0.9139
vn 0.0004 0.3435 -0.9392
vn 0.0004 -0.0217 -0.9998
vn 0.0773 -0.1152 -0.9903
vn -0.2185 0.3204 -0.9218
vn -0.3296 0.2273 -0.9163
vn 0.2104 -0.1544 -0.9653
vn 0.2589 -0.1295 -0.9572
vn -0.3518 0.1763 -0.9193
vn -0.4912 -0.2426 -0.8366
vn 0.1497 -0.4207 -0.8948
vn -0.0000 0.3986 -0.9171
vn -0.2342 -0.0000 -0.9722
vn -0.2337 0.0012 -0.9723
vn -0.2336 0.0016 -0.9723
vn -0.1497 0.0477 -0.9876
vn -0.1946 0.0049 -0.9809
vn -0.1835 0.0105 -0.9830
vn -0.1477 0.0355 -0.9884
vn 0.1898 0.0791 -0.9786
vn 0.3549 0.0011 -0.9349
vn 0.3546 0.0016 -0.9350
vn 0.2295 0.0653 -0.9711
vn 0.4402 0.1261 -0.8890
vn 0.2450 0.0142 -0.9694
vn 0.1876 0.0325 -0.9817
vn 0.3790 0.0282 -0.9250
vn 0.2518 0.4995 -0.8289
vn 0.4265 0.3555 -0.8317
vn 0.4579 0.2776 -0.8446
vn 0.3204 0.4639 -0.8259
vn -0.2151 0.4687 -0.8568
vn -0.0012 0.5445 -0.8388
vn 0.0011 0.5445 -0.8388
vn -0.2562 0.4170 -0.8721
vn -0.2860 0.0784 -0.9550
vn -0.3134 0.2596 -0.9134
vn -0.3179 0.1951 -0.9278
vn -0.2616 0.0377 -0.9644
vn 0.3555 -0.0000 -0.9347
vn 0.3626 -0.0030 -0.9319
vn 0.3614 -0.0000 -0.9324
vn 0.3619 -0.0013 -0.9322
vn -0.7822 -0.0000 -0.6230
vn -0.7822 -0.0012 -0.6231
vn -0.7665 0.1204 -0.6308
vn -0.7382 0.2390 -0.6309
vn 0.2442 -0.0692 -0.9672
vn 0.2544 -0.0549 -0.9655
vn 0.2625 -0.0574 -0.9632
vn 0.2423 -0.0620 -0.9682
vn -0.5237 -0.0031 -0.8519
vn -0.4912 -0.0544 -0.8693
vn -0.5206 -0.0432 -0.8527
vn -0.5225 -0.0010 -0.8526
vn 0.7047 0.3244 -0.6310
vn 0.7478 0.2598 -0.6110
vn 0.4679 0.1976 -0.8614
vn -0.2993 -0.0776 -0.9510
vn -0.2993 -0.0777 -0.9510
vn 0.3251 0.5518 -0.7680
vn 0.5670 0.4470 -0.6919
vn -0.1366 -0.3472 -0.9278
vn -0.1382 -0.3447 -0.9285
vn -0.2466 -0.2058 -0.9470
vn -0.2694 -0.1937 -0.9434
vn -0.2983 0.5576 -0.7747
vn -0.0017 0.5959 -0.8031
vn 0.1170 -0.3649 -0.9237
vn 0.1272 -0.3493 -0.9284
vn 0.0009 -0.4371 -0.8994
vn -0.0004 -0.4371 -0.8994
vn -0.6777 0.3476 -0.6480
vn -0.5335 0.4567 -0.7119
vn 0.2740 -0.1406 -0.9514
vn 0.2638 -0.1184 -0.9573
vn 0.2473 -0.1939 -0.9493
vn 0.2349 -0.2053 -0.9501
vn -0.5220 -0.0000 -0.8530
vn 0.0013 -0.8166 -0.5772
vn 0.0013 -0.8166 -0.5773
vn -0.4561 -0.0673 -0.8874
vn -0.4560 -0.0673 -0.8874
vn 0.1434 0.0507 -0.9884
vn 0.1421 0.0642 -0.9878
vn 0.3377 -0.0581 -0.9395
vn 0.3584 -0.0481 -0.9323
vn -0.1866 0.0580 -0.9807
vn -0.1933 0.0523 -0.9797
vn -0.7795 0.0155 -0.6263
vn -0.4120 0.0033 -0.9112
vn 0.2918 -0.0180 -0.9563
vn -0.3108 -0.1712 -0.9349
vn -0.2624 -0.1475 -0.9536
vn 0.9650 0.2190 -0.1441
vn 0.9589 0.2745 -0.0719
vn 0.9622 0.2718 -0.0143
vn 0.9813 0.1899 -0.0314
vn 0.9813 0.1898 -0.0313
vn -0.2613 -0.1237 -0.9573
vn -0.3631 -0.1837 -0.9134
vn -0.3631 -0.1837 -0.9135
vn 0.4985 0.1528 -0.8533
vn 0.5775 -0.0021 -0.8164
vn 0.5785 -0.0053 -0.8156
vn 0.4587 0.2191 -0.8611
vn 0.4220 -0.5294 -0.7360
vn 0.6063 -0.2306 -0.7610
vn 0.5815 -0.2826 -0.7629
vn 0.3253 -0.6447 -0.6918
vn -0.3942 -0.1125 -0.9121
vn -0.5106 -0.0069 -0.8598
vn -0.5056 -0.0081 -0.8627
vn -0.4105 -0.2451 -0.8783
vn -0.6948 -0.0894 -0.7137
vn -0.6981 -0.1574 -0.6985
vn -0.6594 -0.2437 -0.7112
vn -0.7541 0.0721 -0.6527
vn -0.3256 -0.5530 -0.7669
vn -0.5237 -0.3646 -0.7699
vn -0.5736 -0.2999 -0.7623
vn -0.3862 -0.5041 -0.7725
vn 0.3081 -0.5531 -0.7740
vn 0.0020 -0.6345 -0.7729
vn -0.0016 -0.6345 -0.7729
vn 0.3741 -0.4995 -0.7813
vn 0.6408 -0.0848 -0.7630
vn 0.5229 -0.3269 -0.7872
vn 0.5575 -0.2642 -0.7870
vn 0.6925 0.0660 -0.7184
vn -0.4250 0.1832 -0.8865
vn -0.4315 0.1713 -0.8857
vn -0.3896 -0.5033 -0.7713
vn -0.3491 -0.6048 -0.7158
vn 0.5801 -0.1755 -0.7954
vn 0.5456 -0.2949 -0.7844
vn 0.7425 0.0001 -0.6698
vn 0.7421 -0.0046 -0.6703
vn 0.9222 -0.0081 -0.3867
vn 0.8326 0.3257 -0.4480
vn 0.4184 -0.5895 -0.6910
vn 0.3234 -0.7529 -0.5732
vn 0.5207 -0.7680 -0.3730
vn -0.7248 -0.3108 -0.6149
vn -0.5854 -0.0089 -0.8107
vn -0.8848 -0.0092 -0.4659
vn -0.8230 -0.3811 -0.4212
vn -0.8953 0.3168 -0.3130
vn -0.8953 0.3168 -0.3131
vn -0.3861 -0.5575 -0.7349
vn -0.6240 -0.4056 -0.6679
vn -0.7769 -0.4798 -0.4077
vn -0.5427 -0.6934 -0.4740
vn 0.3707 -0.5528 -0.7463
vn 0.0025 -0.6387 -0.7695
vn 0.0008 -0.8326 -0.5539
vn 0.5329 -0.6873 -0.4937
vn 0.7517 -0.2511 -0.6099
vn 0.6376 -0.3592 -0.6815
vn 0.7984 -0.4197 -0.4318
vn 0.9418 -0.0787 -0.3270
vn -0.5777 -0.0062 -0.8162
vn -0.7812 0.3335 -0.5277
vn -0.5567 -0.6369 -0.5333
vn -0.5820 -0.7270 -0.3643
vn 0.5954 -0.3424 -0.7268
vn 0.7539 -0.4543 -0.4747
vn 0.8580 0.3694 -0.3569
vn -0.7706 -0.2883 -0.5683
vn -0.9581 -0.0721 -0.2771
vn -0.3572 -0.8518 -0.3832
vn -0.3571 -0.8518 -0.3832
vn 0.9765 -0.0094 -0.2151
vn 0.9094 0.3233 -0.2615
vn 0.9762 -0.0212 -0.2157
vn 0.9731 -0.0697 -0.2196
vn 0.5512 -0.8033 -0.2256
vn -0.9832 -0.0079 -0.1825
vn -0.8414 -0.4347 -0.3210
vn -0.9782 -0.0234 -0.2064
vn -0.9748 -0.0669 -0.2128
vn -0.9795 0.0495 -0.1952
vn -0.8189 -0.5079 -0.2673
vn -0.5803 -0.7541 -0.3075
vn -0.0017 -0.9345 -0.3561
vn 0.5712 -0.7547 -0.3227
vn 0.8484 -0.4443 -0.2878
vn 0.9715 0.0480 -0.2323
vn -0.9189 0.3195 -0.2316
vn -0.5806 -0.7574 -0.2987
vn 0.7812 -0.5523 -0.2910
vn -0.0004 -1.0000 -0.0036
vn -1.0000 -0.0016 -0.0000
vn -0.9998 0.0205 -0.0000
vn -0.9885 0.1512 -0.0000
vn -0.9504 0.3112 -0.0000
vn -0.9503 0.3112 -0.0000
vn -0.8939 0.4483 -0.0000
vn -0.7892 0.6141 -0.0000
vn -0.7893 0.6141 -0.0000
vn -0.5101 0.8601 -0.0000
vn -0.2964 0.9551 -0.0000
vn 0.5564 0.8309 -0.0000
vn 0.3259 0.9454 -0.0000
vn 0.8108 0.5853 -0.0000
vn 0.8107 0.5855 -0.0000
vn 0.9121 0.4099 -0.0000
vn 0.9121 0.4100 -0.0000
vn 0.8873 0.2701 -0.3738
vn 0.8873 0.2702 -0.3737
vn -0.3305 -0.0014 -0.9438
vn -0.3304 -0.0013 -0.9438
vn -0.3116 -0.0096 -0.9502
vn -0.3191 -0.0104 -0.9476
vn -0.3302 -0.0007 -0.9439
vn -0.2921 -0.0074 -0.9563
vn -0.2922 -0.0074 -0.9563
vn -0.0275 0.3730 0.9274
vn -0.0099 0.3894 0.9210
vn -0.2372 0.1569 0.9587
vn -0.2373 0.1569 0.9587
vn -0.4295 -0.0013 0.9030
vn -0.3487 0.0004 0.9372
vn 0.1926 0.2127 0.9580
vn 0.3755 -0.0009 0.9268
vn 0.2665 -0.0413 0.9629
vn 0.2669 -0.0800 0.9604
vn -0.4130 0.1338 0.9008
vn -0.3925 0.0583 0.9179
vn -0.2910 -0.0851 0.9529
vn -0.0900 -0.1147 0.9893
vn -0.2280 -0.1559 0.9611
vn 0.3450 0.2214 0.9121
vn 0.2503 0.3195 0.9139
vn 0.0773 -0.1152 0.9903
vn 0.0004 -0.0217 0.9998
vn 0.0004 0.3435 0.9392
vn -0.2185 0.3204 0.9218
vn 0.2589 -0.1295 0.9572
vn 0.2104 -0.1544 0.9653
vn -0.3296 0.2273 0.9163
vn -0.3518 0.1763 0.9193
vn -0.4878 -0.2505 0.8363
vn 0.0108 0.3494 0.9369
vn -0.2336 0.0016 0.9723
vn -0.2337 0.0012 0.9723
vn -0.2342 -0.0000 0.9722
vn -0.1835 0.0105 0.9830
vn -0.1946 0.0049 0.9809
vn -0.1497 0.0477 0.9876
vn -0.1477 0.0355 0.9884
vn 0.3546 0.0016 0.9350
vn 0.3549 0.0011 0.9349
vn 0.1898 0.0791 0.9786
vn 0.2295 0.0653 0.9711
vn 0.1876 0.0325 0.9817
vn 0.2450 0.0142 0.9694
vn 0.4402 0.1262 0.8890
vn 0.3790 0.0282 0.9250
vn 0.4578 0.2776 0.8446
vn 0.4265 0.3555 0.8317
vn 0.2518 0.4995 0.8289
vn 0.3204 0.4639 0.8259
vn 0.0011 0.5445 0.8387
vn -0.0012 0.5445 0.8388
vn -0.2151 0.4687 0.8568
vn -0.2562 0.4170 0.8721
vn -0.3179 0.1951 0.9279
vn -0.3134 0.2595 0.9135
vn -0.2860 0.0784 0.9550
vn -0.2616 0.0377 0.9644
vn 0.3555 -0.0000 0.9347
vn 0.3614 -0.0000 0.9324
vn 0.3626 -0.0030 0.9319
vn 0.3619 -0.0013 0.9322
vn -0.7822 -0.0012 0.6231
vn -0.7822 -0.0000 0.6230
vn -0.7382 0.2390 0.6309
vn -0.7665 0.1204 0.6308
vn 0.2625 -0.0574 0.9632
vn 0.2544 -0.0549 0.9655
vn 0.2442 -0.0692 0.9672
vn 0.2423 -0.0620 0.9682
vn -0.5206 -0.0432 0.8527
vn -0.4912 -0.0544 0.8693
vn -0.5237 -0.0031 0.8519
vn -0.5225 -0.0011 0.8526
vn 0.7478 0.2598 0.6110
vn 0.7047 0.3244 0.6310
vn 0.4679 0.1976 0.8614
vn -0.2993 -0.0777 0.9510
vn -0.2993 -0.0776 0.9510
vn 0.5670 0.4470 0.6919
vn 0.3251 0.5518 0.7680
vn -0.2466 -0.2058 0.9470
vn -0.1382 -0.3447 0.9285
vn -0.1366 -0.3472 0.9278
vn -0.2694 -0.1937 0.9433
vn -0.0017 0.5959 0.8031
vn -0.2983 0.5576 0.7747
vn 0.0009 -0.4371 0.8994
vn 0.1272 -0.3493 0.9283
vn 0.1170 -0.3648 0.9237
vn -0.0004 -0.4371 0.8994
vn -0.5335 0.4567 0.7119
vn -0.6777 0.3476 0.6480
vn 0.2473 -0.1938 0.9494
vn 0.2638 -0.1184 0.9573
vn 0.2740 -0.1406 0.9514
vn 0.2349 -0.2053 0.9501
vn -0.5220 -0.0000 0.8530
vn 0.0093 -0.8108 0.5853
vn 0.0094 -0.8108 0.5853
vn 0.0009 -0.8209 0.5711
vn -0.4561 -0.0673 0.8874
vn 0.1433 0.0507 0.9884
vn 0.1421 0.0642 0.9878
vn 0.3377 -0.0581 0.9394
vn 0.3584 -0.0481 0.9323
vn -0.1933 0.0523 0.9797
vn -0.1866 0.0580 0.9807
vn -0.4120 0.0021 0.9112
vn -0.7795 0.0155 0.6263
vn 0.2918 -0.0180 0.9563
vn -0.3108 -0.1712 0.9349
vn -0.2624 -0.1475 0.9536
vn 0.9622 0.2718 0.0143
vn 0.9589 0.2744 0.0719
vn 0.9650 0.2190 0.1440
vn 0.9813 0.1899 0.0314
vn -0.2613 -0.1237 0.9573
vn -0.3631 -0.1837 0.9135
vn -0.3631 -0.1837 0.9134
vn 0.5785 -0.0054 0.8156
vn 0.5775 -0.0021 0.8164
vn 0.4984 0.1527 0.8534
vn 0.4587 0.2191 0.8611
vn 0.5815 -0.2826 0.7629
vn 0.6064 -0.2306 0.7610
vn 0.4220 -0.5294 0.7360
vn 0.3253 -0.6447 0.6918
vn -0.5056 -0.0081 0.8627
vn -0.5106 -0.0068 0.8598
vn -0.3942 -0.1125 0.9121
vn -0.4105 -0.2451 0.8783
vn -0.6594 -0.2437 0.7112
vn -0.6981 -0.1574 0.6985
vn -0.6948 -0.0894 0.7136
vn -0.7542 0.0721 0.6527
vn -0.5736 -0.2999 0.7623
vn -0.5237 -0.3647 0.7699
vn -0.3256 -0.5530 0.7669
vn -0.3861 -0.5041 0.7725
vn -0.0016 -0.6345 0.7729
vn 0.0020 -0.6345 0.7729
vn 0.3081 -0.5531 0.7740
vn 0.3741 -0.4995 0.7813
vn 0.5575 -0.2642 0.7870
vn 0.5229 -0.3269 0.7872
vn 0.6408 -0.0848 0.7630
vn 0.6925 0.0659 0.7184
vn -0.4315 0.1713 0.8857
vn -0.4250 0.1832 0.8864
vn -0.3896 -0.5033 0.7713
vn -0.3491 -0.6048 0.7158
vn 0.5456 -0.2949 0.7844
vn 0.5801 -0.1755 0.7954
vn 0.9222 -0.0081 0.3867
vn 0.7421 -0.0046 0.6703
vn 0.7426 0.0001 0.6698
vn 0.8326 0.3257 0.4480
vn 0.3234 -0.7529 0.5732
vn 0.4184 -0.5895 0.6909
vn 0.5207 -0.7680 0.3730
vn -0.8848 -0.0092 0.4659
vn -0.5854 -0.0089 0.8107
vn -0.7248 -0.3108 0.6149
vn -0.8230 -0.3811 0.4212
vn -0.8953 0.3168 0.3130
vn -0.8953 0.3168 0.3131
vn -0.7769 -0.4798 0.4076
vn -0.6240 -0.4056 0.6679
vn -0.3861 -0.5575 0.7349
vn -0.5427 -0.6934 0.4740
vn 0.0008 -0.8326 0.5539
vn 0.0024 -0.6387 0.7695
vn 0.3708 -0.5528 0.7463
vn 0.5329 -0.6873 0.4937
vn 0.7984 -0.4197 0.4318
vn 0.6376 -0.3592 0.6815
vn 0.7517 -0.2511 0.6099
vn 0.9418 -0.0787 0.3270
vn -0.7812 0.3335 0.5277
vn -0.5777 -0.0062 0.8162
vn -0.5567 -0.6369 0.5333
vn -0.5820 -0.7270 0.3643
vn 0.7539 -0.4543 0.4747
vn 0.5954 -0.3424 0.7268
vn 0.8580 0.3694 0.3569
vn -0.9581 -0.0721 0.2771
vn -0.7706 -0.2883 0.5683
vn -0.3572 -0.8518 0.3832
vn -0.3571 -0.8518 0.3832
vn 0.9765 -0.0094 0.2151
vn 0.9094 0.3233 0.2616
vn 0.9731 -0.0697 0.2196
vn 0.9762 -0.0212 0.2157
vn 0.5512 -0.8033 0.2256
vn -0.9832 -0.0079 0.1825
vn -0.8414 -0.4347 0.3210
vn -0.9748 -0.0669 0.2127
vn -0.9782 -0.0234 0.2064
vn -0.9795 0.0495 0.1952
vn -0.8189 -0.5079 0.2673
vn -0.5803 -0.7541 0.3075
vn -0.0017 -0.9345 0.3561
vn 0.5712 -0.7547 0.3227
vn 0.8484 -0.4443 0.2878
vn 0.9715 0.0480 0.2323
vn -0.9189 0.3195 0.2315
vn -0.5806 -0.7574 0.2987
vn 0.7812 -0.5523 0.2910
vn 0.2122 -0.8502 0.4818
vn 0.2122 -0.8502 0.4819
vn -0.0004 -1.0000 0.0036
vn -0.0004 -1.0000 0.0037
vn 0.8105 0.5857 -0.0000
vn 0.8873 0.2701 0.3738
vn 0.8873 0.2702 0.3737
vn -0.3116 -0.0096 0.9502
vn -0.3305 -0.0013 0.9438
vn -0.3305 -0.0014 0.9438
vn -0.3191 -0.0104 0.9477
vn -0.3302 -0.0007 0.9439
vn -0.2921 -0.0074 0.9563
vn -0.0000 -0.8290 -0.5592
vn -0.0000 -1.0000 -0.0073
vn 0.3878 -0.9176 0.0875
vn -0.3685 -0.9276 0.0613
vn -0.3686 -0.9276 0.0613
vn 0.3302 -0.0007 0.9439
vn -0.5900 -0.7644 0.2599
vn -0.9272 -0.0000 0.3745
vn -0.9295 -0.0000 -0.3689
vn -0.5891 -0.7631 -0.2657
vn -0.0000 -0.9409 0.3387
vn -0.5901 -0.7644 0.2599
vn -0.0000 -0.9300 -0.3675
vn 0.0372 0.0625 -0.9973
vn -0.9272 -0.0000 0.3746
vn -0.0000 -0.9409 0.3388
vn 0.1396 0.1266 0.9821
vn 0.9476 0.0440 0.3165
vn 0.9272 -0.0000 0.3745
vn 0.9197 -0.0005 -0.3927
vn 0.9477 0.0437 -0.3161
vn -0.6555 0.6176 0.4346
vn -0.9154 -0.0067 0.4025
vn -0.7633 0.6461 -0.0000
vn 0.5901 -0.7644 0.2599
vn -0.0015 -0.9389 -0.3441
vn 0.5886 -0.7625 -0.2684
vn -0.0227 0.0660 -0.9976
vn -0.0245 -0.0036 -0.9997
vn -0.2120 -0.0166 0.9771
vn -0.1396 0.1267 0.9821
vn 0.9272 -0.0000 0.3746
vn 0.0742 0.0244 -0.9969
vn 0.8714 0.3809 -0.3091
vn 0.8671 0.3792 0.3230
vn 0.8671 0.3793 0.3231
vn -0.2839 -0.0970 0.9539
vn -0.9810 -0.1938 -0.0000
vn -0.9499 -0.3124 -0.0000
vn -0.0546 0.0181 -0.9983
vn 0.0460 -0.0042 -0.9989
vn -0.9462 0.0434 -0.3207
vn -0.8674 0.3789 -0.3225
vn -0.9476 0.0440 0.3164
vn -0.8671 0.3792 0.3230
vn -0.8671 0.3792 0.3231
vn -0.9476 0.0440 0.3165
vn 0.2120 -0.0166 0.9771
vn 0.2838 -0.0970 0.9540
vn 0.9499 -0.3124 -0.0000
vn 0.9810 -0.1938 -0.0000
vn -0.0727 0.0528 -0.9960
vn -0.7034 0.6374 -0.3146
vn -0.7034 0.6359 0.3177
vn -0.7034 0.6358 0.3177
vn 0.2436 -0.1990 0.9492
vn 0.7852 -0.6193 -0.0000
vn -0.0616 0.0962 -0.9935
vn -0.4417 0.8324 -0.3348
vn -0.4403 0.8304 0.3416
vn -0.4403 0.8303 0.3416
vn 0.1760 -0.2854 0.9421
vn 0.5404 -0.8414 -0.0000
vn 0.0686 0.1055 -0.9921
vn 0.0018 0.1247 -0.9922
vn -0.0006 0.9514 -0.3080
vn 0.4431 0.8363 -0.3229
vn -0.0000 0.9479 0.3186
vn 0.4403 0.8304 0.3416
vn 0.4402 0.8303 0.3416
vn 0.0001 0.9479 0.3186
vn -0.0000 -0.2834 0.9590
vn -0.1760 -0.2854 0.9421
vn -0.5404 -0.8414 -0.0000
vn 0.0884 0.0637 -0.9940
vn 0.7061 0.6407 -0.3015
vn 0.7034 0.6359 0.3177
vn -0.2435 -0.1990 0.9492
vn -0.7852 -0.6193 -0.0000
vn 0.9154 -0.0067 0.4025
vn 0.6555 0.6176 0.4346
vn 0.7633 0.6461 -0.0000
vn 0.5901 -0.7643 0.2599
vn 0.5900 -0.7644 0.2599
vn -0.6877 -0.0165 -0.7258
vn -0.6882 -0.0598 -0.7231
vn -0.4417 0.3681 -0.8182
vn -0.4305 0.3808 -0.8183
vn -0.6954 -0.2356 -0.6789
vn -0.6955 -0.2393 -0.6775
vn -0.6659 -0.2167 0.7138
vn 0.6452 -0.0189 -0.7638
vn 0.6693 -0.0647 -0.7401
vn 0.7047 -0.2552 -0.6621
vn 0.7040 -0.2356 -0.6700
vn 0.6659 -0.2167 0.7138
vn 0.6295 -0.5310 -0.5673
vn 0.6394 -0.5149 -0.5711
vn 0.6003 -0.4789 0.6406
vn 0.4401 -0.7349 -0.5159
vn 0.4570 -0.7223 -0.5191
vn 0.4281 -0.6741 0.6020
vn 0.0088 -0.8482 -0.5296
vn -0.0187 -0.8474 -0.5306
vn -0.4452 -0.7117 -0.5434
vn -0.4449 -0.7119 -0.5433
vn -0.4281 -0.6741 0.6020
vn -0.0000 -0.7960 0.6053
vn -0.6253 -0.5082 -0.5922
vn -0.6251 -0.5085 -0.5921
vn -0.6003 -0.4789 0.6405
vn 0.3822 0.3945 -0.8357
vn 0.4555 0.3019 -0.8375
vn -0.3182 -0.0311 -0.9475
vn 0.3415 0.0717 -0.9371
vn 0.2884 0.0638 -0.9554
vn -0.9192 -0.3939 -0.0000
vn -0.8466 -0.5322 -0.0000
vn -0.9191 -0.3939 -0.0000
vn 0.2884 0.0638 0.9554
vn 0.3415 0.0717 0.9372
vn 0.3415 0.0717 0.9371
vn -0.3183 -0.0311 0.9475
vn 0.9192 -0.3939 -0.0000
vn 0.8466 -0.5322 -0.0000
vn 0.9191 -0.3939 -0.0000
vn -0.2884 0.0638 -0.9554
vn -0.3415 0.0717 -0.9372
vn -0.3415 0.0717 -0.9371
vn 0.3183 -0.0311 -0.9475
vn 0.3183 -0.0311 0.9475
vn -0.3415 0.0717 0.9371
vn -0.2884 0.0638 0.9554
vn 0.1297 -0.0720 -0.9889
vn -0.4622 0.2565 -0.8489
vn -0.4621 0.2565 -0.8489
vn 0.4221 -0.2342 -0.8758
vn 0.4221 -0.2342 0.8758
vn -0.4622 0.2565 0.8489
vn 0.1297 -0.0720 0.9889
vn 0.1891 -0.2131 -0.9585
vn -0.3779 0.4258 -0.8221
vn 0.2734 -0.3080 -0.9113
vn 0.2733 -0.3080 0.9113
vn -0.3779 0.4258 0.8221
vn 0.1892 -0.2131 0.9585
vn -0.1219 -0.2978 -0.9468
vn 0.2157 0.5267 -0.8222
vn -0.1563 -0.3815 -0.9110
vn -0.1563 -0.3816 0.9110
vn 0.2157 0.5267 0.8222
vn -0.1220 -0.2978 0.9468
vn -0.4221 -0.2342 -0.8758
vn 0.4621 0.2565 -0.8489
vn 0.4622 0.2565 -0.8489
vn -0.1297 -0.0720 -0.9889
vn -0.1297 -0.0720 0.9889
vn 0.4622 0.2565 0.8489
vn -0.4221 -0.2342 0.8758
vn 0.1563 -0.3815 -0.9111
vn -0.2157 0.5267 -0.8222
vn 0.1219 -0.2978 -0.9468
vn 0.1219 -0.2978 0.9468
vn -0.2157 0.5267 0.8222
vn 0.1563 -0.3815 0.9110
vn -0.2733 -0.3080 -0.9113
vn 0.3779 0.4258 -0.8221
vn -0.1891 -0.2131 -0.9586
vn -0.1891 -0.2131 0.9586
vn 0.3779 0.4258 0.8221
vn -0.2734 -0.3080 0.9113
vn 0.7471 -0.4146 -0.5196
vn 0.7277 -0.1004 -0.6785
vn 0.7278 -0.1004 -0.6784
vn 0.9530 -0.3030 -0.0000
vn 0.7278 -0.1004 0.6784
vn 0.7278 -0.1003 0.6785
vn 0.7471 -0.4146 0.5195
vn 0.7471 -0.4146 0.5196
vn 0.5824 -0.6562 0.4797
vn 0.3325 -0.8119 0.4798
vn -0.3325 -0.8119 0.4798
vn -0.5824 -0.6562 0.4797
vn -0.7471 -0.4146 0.5196
vn -0.7471 -0.4146 0.5195
vn -0.7277 -0.1004 0.6785
vn -0.7278 -0.1004 0.6784
vn -0.9530 -0.3030 -0.0000
vn -0.7278 -0.1004 -0.6784
vn -0.7278 -0.1003 -0.6784
vn -0.7471 -0.4146 -0.5196
vn -0.5824 -0.6562 -0.4797
vn -0.3325 -0.8119 -0.4798
vn 0.3325 -0.8119 -0.4798
vn 0.5824 -0.6562 -0.4797
vt 0.638772 0.019108
vt 0.604182 0.026406
vt 0.610222 0.065300
vt 0.641527 0.056758
vt 0.942230 0.026718
vt 0.937921 0.064780
vt 0.977346 0.035844
vt 0.968334 0.075590
vt 0.633376 0.196854
vt 0.937255 0.206145
vt 0.938507 0.167894
vt 0.634535 0.158625
vt 0.636223 0.100563
vt 0.635688 0.119343
vt 0.939831 0.128570
vt 0.940480 0.109764
vt 0.936158 0.240548
vt 0.632306 0.231250
vt 0.958206 0.116530
vt 0.618002 0.106197
vt 0.270059 0.129831
vt 0.279729 0.122337
vt 0.247768 0.095692
vt 0.241755 0.106414
vt 0.286374 0.162725
vt 0.298271 0.159545
vt 0.289015 0.199409
vt 0.301211 0.200859
vt 0.278087 0.234530
vt 0.288868 0.240395
vt 0.254678 0.262794
vt 0.262354 0.272329
vt 0.221819 0.279116
vt 0.225217 0.290946
vt 0.185115 0.281933
vt 0.183840 0.294135
vt 0.149970 0.270960
vt 0.144223 0.281796
vt 0.121603 0.247589
vt 0.112146 0.255277
vt 0.105199 0.214683
vt 0.093364 0.218020
vt 0.102541 0.177934
vt 0.090420 0.176568
vt 0.113450 0.142734
vt 0.102662 0.136844
vt 0.136892 0.114374
vt 0.129403 0.104772
vt 0.169850 0.098020
vt 0.166697 0.086183
vt 0.206610 0.095304
vt 0.208140 0.083149
vt 0.264136 0.134331
vt 0.238040 0.112904
vt 0.279064 0.164608
vt 0.281541 0.198518
vt 0.271418 0.230954
vt 0.249959 0.257002
vt 0.219695 0.271898
vt 0.185804 0.274525
vt 0.153355 0.264353
vt 0.127232 0.242927
vt 0.112288 0.212643
vt 0.109755 0.178726
vt 0.119908 0.146259
vt 0.141335 0.120131
vt 0.171661 0.105171
vt 0.205603 0.102624
vt 0.260056 0.137671
vt 0.235568 0.117668
vt 0.273911 0.166034
vt 0.276446 0.197933
vt 0.266723 0.228403
vt 0.246751 0.252833
vt 0.218373 0.266711
vt 0.185936 0.269671
vt 0.156003 0.259582
vt 0.131492 0.239653
vt 0.117578 0.211249
vt 0.114316 0.179254
vt 0.124745 0.148826
vt 0.144744 0.124299
vt 0.173158 0.110433
vt 0.204626 0.107392
vt 0.243466 0.150684
vt 0.231726 0.124902
vt 0.265957 0.168067
vt 0.273926 0.197631
vt 0.259446 0.224578
vt 0.233593 0.236354
vt 0.216290 0.258774
vt 0.186736 0.267101
vt 0.159685 0.252364
vt 0.147880 0.226508
vt 0.125409 0.209219
vt 0.117102 0.179561
vt 0.131921 0.152548
vt 0.157749 0.140792
vt 0.175115 0.118279
vt 0.204822 0.110069
vt 0.228514 0.162463
vt 0.232384 0.159377
vt 0.223496 0.138416
vt 0.220864 0.142916
vt 0.245199 0.174639
vt 0.250822 0.172873
vt 0.251298 0.195007
vt 0.257666 0.195737
vt 0.240592 0.213358
vt 0.245808 0.216430
vt 0.221598 0.221306
vt 0.224803 0.225356
vt 0.209710 0.238390
vt 0.211368 0.243742
vt 0.189179 0.245244
vt 0.188521 0.250730
vt 0.170304 0.234602
vt 0.167826 0.238757
vt 0.162125 0.215144
vt 0.158892 0.217689
vt 0.144407 0.203040
vt 0.140461 0.204270
vt 0.137469 0.181891
vt 0.133459 0.181427
vt 0.148883 0.162777
vt 0.145472 0.160765
vt 0.168920 0.154907
vt 0.166496 0.151870
vt 0.181312 0.137600
vt 0.179970 0.133379
vt 0.202289 0.131402
vt 0.202839 0.126413
vt 0.239256 0.153989
vt 0.228191 0.129277
vt 0.260847 0.170452
vt 0.268524 0.197001
vt 0.255015 0.221083
vt 0.230254 0.232173
vt 0.213850 0.253708
vt 0.187318 0.261664
vt 0.163181 0.247951
vt 0.152064 0.223157
vt 0.130477 0.206768
vt 0.122529 0.180179
vt 0.136308 0.156077
vt 0.161073 0.145000
vt 0.177524 0.123369
vt 0.204154 0.115494
vt 0.317134 0.202710
vt 0.313266 0.155207
vt 0.302575 0.248106
vt 0.271820 0.284712
vt 0.229063 0.305894
vt 0.181847 0.309231
vt 0.136834 0.294860
vt 0.100462 0.264284
vt 0.079447 0.221824
vt 0.077086 0.175043
vt 0.090047 0.130037
vt 0.120176 0.093496
vt 0.162535 0.072020
vt 0.209605 0.068271
vt 0.254800 0.082247
vt 0.291621 0.112580
vt 0.225086 0.291273
vt 0.262237 0.272578
vt 0.254519 0.263090
vt 0.221655 0.279470
vt 0.288715 0.240581
vt 0.277855 0.234782
vt 0.300948 0.201068
vt 0.288747 0.199698
vt 0.297936 0.159829
vt 0.286099 0.163065
vt 0.279448 0.122748
vt 0.269782 0.130260
vt 0.247626 0.096119
vt 0.241587 0.106848
vt 0.208062 0.083403
vt 0.206498 0.095557
vt 0.166574 0.086432
vt 0.169703 0.098295
vt 0.129298 0.105013
vt 0.136767 0.114652
vt 0.102539 0.137033
vt 0.113310 0.142973
vt 0.090217 0.176734
vt 0.102336 0.178158
vt 0.093087 0.218229
vt 0.104932 0.214942
vt 0.111839 0.255571
vt 0.121310 0.247914
vt 0.143959 0.282156
vt 0.149707 0.271338
vt 0.183648 0.294510
vt 0.184906 0.282324
vt 0.249771 0.257365
vt 0.219506 0.272308
vt 0.271166 0.231288
vt 0.281269 0.198861
vt 0.278790 0.165018
vt 0.263856 0.134810
vt 0.237852 0.113388
vt 0.205468 0.102911
vt 0.171494 0.105503
vt 0.141194 0.120473
vt 0.119754 0.146571
vt 0.109543 0.179026
vt 0.112022 0.212975
vt 0.126943 0.243314
vt 0.153090 0.264782
vt 0.185580 0.274966
vt 0.246555 0.253188
vt 0.218177 0.267109
vt 0.266473 0.228729
vt 0.276177 0.198269
vt 0.273636 0.166424
vt 0.259773 0.138129
vt 0.235366 0.118140
vt 0.204484 0.107652
vt 0.172988 0.110755
vt 0.144603 0.124631
vt 0.124592 0.149130
vt 0.114107 0.179549
vt 0.117316 0.211572
vt 0.131208 0.240028
vt 0.155740 0.259996
vt 0.185708 0.270100
vt 0.233354 0.236751
vt 0.216074 0.259192
vt 0.259192 0.224942
vt 0.273655 0.197988
vt 0.265677 0.168479
vt 0.243173 0.151142
vt 0.231498 0.125405
vt 0.204677 0.110328
vt 0.174930 0.118627
vt 0.157594 0.141164
vt 0.131760 0.152887
vt 0.116890 0.179882
vt 0.125149 0.209579
vt 0.147611 0.226921
vt 0.159422 0.252798
vt 0.186506 0.267538
vt 0.211123 0.244166
vt 0.224539 0.225769
vt 0.221473 0.221884
vt 0.209581 0.239187
vt 0.245549 0.216823
vt 0.240476 0.213826
vt 0.257398 0.196126
vt 0.251034 0.195388
vt 0.250547 0.173290
vt 0.244773 0.175089
vt 0.232110 0.159818
vt 0.228083 0.163015
vt 0.223192 0.138964
vt 0.220313 0.143828
vt 0.202675 0.126586
vt 0.202059 0.132039
vt 0.179807 0.133737
vt 0.181306 0.138344
vt 0.166325 0.152250
vt 0.168893 0.155457
vt 0.145294 0.161132
vt 0.148855 0.163229
vt 0.133247 0.181788
vt 0.137257 0.182250
vt 0.140213 0.204663
vt 0.143992 0.203482
vt 0.158636 0.218126
vt 0.161683 0.215721
vt 0.167573 0.239194
vt 0.169837 0.235389
vt 0.188276 0.251171
vt 0.188871 0.246187
vt 0.230005 0.232577
vt 0.213623 0.254130
vt 0.254758 0.221458
vt 0.268254 0.197371
vt 0.260569 0.170866
vt 0.238963 0.154443
vt 0.227948 0.129790
vt 0.204001 0.115728
vt 0.177336 0.123719
vt 0.160915 0.145378
vt 0.136139 0.156427
vt 0.122317 0.180515
vt 0.130223 0.207140
vt 0.151801 0.223579
vt 0.162922 0.248388
vt 0.187083 0.262103
vt 0.302491 0.248303
vt 0.317101 0.202923
vt 0.313257 0.155401
vt 0.291660 0.112766
vt 0.254892 0.082356
vt 0.209596 0.068217
vt 0.162367 0.072074
vt 0.120040 0.093683
vt 0.090000 0.130253
vt 0.077118 0.175217
vt 0.079455 0.221943
vt 0.100445 0.264354
vt 0.136768 0.294901
vt 0.181722 0.309285
vt 0.228906 0.305995
vt 0.271681 0.284869
vt 0.865963 0.294707
vt 0.867633 0.291924
vt 0.864192 0.289907
vt 0.861827 0.298338
vt 0.926288 0.504541
vt 0.962896 0.322240
vt 0.961072 0.315558
vt 0.923177 0.503849
vt 0.917093 0.521055
vt 0.912294 0.531695
vt 0.916064 0.533576
vt 0.921399 0.521957
vt 0.816772 0.537489
vt 0.809997 0.525734
vt 0.805857 0.528092
vt 0.815658 0.541702
vt 0.843985 0.561284
vt 0.830142 0.551803
vt 0.829827 0.557023
vt 0.846617 0.569245
vt 0.878533 0.561886
vt 0.860598 0.565868
vt 0.861135 0.572375
vt 0.876933 0.569374
vt 0.906862 0.539900
vt 0.893235 0.553689
vt 0.894349 0.558416
vt 0.908802 0.543565
vt 0.963848 0.313718
vt 0.960590 0.312383
vt 0.915996 0.503926
vt 0.919535 0.504337
vt 0.957394 0.316777
vt 0.953540 0.318544
vt 0.897195 0.523520
vt 0.907017 0.531272
vt 0.912245 0.520183
vt 0.906390 0.519401
vt 0.811429 0.489784
vt 0.809185 0.489069
vt 0.804970 0.504809
vt 0.808482 0.502398
vt 0.822888 0.517538
vt 0.815366 0.527561
vt 0.821259 0.537085
vt 0.822990 0.531257
vt 0.831465 0.544144
vt 0.831106 0.548317
vt 0.845462 0.557416
vt 0.844890 0.553216
vt 0.859896 0.557085
vt 0.860130 0.560256
vt 0.875973 0.558212
vt 0.876161 0.554260
vt 0.888686 0.546649
vt 0.890074 0.551827
vt 0.901990 0.539534
vt 0.897043 0.533943
vt 0.868688 0.300415
vt 0.867431 0.297268
vt 0.931632 0.505759
vt 0.968731 0.320098
vt 0.920209 0.536712
vt 0.925865 0.525108
vt 0.802729 0.502959
vt 0.807182 0.487335
vt 0.802572 0.532882
vt 0.812904 0.546216
vt 0.828763 0.563723
vt 0.846617 0.575713
vt 0.861723 0.579529
vt 0.878030 0.575543
vt 0.896384 0.564501
vt 0.912488 0.547422
vt 0.968349 0.311802
vt 0.965937 0.308294
vt 0.867598 0.286042
vt 0.800429 0.513179
vt 0.805066 0.512320
vt 0.815147 0.511765
vt 0.915663 0.515050
vt 0.919326 0.514490
vt 0.912387 0.512659
vt 0.923762 0.515379
vt 0.928778 0.517086
vt 0.796436 0.543223
vt 0.791218 0.522037
vt 0.788694 0.529735
vt 0.789057 0.537557
vt 0.793820 0.514885
vt 0.911151 0.504734
vt 0.948802 0.321035
vt 0.893749 0.521359
vt 0.901122 0.517515
vt 0.817951 0.492698
vt 0.816809 0.503621
vt 0.826326 0.515554
vt 0.826356 0.528166
vt 0.833068 0.539258
vt 0.844808 0.548726
vt 0.859697 0.553112
vt 0.875828 0.550011
vt 0.886442 0.542055
vt 0.893528 0.530898
vt 0.870478 0.304676
vt 0.820813 0.510169
vt 0.907472 0.512843
vt 0.907057 0.503292
vt 0.944826 0.322796
vt 0.890406 0.519093
vt 0.895080 0.516225
vt 0.822146 0.492818
vt 0.821645 0.501759
vt 0.829845 0.513610
vt 0.829750 0.525857
vt 0.835323 0.535332
vt 0.845647 0.543839
vt 0.859558 0.549552
vt 0.874521 0.545294
vt 0.883925 0.538216
vt 0.890141 0.528537
vt 0.875872 0.309040
vt 0.825571 0.509486
vt 0.903582 0.510467
vt 0.898185 0.501682
vt 0.937109 0.326796
vt 0.879765 0.514765
vt 0.885470 0.513065
vt 0.831690 0.493452
vt 0.832273 0.500777
vt 0.840561 0.510315
vt 0.837736 0.521229
vt 0.841571 0.529024
vt 0.849330 0.536477
vt 0.859271 0.540374
vt 0.870566 0.537953
vt 0.877753 0.531757
vt 0.882293 0.523425
vt 0.879834 0.317045
vt 0.836773 0.507516
vt 0.893772 0.508365
vt 0.967614 0.296558
vt 0.872564 0.275966
vt 0.980191 0.311782
vt 0.979848 0.306844
vt 0.980292 0.321793
vt 0.943106 0.508299
vt 0.939747 0.520840
vt 0.936401 0.529812
vt 0.930053 0.542579
vt 0.921646 0.554540
vt 0.904121 0.573012
vt 0.883470 0.585633
vt 0.863846 0.590506
vt 0.844560 0.586993
vt 0.823622 0.574120
vt 0.806282 0.555972
vt 0.803951 0.486653
vt 0.798976 0.500693
vt 0.829225 0.855779
vt 0.831092 0.851458
vt 0.826712 0.851227
vt 0.819159 0.852424
vt 0.869953 0.742060
vt 0.865939 0.735509
vt 0.670694 0.631031
vt 0.668598 0.634589
vt 0.635445 0.616815
vt 0.633795 0.622044
vt 0.647639 0.626381
vt 0.650630 0.621475
vt 0.544382 0.728580
vt 0.550050 0.726594
vt 0.544755 0.709154
vt 0.539886 0.706418
vt 0.538072 0.678694
vt 0.543159 0.683139
vt 0.546676 0.661314
vt 0.541712 0.651597
vt 0.551769 0.635076
vt 0.557211 0.641441
vt 0.576724 0.628012
vt 0.568531 0.622865
vt 0.593889 0.616088
vt 0.597158 0.621301
vt 0.621608 0.620268
vt 0.620043 0.615238
vt 0.873918 0.740876
vt 0.872542 0.745184
vt 0.865978 0.744698
vt 0.664963 0.637733
vt 0.662250 0.641503
vt 0.861302 0.747064
vt 0.644161 0.631813
vt 0.629514 0.627498
vt 0.627936 0.643741
vt 0.639740 0.638196
vt 0.565929 0.750788
vt 0.584636 0.760455
vt 0.585597 0.757558
vt 0.570950 0.749367
vt 0.549007 0.705145
vt 0.552778 0.719566
vt 0.568375 0.721236
vt 0.555857 0.708733
vt 0.551525 0.663410
vt 0.547217 0.685385
vt 0.551370 0.688823
vt 0.554876 0.667757
vt 0.577794 0.633703
vt 0.561915 0.646926
vt 0.564603 0.649996
vt 0.581548 0.637038
vt 0.617637 0.625251
vt 0.596043 0.625937
vt 0.599501 0.631812
vt 0.618351 0.634889
vt 0.825153 0.847873
vt 0.822870 0.844289
vt 0.873602 0.732152
vt 0.674286 0.624907
vt 0.651748 0.614527
vt 0.636306 0.610153
vt 0.566052 0.754749
vt 0.584889 0.763891
vt 0.533320 0.705016
vt 0.537113 0.727556
vt 0.535803 0.645735
vt 0.530966 0.673609
vt 0.563926 0.616321
vt 0.545795 0.628074
vt 0.619849 0.608367
vt 0.590213 0.608799
vt 0.879936 0.743170
vt 0.880394 0.739342
vt 0.837710 0.855916
vt 0.558760 0.743840
vt 0.554319 0.747846
vt 0.567285 0.734126
vt 0.651825 0.632756
vt 0.655551 0.629660
vt 0.651125 0.637915
vt 0.661541 0.618398
vt 0.658656 0.624645
vt 0.538518 0.749436
vt 0.522093 0.724171
vt 0.521425 0.736783
vt 0.528720 0.744397
vt 0.547589 0.753224
vt 0.657296 0.645594
vt 0.855098 0.749612
vt 0.626881 0.648979
vt 0.636828 0.644950
vt 0.587565 0.748536
vt 0.576263 0.739896
vt 0.573119 0.719697
vt 0.561584 0.708243
vt 0.557253 0.691695
vt 0.558924 0.671894
vt 0.568060 0.653753
vt 0.585121 0.641127
vt 0.601695 0.638009
vt 0.618026 0.640945
vt 0.819927 0.839352
vt 0.573405 0.729960
vt 0.646651 0.642568
vt 0.655032 0.650713
vt 0.850070 0.751885
vt 0.626050 0.654227
vt 0.632716 0.651988
vt 0.590609 0.744108
vt 0.581820 0.736796
vt 0.577943 0.718113
vt 0.566614 0.707041
vt 0.562815 0.693067
vt 0.564146 0.675503
vt 0.571199 0.657080
vt 0.588279 0.646564
vt 0.602986 0.643820
vt 0.617215 0.646303
vt 0.819324 0.830764
vt 0.577983 0.725926
vt 0.645396 0.648331
vt 0.648679 0.660585
vt 0.839157 0.755090
vt 0.620894 0.668463
vt 0.627366 0.664189
vt 0.597113 0.733795
vt 0.591447 0.727587
vt 0.590081 0.710861
vt 0.577731 0.703580
vt 0.574027 0.692803
vt 0.574118 0.678607
vt 0.579384 0.665577
vt 0.591542 0.656899
vt 0.603522 0.655477
vt 0.615120 0.658433
vt 0.815101 0.820791
vt 0.589360 0.717120
vt 0.638821 0.659847
vt 0.835543 0.857873
vt 0.852681 0.856098
vt 0.894445 0.743940
vt 0.892676 0.735190
vt 0.883759 0.721267
vt 0.682028 0.611970
vt 0.667891 0.604885
vt 0.656897 0.600585
vt 0.639804 0.595821
vt 0.621606 0.593549
vt 0.589436 0.594031
vt 0.559659 0.602234
vt 0.537723 0.616226
vt 0.523691 0.637463
vt 0.516871 0.669038
vt 0.518485 0.702514
vt 0.583179 0.767825
vt 0.565493 0.760657
vt 0.860381 0.289336
vt 0.860509 0.292736
vt 0.771183 0.265714
vt 0.766144 0.269306
vt 0.693573 0.426661
vt 0.696472 0.428055
vt 0.684359 0.454921
vt 0.688515 0.455857
vt 0.691150 0.444833
vt 0.687167 0.442834
vt 0.775419 0.518745
vt 0.773651 0.514466
vt 0.760590 0.519608
vt 0.758744 0.523557
vt 0.737586 0.526659
vt 0.740724 0.522430
vt 0.723725 0.521056
vt 0.716510 0.525523
vt 0.703168 0.518751
vt 0.707781 0.514120
vt 0.696288 0.499803
vt 0.692765 0.506497
vt 0.686084 0.487235
vt 0.689942 0.484357
vt 0.687793 0.465432
vt 0.683973 0.466982
vt 0.769852 0.262750
vt 0.773302 0.263461
vt 0.773533 0.268609
vt 0.699119 0.430667
vt 0.702211 0.432519
vt 0.775697 0.272066
vt 0.695562 0.447178
vt 0.692985 0.458828
vt 0.705663 0.459009
vt 0.700752 0.450195
vt 0.791448 0.500821
vt 0.798224 0.485864
vt 0.795958 0.485250
vt 0.790193 0.496999
vt 0.757304 0.516545
vt 0.768169 0.512757
vt 0.768727 0.500558
vt 0.759716 0.511007
vt 0.725069 0.517155
vt 0.742232 0.519137
vt 0.744655 0.515699
vt 0.728235 0.514280
vt 0.700637 0.498611
vt 0.711755 0.510117
vt 0.713976 0.507834
vt 0.703008 0.495481
vt 0.691879 0.468201
vt 0.693603 0.484931
vt 0.697966 0.481865
vt 0.699317 0.467029
vt 0.857911 0.294131
vt 0.855159 0.296100
vt 0.763020 0.263666
vt 0.688586 0.424274
vt 0.681695 0.442433
vt 0.679134 0.454699
vt 0.794466 0.500537
vt 0.800870 0.485495
vt 0.758011 0.528747
vt 0.774963 0.524451
vt 0.712321 0.530484
vt 0.734074 0.532501
vt 0.687959 0.510489
vt 0.698092 0.523834
vt 0.678651 0.467587
vt 0.680638 0.490561
vt 0.770936 0.257782
vt 0.767939 0.257812
vt 0.862956 0.283873
vt 0.786400 0.506724
vt 0.789577 0.509951
vt 0.778661 0.500646
vt 0.695902 0.441172
vt 0.693292 0.438486
vt 0.699964 0.441377
vt 0.684183 0.434583
vt 0.689213 0.436402
vt 0.773176 0.536307
vt 0.782765 0.536117
vt 0.788152 0.530011
vt 0.705654 0.436099
vt 0.778106 0.276692
vt 0.709777 0.459492
vt 0.706146 0.452018
vt 0.788917 0.484175
vt 0.782721 0.493378
vt 0.767310 0.496963
vt 0.759067 0.506587
vt 0.746557 0.510953
vt 0.731201 0.510878
vt 0.716686 0.504910
vt 0.705974 0.492443
vt 0.702648 0.479761
vt 0.704030 0.466888
vt 0.851367 0.298648
vt 0.775199 0.496139
vt 0.703813 0.444547
vt 0.709777 0.437529
vt 0.780242 0.280434
vt 0.713886 0.459805
vt 0.711816 0.454762
vt 0.785387 0.482028
vt 0.780112 0.489233
vt 0.765840 0.493311
vt 0.757896 0.502752
vt 0.747327 0.506552
vt 0.733699 0.506600
vt 0.719080 0.502261
vt 0.710006 0.489643
vt 0.707077 0.478384
vt 0.708227 0.467172
vt 0.844581 0.299602
vt 0.771882 0.492820
vt 0.708368 0.445144
vt 0.717806 0.441855
vt 0.783544 0.288650
vt 0.725187 0.462906
vt 0.721563 0.458154
vt 0.777166 0.477521
vt 0.772569 0.482282
vt 0.759609 0.484319
vt 0.754637 0.494340
vt 0.746513 0.497869
vt 0.735546 0.498663
vt 0.725195 0.495368
vt 0.717818 0.486461
vt 0.716068 0.477233
vt 0.717727 0.468031
vt 0.836877 0.303360
vt 0.764514 0.484511
vt 0.717658 0.449535
vt 0.863293 0.272387
vt 0.770361 0.246540
vt 0.763679 0.248623
vt 0.753794 0.256591
vt 0.678034 0.419089
vt 0.673277 0.430535
vt 0.670534 0.439344
vt 0.667777 0.452906
vt 0.667027 0.467163
vt 0.669211 0.492087
vt 0.677270 0.514674
vt 0.689368 0.530831
vt 0.706619 0.540411
vt 0.731359 0.543745
vt 0.756925 0.540435
vt 0.823438 0.857811
vt 0.826957 0.860150
vt 0.556462 0.926311
vt 0.786930 0.977611
vt 0.794919 0.975392
vt 0.557289 0.922270
vt 0.535432 0.913891
vt 0.521924 0.907380
vt 0.519510 0.912253
vt 0.534285 0.919479
vt 0.517112 0.783040
vt 0.532552 0.774403
vt 0.529725 0.768916
vt 0.511746 0.781501
vt 0.485613 0.818057
vt 0.498208 0.800220
vt 0.491517 0.799720
vt 0.475326 0.821341
vt 0.483981 0.862873
vt 0.479307 0.839534
vt 0.470961 0.840118
vt 0.474443 0.860659
vt 0.511540 0.900120
vt 0.494167 0.882122
vt 0.488119 0.883480
vt 0.506856 0.902575
vt 0.797058 0.978513
vt 0.798848 0.974504
vt 0.557141 0.912919
vt 0.556645 0.917522
vt 0.793392 0.970753
vt 0.791177 0.965869
vt 0.532524 0.887883
vt 0.522513 0.900519
vt 0.536556 0.907595
vt 0.537599 0.899976
vt 0.578693 0.777388
vt 0.579749 0.774504
vt 0.559773 0.768360
vt 0.562653 0.773053
vt 0.542482 0.791455
vt 0.529933 0.781401
vt 0.517451 0.788903
vt 0.524864 0.791277
vt 0.507996 0.802077
vt 0.502653 0.801533
vt 0.490534 0.820038
vt 0.495940 0.819370
vt 0.490574 0.838780
vt 0.486506 0.839026
vt 0.488736 0.859626
vt 0.493781 0.859942
vt 0.503227 0.876360
vt 0.496599 0.878062
vt 0.512074 0.893799
vt 0.519275 0.887482
vt 0.816000 0.860808
vt 0.820090 0.859459
vt 0.555018 0.933254
vt 0.790486 0.985176
vt 0.515498 0.917588
vt 0.530289 0.925232
vt 0.562304 0.765493
vt 0.582078 0.771983
vt 0.523746 0.764480
vt 0.506063 0.777817
vt 0.482947 0.798227
vt 0.467032 0.821234
vt 0.461785 0.840759
vt 0.466530 0.861971
vt 0.480318 0.886005
vt 0.501903 0.907296
vt 0.800512 0.983388
vt 0.803823 0.980877
vt 0.834566 0.860336
vt 0.549296 0.762065
vt 0.550092 0.768224
vt 0.550239 0.781474
vt 0.543059 0.912188
vt 0.543771 0.916976
vt 0.546089 0.907980
vt 0.542662 0.922732
vt 0.540537 0.929227
vt 0.510679 0.756268
vt 0.528546 0.746340
vt 0.518391 0.746712
vt 0.556127 0.906598
vt 0.788039 0.959857
vt 0.535332 0.883442
vt 0.540062 0.893148
vt 0.574621 0.785752
vt 0.560635 0.783892
vt 0.544888 0.795968
vt 0.528687 0.795736
vt 0.514207 0.804261
vt 0.501703 0.819345
vt 0.495668 0.838592
vt 0.499217 0.859589
vt 0.509126 0.873530
vt 0.523202 0.882966
vt 0.810442 0.862729
vt 0.552028 0.788918
vt 0.545893 0.901568
vt 0.557958 0.901300
vt 0.785826 0.954836
vt 0.538290 0.879143
vt 0.541798 0.885305
vt 0.574240 0.791211
vt 0.562789 0.790256
vt 0.547264 0.800572
vt 0.531514 0.800206
vt 0.519166 0.807279
vt 0.507949 0.820526
vt 0.500233 0.838476
vt 0.505277 0.857982
vt 0.514073 0.870329
vt 0.526268 0.878603
vt 0.804639 0.869187
vt 0.552705 0.795128
vt 0.548929 0.896566
vt 0.560107 0.889811
vt 0.780750 0.945066
vt 0.544047 0.865405
vt 0.546024 0.872903
vt 0.572923 0.803625
vt 0.563615 0.804094
vt 0.551137 0.814525
vt 0.537196 0.810668
vt 0.527077 0.815508
vt 0.517286 0.825443
vt 0.511997 0.838268
vt 0.514772 0.852983
vt 0.522472 0.862443
vt 0.532974 0.868509
vt 0.794068 0.873451
vt 0.554846 0.809706
vt 0.551690 0.883887
vt 0.816093 0.987910
vt 0.848433 0.864811
vt 0.808525 0.994527
vt 0.790843 1.000000
vt 0.552044 0.948021
vt 0.535826 0.943363
vt 0.524296 0.938782
vt 0.507953 0.930215
vt 0.492718 0.919006
vt 0.469323 0.895846
vt 0.453520 0.868812
vt 0.447679 0.843297
vt 0.452625 0.818379
vt 0.469753 0.791390
vt 0.493756 0.769041
vt 0.864692 0.283282
vt 0.864737 0.271771
vt 0.866173 0.284402
vt 0.871399 0.274725
vt 0.849221 0.863236
vt 0.850838 0.861642
vt 0.397825 0.969958
vt 0.403115 0.954795
vt 0.357106 0.939646
vt 0.351564 0.954799
vt 0.315376 0.993123
vt 0.335000 1.000000
vt 0.331578 0.948117
vt 0.339175 0.931925
vt 0.516290 0.348961
vt 0.531519 0.347903
vt 0.529639 0.328459
vt 0.513305 0.329664
vt 0.113739 0.513738
vt 0.005470 0.812898
vt 0.050369 0.829572
vt 0.155672 0.535729
vt 0.498687 0.059098
vt 0.231305 0.041970
vt 0.238198 0.067209
vt 0.483407 0.073899
vt 0.029064 0.890002
vt 0.048579 0.897104
vt 0.064717 0.852025
vt 0.045060 0.844729
vt 0.070919 0.836711
vt 0.170570 0.552603
vt 0.213498 0.027643
vt 0.511802 0.045093
vt 0.514553 0.025768
vt 0.205224 0.007968
vt 0.207657 0.491128
vt 0.198928 0.471962
vt 0.166662 0.438849
vt 0.126542 0.033354
vt 0.140723 0.048242
vt 0.594982 0.539975
vt 0.650279 0.563030
vt 0.657360 0.549096
vt 0.604814 0.519171
vt 0.448072 0.574055
vt 0.437379 0.645677
vt 0.459688 0.643238
vt 0.467716 0.566312
vt 0.506448 0.652646
vt 0.514076 0.560689
vt 0.127760 0.345911
vt 0.207174 0.371186
vt 0.215345 0.351414
vt 0.141961 0.330992
vt 0.913254 0.692205
vt 0.965808 0.722118
vt 0.975634 0.701312
vt 0.920332 0.678270
vt 0.435244 0.511499
vt 0.446998 0.490397
vt 0.487715 0.468636
vt 0.059977 0.294722
vt 0.084345 0.292513
vt 0.864574 0.668016
vt 0.871222 0.654496
vt 0.403803 0.462164
vt 0.412406 0.443298
vt 0.442331 0.408797
vt 0.023888 0.242706
vt 0.045030 0.242099
vt 0.820124 0.646108
vt 0.826647 0.632699
vt 0.312209 0.431305
vt 0.363358 0.431573
vt 0.370256 0.415548
vt 0.319463 0.411416
vt 0.383697 0.373451
vt 0.316428 0.366052
vt 0.023655 0.136786
vt 0.007631 0.189797
vt 0.025862 0.189821
vt 0.044732 0.137399
vt 0.743961 0.608608
vt 0.781800 0.627559
vt 0.788808 0.613749
vt 0.750484 0.595199
vt 0.256806 0.451318
vt 0.262971 0.427134
vt 0.244413 0.384591
vt 0.059370 0.084681
vt 0.083629 0.086853
vt 0.699385 0.586811
vt 0.706035 0.573291
vt 0.233138 0.336883
vt 0.500008 0.315901
vt 0.483501 0.302209
vt 0.239995 0.310829
vt 0.528188 0.045945
vt 0.529761 0.026513
vt 0.000000 0.827938
vt 0.178565 0.574964
vt 0.087252 0.829393
vt 0.220036 0.503106
vt 0.147566 0.062504
vt 0.417285 0.659814
vt 0.431762 0.576776
vt 0.148775 0.316703
vt 0.420785 0.519811
vt 0.095183 0.281746
vt 0.393275 0.474360
vt 0.058053 0.236088
vt 0.359241 0.446440
vt 0.314859 0.447706
vt 0.057756 0.143391
vt 0.039669 0.189837
vt 0.264426 0.466817
vt 0.094477 0.097595
vt 0.329108 0.916563
vt 0.658459 0.540692
vt 0.658375 0.535008
vt 0.582712 0.501830
vt 0.590299 0.509155
vt 0.567400 0.532839
vt 0.578212 0.534623
vt 0.639881 0.572553
vt 0.644393 0.569108
vt 0.980324 0.732130
vt 0.987912 0.739453
vt 1.003220 0.708443
vt 0.992405 0.706661
vt 0.930731 0.668747
vt 0.926219 0.672192
vt 0.912160 0.700610
vt 0.912247 0.706294
vt 0.878550 0.644857
vt 0.875548 0.648335
vt 0.862346 0.675211
vt 0.861434 0.679716
vt 0.831806 0.622482
vt 0.829899 0.626253
vt 0.817000 0.652616
vt 0.815181 0.656430
vt 0.792126 0.606987
vt 0.794029 0.603124
vt 0.755435 0.584880
vt 0.753612 0.588693
vt 0.740713 0.615056
vt 0.738809 0.618829
vt 0.776589 0.638188
vt 0.778487 0.634324
vt 0.708268 0.566097
vt 0.709184 0.561594
vt 0.692064 0.596453
vt 0.695063 0.592974
s 0
usemtl lambert1
f 1902/1086/1478 1899/1087/1478 1900/1088/1478
f 1900/1088/1478 1901/1089/1478 1902/1086/1478
s 1
f 1906/1090/1479 1903/1086/1479 1904/1089/1480
f 1904/1089/1480 1905/1091/1480 1906/1090/1479
s 0
f 1910/1092/1481 1907/1090/1481 1908/1091/1481
f 1908/1091/1481 1909/1093/1481 1910/1092/1481
s 1
f 1914/1094/1482 1911/1095/1482 1912/1096/1483
f 1912/1096/1483 1913/1097/1483 1914/1094/1482
s 0
f 1918/1098/1484 1915/1099/1484 1916/1100/1484
f 1916/1100/1484 1917/1101/1484 1918/1098/1484
f 1922/1102/1485 1919/1095/1485 1920/1094/1485
f 1920/1094/1485 1921/1103/1485 1922/1102/1485
s 1
f 1924/1099/1486 1913/1097/1483 1912/1096/1483
f 1912/1096/1483 1923/1100/1486 1924/1099/1486
s 0
f 1926/1104/1481 1909/1093/1481 1908/1091/1481
f 1908/1091/1481 1925/1101/1481 1926/1104/1481
s 1
f 1928/1101/1487 1905/1091/1480 1904/1089/1480
f 1904/1089/1480 1927/1098/1487 1928/1101/1487
s 0
f 1930/1098/1478 1901/1089/1478 1900/1088/1478
f 1900/1088/1478 1929/1105/1478 1930/1098/1478
s 1
f 1934/1106/1488 1931/1107/1489 1932/1108/1490
f 1932/1108/1490 1933/1109/1491 1934/1106/1488
f 1936/1110/1492 1935/1111/1493 1931/1107/1489
f 1931/1107/1489 1934/1106/1488 1936/1110/1492
f 1938/1112/1494 1937/1113/1495 1935/1111/1493
f 1935/1111/1493 1936/1110/1492 1938/1112/1494
f 1940/1114/1496 1939/1115/1497 1937/1113/1495
f 1937/1113/1495 1938/1112/1494 1940/1114/1496
f 1942/1116/1498 1941/1117/1499 1939/1115/1497
f 1939/1115/1497 1940/1114/1496 1942/1116/1498
f 1944/1118/1500 1943/1119/1501 1941/1117/1499
f 1941/1117/1499 1942/1116/1498 1944/1118/1500
f 1946/1120/1502 1945/1121/1503 1943/1119/1501
f 1943/1119/1501 1944/1118/1500 1946/1120/1502
f 1948/1122/1504 1947/1123/1505 1945/1121/1503
f 1945/1121/1503 1946/1120/1502 1948/1122/1504
f 1950/1124/1506 1949/1125/1507 1947/1123/1505
f 1947/1123/1505 1948/1122/1504 1950/1124/1506
f 1952/1126/1508 1951/1127/1509 1949/1125/1507
f 1949/1125/1507 1950/1124/1506 1952/1126/1508
f 1954/1128/1510 1953/1129/1511 1951/1127/1509
f 1951/1127/1509 1952/1126/1508 1954/1128/1510
f 1956/1130/1512 1955/1131/1513 1953/1129/1511
f 1953/1129/1511 1954/1128/1510 1956/1130/1512
f 1958/1132/1514 1957/1133/1515 1955/1131/1513
f 1955/1131/1513 1956/1130/1512 1958/1132/1514
f 1960/1134/1516 1959/1135/1517 1957/1133/1515
f 1957/1133/1515 1958/1132/1514 1960/1134/1516
f 1962/1136/1518 1961/1137/1519 1959/1135/1517
f 1959/1135/1517 1960/1134/1516 1962/1136/1518
f 1933/1109/1491 1932/1108/1490 1961/1137/1519
f 1961/1137/1519 1962/1136/1518 1933/1109/1491
f 1964/1138/1520 1934/1106/1488 1933/1109/1491
f 1933/1109/1491 1963/1139/1521 1964/1138/1520
f 1965/1140/1522 1936/1110/1492 1934/1106/1488
f 1934/1106/1488 1964/1138/1520 1965/1140/1522
f 1966/1141/1523 1938/1112/1494 1936/1110/1492
f 1936/1110/1492 1965/1140/1522 1966/1141/1523
f 1967/1142/1524 1940/1114/1496 1938/1112/1494
f 1938/1112/1494 1966/1141/1523 1967/1142/1524
f 1968/1143/1525 1942/1116/1498 1940/1114/1496
f 1940/1114/1496 1967/1142/1524 1968/1143/1525
f 1969/1144/1526 1944/1118/1500 1942/1116/1498
f 1942/1116/1498 1968/1143/1525 1969/1144/1526
f 1970/1145/1527 1946/1120/1502 1944/1118/1500
f 1944/1118/1500 1969/1144/1526 1970/1145/1527
f 1971/1146/1528 1948/1122/1504 1946/1120/1502
f 1946/1120/1502 1970/1145/1527 1971/1146/1528
f 1972/1147/1529 1950/1124/1506 1948/1122/1504
f 1948/1122/1504 1971/1146/1528 1972/1147/1529
f 1973/1148/1530 1952/1126/1508 1950/1124/1506
f 1950/1124/1506 1972/1147/1529 1973/1148/1530
f 1974/1149/1531 1954/1128/1510 1952/1126/1508
f 1952/1126/1508 1973/1148/1530 1974/1149/1531
f 1975/1150/1532 1956/1130/1512 1954/1128/1510
f 1954/1128/1510 1974/1149/1531 1975/1150/1532
f 1976/1151/1533 1958/1132/1514 1956/1130/1512
f 1956/1130/1512 1975/1150/1532 1976/1151/1533
f 1977/1152/1534 1960/1134/1516 1958/1132/1514
f 1958/1132/1514 1976/1151/1533 1977/1152/1534
f 1978/1153/1535 1962/1136/1518 1960/1134/1516
f 1960/1134/1516 1977/1152/1534 1978/1153/1535
f 1963/1139/1521 1933/1109/1491 1962/1136/1518
f 1962/1136/1518 1978/1153/1535 1963/1139/1521
f 1980/1154/1536 1964/1138/1520 1963/1139/1521
f 1963/1139/1521 1979/1155/1537 1980/1154/1536
f 1981/1156/1538 1965/1140/1522 1964/1138/1520
f 1964/1138/1520 1980/1154/1536 1981/1156/1538
f 1982/1157/1539 1966/1141/1523 1965/1140/1522
f 1965/1140/1522 1981/1156/1538 1982/1157/1539
f 1983/1158/1540 1967/1142/1524 1966/1141/1523
f 1966/1141/1523 1982/1157/1539 1983/1158/1540
f 1984/1159/1541 1968/1143/1525 1967/1142/1524
f 1967/1142/1524 1983/1158/1540 1984/1159/1541
f 1985/1160/1542 1969/1144/1526 1968/1143/1525
f 1968/1143/1525 1984/1159/1541 1985/1160/1542
f 1986/1161/1543 1970/1145/1527 1969/1144/1526
f 1969/1144/1526 1985/1160/1542 1986/1161/1543
f 1987/1162/1544 1971/1146/1528 1970/1145/1527
f 1970/1145/1527 1986/1161/1543 1987/1162/1544
f 1988/1163/1545 1972/1147/1529 1971/1146/1528
f 1971/1146/1528 1987/1162/1544 1988/1163/1545
f 1989/1164/1546 1973/1148/1530 1972/1147/1529
f 1972/1147/1529 1988/1163/1545 1989/1164/1546
f 1990/1165/1547 1974/1149/1531 1973/1148/1530
f 1973/1148/1530 1989/1164/1546 1990/1165/1547
f 1991/1166/1548 1975/1150/1532 1974/1149/1531
f 1974/1149/1531 1990/1165/1547 1991/1166/1548
f 1992/1167/1549 1976/1151/1533 1975/1150/1532
f 1975/1150/1532 1991/1166/1548 1992/1167/1549
f 1993/1168/1550 1977/1152/1534 1976/1151/1533
f 1976/1151/1533 1992/1167/1549 1993/1168/1550
f 1994/1169/1551 1978/1153/1535 1977/1152/1534
f 1977/1152/1534 1993/1168/1550 1994/1169/1551
f 1979/1155/1537 1963/1139/1521 1978/1153/1535
f 1978/1153/1535 1994/1169/1551 1979/1155/1537
f 1998/1170/1552 1995/1154/1553 1996/1155/1554
f 1996/1155/1554 1997/1171/1555 1998/1170/1552
f 2000/1172/1556 1999/1156/1557 1995/1154/1553
f 1995/1154/1553 1998/1170/1552 2000/1172/1556
f 2002/1173/1558 2001/1157/1559 1999/1156/1557
f 1999/1156/1557 2000/1172/1556 2002/1173/1558
f 2004/1174/1560 2003/1158/1561 2001/1157/1559
f 2001/1157/1559 2002/1173/1558 2004/1174/1560
f 2006/1175/1562 2005/1159/1563 2003/1158/1561
f 2003/1158/1561 2004/1174/1560 2006/1175/1562
f 2008/1176/1564 2007/1160/1565 2005/1159/1563
f 2005/1159/1563 2006/1175/1562 2008/1176/1564
f 2010/1177/1566 2009/1161/1567 2007/1160/1565
f 2007/1160/1565 2008/1176/1564 2010/1177/1566
f 2012/1178/1568 2011/1162/1569 2009/1161/1567
f 2009/1161/1567 2010/1177/1566 2012/1178/1568
f 2014/1179/1570 2013/1163/1571 2011/1162/1569
f 2011/1162/1569 2012/1178/1568 2014/1179/1570
f 2016/1180/1572 2015/1164/1573 2013/1163/1571
f 2013/1163/1571 2014/1179/1570 2016/1180/1572
f 2018/1181/1574 2017/1165/1575 2015/1164/1573
f 2015/1164/1573 2016/1180/1572 2018/1181/1574
f 2020/1182/1576 2019/1166/1577 2017/1165/1575
f 2017/1165/1575 2018/1181/1574 2020/1182/1576
f 2022/1183/1578 2021/1167/1579 2019/1166/1577
f 2019/1166/1577 2020/1182/1576 2022/1183/1578
f 2024/1184/1580 2023/1168/1581 2021/1167/1579
f 2021/1167/1579 2022/1183/1578 2024/1184/1580
f 2026/1185/1582 2025/1169/1583 2023/1168/1581
f 2023/1168/1581 2024/1184/1580 2026/1185/1582
f 1997/1171/1555 1996/1155/1554 2025/1169/1583
f 2025/1169/1583 2026/1185/1582 1997/1171/1555
s 0
f 2030/1186/1584 2027/1187/1584 2028/1188/1584
f 2028/1188/1584 2029/1189/1584 2030/1186/1584
f 2034/1190/1585 2031/1191/1585 2032/1187/1585
f 2032/1187/1586 2033/1186/1586 2034/1190/1586
f 2038/1192/1587 2035/1193/1587 2036/1191/1587
f 2036/1191/1587 2037/1190/1587 2038/1192/1587
f 2042/1194/1588 2039/1195/1588 2040/1193/1588
f 2040/1193/1588 2041/1192/1588 2042/1194/1588
f 2046/1196/1589 2043/1197/1589 2044/1195/1589
f 2044/1195/1590 2045/1194/1590 2046/1196/1590
f 2050/1198/1591 2047/1199/1591 2048/1197/1591
f 2048/1197/1592 2049/1196/1592 2050/1198/1592
f 2054/1200/1593 2051/1201/1593 2052/1199/1593
f 2052/1199/1593 2053/1198/1593 2054/1200/1593
f 2058/1202/1594 2055/1203/1594 2056/1201/1594
f 2056/1201/1594 2057/1200/1594 2058/1202/1594
f 2062/1204/1595 2059/1205/1595 2060/1203/1595
f 2060/1203/1596 2061/1202/1596 2062/1204/1596
f 2066/1206/1597 2063/1207/1597 2064/1205/1597
f 2064/1205/1598 2065/1204/1598 2066/1206/1598
f 2070/1208/1599 2067/1209/1599 2068/1207/1599
f 2068/1207/1599 2069/1206/1599 2070/1208/1599
f 2074/1210/1600 2071/1211/1600 2072/1209/1600
f 2072/1209/1600 2073/1208/1600 2074/1210/1600
f 2078/1212/1601 2075/1213/1601 2076/1211/1601
f 2076/1211/1602 2077/1210/1602 2078/1212/1602
f 2082/1214/1603 2079/1215/1603 2080/1213/1603
f 2080/1213/1604 2081/1212/1604 2082/1214/1604
f 2086/1216/1605 2083/1217/1605 2084/1215/1605
f 2084/1215/1605 2085/1214/1605 2086/1216/1605
f 2090/1189/1606 2087/1188/1606 2088/1217/1606
f 2088/1217/1607 2089/1216/1607 2090/1189/1607
s 1
f 2092/1218/1608 1998/1170/1552 1997/1171/1555
f 1997/1171/1555 2091/1219/1609 2092/1218/1608
f 2093/1220/1610 2000/1172/1556 1998/1170/1552
f 1998/1170/1552 2092/1218/1608 2093/1220/1610
f 2094/1221/1611 2002/1173/1558 2000/1172/1556
f 2000/1172/1556 2093/1220/1610 2094/1221/1611
f 2095/1222/1612 2004/1174/1560 2002/1173/1558
f 2002/1173/1558 2094/1221/1611 2095/1222/1612
f 2096/1223/1613 2006/1175/1562 2004/1174/1560
f 2004/1174/1560 2095/1222/1612 2096/1223/1613
f 2097/1224/1614 2008/1176/1564 2006/1175/1562
f 2006/1175/1562 2096/1223/1613 2097/1224/1614
f 2098/1225/1615 2010/1177/1566 2008/1176/1564
f 2008/1176/1564 2097/1224/1614 2098/1225/1615
f 2099/1226/1616 2012/1178/1568 2010/1177/1566
f 2010/1177/1566 2098/1225/1615 2099/1226/1616
f 2100/1227/1617 2014/1179/1570 2012/1178/1568
f 2012/1178/1568 2099/1226/1616 2100/1227/1617
f 2101/1228/1618 2016/1180/1572 2014/1179/1570
f 2014/1179/1570 2100/1227/1617 2101/1228/1618
f 2102/1229/1619 2018/1181/1574 2016/1180/1572
f 2016/1180/1572 2101/1228/1618 2102/1229/1619
f 2103/1230/1620 2020/1182/1576 2018/1181/1574
f 2018/1181/1574 2102/1229/1619 2103/1230/1620
f 2104/1231/1621 2022/1183/1578 2020/1182/1576
f 2020/1182/1576 2103/1230/1620 2104/1231/1621
f 2105/1232/1622 2024/1184/1580 2022/1183/1578
f 2022/1183/1578 2104/1231/1621 2105/1232/1622
f 2106/1233/1623 2026/1185/1582 2024/1184/1580
f 2024/1184/1580 2105/1232/1622 2106/1233/1623
f 2091/1219/1609 1997/1171/1555 2026/1185/1582
f 2026/1185/1582 2106/1233/1623 2091/1219/1609
f 2108/1187/1624 2092/1218/1608 2091/1219/1609
f 2091/1219/1609 2107/1188/1625 2108/1187/1624
f 2109/1191/1626 2093/1220/1610 2092/1218/1608
f 2092/1218/1608 2108/1187/1624 2109/1191/1626
f 2110/1193/1627 2094/1221/1611 2093/1220/1610
f 2093/1220/1610 2109/1191/1626 2110/1193/1627
f 2111/1195/1628 2095/1222/1612 2094/1221/1611
f 2094/1221/1611 2110/1193/1627 2111/1195/1628
f 2112/1197/1629 2096/1223/1613 2095/1222/1612
f 2095/1222/1612 2111/1195/1628 2112/1197/1629
f 2113/1199/1630 2097/1224/1614 2096/1223/1613
f 2096/1223/1613 2112/1197/1629 2113/1199/1630
f 2114/1201/1631 2098/1225/1615 2097/1224/1614
f 2097/1224/1614 2113/1199/1630 2114/1201/1631
f 2115/1203/1632 2099/1226/1616 2098/1225/1615
f 2098/1225/1615 2114/1201/1631 2115/1203/1632
f 2116/1205/1633 2100/1227/1617 2099/1226/1616
f 2099/1226/1616 2115/1203/1632 2116/1205/1633
f 2117/1207/1634 2101/1228/1618 2100/1227/1617
f 2100/1227/1617 2116/1205/1633 2117/1207/1634
f 2118/1209/1635 2102/1229/1619 2101/1228/1618
f 2101/1228/1618 2117/1207/1634 2118/1209/1635
f 2119/1211/1636 2103/1230/1620 2102/1229/1619
f 2102/1229/1619 2118/1209/1635 2119/1211/1636
f 2120/1213/1637 2104/1231/1621 2103/1230/1620
f 2103/1230/1620 2119/1211/1636 2120/1213/1637
f 2121/1215/1638 2105/1232/1622 2104/1231/1621
f 2104/1231/1621 2120/1213/1637 2121/1215/1638
f 2122/1217/1639 2106/1233/1623 2105/1232/1622
f 2105/1232/1622 2121/1215/1638 2122/1217/1639
f 2107/1188/1625 2091/1219/1609 2106/1233/1623
f 2106/1233/1623 2122/1217/1639 2107/1188/1625
f 2126/1113/1640 2123/1234/1641 2124/1235/1642
f 2124/1235/1642 2125/1111/1643 2126/1113/1640
f 2128/1115/1644 2127/1236/1645 2123/1234/1641
f 2123/1234/1641 2126/1113/1640 2128/1115/1644
f 2130/1117/1646 2129/1237/1647 2127/1236/1645
f 2127/1236/1645 2128/1115/1644 2130/1117/1646
f 2132/1119/1648 2131/1238/1649 2129/1237/1647
f 2129/1237/1647 2130/1117/1646 2132/1119/1648
f 2134/1121/1650 2133/1239/1651 2131/1238/1649
f 2131/1238/1649 2132/1119/1648 2134/1121/1650
f 2136/1123/1652 2135/1240/1653 2133/1239/1651
f 2133/1239/1651 2134/1121/1650 2136/1123/1652
f 2138/1125/1654 2137/1241/1655 2135/1240/1653
f 2135/1240/1653 2136/1123/1652 2138/1125/1654
f 2140/1127/1656 2139/1242/1657 2137/1241/1655
f 2137/1241/1655 2138/1125/1654 2140/1127/1656
f 2142/1129/1658 2141/1243/1659 2139/1242/1657
f 2139/1242/1657 2140/1127/1656 2142/1129/1658
f 2144/1131/1660 2143/1244/1661 2141/1243/1659
f 2141/1243/1659 2142/1129/1658 2144/1131/1660
f 2146/1133/1662 2145/1245/1663 2143/1244/1661
f 2143/1244/1661 2144/1131/1660 2146/1133/1662
f 2148/1135/1664 2147/1246/1665 2145/1245/1663
f 2145/1245/1663 2146/1133/1662 2148/1135/1664
f 2150/1137/1666 2149/1247/1667 2147/1246/1665
f 2147/1246/1665 2148/1135/1664 2150/1137/1666
f 2152/1108/1668 2151/1248/1669 2149/1247/1667
f 2149/1247/1667 2150/1137/1666 2152/1108/1668
f 2154/1107/1670 2153/1249/1671 2151/1248/1669
f 2151/1248/1669 2152/1108/1668 2154/1107/1670
f 2125/1111/1643 2124/1235/1642 2153/1249/1671
f 2153/1249/1671 2154/1107/1670 2125/1111/1643
f 2158/1250/1672 2155/1251/1673 2156/1252/1674
f 2156/1252/1674 2157/1253/1675 2158/1250/1672
f 2155/1251/1673 2159/1254/1676 2160/1255/1677
f 2160/1255/1677 2156/1252/1674 2155/1251/1673
f 2159/1254/1676 2161/1256/1678 2162/1257/1679
f 2162/1257/1679 2160/1255/1677 2159/1254/1676
f 2161/1256/1678 2163/1258/1680 2164/1259/1681
f 2164/1259/1681 2162/1257/1679 2161/1256/1678
f 2163/1258/1680 2165/1260/1682 2166/1261/1683
f 2166/1261/1683 2164/1259/1681 2163/1258/1680
f 2165/1260/1682 2167/1262/1684 2168/1263/1685
f 2168/1263/1685 2166/1261/1683 2165/1260/1682
f 2167/1262/1684 2169/1264/1686 2170/1265/1687
f 2170/1265/1687 2168/1263/1685 2167/1262/1684
f 2169/1264/1686 2171/1266/1688 2172/1267/1689
f 2172/1267/1689 2170/1265/1687 2169/1264/1686
f 2171/1266/1688 2173/1268/1690 2174/1269/1691
f 2174/1269/1691 2172/1267/1689 2171/1266/1688
f 2173/1268/1690 2175/1270/1692 2176/1271/1693
f 2176/1271/1693 2174/1269/1691 2173/1268/1690
f 2175/1270/1692 2177/1272/1694 2178/1273/1695
f 2178/1273/1695 2176/1271/1693 2175/1270/1692
f 2177/1272/1694 2179/1274/1696 2180/1275/1697
f 2180/1275/1697 2178/1273/1695 2177/1272/1694
f 2179/1274/1696 2181/1276/1698 2182/1277/1699
f 2182/1277/1699 2180/1275/1697 2179/1274/1696
f 2181/1276/1698 2183/1278/1700 2184/1279/1701
f 2184/1279/1701 2182/1277/1699 2181/1276/1698
f 2183/1278/1700 2185/1280/1702 2186/1281/1703
f 2186/1281/1703 2184/1279/1701 2183/1278/1700
f 2185/1280/1702 2158/1250/1672 2157/1253/1675
f 2157/1253/1675 2186/1281/1703 2185/1280/1702
f 2157/1253/1675 2156/1252/1674 2187/1282/1704
f 2187/1282/1704 2188/1283/1705 2157/1253/1675
f 2156/1252/1674 2160/1255/1677 2189/1284/1706
f 2189/1284/1706 2187/1282/1704 2156/1252/1674
f 2160/1255/1677 2162/1257/1679 2190/1285/1707
f 2190/1285/1707 2189/1284/1706 2160/1255/1677
f 2162/1257/1679 2164/1259/1681 2191/1286/1708
f 2191/1286/1708 2190/1285/1707 2162/1257/1679
f 2164/1259/1681 2166/1261/1683 2192/1287/1709
f 2192/1287/1709 2191/1286/1708 2164/1259/1681
f 2166/1261/1683 2168/1263/1685 2193/1288/1710
f 2193/1288/1710 2192/1287/1709 2166/1261/1683
f 2168/1263/1685 2170/1265/1687 2194/1289/1711
f 2194/1289/1711 2193/1288/1710 2168/1263/1685
f 2170/1265/1687 2172/1267/1689 2195/1290/1712
f 2195/1290/1712 2194/1289/1711 2170/1265/1687
f 2172/1267/1689 2174/1269/1691 2196/1291/1713
f 2196/1291/1713 2195/1290/1712 2172/1267/1689
f 2174/1269/1691 2176/1271/1693 2197/1292/1714
f 2197/1292/1714 2196/1291/1713 2174/1269/1691
f 2176/1271/1693 2178/1273/1695 2198/1293/1715
f 2198/1293/1715 2197/1292/1714 2176/1271/1693
f 2178/1273/1695 2180/1275/1697 2199/1294/1716
f 2199/1294/1716 2198/1293/1715 2178/1273/1695
f 2180/1275/1697 2182/1277/1699 2200/1295/1717
f 2200/1295/1717 2199/1294/1716 2180/1275/1697
f 2182/1277/1699 2184/1279/1701 2201/1296/1718
f 2201/1296/1718 2200/1295/1717 2182/1277/1699
f 2184/1279/1701 2186/1281/1703 2202/1297/1719
f 2202/1297/1719 2201/1296/1718 2184/1279/1701
f 2186/1281/1703 2157/1253/1675 2188/1283/1705
f 2188/1283/1705 2202/1297/1719 2186/1281/1703
f 2188/1283/1705 2187/1282/1704 2203/1298/1720
f 2203/1298/1720 2204/1299/1721 2188/1283/1705
f 2187/1282/1704 2189/1284/1706 2205/1300/1722
f 2205/1300/1722 2203/1298/1720 2187/1282/1704
f 2189/1284/1706 2190/1285/1707 2206/1301/1723
f 2206/1301/1723 2205/1300/1722 2189/1284/1706
f 2190/1285/1707 2191/1286/1708 2207/1302/1724
f 2207/1302/1724 2206/1301/1723 2190/1285/1707
f 2191/1286/1708 2192/1287/1709 2208/1303/1725
f 2208/1303/1725 2207/1302/1724 2191/1286/1708
f 2192/1287/1709 2193/1288/1710 2209/1304/1726
f 2209/1304/1726 2208/1303/1725 2192/1287/1709
f 2193/1288/1710 2194/1289/1711 2210/1305/1727
f 2210/1305/1727 2209/1304/1726 2193/1288/1710
f 2194/1289/1711 2195/1290/1712 2211/1306/1728
f 2211/1306/1728 2210/1305/1727 2194/1289/1711
f 2195/1290/1712 2196/1291/1713 2212/1307/1729
f 2212/1307/1729 2211/1306/1728 2195/1290/1712
f 2196/1291/1713 2197/1292/1714 2213/1308/1730
f 2213/1308/1730 2212/1307/1729 2196/1291/1713
f 2197/1292/1714 2198/1293/1715 2214/1309/1731
f 2214/1309/1731 2213/1308/1730 2197/1292/1714
f 2198/1293/1715 2199/1294/1716 2215/1310/1732
f 2215/1310/1732 2214/1309/1731 2198/1293/1715
f 2199/1294/1716 2200/1295/1717 2216/1311/1733
f 2216/1311/1733 2215/1310/1732 2199/1294/1716
f 2200/1295/1717 2201/1296/1718 2217/1312/1734
f 2217/1312/1734 2216/1311/1733 2200/1295/1717
f 2201/1296/1718 2202/1297/1719 2218/1313/1735
f 2218/1313/1735 2217/1312/1734 2201/1296/1718
f 2202/1297/1719 2188/1283/1705 2204/1299/1721
f 2204/1299/1721 2218/1313/1735 2202/1297/1719
f 2222/1299/1736 2219/1298/1737 2220/1314/1738
f 2220/1314/1738 2221/1315/1739 2222/1299/1736
f 2219/1298/1737 2223/1300/1740 2224/1316/1741
f 2224/1316/1741 2220/1314/1738 2219/1298/1737
f 2223/1300/1740 2225/1301/1742 2226/1317/1743
f 2226/1317/1743 2224/1316/1741 2223/1300/1740
f 2225/1301/1742 2227/1302/1744 2228/1318/1745
f 2228/1318/1745 2226/1317/1743 2225/1301/1742
f 2227/1302/1744 2229/1303/1746 2230/1319/1747
f 2230/1319/1747 2228/1318/1745 2227/1302/1744
f 2229/1303/1746 2231/1304/1748 2232/1320/1749
f 2232/1320/1749 2230/1319/1747 2229/1303/1746
f 2231/1304/1748 2233/1305/1750 2234/1321/1751
f 2234/1321/1751 2232/1320/1749 2231/1304/1748
f 2233/1305/1750 2235/1306/1752 2236/1322/1753
f 2236/1322/1753 2234/1321/1751 2233/1305/1750
f 2235/1306/1752 2237/1307/1754 2238/1323/1755
f 2238/1323/1755 2236/1322/1753 2235/1306/1752
f 2237/1307/1754 2239/1308/1756 2240/1324/1757
f 2240/1324/1757 2238/1323/1755 2237/1307/1754
f 2239/1308/1756 2241/1309/1758 2242/1325/1759
f 2242/1325/1759 2240/1324/1757 2239/1308/1756
f 2241/1309/1758 2243/1310/1760 2244/1326/1761
f 2244/1326/1761 2242/1325/1759 2241/1309/1758
f 2243/1310/1760 2245/1311/1762 2246/1327/1763
f 2246/1327/1763 2244/1326/1761 2243/1310/1760
f 2245/1311/1762 2247/1312/1764 2248/1328/1765
f 2248/1328/1765 2246/1327/1763 2245/1311/1762
f 2247/1312/1764 2249/1313/1766 2250/1329/1767
f 2250/1329/1767 2248/1328/1765 2247/1312/1764
f 2249/1313/1766 2222/1299/1736 2221/1315/1739
f 2221/1315/1739 2250/1329/1767 2249/1313/1766
s 0
f 2254/1330/1768 2251/1331/1768 2252/1332/1768
f 2252/1332/1768 2253/1333/1768 2254/1330/1768
f 2258/1331/1769 2255/1334/1769 2256/1335/1769
f 2256/1335/1770 2257/1332/1770 2258/1331/1770
f 2262/1334/1771 2259/1336/1771 2260/1337/1771
f 2260/1337/1771 2261/1335/1771 2262/1334/1771
f 2266/1336/1772 2263/1338/1772 2264/1339/1772
f 2264/1339/1772 2265/1337/1772 2266/1336/1772
f 2270/1338/1773 2267/1340/1773 2268/1341/1773
f 2268/1341/1774 2269/1339/1774 2270/1338/1774
f 2274/1340/1775 2271/1342/1775 2272/1343/1775
f 2272/1343/1776 2273/1341/1776 2274/1340/1776
f 2278/1342/1777 2275/1344/1777 2276/1345/1777
f 2276/1345/1777 2277/1343/1777 2278/1342/1777
f 2282/1344/1778 2279/1346/1778 2280/1347/1778
f 2280/1347/1778 2281/1345/1778 2282/1344/1778
f 2286/1346/1779 2283/1348/1779 2284/1349/1779
f 2284/1349/1780 2285/1347/1780 2286/1346/1780
s 1
f 2290/1348/1781 2287/1350/1781 2288/1351/1781
s 0
f 2288/1351/1782 2289/1349/1782 2290/1348/1782
f 2294/1350/1783 2291/1352/1783 2292/1353/1783
f 2292/1353/1783 2293/1351/1783 2294/1350/1783
f 2298/1352/1784 2295/1354/1784 2296/1355/1784
f 2296/1355/1784 2297/1353/1784 2298/1352/1784
f 2302/1354/1785 2299/1356/1785 2300/1357/1785
f 2300/1357/1786 2301/1355/1786 2302/1354/1786
f 2306/1356/1787 2303/1358/1787 2304/1359/1787
f 2304/1359/1788 2305/1357/1788 2306/1356/1788
f 2310/1358/1789 2307/1360/1789 2308/1361/1789
f 2308/1361/1789 2309/1359/1789 2310/1358/1789
s 1
f 2314/1360/1790 2311/1330/1790 2312/1333/1790
s 0
f 2312/1333/1790 2313/1361/1790 2314/1360/1790
s 1
f 2221/1315/1739 2220/1314/1738 2315/1362/1791
f 2315/1362/1791 2316/1363/1792 2221/1315/1739
f 2220/1314/1738 2224/1316/1741 2317/1364/1793
f 2317/1364/1793 2315/1362/1791 2220/1314/1738
f 2224/1316/1741 2226/1317/1743 2318/1365/1794
f 2318/1365/1794 2317/1364/1793 2224/1316/1741
f 2226/1317/1743 2228/1318/1745 2319/1366/1795
f 2319/1366/1795 2318/1365/1794 2226/1317/1743
f 2228/1318/1745 2230/1319/1747 2320/1367/1796
f 2320/1367/1796 2319/1366/1795 2228/1318/1745
f 2230/1319/1747 2232/1320/1749 2321/1368/1797
f 2321/1368/1797 2320/1367/1796 2230/1319/1747
f 2232/1320/1749 2234/1321/1751 2322/1369/1798
f 2322/1369/1798 2321/1368/1797 2232/1320/1749
f 2234/1321/1751 2236/1322/1753 2323/1370/1799
f 2323/1370/1799 2322/1369/1798 2234/1321/1751
f 2236/1322/1753 2238/1323/1755 2324/1371/1800
f 2324/1371/1800 2323/1370/1799 2236/1322/1753
f 2238/1323/1755 2240/1324/1757 2325/1372/1801
f 2325/1372/1801 2324/1371/1800 2238/1323/1755
f 2240/1324/1757 2242/1325/1759 2326/1373/1802
f 2326/1373/1802 2325/1372/1801 2240/1324/1757
f 2242/1325/1759 2244/1326/1761 2327/1374/1803
f 2327/1374/1803 2326/1373/1802 2242/1325/1759
f 2244/1326/1761 2246/1327/1763 2328/1375/1804
f 2328/1375/1804 2327/1374/1803 2244/1326/1761
f 2246/1327/1763 2248/1328/1765 2329/1376/1805
f 2329/1376/1805 2328/1375/1804 2246/1327/1763
f 2248/1328/1765 2250/1329/1767 2330/1377/1806
f 2330/1377/1806 2329/1376/1805 2248/1328/1765
f 2250/1329/1767 2221/1315/1739 2316/1363/1792
f 2316/1363/1792 2330/1377/1806 2250/1329/1767
f 2316/1363/1792 2315/1362/1791 2331/1331/1807
f 2331/1331/1807 2332/1330/1808 2316/1363/1792
f 2315/1362/1791 2317/1364/1793 2333/1334/1809
f 2333/1334/1809 2331/1331/1807 2315/1362/1791
f 2317/1364/1793 2318/1365/1794 2334/1336/1810
f 2334/1336/1810 2333/1334/1809 2317/1364/1793
f 2318/1365/1794 2319/1366/1795 2335/1338/1811
f 2335/1338/1811 2334/1336/1810 2318/1365/1794
f 2319/1366/1795 2320/1367/1796 2336/1340/1812
f 2336/1340/1812 2335/1338/1811 2319/1366/1795
f 2320/1367/1796 2321/1368/1797 2337/1342/1813
f 2337/1342/1813 2336/1340/1812 2320/1367/1796
f 2321/1368/1797 2322/1369/1798 2338/1344/1814
f 2338/1344/1814 2337/1342/1813 2321/1368/1797
f 2322/1369/1798 2323/1370/1799 2339/1346/1815
f 2339/1346/1815 2338/1344/1814 2322/1369/1798
f 2323/1370/1799 2324/1371/1800 2340/1348/1816
f 2340/1348/1816 2339/1346/1815 2323/1370/1799
f 2324/1371/1800 2325/1372/1801 2341/1350/1817
f 2341/1350/1817 2340/1348/1816 2324/1371/1800
f 2325/1372/1801 2326/1373/1802 2342/1352/1818
f 2342/1352/1818 2341/1350/1817 2325/1372/1801
f 2326/1373/1802 2327/1374/1803 2343/1354/1819
f 2343/1354/1819 2342/1352/1818 2326/1373/1802
f 2327/1374/1803 2328/1375/1804 2344/1356/1820
f 2344/1356/1820 2343/1354/1819 2327/1374/1803
f 2328/1375/1804 2329/1376/1805 2345/1358/1821
f 2345/1358/1821 2344/1356/1820 2328/1375/1804
f 2329/1376/1805 2330/1377/1806 2346/1360/1822
f 2346/1360/1822 2345/1358/1821 2329/1376/1805
f 2330/1377/1806 2316/1363/1792 2332/1330/1808
f 2332/1330/1808 2346/1360/1822 2330/1377/1806
f 2350/1378/1823 2347/1379/1824 2348/1256/1825
f 2348/1256/1825 2349/1254/1826 2350/1378/1823
f 2347/1379/1824 2351/1380/1827 2352/1258/1828
f 2352/1258/1828 2348/1256/1825 2347/1379/1824
f 2351/1380/1827 2353/1381/1829 2354/1260/1830
f 2354/1260/1830 2352/1258/1828 2351/1380/1827
f 2353/1381/1829 2355/1382/1831 2356/1262/1832
f 2356/1262/1832 2354/1260/1830 2353/1381/1829
f 2355/1382/1831 2357/1383/1833 2358/1264/1834
f 2358/1264/1834 2356/1262/1832 2355/1382/1831
f 2357/1383/1833 2359/1384/1835 2360/1266/1836
f 2360/1266/1836 2358/1264/1834 2357/1383/1833
f 2359/1384/1835 2361/1385/1837 2362/1268/1838
f 2362/1268/1838 2360/1266/1836 2359/1384/1835
f 2361/1385/1837 2363/1386/1839 2364/1270/1840
f 2364/1270/1840 2362/1268/1838 2361/1385/1837
f 2363/1386/1839 2365/1387/1841 2366/1272/1842
f 2366/1272/1842 2364/1270/1840 2363/1386/1839
f 2365/1387/1841 2367/1388/1843 2368/1274/1844
f 2368/1274/1844 2366/1272/1842 2365/1387/1841
f 2367/1388/1843 2369/1389/1845 2370/1276/1846
f 2370/1276/1846 2368/1274/1844 2367/1388/1843
f 2369/1389/1845 2371/1390/1847 2372/1278/1848
f 2372/1278/1848 2370/1276/1846 2369/1389/1845
f 2371/1390/1847 2373/1391/1849 2374/1280/1850
f 2374/1280/1850 2372/1278/1848 2371/1390/1847
f 2373/1391/1849 2375/1392/1851 2376/1250/1852
f 2376/1250/1852 2374/1280/1850 2373/1391/1849
f 2375/1392/1851 2377/1393/1853 2378/1251/1854
f 2378/1251/1854 2376/1250/1852 2375/1392/1851
f 2377/1393/1853 2350/1378/1823 2349/1254/1826
f 2349/1254/1826 2378/1251/1854 2377/1393/1853
f 2382/1394/1855 2379/1395/1856 2380/1396/1857
f 2380/1396/1857 2381/1397/1857 2382/1394/1855
f 2386/1398/1858 2383/1399/1859 2384/1400/1860
f 2384/1400/1860 2385/1401/1861 2386/1398/1858
f 2390/1402/1862 2387/1403/1863 2388/1404/1864
f 2388/1404/1864 2389/1405/1865 2390/1402/1862
f 2394/1406/1866 2391/1407/1866 2392/1408/1866
f 2392/1408/1866 2393/1409/1867 2394/1406/1866
f 2398/1410/1868 2395/1411/1869 2396/1412/1870
f 2396/1412/1870 2397/1413/1871 2398/1410/1868
f 2402/1414/1872 2399/1415/1873 2400/1416/1874
f 2400/1416/1874 2401/1417/1875 2402/1414/1872
f 2406/1418/1876 2403/1419/1877 2404/1420/1878
f 2404/1420/1878 2405/1421/1879 2406/1418/1876
f 2407/1422/1880 2408/1423/1881 2384/1400/1860
f 2407/1422/1880 2384/1400/1860 2383/1399/1859
f 2408/1423/1881 2379/1395/1856 2382/1394/1855
f 2382/1394/1855 2384/1400/1860 2408/1423/1881
f 2412/1424/1882 2409/1425/1883 2410/1426/1884
f 2410/1426/1884 2411/1427/1884 2412/1424/1882
f 2416/1428/1885 2413/1429/1886 2414/1430/1887
f 2414/1430/1887 2415/1431/1888 2416/1428/1885
f 2420/1432/1889 2417/1433/1890 2418/1434/1891
f 2418/1434/1891 2419/1435/1892 2420/1432/1889
f 2424/1436/1893 2421/1437/1894 2422/1438/1895
f 2422/1438/1895 2423/1439/1896 2424/1436/1893
f 2428/1440/1897 2425/1441/1898 2426/1442/1899
f 2426/1442/1899 2427/1443/1900 2428/1440/1897
f 2432/1444/1901 2429/1445/1902 2430/1446/1903
f 2430/1446/1903 2431/1447/1904 2432/1444/1901
f 2436/1448/1905 2433/1449/1906 2434/1450/1907
f 2434/1450/1907 2435/1451/1908 2436/1448/1905
f 2438/1452/1909 2437/1453/1909 2417/1433/1890
f 2417/1433/1890 2420/1432/1889 2438/1452/1909
s 0
f 2442/1427/1910 2439/1426/1910 2440/1453/1910
f 2440/1453/1910 2441/1452/1910 2442/1427/1910
s 1
f 2446/1400/1911 2443/1426/1911 2444/1425/1912
f 2444/1425/1912 2445/1401/1913 2446/1400/1911
f 2386/1398/1858 2447/1454/1914 2448/1455/1915
f 2448/1455/1915 2383/1399/1859 2386/1398/1858
f 2388/1404/1864 2449/1456/1916 2450/1457/1917
f 2450/1457/1917 2389/1405/1865 2388/1404/1864
f 2454/1402/1918 2451/1430/1919 2452/1429/1920
f 2452/1429/1920 2453/1403/1921 2454/1402/1918
f 2458/1458/1922 2455/1434/1923 2456/1433/1924
f 2456/1433/1924 2457/1459/1925 2458/1458/1922
f 2462/1408/1926 2459/1460/1926 2460/1461/1927
f 2460/1461/1927 2461/1409/1928 2462/1408/1926
f 2466/1406/1929 2463/1438/1930 2464/1437/1930
f 2464/1437/1930 2465/1407/1929 2466/1406/1929
f 2396/1412/1870 2467/1462/1931 2468/1463/1932
f 2468/1463/1932 2397/1413/1871 2396/1412/1870
f 2472/1411/1933 2469/1410/1934 2470/1442/1935
f 2470/1442/1935 2471/1441/1936 2472/1411/1933
f 2400/1416/1874 2473/1464/1937 2474/1465/1938
f 2474/1465/1938 2401/1417/1875 2400/1416/1874
f 2478/1415/1939 2475/1414/1940 2476/1446/1941
f 2476/1446/1941 2477/1445/1942 2478/1415/1939
f 2404/1420/1878 2479/1466/1943 2480/1467/1944
f 2480/1467/1944 2405/1421/1879 2404/1420/1878
f 2484/1419/1945 2481/1418/1946 2482/1450/1947
f 2482/1450/1947 2483/1449/1948 2484/1419/1945
f 2457/1459/1925 2456/1433/1924 2485/1453/1949
f 2485/1453/1949 2486/1394/1949 2457/1459/1925
f 2407/1422/1880 2487/1468/1950 2488/1469/1950
f 2488/1469/1950 2408/1423/1881 2407/1422/1880
f 2383/1399/1859 2448/1455/1915 2489/1468/1915
f 2489/1468/1915 2407/1422/1880 2383/1399/1859
s 0
f 2493/1394/1951 2490/1453/1951 2491/1426/1951
f 2491/1426/1951 2492/1400/1951 2493/1394/1951
s 1
f 2497/1423/1952 2494/1469/1953 2495/1470/1953
f 2495/1470/1953 2496/1395/1953 2497/1423/1952
f 2458/1458/1922 2498/1471/1954 2499/1472/1955
f 2499/1472/1955 2455/1434/1923 2458/1458/1922
f 2501/1473/1956 2419/1435/1892 2418/1434/1891
f 2418/1434/1891 2500/1472/1957 2501/1473/1956
f 2445/1401/1913 2444/1425/1912 2502/1474/1958
f 2502/1474/1958 2503/1475/1959 2445/1401/1913
f 2412/1424/1882 2504/1476/1960 2505/1474/1961
f 2505/1474/1961 2409/1425/1883 2412/1424/1882
f 2386/1398/1858 2506/1477/1962 2507/1478/1963
f 2507/1478/1963 2447/1454/1914 2386/1398/1858
f 2385/1401/1861 2508/1475/1964 2506/1477/1962
f 2506/1477/1962 2386/1398/1858 2385/1401/1861
f 2435/1451/1908 2434/1450/1907 2413/1429/1886
f 2413/1429/1886 2416/1428/1885 2435/1451/1908
f 2388/1404/1864 2405/1421/1879 2480/1467/1944
f 2480/1467/1944 2449/1456/1916 2388/1404/1864
f 2387/1403/1863 2406/1418/1876 2405/1421/1879
f 2405/1421/1879 2388/1404/1864 2387/1403/1863
f 2453/1403/1921 2452/1429/1920 2482/1450/1947
f 2482/1450/1947 2481/1418/1946 2453/1403/1921
f 2472/1411/1933 2471/1441/1936 2509/1438/1965
f 2509/1438/1965 2510/1406/1965 2472/1411/1933
f 2428/1440/1897 2423/1439/1896 2422/1438/1895
f 2422/1438/1895 2425/1441/1898 2428/1440/1897
f 2396/1412/1870 2461/1409/1928 2460/1461/1927
f 2460/1461/1927 2467/1462/1931 2396/1412/1870
f 2395/1411/1869 2511/1406/1966 2461/1409/1928
f 2461/1409/1928 2396/1412/1870 2395/1411/1869
f 2506/1477/1962 2389/1405/1865 2450/1457/1917
f 2450/1457/1917 2507/1478/1963 2506/1477/1962
f 2508/1475/1964 2390/1402/1862 2389/1405/1865
f 2389/1405/1865 2506/1477/1962 2508/1475/1964
f 2503/1475/1959 2502/1474/1958 2451/1430/1919
f 2451/1430/1919 2454/1402/1918 2503/1475/1959
f 2504/1476/1960 2415/1431/1888 2414/1430/1887
f 2414/1430/1887 2505/1474/1961 2504/1476/1960
f 2424/1436/1893 2501/1473/1956 2500/1472/1957
f 2500/1472/1957 2421/1437/1894 2424/1436/1893
f 2516/1479/1967 2512/1460/1968 2513/1480/1969
f 2516/1479/1967 2513/1480/1969 2514/1481/1970
f 2514/1481/1970 2515/1482/1970 2516/1479/1967
f 2520/1407/1971 2517/1471/1971 2518/1483/1971
f 2518/1483/1971 2519/1408/1971 2520/1407/1971
f 2524/1407/1972 2521/1437/1973 2522/1472/1973
f 2522/1472/1973 2523/1471/1972 2524/1407/1972
f 2427/1443/1900 2426/1442/1899 2429/1445/1902
f 2429/1445/1902 2432/1444/1901 2427/1443/1900
f 2400/1416/1874 2397/1413/1871 2468/1463/1932
f 2468/1463/1932 2473/1464/1937 2400/1416/1874
f 2399/1415/1873 2398/1410/1868 2397/1413/1871
f 2397/1413/1871 2400/1416/1874 2399/1415/1873
f 2478/1415/1939 2477/1445/1942 2470/1442/1935
f 2470/1442/1935 2469/1410/1934 2478/1415/1939
f 2431/1447/1904 2430/1446/1903 2433/1449/1906
f 2433/1449/1906 2436/1448/1905 2431/1447/1904
f 2404/1420/1878 2401/1417/1875 2474/1465/1938
f 2474/1465/1938 2479/1466/1943 2404/1420/1878
f 2403/1419/1877 2402/1414/1872 2401/1417/1875
f 2401/1417/1875 2404/1420/1878 2403/1419/1877
f 2484/1419/1945 2483/1449/1948 2476/1446/1941
f 2476/1446/1941 2475/1414/1940 2484/1419/1945
f 2528/1484/1974 2525/1424/1975 2526/1427/1976
f 2526/1427/1976 2527/1485/1977 2528/1484/1974
f 2532/1486/1978 2529/1428/1979 2530/1431/1980
f 2530/1431/1980 2531/1487/1981 2532/1486/1978
f 2536/1488/1982 2533/1432/1983 2534/1435/1984
f 2534/1435/1984 2535/1489/1985 2536/1488/1982
f 2540/1490/1986 2537/1436/1987 2538/1439/1988
f 2538/1439/1988 2539/1491/1989 2540/1490/1986
f 2544/1492/1990 2541/1440/1991 2542/1443/1992
f 2542/1443/1992 2543/1493/1993 2544/1492/1990
f 2548/1494/1994 2545/1444/1995 2546/1447/1996
f 2546/1447/1996 2547/1495/1997 2548/1494/1994
f 2552/1496/1998 2549/1448/1999 2550/1451/2000
f 2550/1451/2000 2551/1497/2001 2552/1496/1998
f 2554/1498/2002 2553/1452/2003 2533/1432/1983
f 2533/1432/1983 2536/1488/1982 2554/1498/2002
f 2527/1485/1977 2526/1427/1976 2553/1452/2003
f 2553/1452/2003 2554/1498/2002 2527/1485/1977
f 2535/1489/1985 2534/1435/1984 2555/1473/2004
f 2555/1473/2004 2556/1499/2005 2535/1489/1985
f 2558/1500/2006 2557/1476/2007 2525/1424/1975
f 2525/1424/1975 2528/1484/1974 2558/1500/2006
f 2551/1497/2001 2550/1451/2000 2529/1428/1979
f 2529/1428/1979 2532/1486/1978 2551/1497/2001
f 2539/1491/1989 2538/1439/1988 2541/1440/1991
f 2541/1440/1991 2544/1492/1990 2539/1491/1989
f 2531/1487/1981 2530/1431/1980 2557/1476/2007
f 2557/1476/2007 2558/1500/2006 2531/1487/1981
f 2556/1499/2005 2555/1473/2004 2537/1436/1987
f 2537/1436/1987 2540/1490/1986 2556/1499/2005
f 2543/1493/1993 2542/1443/1992 2545/1444/1995
f 2545/1444/1995 2548/1494/1994 2543/1493/1993
f 2547/1495/1997 2546/1447/1996 2549/1448/1999
f 2549/1448/1999 2552/1496/1998 2547/1495/1997
f 2562/1501/2008 2559/1484/2009 2560/1485/2010
f 2560/1485/2010 2561/1502/2011 2562/1501/2008
f 2566/1503/2012 2563/1486/2012 2564/1487/2013
f 2564/1487/2013 2565/1504/2014 2566/1503/2012
f 2570/1505/2015 2567/1488/2016 2568/1489/2017
f 2568/1489/2017 2569/1506/2018 2570/1505/2015
f 2574/1507/2019 2571/1490/2020 2572/1491/2019
f 2572/1491/2019 2573/1508/2019 2574/1507/2019
f 2578/1509/2021 2575/1492/2022 2576/1493/2023
f 2576/1493/2023 2577/1510/2024 2578/1509/2021
f 2582/1511/2025 2579/1494/2026 2580/1495/2027
f 2580/1495/2027 2581/1512/2028 2582/1511/2025
f 2586/1513/2029 2583/1496/2030 2584/1497/2031
f 2584/1497/2031 2585/1514/2032 2586/1513/2029
f 2588/1515/2033 2587/1498/2034 2567/1488/2016
f 2567/1488/2016 2570/1505/2015 2588/1515/2033
f 2561/1502/2011 2589/1485/2035 2590/1498/2035
f 2590/1498/2035 2588/1515/2033 2561/1502/2011
f 2569/1506/2018 2568/1489/2017 2591/1499/2036
f 2591/1499/2036 2592/1516/2037 2569/1506/2018
f 2594/1517/2038 2593/1500/2039 2559/1484/2009
f 2559/1484/2009 2562/1501/2008 2594/1517/2038
f 2598/1514/2040 2595/1497/2040 2596/1486/2040
f 2596/1486/2040 2597/1503/2040 2598/1514/2040
f 2600/1508/2041 2599/1491/2042 2575/1492/2022
f 2575/1492/2022 2578/1509/2021 2600/1508/2041
f 2565/1504/2014 2564/1487/2013 2593/1500/2039
f 2593/1500/2039 2594/1517/2038 2565/1504/2014
f 2592/1516/2037 2591/1499/2036 2601/1490/2043
f 2601/1490/2043 2602/1507/2044 2592/1516/2037
f 2577/1510/2024 2576/1493/2023 2579/1494/2026
f 2579/1494/2026 2582/1511/2025 2577/1510/2024
f 2581/1512/2028 2580/1495/2027 2583/1496/2030
f 2583/1496/2030 2586/1513/2029 2581/1512/2028
f 2604/1518/2045 2562/1501/2008 2561/1502/2011
f 2561/1502/2011 2603/1519/2046 2604/1518/2045
f 2607/1520/2047 2605/1503/2048 2565/1504/2014
f 2565/1504/2014 2606/1521/2049 2607/1520/2047
f 2609/1522/2050 2570/1505/2015 2569/1506/2018
f 2569/1506/2018 2608/1523/2051 2609/1522/2050
f 2612/1524/2052 2610/1507/2053 2600/1508/2041
f 2600/1508/2041 2611/1525/2054 2612/1524/2052
f 2614/1526/2055 2578/1509/2021 2577/1510/2024
f 2577/1510/2024 2613/1527/2056 2614/1526/2055
f 2616/1528/2057 2582/1511/2025 2581/1512/2028
f 2581/1512/2028 2615/1529/2058 2616/1528/2057
f 2618/1530/2059 2586/1513/2029 2585/1514/2032
f 2585/1514/2032 2617/1531/2060 2618/1530/2059
f 2619/1532/2061 2588/1515/2033 2570/1505/2015
f 2570/1505/2015 2609/1522/2050 2619/1532/2061
f 2603/1519/2046 2561/1502/2011 2588/1515/2033
f 2588/1515/2033 2619/1532/2061 2603/1519/2046
f 2608/1523/2051 2569/1506/2018 2592/1516/2037
f 2592/1516/2037 2620/1533/2062 2608/1523/2051
f 2621/1534/2063 2594/1517/2038 2562/1501/2008
f 2562/1501/2008 2604/1518/2045 2621/1534/2063
f 2617/1531/2060 2585/1514/2032 2605/1503/2048
f 2605/1503/2048 2607/1520/2047 2617/1531/2060
f 2611/1525/2054 2600/1508/2041 2578/1509/2021
f 2578/1509/2021 2614/1526/2055 2611/1525/2054
f 2606/1521/2049 2565/1504/2014 2594/1517/2038
f 2594/1517/2038 2621/1534/2063 2606/1521/2049
f 2620/1533/2062 2592/1516/2037 2610/1507/2053
f 2610/1507/2053 2612/1524/2052 2620/1533/2062
f 2613/1527/2056 2577/1510/2024 2582/1511/2025
f 2582/1511/2025 2616/1528/2057 2613/1527/2056
f 2615/1529/2058 2581/1512/2028 2586/1513/2029
f 2586/1513/2029 2618/1530/2059 2615/1529/2058
f 2625/1469/2064 2622/1535/2064 2623/1536/2064
f 2623/1536/2064 2624/1470/2064 2625/1469/2064
s 0
f 2629/1468/1482 2626/1537/1482 2627/1538/1482
f 2627/1538/1482 2628/1469/1482 2629/1468/1482
f 2633/1455/1478 2630/1539/1478 2631/1537/1478
f 2631/1537/1478 2632/1468/1478 2633/1455/1478
s 1
f 2635/1454/2065 2634/1540/2065 2630/1539/1478
f 2630/1539/1478 2633/1455/1478 2635/1454/2065
f 2635/1454/2065 2636/1478/2066 2637/1541/2066
f 2637/1541/2066 2634/1540/2065 2635/1454/2065
f 2636/1478/2066 2638/1457/2067 2639/1542/2067
f 2639/1542/2067 2637/1541/2066 2636/1478/2066
f 2638/1457/2067 2640/1456/2068 2641/1543/2069
f 2641/1543/2069 2639/1542/2067 2638/1457/2067
f 2640/1456/2068 2642/1467/2070 2643/1544/2070
f 2643/1544/2070 2641/1543/2069 2640/1456/2068
f 2642/1467/2070 2644/1466/2071 2645/1545/2071
f 2645/1545/2071 2643/1544/2070 2642/1467/2070
f 2644/1466/2071 2646/1465/2072 2647/1546/2072
f 2647/1546/2072 2645/1545/2071 2644/1466/2071
f 2646/1465/2072 2648/1464/2073 2649/1547/2073
f 2649/1547/2073 2647/1546/2072 2646/1465/2072
f 2653/1464/2074 2650/1463/2075 2651/1548/2075
f 2651/1548/2075 2652/1547/2074 2653/1464/2074
f 2650/1463/2075 2654/1462/2076 2655/1549/2077
f 2655/1549/2077 2651/1548/2075 2650/1463/2075
f 2654/1462/2076 2656/1461/2078 2657/1550/2079
f 2657/1550/2079 2655/1549/2077 2654/1462/2076
f 2656/1461/2078 2512/1460/1968 2516/1479/1967
f 2516/1479/1967 2657/1550/2079 2656/1461/2078
f 2513/1480/1969 2512/1460/1968 2658/1408/2080
f 2658/1408/2080 2659/1483/2081 2513/1480/1969
f 2663/1458/2082 2660/1459/2083 2661/1551/2084
f 2661/1551/2084 2662/1552/2085 2663/1458/2082
f 2660/1459/2083 2664/1394/2086 2665/1397/2086
f 2665/1397/2086 2661/1551/2084 2660/1459/2083
f 2667/1471/2087 2663/1458/2082 2662/1552/2085
f 2662/1552/2085 2666/1483/2088 2667/1471/2087
f 2671/1553/2089 2668/1554/2090 2669/1555/2091
f 2669/1555/2091 2670/1556/2089 2671/1553/2089
f 2675/1557/2092 2672/1558/2093 2673/1559/2094
f 2673/1559/2094 2674/1560/2095 2675/1557/2092
f 2679/1561/2096 2676/1562/2097 2677/1563/2098
f 2677/1563/2098 2678/1564/2099 2679/1561/2096
f 2683/1565/2100 2680/1566/2100 2681/1567/2100
f 2681/1567/2100 2682/1568/2100 2683/1565/2100
f 2687/1569/2101 2684/1570/2102 2685/1571/2103
f 2685/1571/2103 2686/1572/2104 2687/1569/2101
f 2691/1573/2105 2688/1574/2106 2689/1575/2107
f 2689/1575/2107 2690/1576/2108 2691/1573/2105
f 2695/1577/2109 2692/1578/2110 2693/1579/2111
f 2693/1579/2111 2694/1580/2112 2695/1577/2109
f 2696/1581/2113 2672/1558/2093 2675/1557/2092
f 2696/1581/2113 2675/1557/2092 2697/1582/2114
f 2669/1555/2091 2668/1554/2090 2697/1582/2114
f 2697/1582/2114 2675/1557/2092 2669/1555/2091
f 2701/1583/2115 2698/1584/2116 2699/1585/2117
f 2699/1585/2117 2700/1586/2115 2701/1583/2115
f 2705/1587/2118 2702/1588/2119 2703/1589/2120
f 2703/1589/2120 2704/1590/2121 2705/1587/2118
f 2709/1591/2122 2706/1592/2123 2707/1593/2124
f 2707/1593/2124 2708/1594/2125 2709/1591/2122
f 2713/1595/2126 2710/1596/2127 2711/1597/2128
f 2711/1597/2128 2712/1598/2129 2713/1595/2126
f 2717/1599/2130 2714/1600/2131 2715/1601/2132
f 2715/1601/2132 2716/1602/2133 2717/1599/2130
f 2721/1603/2134 2718/1604/2135 2719/1605/2136
f 2719/1605/2136 2720/1606/2137 2721/1603/2134
f 2725/1607/2138 2722/1608/2139 2723/1609/2140
f 2723/1609/2140 2724/1610/2141 2725/1607/2138
f 2706/1592/2123 2726/1611/2142 2727/1612/2142
f 2727/1612/2142 2707/1593/2124 2706/1592/2123
s 0
f 2731/1611/2143 2728/1583/2143 2729/1586/2143
f 2729/1586/2143 2730/1612/2143 2731/1611/2143
s 1
f 2735/1584/2144 2732/1583/2145 2733/1557/2145
f 2733/1557/2145 2734/1560/2146 2735/1584/2144
f 2737/1613/2147 2736/1614/2148 2673/1559/2094
f 2673/1559/2094 2672/1558/2093 2737/1613/2147
f 2739/1615/2149 2738/1616/2150 2679/1561/2096
f 2679/1561/2096 2678/1564/2099 2739/1615/2149
f 2743/1588/2151 2740/1587/2152 2741/1563/2153
f 2741/1563/2153 2742/1562/2154 2743/1588/2151
f 2747/1592/2155 2744/1591/2156 2745/1617/2157
f 2745/1617/2157 2746/1618/2158 2747/1592/2155
f 2751/1619/2159 2748/1620/2160 2749/1565/2160
f 2749/1565/2160 2750/1568/2161 2751/1619/2159
f 2755/1596/2162 2752/1595/2163 2753/1567/2164
f 2753/1567/2164 2754/1566/2162 2755/1596/2162
f 2757/1621/2165 2756/1622/2166 2687/1569/2101
f 2687/1569/2101 2686/1572/2104 2757/1621/2165
f 2761/1599/2167 2758/1571/2168 2759/1570/2169
f 2759/1570/2169 2760/1600/2170 2761/1599/2167
f 2763/1623/2171 2762/1624/2172 2691/1573/2105
f 2691/1573/2105 2690/1576/2108 2763/1623/2171
f 2767/1603/2173 2764/1575/2174 2765/1574/2175
f 2765/1574/2175 2766/1604/2176 2767/1603/2173
f 2769/1625/2177 2768/1626/2178 2695/1577/2109
f 2695/1577/2109 2694/1580/2112 2769/1625/2177
f 2773/1607/2179 2770/1579/2180 2771/1578/2181
f 2771/1578/2181 2772/1608/2182 2773/1607/2179
f 2775/1611/2183 2747/1592/2155 2746/1618/2158
f 2746/1618/2158 2774/1555/2183 2775/1611/2183
f 2777/1627/2184 2776/1628/2185 2696/1581/2113
f 2696/1581/2113 2697/1582/2114 2777/1627/2184
f 2778/1628/2147 2737/1613/2147 2672/1558/2093
f 2672/1558/2093 2696/1581/2113 2778/1628/2147
s 0
f 2782/1583/2186 2779/1611/2186 2780/1555/2186
f 2780/1555/2187 2781/1557/2187 2782/1583/2187
s 1
f 2783/1629/2188 2777/1627/2184 2697/1582/2114
f 2697/1582/2114 2668/1554/2090 2783/1629/2188
f 2785/1630/2189 2784/1631/2189 2745/1617/2157
f 2745/1617/2157 2744/1591/2156 2785/1630/2189
f 2709/1591/2122 2708/1594/2125 2786/1632/2190
f 2786/1632/2190 2787/1630/2191 2709/1591/2122
f 2789/1633/2192 2735/1584/2144 2734/1560/2146
f 2734/1560/2146 2788/1634/2193 2789/1633/2192
f 2791/1633/2194 2790/1635/2195 2699/1585/2117
f 2699/1585/2117 2698/1584/2116 2791/1633/2194
f 2793/1636/2196 2792/1637/2197 2673/1559/2094
f 2673/1559/2094 2736/1614/2148 2793/1636/2196
f 2792/1637/2197 2794/1634/2198 2674/1560/2095
f 2674/1560/2095 2673/1559/2094 2792/1637/2197
f 2702/1588/2119 2725/1607/2138 2724/1610/2141
f 2724/1610/2141 2703/1589/2120 2702/1588/2119
f 2769/1625/2177 2694/1580/2112 2679/1561/2096
f 2679/1561/2096 2738/1616/2150 2769/1625/2177
f 2694/1580/2112 2693/1579/2111 2676/1562/2097
f 2676/1562/2097 2679/1561/2096 2694/1580/2112
f 2773/1607/2179 2743/1588/2151 2742/1562/2154
f 2742/1562/2154 2770/1579/2180 2773/1607/2179
f 2796/1595/2199 2760/1600/2170 2759/1570/2169
f 2759/1570/2169 2795/1567/2199 2796/1595/2199
f 2713/1595/2126 2712/1598/2129 2715/1601/2132
f 2715/1601/2132 2714/1600/2131 2713/1595/2126
f 2751/1619/2159 2750/1568/2161 2687/1569/2101
f 2687/1569/2101 2756/1622/2166 2751/1619/2159
f 2750/1568/2161 2797/1567/2200 2684/1570/2102
f 2684/1570/2102 2687/1569/2101 2750/1568/2161
f 2739/1615/2149 2678/1564/2099 2792/1637/2197
f 2792/1637/2197 2793/1636/2196 2739/1615/2149
f 2678/1564/2099 2677/1563/2098 2794/1634/2198
f 2794/1634/2198 2792/1637/2197 2678/1564/2099
f 2740/1587/2152 2789/1633/2192 2788/1634/2193
f 2788/1634/2193 2741/1563/2153 2740/1587/2152
f 2705/1587/2118 2704/1590/2121 2790/1635/2195
f 2790/1635/2195 2791/1633/2194 2705/1587/2118
f 2787/1630/2191 2786/1632/2190 2711/1597/2128
f 2711/1597/2128 2710/1596/2127 2787/1630/2191
f 2802/1638/2201 2798/1620/2202 2799/1639/2203
f 2802/1638/2201 2799/1639/2203 2800/1640/2204
f 2800/1640/2204 2801/1641/2205 2802/1638/2201
f 2806/1642/2206 2803/1631/2206 2804/1566/2206
f 2804/1566/2206 2805/1565/2206 2806/1642/2206
f 2810/1630/2207 2807/1596/2207 2808/1566/2207
f 2808/1566/2207 2809/1631/2208 2810/1630/2207
f 2718/1604/2135 2717/1599/2130 2716/1602/2133
f 2716/1602/2133 2719/1605/2136 2718/1604/2135
f 2757/1621/2165 2686/1572/2104 2691/1573/2105
f 2691/1573/2105 2762/1624/2172 2757/1621/2165
f 2686/1572/2104 2685/1571/2103 2688/1574/2106
f 2688/1574/2106 2691/1573/2105 2686/1572/2104
f 2761/1599/2167 2766/1604/2176 2765/1574/2175
f 2765/1574/2175 2758/1571/2168 2761/1599/2167
f 2722/1608/2139 2721/1603/2134 2720/1606/2137
f 2720/1606/2137 2723/1609/2140 2722/1608/2139
f 2763/1623/2171 2690/1576/2108 2695/1577/2109
f 2695/1577/2109 2768/1626/2178 2763/1623/2171
f 2690/1576/2108 2689/1575/2107 2692/1578/2110
f 2692/1578/2110 2695/1577/2109 2690/1576/2108
f 2767/1603/2173 2772/1608/2182 2771/1578/2181
f 2771/1578/2181 2764/1575/2174 2767/1603/2173
f 2814/1586/2209 2811/1585/2210 2812/1643/2211
f 2812/1643/2211 2813/1644/2212 2814/1586/2209
f 2818/1590/2213 2815/1589/2214 2816/1645/2215
f 2816/1645/2215 2817/1646/2216 2818/1590/2213
f 2822/1594/2217 2819/1593/2218 2820/1647/2219
f 2820/1647/2219 2821/1648/2220 2822/1594/2217
f 2826/1598/2221 2823/1597/2222 2824/1649/2223
f 2824/1649/2223 2825/1650/2224 2826/1598/2221
f 2830/1602/2225 2827/1601/2226 2828/1651/2227
f 2828/1651/2227 2829/1652/2228 2830/1602/2225
f 2834/1606/2229 2831/1605/2230 2832/1653/2231
f 2832/1653/2231 2833/1654/2232 2834/1606/2229
f 2838/1610/2233 2835/1609/2234 2836/1655/2235
f 2836/1655/2235 2837/1656/2236 2838/1610/2233
f 2819/1593/2218 2839/1612/2237 2840/1657/2238
f 2840/1657/2238 2820/1647/2219 2819/1593/2218
f 2839/1612/2237 2814/1586/2209 2813/1644/2212
f 2813/1644/2212 2840/1657/2238 2839/1612/2237
f 2842/1632/2239 2822/1594/2217 2821/1648/2220
f 2821/1648/2220 2841/1658/2240 2842/1632/2239
f 2811/1585/2210 2843/1635/2241 2844/1659/2242
f 2844/1659/2242 2812/1643/2211 2811/1585/2210
f 2815/1589/2214 2838/1610/2233 2837/1656/2236
f 2837/1656/2236 2816/1645/2215 2815/1589/2214
f 2827/1601/2226 2826/1598/2221 2825/1650/2224
f 2825/1650/2224 2828/1651/2227 2827/1601/2226
f 2843/1635/2241 2818/1590/2213 2817/1646/2216
f 2817/1646/2216 2844/1659/2242 2843/1635/2241
f 2823/1597/2222 2842/1632/2239 2841/1658/2240
f 2841/1658/2240 2824/1649/2223 2823/1597/2222
f 2831/1605/2230 2830/1602/2225 2829/1652/2228
f 2829/1652/2228 2832/1653/2231 2831/1605/2230
f 2835/1609/2234 2834/1606/2229 2833/1654/2232
f 2833/1654/2232 2836/1655/2235 2835/1609/2234
f 2848/1644/2243 2845/1643/2244 2846/1660/2245
f 2846/1660/2245 2847/1661/2246 2848/1644/2243
f 2852/1646/2247 2849/1645/2248 2850/1662/2248
f 2850/1662/2248 2851/1663/2249 2852/1646/2247
f 2856/1648/2250 2853/1647/2251 2854/1664/2252
f 2854/1664/2252 2855/1665/2253 2856/1648/2250
f 2860/1650/2254 2857/1649/2255 2858/1666/2254
f 2858/1666/2254 2859/1667/2254 2860/1650/2254
f 2864/1652/2256 2861/1651/2257 2862/1668/2258
f 2862/1668/2258 2863/1669/2259 2864/1652/2256
f 2868/1654/2260 2865/1653/2261 2866/1670/2262
f 2866/1670/2262 2867/1671/2263 2868/1654/2260
f 2872/1656/2264 2869/1655/2265 2870/1672/2266
f 2870/1672/2266 2871/1673/2267 2872/1656/2264
f 2853/1647/2251 2873/1657/2268 2874/1674/2269
f 2874/1674/2269 2854/1664/2252 2853/1647/2251
f 2876/1657/2270 2875/1644/2270 2847/1661/2246
f 2847/1661/2246 2874/1674/2269 2876/1657/2270
f 2878/1658/2271 2856/1648/2250 2855/1665/2253
f 2855/1665/2253 2877/1675/2272 2878/1658/2271
f 2845/1643/2244 2879/1659/2273 2880/1676/2274
f 2880/1676/2274 2846/1660/2245 2845/1643/2244
f 2884/1645/2275 2881/1656/2275 2882/1673/2275
f 2882/1673/2275 2883/1662/2275 2884/1645/2275
f 2861/1651/2257 2885/1650/2276 2886/1667/2277
f 2886/1667/2277 2862/1668/2258 2861/1651/2257
f 2879/1659/2273 2852/1646/2247 2851/1663/2249
f 2851/1663/2249 2880/1676/2274 2879/1659/2273
f 2888/1649/2278 2878/1658/2271 2877/1675/2272
f 2877/1675/2272 2887/1666/2279 2888/1649/2278
f 2865/1653/2261 2864/1652/2256 2863/1669/2259
f 2863/1669/2259 2866/1670/2262 2865/1653/2261
f 2869/1655/2265 2868/1654/2260 2867/1671/2263
f 2867/1671/2263 2870/1672/2266 2869/1655/2265
f 2847/1661/2246 2846/1660/2245 2889/1677/2280
f 2889/1677/2280 2890/1678/2281 2847/1661/2246
f 2851/1663/2249 2891/1662/2282 2892/1679/2283
f 2892/1679/2283 2893/1680/2284 2851/1663/2249
f 2855/1665/2253 2854/1664/2252 2894/1681/2285
f 2894/1681/2285 2895/1682/2286 2855/1665/2253
f 2886/1667/2277 2896/1666/2287 2897/1683/2288
f 2897/1683/2288 2898/1684/2289 2886/1667/2277
f 2863/1669/2259 2862/1668/2258 2899/1685/2290
f 2899/1685/2290 2900/1686/2291 2863/1669/2259
f 2867/1671/2263 2866/1670/2262 2901/1687/2292
f 2901/1687/2292 2902/1688/2293 2867/1671/2263
f 2871/1673/2267 2870/1672/2266 2903/1689/2294
f 2903/1689/2294 2904/1690/2295 2871/1673/2267
f 2854/1664/2252 2874/1674/2269 2905/1691/2296
f 2905/1691/2296 2894/1681/2285 2854/1664/2252
f 2874/1674/2269 2847/1661/2246 2890/1678/2281
f 2890/1678/2281 2905/1691/2296 2874/1674/2269
f 2877/1675/2272 2855/1665/2253 2895/1682/2286
f 2895/1682/2286 2906/1692/2297 2877/1675/2272
f 2846/1660/2245 2880/1676/2274 2907/1693/2298
f 2907/1693/2298 2889/1677/2280 2846/1660/2245
f 2891/1662/2282 2871/1673/2267 2904/1690/2295
f 2904/1690/2295 2892/1679/2283 2891/1662/2282
f 2862/1668/2258 2886/1667/2277 2898/1684/2289
f 2898/1684/2289 2899/1685/2290 2862/1668/2258
f 2880/1676/2274 2851/1663/2249 2893/1680/2284
f 2893/1680/2284 2907/1693/2298 2880/1676/2274
f 2896/1666/2287 2877/1675/2272 2906/1692/2297
f 2906/1692/2297 2897/1683/2288 2896/1666/2287
f 2866/1670/2262 2863/1669/2259 2900/1686/2291
f 2900/1686/2291 2901/1687/2292 2866/1670/2262
f 2870/1672/2266 2867/1671/2263 2902/1688/2293
f 2902/1688/2293 2903/1689/2294 2870/1672/2266
f 2909/1694/2299 2783/1629/2188 2668/1554/2090
f 2668/1554/2090 2908/1553/2300 2909/1694/2299
f 2913/1695/2301 2910/1696/2302 2911/1627/2303
f 2911/1627/2303 2912/1629/2301 2913/1695/2301
f 2910/1696/2302 2914/1697/1482 2915/1628/1482
f 2915/1628/1482 2911/1627/2303 2910/1696/2302
s 0
f 2919/1697/1478 2916/1698/1478 2917/1613/1478
f 2917/1613/1478 2918/1628/1478 2919/1697/1478
s 1
f 2916/1698/1478 2920/1699/2065 2921/1614/2065
f 2921/1614/2065 2917/1613/1478 2916/1698/1478
f 2923/1700/2066 2922/1636/2066 2921/1614/2065
f 2921/1614/2065 2920/1699/2065 2923/1700/2066
f 2925/1701/2067 2924/1615/2067 2922/1636/2066
f 2922/1636/2066 2923/1700/2066 2925/1701/2067
f 2927/1702/2069 2926/1616/2068 2924/1615/2067
f 2924/1615/2067 2925/1701/2067 2927/1702/2069
f 2929/1703/2070 2928/1625/2070 2926/1616/2068
f 2926/1616/2068 2927/1702/2069 2929/1703/2070
f 2931/1704/2071 2930/1626/2071 2928/1625/2070
f 2928/1625/2070 2929/1703/2070 2931/1704/2071
f 2933/1705/2072 2932/1623/2072 2930/1626/2071
f 2930/1626/2071 2931/1704/2071 2933/1705/2072
f 2935/1706/2073 2934/1624/2073 2932/1623/2072
f 2932/1623/2072 2933/1705/2072 2935/1706/2073
f 2939/1707/2075 2936/1621/2075 2937/1624/2074
f 2937/1624/2074 2938/1706/2074 2939/1707/2075
f 2941/1708/2304 2940/1622/2304 2936/1621/2075
f 2936/1621/2075 2939/1707/2075 2941/1708/2304
f 2943/1709/2079 2942/1619/2078 2940/1622/2304
f 2940/1622/2304 2941/1708/2304 2943/1709/2079
f 2799/1639/2203 2798/1620/2202 2942/1619/2078
f 2942/1619/2078 2943/1709/2079 2799/1639/2203
f 2945/1565/2305 2798/1620/2202 2802/1638/2201
f 2802/1638/2201 2944/1642/2306 2945/1565/2305
f 2949/1710/2307 2946/1618/2307 2947/1617/2308
f 2947/1617/2308 2948/1711/2309 2949/1710/2307
f 2948/1711/2309 2947/1617/2308 2950/1631/2310
f 2950/1631/2310 2951/1642/2310 2948/1711/2309
f 2955/1396/2311 2952/1712/2311 2953/1713/2311
f 2953/1713/2311 2954/1397/2312 2955/1396/2311
f 2959/1714/2313 2956/1715/2314 2957/1716/2315
f 2957/1716/2315 2958/1717/2316 2959/1714/2313
f 2963/1718/2317 2960/1719/2318 2961/1720/2319
f 2961/1720/2319 2962/1721/2320 2963/1718/2317
f 2967/1722/2321 2964/1723/2321 2965/1724/2321
f 2965/1724/2321 2966/1725/2321 2967/1722/2321
f 2971/1726/2322 2968/1727/2323 2969/1728/2324
f 2969/1728/2324 2970/1729/2325 2971/1726/2322
f 2975/1730/2326 2972/1731/2327 2973/1732/2328
f 2973/1732/2328 2974/1733/2329 2975/1730/2326
f 2979/1734/2330 2976/1735/2331 2977/1736/2332
f 2977/1736/2332 2978/1737/2333 2979/1734/2330
f 2980/1738/2334 2956/1715/2314 2959/1714/2313
f 2980/1738/2334 2959/1714/2313 2981/1739/2335
s 0
f 2985/1713/2336 2982/1712/2336 2983/1739/2336
f 2983/1739/2336 2984/1714/2336 2985/1713/2336
s 1
f 2989/1740/2337 2986/1741/2338 2987/1742/2339
f 2987/1742/2339 2988/1743/2337 2989/1740/2337
f 2993/1744/2340 2990/1745/2341 2991/1746/2342
f 2991/1746/2342 2992/1747/2343 2993/1744/2340
f 2997/1748/2344 2994/1749/2345 2995/1750/2346
f 2995/1750/2346 2996/1751/2347 2997/1748/2344
f 3001/1752/2348 2998/1753/2349 2999/1754/2350
f 2999/1754/2350 3000/1755/2351 3001/1752/2348
f 3005/1756/2352 3002/1757/2353 3003/1758/2354
f 3003/1758/2354 3004/1759/2355 3005/1756/2352
f 3009/1760/2356 3006/1761/2357 3007/1762/2358
f 3007/1762/2358 3008/1763/2359 3009/1760/2356
f 3013/1764/2360 3010/1765/2361 3011/1766/2362
f 3011/1766/2362 3012/1767/2363 3013/1764/2360
f 2994/1749/2345 3014/1768/2364 3015/1769/2364
f 3015/1769/2364 2995/1750/2346 2994/1749/2345
s 0
f 3019/1768/1910 3016/1740/1910 3017/1743/1910
f 3017/1743/1910 3018/1769/1910 3019/1768/1910
s 1
f 3023/1741/2365 3020/1740/2366 3021/1714/2366
f 3021/1714/2366 3022/1717/2367 3023/1741/2365
f 3025/1770/2368 3024/1771/2369 2957/1716/2315
f 2957/1716/2315 2956/1715/2314 3025/1770/2368
f 3027/1772/2370 3026/1773/2371 2963/1718/2317
f 2963/1718/2317 2962/1721/2320 3027/1772/2370
f 3031/1745/2372 3028/1744/2373 3029/1720/2374
f 3029/1720/2374 3030/1719/2375 3031/1745/2372
f 3035/1749/2376 3032/1748/2377 3033/1774/2378
f 3033/1774/2378 3034/1775/2379 3035/1749/2376
f 3039/1776/2380 3036/1777/2381 3037/1722/2381
f 3037/1722/2381 3038/1725/2382 3039/1776/2380
f 3043/1753/2383 3040/1752/2384 3041/1724/2384
f 3041/1724/2384 3042/1723/2384 3043/1753/2383
f 3045/1778/2385 3044/1779/2386 2971/1726/2322
f 2971/1726/2322 2970/1729/2325 3045/1778/2385
f 3049/1756/2387 3046/1728/2388 3047/1727/2389
f 3047/1727/2389 3048/1757/2390 3049/1756/2387
f 3051/1780/2391 3050/1781/2392 2975/1730/2326
f 2975/1730/2326 2974/1733/2329 3051/1780/2391
f 3055/1760/2393 3052/1732/2394 3053/1731/2395
f 3053/1731/2395 3054/1761/2396 3055/1760/2393
f 3057/1782/2397 3056/1783/2398 2979/1734/2330
f 2979/1734/2330 2978/1737/2333 3057/1782/2397
f 3061/1764/2399 3058/1736/2400 3059/1735/2401
f 3059/1735/2401 3060/1765/2402 3061/1764/2399
f 3063/1768/2403 3035/1749/2376 3034/1775/2379
f 3034/1775/2379 3062/1713/2403 3063/1768/2403
f 3065/1784/1950 3064/1785/1950 2980/1738/2334
f 2980/1738/2334 2981/1739/2335 3065/1784/1950
f 3066/1785/2368 3025/1770/2368 2956/1715/2314
f 2956/1715/2314 2980/1738/2334 3066/1785/2368
s 0
f 3070/1740/1951 3067/1768/1951 3068/1713/1951
f 3068/1713/1951 3069/1714/1951 3070/1740/1951
s 1
f 3074/1786/2404 3071/1784/2404 3072/1739/2405
f 3072/1739/2405 3073/1712/2404 3074/1786/2404
f 3076/1787/2406 3075/1788/2407 3033/1774/2378
f 3033/1774/2378 3032/1748/2377 3076/1787/2406
f 2997/1748/2344 2996/1751/2347 3077/1789/2408
f 3077/1789/2408 3078/1787/2409 2997/1748/2344
f 3080/1790/2410 3023/1741/2365 3022/1717/2367
f 3022/1717/2367 3079/1791/2411 3080/1790/2410
f 3082/1790/2412 3081/1792/2413 2987/1742/2339
f 2987/1742/2339 2986/1741/2338 3082/1790/2412
f 3084/1793/2414 3083/1794/2415 2957/1716/2315
f 2957/1716/2315 3024/1771/2369 3084/1793/2414
f 3083/1794/2415 3085/1791/2416 2958/1717/2316
f 2958/1717/2316 2957/1716/2315 3083/1794/2415
f 2990/1745/2341 3013/1764/2360 3012/1767/2363
f 3012/1767/2363 2991/1746/2342 2990/1745/2341
f 3057/1782/2397 2978/1737/2333 2963/1718/2317
f 2963/1718/2317 3026/1773/2371 3057/1782/2397
f 2978/1737/2333 2977/1736/2332 2960/1719/2318
f 2960/1719/2318 2963/1718/2317 2978/1737/2333
f 3061/1764/2399 3031/1745/2372 3030/1719/2375
f 3030/1719/2375 3058/1736/2400 3061/1764/2399
f 3087/1752/2417 3048/1757/2390 3047/1727/2389
f 3047/1727/2389 3086/1724/2417 3087/1752/2417
f 3001/1752/2348 3000/1755/2351 3003/1758/2354
f 3003/1758/2354 3002/1757/2353 3001/1752/2348
f 3039/1776/2380 3038/1725/2382 2971/1726/2322
f 2971/1726/2322 3044/1779/2386 3039/1776/2380
f 3038/1725/2382 3088/1724/2418 2968/1727/2323
f 2968/1727/2323 2971/1726/2322 3038/1725/2382
f 3027/1772/2370 2962/1721/2320 3083/1794/2415
f 3083/1794/2415 3084/1793/2414 3027/1772/2370
f 2962/1721/2320 2961/1720/2319 3085/1791/2416
f 3085/1791/2416 3083/1794/2415 2962/1721/2320
f 3028/1744/2373 3080/1790/2410 3079/1791/2411
f 3079/1791/2411 3029/1720/2374 3028/1744/2373
f 2993/1744/2340 2992/1747/2343 3081/1792/2413
f 3081/1792/2413 3082/1790/2412 2993/1744/2340
f 3078/1787/2409 3077/1789/2408 2999/1754/2350
f 2999/1754/2350 2998/1753/2349 3078/1787/2409
f 3093/1480/2419 3089/1777/2420 3090/1795/2421
f 3093/1480/2419 3090/1795/2421 3091/1796/2422
f 3091/1796/2422 3092/1797/2423 3093/1480/2419
f 3097/1483/2424 3094/1788/2424 3095/1723/2424
f 3095/1723/2424 3096/1722/2424 3097/1483/2424
f 3101/1787/2425 3098/1753/2426 3099/1723/2426
f 3099/1723/2426 3100/1788/2426 3101/1787/2425
f 3006/1761/2357 3005/1756/2352 3004/1759/2355
f 3004/1759/2355 3007/1762/2358 3006/1761/2357
f 3045/1778/2385 2970/1729/2325 2975/1730/2326
f 2975/1730/2326 3050/1781/2392 3045/1778/2385
f 2970/1729/2325 2969/1728/2324 2972/1731/2327
f 2972/1731/2327 2975/1730/2326 2970/1729/2325
f 3049/1756/2387 3054/1761/2396 3053/1731/2395
f 3053/1731/2395 3046/1728/2388 3049/1756/2387
f 3010/1765/2361 3009/1760/2356 3008/1763/2359
f 3008/1763/2359 3011/1766/2362 3010/1765/2361
f 3051/1780/2391 2974/1733/2329 2979/1734/2330
f 2979/1734/2330 3056/1783/2398 3051/1780/2391
f 2974/1733/2329 2973/1732/2328 2976/1735/2331
f 2976/1735/2331 2979/1734/2330 2974/1733/2329
f 3055/1760/2393 3060/1765/2402 3059/1735/2401
f 3059/1735/2401 3052/1732/2394 3055/1760/2393
f 3105/1743/2427 3102/1742/2428 3103/1798/2429
f 3103/1798/2429 3104/1799/2430 3105/1743/2427
f 3109/1747/2431 3106/1746/2432 3107/1800/2433
f 3107/1800/2433 3108/1801/2434 3109/1747/2431
f 3113/1751/2435 3110/1750/2436 3111/1802/2437
f 3111/1802/2437 3112/1803/2438 3113/1751/2435
f 3117/1755/2439 3114/1754/2440 3115/1804/2441
f 3115/1804/2441 3116/1805/2442 3117/1755/2439
f 3121/1759/2443 3118/1758/2444 3119/1806/2445
f 3119/1806/2445 3120/1807/2446 3121/1759/2443
f 3125/1763/2447 3122/1762/2448 3123/1808/2449
f 3123/1808/2449 3124/1809/2450 3125/1763/2447
f 3129/1767/2451 3126/1766/2452 3127/1810/2453
f 3127/1810/2453 3128/1811/2454 3129/1767/2451
f 3110/1750/2436 3130/1769/2455 3131/1812/2456
f 3131/1812/2456 3111/1802/2437 3110/1750/2436
f 3130/1769/2455 3105/1743/2427 3104/1799/2430
f 3104/1799/2430 3131/1812/2456 3130/1769/2455
f 3133/1789/2457 3113/1751/2435 3112/1803/2438
f 3112/1803/2438 3132/1813/2458 3133/1789/2457
f 3102/1742/2428 3134/1792/2459 3135/1814/2460
f 3135/1814/2460 3103/1798/2429 3102/1742/2428
f 3106/1746/2432 3129/1767/2451 3128/1811/2454
f 3128/1811/2454 3107/1800/2433 3106/1746/2432
f 3118/1758/2444 3117/1755/2439 3116/1805/2442
f 3116/1805/2442 3119/1806/2445 3118/1758/2444
f 3134/1792/2459 3109/1747/2431 3108/1801/2434
f 3108/1801/2434 3135/1814/2460 3134/1792/2459
f 3114/1754/2440 3133/1789/2457 3132/1813/2458
f 3132/1813/2458 3115/1804/2441 3114/1754/2440
f 3122/1762/2448 3121/1759/2443 3120/1807/2446
f 3120/1807/2446 3123/1808/2449 3122/1762/2448
f 3126/1766/2452 3125/1763/2447 3124/1809/2450
f 3124/1809/2450 3127/1810/2453 3126/1766/2452
f 3139/1799/2461 3136/1798/2462 3137/1815/2463
f 3137/1815/2463 3138/1816/2464 3139/1799/2461
f 3143/1801/2465 3140/1800/2466 3141/1817/2466
f 3141/1817/2466 3142/1818/2467 3143/1801/2465
f 3147/1803/2468 3144/1802/2469 3145/1819/2470
f 3145/1819/2470 3146/1820/2471 3147/1803/2468
f 3151/1805/2472 3148/1804/2473 3149/1821/2472
f 3149/1821/2472 3150/1822/2472 3151/1805/2472
f 3155/1807/2474 3152/1806/2475 3153/1823/2476
f 3153/1823/2476 3154/1824/2477 3155/1807/2474
f 3159/1809/2478 3156/1808/2479 3157/1825/2480
f 3157/1825/2480 3158/1826/2481 3159/1809/2478
f 3163/1811/2482 3160/1810/2483 3161/1827/2484
f 3161/1827/2484 3162/1828/2485 3163/1811/2482
f 3144/1802/2469 3164/1812/2486 3165/1829/2487
f 3165/1829/2487 3145/1819/2470 3144/1802/2469
f 3167/1812/2035 3166/1799/2035 3138/1816/2464
f 3138/1816/2464 3165/1829/2487 3167/1812/2035
f 3169/1813/2488 3147/1803/2468 3146/1820/2471
f 3146/1820/2471 3168/1830/2489 3169/1813/2488
f 3136/1798/2462 3170/1814/2490 3171/1831/2491
f 3171/1831/2491 3137/1815/2463 3136/1798/2462
f 3175/1800/2492 3172/1811/2492 3173/1828/2492
f 3173/1828/2492 3174/1817/2492 3175/1800/2492
f 3152/1806/2475 3176/1805/2493 3177/1822/2494
f 3177/1822/2494 3153/1823/2476 3152/1806/2475
f 3170/1814/2490 3143/1801/2465 3142/1818/2467
f 3142/1818/2467 3171/1831/2491 3170/1814/2490
f 3179/1804/2495 3169/1813/2488 3168/1830/2489
f 3168/1830/2489 3178/1821/2496 3179/1804/2495
f 3156/1808/2479 3155/1807/2474 3154/1824/2477
f 3154/1824/2477 3157/1825/2480 3156/1808/2479
f 3160/1810/2483 3159/1809/2478 3158/1826/2481
f 3158/1826/2481 3161/1827/2484 3160/1810/2483
f 3138/1816/2464 3137/1815/2463 3180/1832/2497
f 3180/1832/2497 3181/1833/2498 3138/1816/2464
f 3142/1818/2467 3182/1817/2499 3183/1834/2500
f 3183/1834/2500 3184/1835/2501 3142/1818/2467
f 3146/1820/2471 3145/1819/2470 3185/1836/2502
f 3185/1836/2502 3186/1837/2503 3146/1820/2471
f 3177/1822/2494 3187/1821/2504 3188/1838/2505
f 3188/1838/2505 3189/1839/2506 3177/1822/2494
f 3154/1824/2477 3153/1823/2476 3190/1840/2507
f 3190/1840/2507 3191/1841/2508 3154/1824/2477
f 3158/1826/2481 3157/1825/2480 3192/1842/2509
f 3192/1842/2509 3193/1843/2510 3158/1826/2481
f 3162/1828/2485 3161/1827/2484 3194/1844/2511
f 3194/1844/2511 3195/1845/2512 3162/1828/2485
f 3145/1819/2470 3165/1829/2487 3196/1846/2513
f 3196/1846/2513 3185/1836/2502 3145/1819/2470
f 3165/1829/2487 3138/1816/2464 3181/1833/2498
f 3181/1833/2498 3196/1846/2513 3165/1829/2487
f 3168/1830/2489 3146/1820/2471 3186/1837/2503
f 3186/1837/2503 3197/1847/2514 3168/1830/2489
f 3137/1815/2463 3171/1831/2491 3198/1848/2515
f 3198/1848/2515 3180/1832/2497 3137/1815/2463
f 3182/1817/2499 3162/1828/2485 3195/1845/2512
f 3195/1845/2512 3183/1834/2500 3182/1817/2499
f 3153/1823/2476 3177/1822/2494 3189/1839/2506
f 3189/1839/2506 3190/1840/2507 3153/1823/2476
f 3171/1831/2491 3142/1818/2467 3184/1835/2501
f 3184/1835/2501 3198/1848/2515 3171/1831/2491
f 3187/1821/2504 3168/1830/2489 3197/1847/2514
f 3197/1847/2514 3188/1838/2505 3187/1821/2504
f 3157/1825/2480 3154/1824/2477 3191/1841/2508
f 3191/1841/2508 3192/1842/2509 3157/1825/2480
f 3161/1827/2484 3158/1826/2481 3193/1843/2510
f 3193/1843/2510 3194/1844/2511 3161/1827/2484
f 3202/1849/2516 3199/1850/2516 3200/1784/2516
f 3200/1784/2516 3201/1786/2516 3202/1849/2516
s 0
f 3206/1850/1482 3203/1851/1482 3204/1785/1482
f 3204/1785/1482 3205/1784/1482 3206/1850/1482
f 3210/1851/1481 3207/1852/1481 3208/1770/1481
f 3208/1770/1481 3209/1785/1481 3210/1851/1481
s 1
f 3207/1852/1481 3211/1853/2517 3212/1771/2517
f 3212/1771/2517 3208/1770/1481 3207/1852/1481
f 3214/1854/2518 3213/1793/2518 3212/1771/2517
f 3212/1771/2517 3211/1853/2517 3214/1854/2518
f 3216/1855/2519 3215/1772/2519 3213/1793/2518
f 3213/1793/2518 3214/1854/2518 3216/1855/2519
f 3218/1856/2520 3217/1773/2521 3215/1772/2519
f 3215/1772/2519 3216/1855/2519 3218/1856/2520
f 3220/1857/2522 3219/1782/2522 3217/1773/2521
f 3217/1773/2521 3218/1856/2520 3220/1857/2522
f 3222/1858/2523 3221/1783/2524 3219/1782/2522
f 3219/1782/2522 3220/1857/2522 3222/1858/2523
f 3224/1859/2525 3223/1780/2525 3221/1783/2524
f 3221/1783/2524 3222/1858/2523 3224/1859/2525
f 3226/1860/2526 3225/1781/2526 3223/1780/2525
f 3223/1780/2525 3224/1859/2525 3226/1860/2526
f 3230/1861/2527 3227/1778/2527 3228/1781/2528
f 3228/1781/2528 3229/1860/2528 3230/1861/2527
f 3232/1862/2529 3231/1779/2530 3227/1778/2527
f 3227/1778/2527 3230/1861/2527 3232/1862/2529
f 3234/1863/2531 3233/1776/2532 3231/1779/2530
f 3231/1779/2530 3232/1862/2529 3234/1863/2531
f 3090/1795/2421 3089/1777/2420 3233/1776/2532
f 3233/1776/2532 3234/1863/2531 3090/1795/2421
f 3236/1722/2533 3089/1777/2420 3093/1480/2419
f 3093/1480/2419 3235/1483/2534 3236/1722/2533
f 3240/1551/2535 3237/1775/2536 3238/1774/2537
f 3238/1774/2537 3239/1552/2538 3240/1551/2535
f 3242/1397/2539 3241/1713/2539 3237/1775/2536
f 3237/1775/2536 3240/1551/2535 3242/1397/2539
f 3239/1552/2538 3238/1774/2537 3243/1788/2540
f 3243/1788/2540 3244/1483/2541 3239/1552/2538
f 3248/1864/2542 3245/1865/2543 3246/1553/2544
f 3246/1553/2544 3247/1556/2545 3248/1864/2542
f 3252/1866/2546 3249/1867/2547 3250/1868/2548
f 3250/1868/2548 3251/1869/2549 3252/1866/2546
f 3256/1870/2550 3253/1871/2551 3254/1872/2552
f 3254/1872/2552 3255/1873/2553 3256/1870/2550
f 3260/1874/2554 3257/1875/2554 3258/1876/2554
f 3258/1876/2554 3259/1877/2554 3260/1874/2554
f 3264/1878/2555 3261/1879/2556 3262/1880/2557
f 3262/1880/2557 3263/1881/2558 3264/1878/2555
f 3268/1882/2559 3265/1883/2560 3266/1884/2561
f 3266/1884/2561 3267/1885/2562 3268/1882/2559
f 3272/1886/2563 3269/1887/2564 3270/1888/2565
f 3270/1888/2565 3271/1889/2566 3272/1886/2563
f 3273/1890/2567 3274/1891/2568 3250/1868/2548
f 3273/1890/2567 3250/1868/2548 3249/1867/2547
f 3274/1891/2568 3245/1865/2543 3248/1864/2542
f 3248/1864/2542 3250/1868/2548 3274/1891/2568
f 3278/1892/2569 3275/1893/2570 3276/1894/2571
f 3276/1894/2571 3277/1895/2571 3278/1892/2569
f 3282/1896/2572 3279/1897/2573 3280/1898/2574
f 3280/1898/2574 3281/1899/2575 3282/1896/2572
f 3286/1900/2576 3283/1901/2577 3284/1902/2578
f 3284/1902/2578 3285/1903/2579 3286/1900/2576
f 3290/1904/2580 3287/1905/2581 3288/1906/2582
f 3288/1906/2582 3289/1907/2583 3290/1904/2580
f 3294/1908/2584 3291/1909/2585 3292/1910/2586
f 3292/1910/2586 3293/1911/2587 3294/1908/2584
f 3298/1912/2588 3295/1913/2589 3296/1914/2590
f 3296/1914/2590 3297/1915/2591 3298/1912/2588
f 3302/1916/2592 3299/1917/2593 3300/1918/2594
f 3300/1918/2594 3301/1919/2595 3302/1916/2592
f 3304/1920/2596 3303/1921/2596 3283/1901/2577
f 3283/1901/2577 3286/1900/2576 3304/1920/2596
s 0
f 3308/1895/2143 3305/1894/2143 3306/1921/2143
f 3306/1921/2143 3307/1920/2143 3308/1895/2143
s 1
f 3312/1868/2597 3309/1894/2597 3310/1893/2598
f 3310/1893/2598 3311/1869/2599 3312/1868/2597
f 3252/1866/2546 3313/1922/2600 3314/1923/2601
f 3314/1923/2601 3249/1867/2547 3252/1866/2546
f 3254/1872/2552 3315/1924/2602 3316/1925/2603
f 3316/1925/2603 3255/1873/2553 3254/1872/2552
f 3320/1870/2604 3317/1898/2605 3318/1897/2606
f 3318/1897/2606 3319/1871/2607 3320/1870/2604
f 3324/1926/2608 3321/1902/2609 3322/1901/2610
f 3322/1901/2610 3323/1927/2611 3324/1926/2608
f 3328/1876/2612 3325/1928/2612 3326/1929/2613
f 3326/1929/2613 3327/1877/2614 3328/1876/2612
f 3332/1874/2615 3329/1906/2616 3330/1905/2616
f 3330/1905/2616 3331/1875/2616 3332/1874/2615
f 3262/1880/2557 3333/1930/2617 3334/1931/2618
f 3334/1931/2618 3263/1881/2558 3262/1880/2557
f 3338/1879/2619 3335/1878/2620 3336/1910/2621
f 3336/1910/2621 3337/1909/2622 3338/1879/2619
f 3266/1884/2561 3339/1932/2623 3340/1933/2624
f 3340/1933/2624 3267/1885/2562 3266/1884/2561
f 3344/1883/2625 3341/1882/2626 3342/1914/2627
f 3342/1914/2627 3343/1913/2628 3344/1883/2625
f 3270/1888/2565 3345/1934/2629 3346/1935/2630
f 3346/1935/2630 3271/1889/2566 3270/1888/2565
f 3350/1887/2631 3347/1886/2632 3348/1918/2633
f 3348/1918/2633 3349/1917/2634 3350/1887/2631
f 3323/1927/2611 3322/1901/2610 3351/1921/2635
f 3351/1921/2635 3352/1864/2635 3323/1927/2611
f 3273/1890/2567 3353/1936/2636 3354/1937/2637
f 3354/1937/2637 3274/1891/2568 3273/1890/2567
f 3249/1867/2547 3314/1923/2601 3355/1936/2601
f 3355/1936/2601 3273/1890/2567 3249/1867/2547
s 0
f 3359/1864/2186 3356/1921/2186 3357/1894/2186
f 3357/1894/2187 3358/1868/2187 3359/1864/2187
s 1
f 3363/1891/2638 3360/1937/2638 3361/1938/2638
f 3361/1938/2638 3362/1865/2638 3363/1891/2638
f 3324/1926/2608 3364/1939/2639 3365/1940/2639
f 3365/1940/2639 3321/1902/2609 3324/1926/2608
f 3367/1941/2640 3285/1903/2579 3284/1902/2578
f 3284/1902/2578 3366/1940/2641 3367/1941/2640
f 3311/1869/2599 3310/1893/2598 3368/1942/2642
f 3368/1942/2642 3369/1943/2643 3311/1869/2599
f 3278/1892/2569 3370/1944/2644 3371/1942/2645
f 3371/1942/2645 3275/1893/2570 3278/1892/2569
f 3252/1866/2546 3372/1945/2646 3373/1946/2647
f 3373/1946/2647 3313/1922/2600 3252/1866/2546
f 3251/1869/2549 3374/1943/2648 3372/1945/2646
f 3372/1945/2646 3252/1866/2546 3251/1869/2549
f 3301/1919/2595 3300/1918/2594 3279/1897/2573
f 3279/1897/2573 3282/1896/2572 3301/1919/2595
f 3254/1872/2552 3271/1889/2566 3346/1935/2630
f 3346/1935/2630 3315/1924/2602 3254/1872/2552
f 3253/1871/2551 3272/1886/2563 3271/1889/2566
f 3271/1889/2566 3254/1872/2552 3253/1871/2551
f 3319/1871/2607 3318/1897/2606 3348/1918/2633
f 3348/1918/2633 3347/1886/2632 3319/1871/2607
f 3338/1879/2619 3337/1909/2622 3375/1906/2649
f 3375/1906/2649 3376/1874/2649 3338/1879/2619
f 3294/1908/2584 3289/1907/2583 3288/1906/2582
f 3288/1906/2582 3291/1909/2585 3294/1908/2584
f 3262/1880/2557 3327/1877/2614 3326/1929/2613
f 3326/1929/2613 3333/1930/2617 3262/1880/2557
f 3261/1879/2556 3377/1874/2650 3327/1877/2614
f 3327/1877/2614 3262/1880/2557 3261/1879/2556
f 3372/1945/2646 3255/1873/2553 3316/1925/2603
f 3316/1925/2603 3373/1946/2647 3372/1945/2646
f 3374/1943/2648 3256/1870/2550 3255/1873/2553
f 3255/1873/2553 3372/1945/2646 3374/1943/2648
f 3369/1943/2643 3368/1942/2642 3317/1898/2605
f 3317/1898/2605 3320/1870/2604 3369/1943/2643
f 3370/1944/2644 3281/1899/2575 3280/1898/2574
f 3280/1898/2574 3371/1942/2645 3370/1944/2644
f 3290/1904/2580 3367/1941/2640 3366/1940/2641
f 3366/1940/2641 3287/1905/2581 3290/1904/2580
f 3382/1947/2651 3378/1928/2652 3379/1638/2653
f 3382/1947/2651 3379/1638/2653 3380/1948/2654
f 3380/1948/2654 3381/1949/2654 3382/1947/2651
f 3386/1875/2655 3383/1939/2655 3384/1642/2655
f 3384/1642/2655 3385/1876/2655 3386/1875/2655
f 3390/1875/2656 3387/1905/2656 3388/1940/2656
f 3388/1940/2656 3389/1939/2657 3390/1875/2656
f 3293/1911/2587 3292/1910/2586 3295/1913/2589
f 3295/1913/2589 3298/1912/2588 3293/1911/2587
f 3266/1884/2561 3263/1881/2558 3334/1931/2618
f 3334/1931/2618 3339/1932/2623 3266/1884/2561
f 3265/1883/2560 3264/1878/2555 3263/1881/2558
f 3263/1881/2558 3266/1884/2561 3265/1883/2560
f 3344/1883/2625 3343/1913/2628 3336/1910/2621
f 3336/1910/2621 3335/1878/2620 3344/1883/2625
f 3297/1915/2591 3296/1914/2590 3299/1917/2593
f 3299/1917/2593 3302/1916/2592 3297/1915/2591
f 3270/1888/2565 3267/1885/2562 3340/1933/2624
f 3340/1933/2624 3345/1934/2629 3270/1888/2565
f 3269/1887/2564 3268/1882/2559 3267/1885/2562
f 3267/1885/2562 3270/1888/2565 3269/1887/2564
f 3350/1887/2631 3349/1917/2634 3342/1914/2627
f 3342/1914/2627 3341/1882/2626 3350/1887/2631
f 3394/1950/2658 3391/1892/2659 3392/1895/2660
f 3392/1895/2660 3393/1951/2661 3394/1950/2658
f 3398/1952/2662 3395/1896/2663 3396/1899/2664
f 3396/1899/2664 3397/1953/2665 3398/1952/2662
f 3402/1954/2666 3399/1900/2667 3400/1903/2668
f 3400/1903/2668 3401/1955/2669 3402/1954/2666
f 3406/1956/2670 3403/1904/2671 3404/1907/2672
f 3404/1907/2672 3405/1957/2673 3406/1956/2670
f 3410/1958/2674 3407/1908/2675 3408/1911/2676
f 3408/1911/2676 3409/1959/2677 3410/1958/2674
f 3414/1960/2678 3411/1912/2679 3412/1915/2680
f 3412/1915/2680 3413/1961/2681 3414/1960/2678
f 3418/1962/2682 3415/1916/2683 3416/1919/2684
f 3416/1919/2684 3417/1963/2685 3418/1962/2682
f 3420/1964/2686 3419/1920/2687 3399/1900/2667
f 3399/1900/2667 3402/1954/2666 3420/1964/2686
f 3393/1951/2661 3392/1895/2660 3419/1920/2687
f 3419/1920/2687 3420/1964/2686 3393/1951/2661
f 3401/1955/2669 3400/1903/2668 3421/1941/2688
f 3421/1941/2688 3422/1965/2689 3401/1955/2669
f 3424/1966/2690 3423/1944/2691 3391/1892/2659
f 3391/1892/2659 3394/1950/2658 3424/1966/2690
f 3417/1963/2685 3416/1919/2684 3395/1896/2663
f 3395/1896/2663 3398/1952/2662 3417/1963/2685
f 3405/1957/2673 3404/1907/2672 3407/1908/2675
f 3407/1908/2675 3410/1958/2674 3405/1957/2673
f 3397/1953/2665 3396/1899/2664 3423/1944/2691
f 3423/1944/2691 3424/1966/2690 3397/1953/2665
f 3422/1965/2689 3421/1941/2688 3403/1904/2671
f 3403/1904/2671 3406/1956/2670 3422/1965/2689
f 3409/1959/2677 3408/1911/2676 3411/1912/2679
f 3411/1912/2679 3414/1960/2678 3409/1959/2677
f 3413/1961/2681 3412/1915/2680 3415/1916/2683
f 3415/1916/2683 3418/1962/2682 3413/1961/2681
f 3428/1967/2692 3425/1950/2693 3426/1951/2694
f 3426/1951/2694 3427/1968/2695 3428/1967/2692
f 3432/1969/2696 3429/1952/2696 3430/1953/2697
f 3430/1953/2697 3431/1970/2698 3432/1969/2696
f 3436/1971/2699 3433/1954/2700 3434/1955/2701
f 3434/1955/2701 3435/1972/2702 3436/1971/2699
f 3440/1973/2703 3437/1956/2704 3438/1957/2703
f 3438/1957/2703 3439/1974/2703 3440/1973/2703
f 3444/1975/2705 3441/1958/2706 3442/1959/2707
f 3442/1959/2707 3443/1976/2708 3444/1975/2705
f 3448/1977/2709 3445/1960/2710 3446/1961/2711
f 3446/1961/2711 3447/1978/2712 3448/1977/2709
f 3452/1979/2713 3449/1962/2714 3450/1963/2715
f 3450/1963/2715 3451/1980/2716 3452/1979/2713
f 3454/1981/2717 3453/1964/2718 3433/1954/2700
f 3433/1954/2700 3436/1971/2699 3454/1981/2717
f 3427/1968/2695 3455/1951/2270 3456/1964/2270
f 3456/1964/2270 3454/1981/2717 3427/1968/2695
f 3435/1972/2702 3434/1955/2701 3457/1965/2719
f 3457/1965/2719 3458/1982/2720 3435/1972/2702
f 3460/1983/2721 3459/1966/2722 3425/1950/2693
f 3425/1950/2693 3428/1967/2692 3460/1983/2721
f 3464/1980/2723 3461/1963/2723 3462/1952/2723
f 3462/1952/2723 3463/1969/2723 3464/1980/2723
f 3466/1974/2724 3465/1957/2725 3441/1958/2706
f 3441/1958/2706 3444/1975/2705 3466/1974/2724
f 3431/1970/2698 3430/1953/2697 3459/1966/2722
f 3459/1966/2722 3460/1983/2721 3431/1970/2698
f 3458/1982/2720 3457/1965/2719 3467/1956/2726
f 3467/1956/2726 3468/1973/2727 3458/1982/2720
f 3443/1976/2708 3442/1959/2707 3445/1960/2710
f 3445/1960/2710 3448/1977/2709 3443/1976/2708
f 3447/1978/2712 3446/1961/2711 3449/1962/2714
f 3449/1962/2714 3452/1979/2713 3447/1978/2712
f 3470/1984/2728 3428/1967/2692 3427/1968/2695
f 3427/1968/2695 3469/1985/2729 3470/1984/2728
f 3473/1986/2730 3471/1969/2731 3431/1970/2698
f 3431/1970/2698 3472/1987/2732 3473/1986/2730
f 3475/1988/2733 3436/1971/2699 3435/1972/2702
f 3435/1972/2702 3474/1989/2734 3475/1988/2733
f 3478/1990/2735 3476/1973/2736 3466/1974/2724
f 3466/1974/2724 3477/1991/2737 3478/1990/2735
f 3480/1992/2738 3444/1975/2705 3443/1976/2708
f 3443/1976/2708 3479/1993/2739 3480/1992/2738
f 3482/1994/2740 3448/1977/2709 3447/1978/2712
f 3447/1978/2712 3481/1995/2741 3482/1994/2740
f 3484/1996/2742 3452/1979/2713 3451/1980/2716
f 3451/1980/2716 3483/1997/2743 3484/1996/2742
f 3485/1998/2744 3454/1981/2717 3436/1971/2699
f 3436/1971/2699 3475/1988/2733 3485/1998/2744
f 3469/1985/2729 3427/1968/2695 3454/1981/2717
f 3454/1981/2717 3485/1998/2744 3469/1985/2729
f 3474/1989/2734 3435/1972/2702 3458/1982/2720
f 3458/1982/2720 3486/1999/2745 3474/1989/2734
f 3487/2000/2746 3460/1983/2721 3428/1967/2692
f 3428/1967/2692 3470/1984/2728 3487/2000/2746
f 3483/1997/2743 3451/1980/2716 3471/1969/2731
f 3471/1969/2731 3473/1986/2730 3483/1997/2743
f 3477/1991/2737 3466/1974/2724 3444/1975/2705
f 3444/1975/2705 3480/1992/2738 3477/1991/2737
f 3472/1987/2732 3431/1970/2698 3460/1983/2721
f 3460/1983/2721 3487/2000/2746 3472/1987/2732
f 3486/1999/2745 3458/1982/2720 3476/1973/2736
f 3476/1973/2736 3478/1990/2735 3486/1999/2745
f 3479/1993/2739 3443/1976/2708 3448/1977/2709
f 3448/1977/2709 3482/1994/2740 3479/1993/2739
f 3481/1995/2741 3447/1978/2712 3452/1979/2713
f 3452/1979/2713 3484/1996/2742 3481/1995/2741
f 3491/1865/2747 3488/1938/2747 3489/1694/2748
f 3489/1694/2748 3490/1553/2747 3491/1865/2747
f 3495/1937/2749 3492/2001/2749 3493/2002/2750
f 3493/2002/2750 3494/1938/2749 3495/1937/2749
s 0
f 3499/1936/1482 3496/2003/1482 3497/2001/1482
f 3497/2001/1482 3498/1937/1482 3499/1936/1482
f 3503/1923/1481 3500/2004/1481 3501/2003/1481
f 3501/2003/1481 3502/1936/1481 3503/1923/1481
s 1
f 3505/1922/2517 3504/2005/2517 3500/2004/1481
f 3500/2004/1481 3503/1923/1481 3505/1922/2517
f 3505/1922/2517 3506/1946/2518 3507/2006/2518
f 3507/2006/2518 3504/2005/2517 3505/1922/2517
f 3506/1946/2518 3508/1925/2519 3509/2007/2519
f 3509/2007/2519 3507/2006/2518 3506/1946/2518
f 3508/1925/2519 3510/1924/2521 3511/2008/2520
f 3511/2008/2520 3509/2007/2519 3508/1925/2519
f 3510/1924/2521 3512/1935/2522 3513/2009/2522
f 3513/2009/2522 3511/2008/2520 3510/1924/2521
f 3512/1935/2522 3514/1934/2523 3515/2010/2523
f 3515/2010/2523 3513/2009/2522 3512/1935/2522
f 3514/1934/2523 3516/1933/2525 3517/2011/2525
f 3517/2011/2525 3515/2010/2523 3514/1934/2523
f 3516/1933/2525 3518/1932/2526 3519/2012/2526
f 3519/2012/2526 3517/2011/2525 3516/1933/2525
f 3523/1932/2528 3520/1931/2527 3521/2013/2527
f 3521/2013/2527 3522/2012/2528 3523/1932/2528
f 3520/1931/2527 3524/1930/2751 3525/2014/2529
f 3525/2014/2529 3521/2013/2527 3520/1931/2527
f 3524/1930/2751 3526/1929/2532 3527/2015/2531
f 3527/2015/2531 3525/2014/2529 3524/1930/2751
f 3526/1929/2532 3378/1928/2652 3382/1947/2651
f 3382/1947/2651 3527/2015/2531 3526/1929/2532
f 3379/1638/2653 3378/1928/2652 3528/1876/2752
f 3528/1876/2752 3529/1642/2753 3379/1638/2653
f 3533/1926/2754 3530/1927/2755 3531/1710/2756
f 3531/1710/2756 3532/1711/2757 3533/1926/2754
f 3530/1927/2755 3534/1864/2758 3535/1556/2758
f 3535/1556/2758 3531/1710/2756 3530/1927/2755
f 3537/1939/2759 3533/1926/2754 3532/1711/2757
f 3532/1711/2757 3536/1642/2759 3537/1939/2759
s 0
f 3541/1712/2760 3538/1396/2760 3539/2016/2760
f 3539/2016/2760 3540/1786/2760 3541/1712/2760
f 3545/2017/2761 3542/1849/2761 3543/1786/2761
f 3543/1786/2761 3544/2016/2761 3545/2017/2761
f 3538/1396/2760 3546/1395/2760 3547/1470/2760
f 3547/1470/2760 3548/2018/2760 3538/1396/2760
f 3552/1536/2761 3549/2019/2761 3550/2018/2761
f 3550/2018/2761 3551/1470/2761 3552/1536/2761
s 1
f 3556/2020/2762 3553/1694/2762 3554/1938/2762
f 3554/1938/2762 3555/2002/2762 3556/2020/2762
f 3560/2021/2763 3557/1629/2764 3558/1694/2764
f 3558/1694/2764 3559/2020/2763 3560/2021/2763
f 3564/1556/2765 3561/1555/2765 3562/1618/2765
f 3562/1618/2765 3563/1710/2765 3564/1556/2765
f 3568/2022/2766 3565/2023/2767 3566/2024/2768
f 3566/2024/2768 3567/2025/2769 3568/2022/2766
f 3571/2026/2770 3569/2027/2771 3567/2025/2769
f 3567/2025/2769 3570/2028/2772 3571/2026/2770
f 3572/2029/2773 3570/2028/2772 3567/2025/2769
f 3567/2025/2769 3566/2024/2768 3572/2029/2773
f 3576/2030/2774 3573/2031/2766 3574/2032/2775
f 3574/2032/2775 3575/2033/2776 3576/2030/2774
f 3580/2034/2777 3577/2035/2778 3578/2036/2779
f 3578/2036/2779 3579/2037/2780 3580/2034/2777
f 3584/2038/2781 3581/2039/2782 3582/2040/1481
f 3582/2040/1481 3583/2041/2783 3584/2038/2781
f 3588/2042/2784 3585/2043/2770 3586/2044/2785
f 3586/2044/2785 3587/2045/2786 3588/2042/2784
f 3579/2037/2780 3578/2036/2779 3589/2046/2787
f 3589/2046/2787 3590/2047/2788 3579/2037/2780
f 3594/2048/2789 3591/2049/2790 3592/2050/2791
f 3592/2050/2791 3593/2051/2777 3594/2048/2789
f 3590/2047/2788 3595/2052/2792 3596/2053/2793
f 3596/2053/2793 3579/2037/2780 3590/2047/2788
f 3579/2037/2780 3596/2053/2793 3597/2054/2794
f 3597/2054/2794 3580/2034/2777 3579/2037/2780
f 3593/2051/2777 3598/2055/2795 3599/2056/2796
f 3599/2056/2796 3594/2048/2789 3593/2051/2777
f 3603/2057/2797 3600/2058/2798 3601/2059/2798
f 3601/2059/2798 3602/2060/2797 3603/2057/2797
f 3607/2061/2799 3604/2062/2800 3605/2063/2801
f 3605/2063/2801 3606/2064/2802 3607/2061/2799
f 3606/2064/2802 3605/2063/2801 3608/2065/2803
f 3608/2065/2803 3609/2066/2804 3606/2064/2802
f 3613/2067/2805 3610/2068/2806 3611/2069/2807
f 3611/2069/2807 3612/2070/2808 3613/2067/2805
f 3617/2071/2809 3614/2072/2810 3615/2073/2810
f 3615/2073/2810 3616/2074/2809 3617/2071/2809
f 3619/2075/2811 3607/2061/2799 3606/2064/2802
f 3606/2064/2802 3618/2076/2812 3619/2075/2811
f 3618/2076/2812 3606/2064/2802 3609/2066/2804
f 3609/2066/2804 3620/2077/2813 3618/2076/2812
f 3622/2078/2814 3613/2067/2805 3612/2070/2808
f 3612/2070/2808 3621/2079/2815 3622/2078/2814
f 3624/2080/2816 3617/2071/2809 3616/2074/2809
f 3616/2074/2809 3623/2081/2816 3624/2080/2816
f 3626/2082/2817 3619/2075/2811 3618/2076/2812
f 3618/2076/2812 3625/2083/2818 3626/2082/2817
f 3625/2083/2818 3618/2076/2812 3620/2077/2813
f 3620/2077/2813 3627/2084/2819 3625/2083/2818
f 3629/2085/2820 3622/2078/2814 3621/2079/2815
f 3621/2079/2815 3628/2086/2821 3629/2085/2820
f 3631/2087/2822 3624/2080/2816 3623/2081/2816
f 3623/2081/2816 3630/2088/2822 3631/2087/2822
f 3635/2089/2823 3632/2090/2824 3633/2091/2825
f 3633/2091/2825 3634/2092/2826 3635/2089/2823
f 3634/2092/2826 3633/2091/2825 3636/2093/2827
f 3636/2093/2827 3637/2094/2828 3634/2092/2826
f 3641/2095/2829 3638/2096/2830 3639/2097/2831
f 3639/2097/2831 3640/2098/2832 3641/2095/2829
f 3645/2099/2833 3642/2100/1482 3643/2101/1482
f 3643/2101/1482 3644/2102/2833 3645/2099/2833
f 3595/2052/2792 3646/2103/2834 3647/2104/2835
f 3647/2104/2835 3596/2053/2793 3595/2052/2792
f 3596/2053/2793 3647/2104/2835 3648/2105/2836
f 3648/2105/2836 3597/2054/2794 3596/2053/2793
f 3598/2055/2795 3649/2106/2836 3650/2107/2837
f 3650/2107/2837 3599/2056/2796 3598/2055/2795
f 3600/2058/2798 3651/2108/2838 3652/2109/2838
f 3652/2109/2838 3601/2059/2798 3600/2058/2798
f 3656/2110/2839 3653/2111/2840 3654/2112/2841
f 3654/2112/2841 3655/2113/1478 3656/2110/2839
f 3610/2068/2806 3576/2030/2774 3575/2033/2776
f 3575/2033/2776 3611/2069/2807 3610/2068/2806
f 3565/2023/2767 3608/2065/2803 3605/2063/2801
f 3605/2063/2801 3566/2024/2768 3565/2023/2767
f 3604/2062/2800 3572/2029/2773 3566/2024/2768
f 3566/2024/2768 3605/2063/2801 3604/2062/2800
f 3591/2049/2790 3657/2114/2775 3658/2115/2842
f 3658/2115/2842 3592/2050/2791 3591/2049/2790
f 3577/2035/2778 3659/2116/2843 3587/2045/2786
f 3587/2045/2786 3578/2036/2779 3577/2035/2778
f 3578/2036/2779 3587/2045/2786 3586/2044/2785
f 3586/2044/2785 3589/2046/2787 3578/2036/2779
f 3586/2044/2785 3570/2028/2772 3572/2029/2773
f 3572/2029/2773 3589/2046/2787 3586/2044/2785
f 3583/2041/2783 3654/2112/2841 3653/2111/2840
f 3653/2111/2840 3584/2038/2781 3583/2041/2783
f 3591/2049/2790 3575/2033/2776 3574/2032/2775
f 3574/2032/2775 3657/2114/2775 3591/2049/2790
f 3585/2043/2770 3571/2026/2770 3570/2028/2772
f 3570/2028/2772 3586/2044/2785 3585/2043/2770
f 3663/2117/2844 3660/2047/2845 3661/2046/2846
f 3661/2046/2846 3662/2118/2847 3663/2117/2844
f 3584/2038/2781 3591/2049/2790 3594/2048/2789
f 3594/2048/2789 3581/2039/2782 3584/2038/2781
f 3665/2119/2848 3664/2052/2849 3660/2047/2845
f 3660/2047/2845 3663/2117/2844 3665/2119/2848
f 3581/2039/2782 3594/2048/2789 3599/2056/2796
f 3599/2056/2796 3666/2120/2850 3581/2039/2782
f 3670/2121/2851 3667/2062/2852 3668/2061/2853
f 3668/2061/2853 3669/2122/2854 3670/2121/2851
f 3671/2123/2855 3612/2070/2808 3611/2069/2807
f 3611/2069/2807 3656/2110/2839 3671/2123/2855
f 3669/2122/2854 3668/2061/2853 3672/2075/2856
f 3672/2075/2856 3673/2124/2857 3669/2122/2854
f 3674/2125/2858 3621/2079/2815 3612/2070/2808
f 3612/2070/2808 3671/2123/2855 3674/2125/2858
f 3673/2124/2857 3672/2075/2856 3675/2082/2859
f 3675/2082/2859 3676/2126/2860 3673/2124/2857
f 3677/2127/2861 3628/2086/2821 3621/2079/2815
f 3621/2079/2815 3674/2125/2858 3677/2127/2861
f 3681/2128/2862 3678/2090/2863 3679/2089/2864
f 3679/2089/2864 3680/2129/2865 3681/2128/2862
f 3683/2130/2866 3640/2098/2832 3639/2097/2831
f 3639/2097/2831 3682/2131/2867 3683/2130/2866
f 3685/2132/2868 3684/2103/2869 3664/2052/2849
f 3664/2052/2849 3665/2119/2848 3685/2132/2868
f 3666/2120/2850 3599/2056/2796 3650/2107/2837
f 3650/2107/2837 3686/2133/2870 3666/2120/2850
f 3688/2134/2871 3687/2029/2872 3667/2062/2852
f 3667/2062/2852 3670/2121/2851 3688/2134/2871
f 3656/2110/2839 3611/2069/2807 3575/2033/2776
f 3575/2033/2776 3653/2111/2840 3656/2110/2839
f 3653/2111/2840 3575/2033/2776 3591/2049/2790
f 3591/2049/2790 3584/2038/2781 3653/2111/2840
f 3662/2118/2847 3661/2046/2846 3687/2029/2872
f 3687/2029/2872 3688/2134/2871 3662/2118/2847
f 3676/2126/2860 3675/2082/2859 3678/2090/2863
f 3678/2090/2863 3681/2128/2862 3676/2126/2860
f 3642/2100/1482 3631/2087/2822 3630/2088/2822
f 3630/2088/2822 3643/2101/1482 3642/2100/1482
f 3682/2131/2867 3639/2097/2831 3628/2086/2821
f 3628/2086/2821 3677/2127/2861 3682/2131/2867
f 3638/2096/2830 3629/2085/2820 3628/2086/2821
f 3628/2086/2821 3639/2097/2831 3638/2096/2830
f 3633/2091/2825 3625/2083/2818 3627/2084/2819
f 3627/2084/2819 3636/2093/2827 3633/2091/2825
f 3632/2090/2824 3626/2082/2817 3625/2083/2818
f 3625/2083/2818 3633/2091/2825 3632/2090/2824
f 3680/2129/2865 3679/2089/2864 3684/2103/2869
f 3684/2103/2869 3685/2132/2868 3680/2129/2865
f 3651/2108/2838 3645/2099/2833 3644/2102/2833
f 3644/2102/2833 3652/2109/2838 3651/2108/2838
f 3686/2133/2870 3650/2107/2837 3640/2098/2832
f 3640/2098/2832 3683/2130/2866 3686/2133/2870
f 3649/2106/2836 3641/2095/2829 3640/2098/2832
f 3640/2098/2832 3650/2107/2837 3649/2106/2836
f 3647/2104/2835 3634/2092/2826 3637/2094/2828
f 3637/2094/2828 3648/2105/2836 3647/2104/2835
f 3646/2103/2834 3635/2089/2823 3634/2092/2826
f 3634/2092/2826 3647/2104/2835 3646/2103/2834
f 3692/2135/2873 3689/2136/2874 3690/2137/2874
f 3690/2137/2874 3691/2138/2875 3692/2135/2873
f 3696/2138/2876 3693/2137/2877 3694/2139/2877
f 3694/2139/2877 3695/2140/2878 3696/2138/2876
f 3700/2140/2879 3697/2139/2880 3698/2141/2881
f 3698/2141/2881 3699/2142/2882 3700/2140/2879
f 3704/2143/2883 3701/2144/2884 3702/2145/2884
f 3702/2145/2884 3703/2146/2885 3704/2143/2883
f 3708/2146/2886 3705/2145/2887 3706/2147/2888
f 3706/2147/2888 3707/2148/2889 3708/2146/2886
f 3712/2149/2890 3709/2150/2891 3710/2144/2891
f 3710/2144/2891 3711/2143/2892 3712/2149/2890
f 3716/2148/2893 3713/2147/2894 3714/2151/2895
f 3714/2151/2895 3715/2152/2896 3716/2148/2893
f 3720/2153/2897 3717/2154/2898 3718/2150/2898
f 3718/2150/2898 3719/2149/2899 3720/2153/2897
f 3724/2152/2900 3721/2151/2901 3722/2155/2901
f 3722/2155/2901 3723/2156/2902 3724/2152/2900
f 3728/2157/2903 3725/2158/2904 3726/2154/2904
f 3726/2154/2904 3727/2153/2905 3728/2157/2903
f 3732/2159/2906 3729/2160/2907 3730/2161/2907
f 3730/2161/2907 3731/2162/2908 3732/2159/2906
f 3736/2163/2909 3733/2164/2910 3734/2165/2910
f 3734/2165/2910 3735/2166/2911 3736/2163/2909
f 3740/2167/2912 3737/2168/2913 3738/2136/2914
f 3738/2136/2914 3739/2135/2915 3740/2167/2912
f 3744/2142/2916 3741/2141/2917 3742/2169/2917
f 3742/2169/2917 3743/2170/2918 3744/2142/2916
f 3748/2156/2919 3745/2155/2920 3746/2160/2920
f 3746/2160/2920 3747/2159/2921 3748/2156/2919
f 3752/2166/2922 3749/2165/2923 3750/2158/2923
f 3750/2158/2923 3751/2157/2924 3752/2166/2922
f 3756/2162/2925 3753/2161/2926 3754/2168/2926
f 3754/2168/2926 3755/2167/2927 3756/2162/2925
f 3760/2170/2928 3757/2169/2929 3758/2164/2929
f 3758/2164/2929 3759/2163/2930 3760/2170/2928
f 3762/2074/2931 3716/2148/2893 3715/2152/2896
f 3715/2152/2896 3761/2081/2931 3762/2074/2931
f 3764/2073/2932 3708/2146/2886 3707/2148/2889
f 3707/2148/2889 3763/2074/2933 3764/2073/2932
f 3766/2072/2934 3704/2143/2883 3703/2146/2885
f 3703/2146/2885 3765/2073/2934 3766/2072/2934
f 3768/2071/2935 3712/2149/2890 3711/2143/2892
f 3711/2143/2892 3767/2072/2936 3768/2071/2935
f 3770/2080/2937 3720/2153/2897 3719/2149/2899
f 3719/2149/2899 3769/2071/2938 3770/2080/2937
f 3772/2087/2939 3728/2157/2903 3727/2153/2905
f 3727/2153/2905 3771/2080/2939 3772/2087/2939
f 3774/2100/2940 3752/2166/2922 3751/2157/2924
f 3751/2157/2924 3773/2087/2940 3774/2100/2940
f 3776/2099/2941 3736/2163/2909 3735/2166/2911
f 3735/2166/2911 3775/2100/2941 3776/2099/2941
f 3778/2108/2942 3760/2170/2928 3759/2163/2930
f 3759/2163/2930 3777/2099/2942 3778/2108/2942
f 3780/2058/2943 3744/2142/2916 3743/2170/2918
f 3743/2170/2918 3779/2108/2944 3780/2058/2943
f 3782/2057/2945 3700/2140/2879 3699/2142/2882
f 3699/2142/2882 3781/2058/2946 3782/2057/2945
f 3784/2060/2947 3696/2138/2876 3695/2140/2878
f 3695/2140/2878 3783/2057/2947 3784/2060/2947
f 3786/2059/2948 3692/2135/2873 3691/2138/2875
f 3691/2138/2875 3785/2060/2949 3786/2059/2948
f 3788/2109/2950 3740/2167/2912 3739/2135/2915
f 3739/2135/2915 3787/2059/2950 3788/2109/2950
f 3790/2102/2951 3756/2162/2925 3755/2167/2927
f 3755/2167/2927 3789/2109/2951 3790/2102/2951
f 3792/2101/2952 3732/2159/2906 3731/2162/2908
f 3731/2162/2908 3791/2102/2952 3792/2101/2952
f 3794/2088/2953 3748/2156/2919 3747/2159/2921
f 3747/2159/2921 3793/2101/2953 3794/2088/2953
f 3796/2081/2954 3724/2152/2900 3723/2156/2902
f 3723/2156/2902 3795/2088/2954 3796/2081/2954
o window3
v -18.094252 -3.567537 -5.210878
v -18.094252 -3.567537 -4.589101
v -18.094252 -3.008205 -4.589101
v -18.094252 -3.008205 -5.210878
v -18.094252 -3.008205 -5.210878
v -18.094252 -3.008205 -4.589101
v -23.018213 -3.008205 -4.589103
v -23.018213 -3.008205 -5.210880
v -23.018213 -3.008205 -5.210880
v -23.018213 -3.008205 -4.589103
v -23.018213 -3.567537 -4.589103
v -23.018213 -3.567537 -5.210880
v -23.018213 -3.567537 -5.210880
v -23.018213 -3.567537 -4.589103
v -18.094252 -3.567537 -4.589101
v -18.094252 -3.567537 -5.210878
v -18.094252 -3.685392 -3.960989
v -23.018213 -3.685392 -3.960990
v -23.018213 -3.379818 -3.960990
v -18.094252 -3.379818 -3.960989
v -23.018213 -3.567537 -5.210880
v -18.094252 -3.567537 -5.210878
v -18.094252 -3.008205 -5.210878
v -23.018213 -3.008205 -5.210880
v -23.018213 -3.685392 -3.960990
v -18.094252 -3.685392 -3.960989
v -23.018213 -3.379818 -3.960990
v -23.018213 -3.685392 -3.960990
v -18.094252 -3.379818 -3.960989
v -23.018213 -3.379818 -3.960990
v -18.094252 -3.685392 -3.960989
v -18.094252 -3.379818 -3.960989
v -21.162741 3.016597 -4.794733
v -20.886412 3.202834 -4.798078
v -20.851326 3.122187 -4.739759
v -21.099276 2.955076 -4.736757
v -21.346764 2.738785 -4.792156
v -21.264399 2.705793 -4.734446
v -21.410469 2.411687 -4.790741
v -21.321564 2.412292 -4.733176
v -21.344158 2.085106 -4.790702
v -21.262062 2.119251 -4.733141
v -21.157925 1.808761 -4.792046
v -21.094955 1.871287 -4.734347
v -20.880121 1.624720 -4.794568
v -20.845682 1.706149 -4.736610
v -20.553041 1.561003 -4.797884
v -20.552195 1.648977 -4.739585
v -20.226479 1.627311 -4.801488
v -20.259171 1.708474 -4.742820
v -19.950151 1.813545 -4.804834
v -20.011227 1.875584 -4.745821
v -19.766129 2.091361 -4.807410
v -19.846098 2.124865 -4.748133
v -19.702423 2.418458 -4.808825
v -19.788939 2.418365 -4.749403
v -19.768734 2.745039 -4.808864
v -19.848438 2.711406 -4.749437
v -19.954967 3.021388 -4.807520
v -20.015545 2.959370 -4.748231
v -20.232771 3.205425 -4.804998
v -20.264816 3.124509 -4.745969
v -20.559851 3.269145 -4.801682
v -20.558304 3.181684 -4.742994
v -20.827301 3.067315 -4.763907
v -21.055927 2.913225 -4.761140
v -21.208189 2.683367 -4.759008
v -21.260897 2.412730 -4.757838
v -21.206030 2.142529 -4.757805
v -21.051943 1.913879 -4.758917
v -20.822096 1.761610 -4.761004
v -20.551476 1.708894 -4.763747
v -20.281284 1.763755 -4.766730
v -20.052656 1.917841 -4.769498
v -19.900398 2.147703 -4.771629
v -19.847691 2.418332 -4.772800
v -19.902555 2.688541 -4.772832
v -20.056641 2.917187 -4.771720
v -20.286489 3.069456 -4.769634
v -20.557110 3.122176 -4.766891
v -20.814936 3.034932 -4.795069
v -21.032255 2.888459 -4.792438
v -21.176985 2.669971 -4.790411
v -21.229170 2.412730 -4.789277
v -21.174936 2.155885 -4.789268
v -21.028471 1.938546 -4.790325
v -20.809988 1.793806 -4.792309
v -20.548504 1.737416 -4.794947
v -20.295925 1.795840 -4.797751
v -20.078602 1.942308 -4.800383
v -19.933876 2.160801 -4.802409
v -19.873241 2.418104 -4.803633
v -19.935926 2.674891 -4.803552
v -20.082390 2.892229 -4.802495
v -20.300873 3.036970 -4.800512
v -20.553909 3.093419 -4.797963
v -21.032255 2.888459 -4.792438
v -20.814936 3.034932 -4.795069
v -20.788233 2.972936 -4.816716
v -20.898577 2.756596 -4.815058
v -21.176985 2.669971 -4.790411
v -21.114019 2.644531 -4.812525
v -21.229170 2.412730 -4.789277
v -21.223598 2.412793 -4.810841
v -21.174936 2.155885 -4.789268
v -21.112177 2.181929 -4.811496
v -21.028471 1.938546 -4.790325
v -20.895845 2.071574 -4.813534
v -20.809988 1.793806 -4.792309
v -20.783781 1.856115 -4.814232
v -20.548504 1.737416 -4.794947
v -20.552052 1.746529 -4.816435
v -20.295925 1.795840 -4.797751
v -20.321203 1.857950 -4.819129
v -20.078602 1.942308 -4.800383
v -20.210859 2.074286 -4.820787
v -19.933876 2.160801 -4.802409
v -19.995415 2.186355 -4.823320
v -19.873241 2.418104 -4.803633
v -19.885838 2.418093 -4.825005
v -19.935926 2.674891 -4.803552
v -19.997257 2.648960 -4.824349
v -20.082390 2.892229 -4.802495
v -20.213591 2.759312 -4.822310
v -20.300873 3.036970 -4.800512
v -20.325655 2.974767 -4.821613
v -20.553909 3.093419 -4.797963
v -20.557384 3.084356 -4.819410
v -20.838989 2.696800 -4.887568
v -20.747948 2.875291 -4.888935
v -20.733444 2.839079 -4.912750
v -20.816202 2.673417 -4.912750
v -21.016745 2.604334 -4.885478
v -20.838989 2.696800 -4.887568
v -20.816202 2.673417 -4.912750
v -20.976444 2.587396 -4.912750
v -21.107155 2.413136 -4.884088
v -21.016745 2.604334 -4.885478
v -20.976444 2.587396 -4.912750
v -21.056591 2.413184 -4.912750
v -21.015223 2.222656 -4.884629
v -21.107155 2.413136 -4.884088
v -21.056591 2.413184 -4.912750
v -20.973923 2.240103 -4.912750
v -20.836735 2.131609 -4.886311
v -21.015223 2.222656 -4.884629
v -20.973923 2.240103 -4.912750
v -20.813105 2.155962 -4.912750
v -20.744274 1.953840 -4.886886
v -20.836735 2.131609 -4.886311
v -20.813105 2.155962 -4.912750
v -20.728939 1.992754 -4.912750
v -20.553080 1.863419 -4.888703
v -20.744274 1.953840 -4.886886
v -20.728939 1.992754 -4.912750
v -20.553871 1.906973 -4.912750
v -20.362614 1.955351 -4.890927
v -20.553080 1.863419 -4.888703
v -20.553871 1.906973 -4.912750
v -20.377121 1.988516 -4.912750
v -20.271574 2.133850 -4.892294
v -20.362614 1.955351 -4.890927
v -20.377121 1.988516 -4.912750
v -20.291437 2.152910 -4.912750
v -20.093815 2.226308 -4.894384
v -20.271574 2.133850 -4.892294
v -20.291437 2.152910 -4.912750
v -20.122726 2.237851 -4.912750
v -20.003408 2.417507 -4.895774
v -20.093815 2.226308 -4.894384
v -20.122726 2.237851 -4.912750
v -20.035427 2.417289 -4.912750
v -20.095337 2.607986 -4.895233
v -20.003408 2.417507 -4.895774
v -20.035427 2.417289 -4.912750
v -20.122900 2.596536 -4.912750
v -20.273827 2.699041 -4.893551
v -20.095337 2.607986 -4.895233
v -20.122900 2.596536 -4.912750
v -20.292402 2.680710 -4.912750
v -20.366287 2.876806 -4.892976
v -20.273827 2.699041 -4.893551
v -20.292402 2.680710 -4.912750
v -20.379280 2.846228 -4.912750
v -20.557482 2.967227 -4.891158
v -20.366287 2.876806 -4.892976
v -20.379280 2.846228 -4.912750
v -20.557882 2.927561 -4.912750
v -20.747948 2.875291 -4.888935
v -20.557482 2.967227 -4.891158
v -20.557882 2.927561 -4.912750
v -20.733444 2.839079 -4.912750
v -20.780863 2.954457 -4.860549
v -20.887562 2.745260 -4.858946
v -21.095892 2.636894 -4.856497
v -21.201851 2.412808 -4.854868
v -21.094112 2.189565 -4.855502
v -20.884922 2.082855 -4.857473
v -20.776558 1.874512 -4.858148
v -20.552479 1.768542 -4.860278
v -20.329254 1.876281 -4.862884
v -20.222553 2.085482 -4.864487
v -20.014221 2.193844 -4.866936
v -19.908264 2.417934 -4.868565
v -20.016006 2.641173 -4.867930
v -20.225195 2.747887 -4.865960
v -20.333559 2.956230 -4.865285
v -20.557636 3.062200 -4.863155
v -20.747948 2.875291 -4.888935
v -20.838989 2.696800 -4.887568
v -21.016745 2.604334 -4.885478
v -21.107155 2.413136 -4.884088
v -21.015223 2.222656 -4.884629
v -20.836735 2.131609 -4.886311
v -20.744274 1.953840 -4.886886
v -20.553080 1.863419 -4.888703
v -20.362614 1.955351 -4.890927
v -20.271574 2.133850 -4.892294
v -20.093815 2.226308 -4.894384
v -20.003408 2.417507 -4.895774
v -20.095337 2.607986 -4.895233
v -20.273827 2.699041 -4.893551
v -20.366287 2.876806 -4.892976
v -20.557482 2.967227 -4.891158
v -21.467865 2.411275 -4.911694
v -21.400331 2.760738 -4.911860
v -21.346764 2.738785 -4.792156
v -21.410469 2.411687 -4.790741
v -21.397047 2.062574 -4.911689
v -21.344158 2.085106 -4.790702
v -21.198547 1.767149 -4.911847
v -21.157925 1.808761 -4.792046
v -20.902115 1.569656 -4.912144
v -20.880121 1.624720 -4.794568
v -20.552307 1.500264 -4.912536
v -20.553041 1.561003 -4.797884
v -20.202053 1.570021 -4.912962
v -20.226479 1.627311 -4.801488
v -19.904781 1.768870 -4.913359
v -19.950151 1.813545 -4.804834
v -19.706226 2.066868 -4.913666
v -19.766129 2.091361 -4.807410
v -19.661276 2.418454 -4.913806
v -19.702423 2.418458 -4.808825
v -19.708515 2.769875 -4.913839
v -19.768734 2.745039 -4.808864
v -19.909225 3.066796 -4.913679
v -19.954967 3.021388 -4.807520
v -20.208286 3.263787 -4.913379
v -20.232771 3.205425 -4.804998
v -20.559593 3.330961 -4.912985
v -20.559851 3.269145 -4.801682
v -20.909344 3.258583 -4.912559
v -20.886412 3.202834 -4.798078
v -21.204401 3.058234 -4.912164
v -21.162741 3.016597 -4.794733
v -21.162741 3.016597 -5.030770
v -21.099274 2.955076 -5.088745
v -20.851326 3.122187 -5.085742
v -20.886412 3.202834 -5.027424
v -21.346764 2.738785 -5.033346
v -21.264399 2.705793 -5.091056
v -21.410469 2.411687 -5.034761
v -21.321562 2.412292 -5.092324
v -21.344158 2.085106 -5.034799
v -21.262062 2.119251 -5.092360
v -21.157925 1.808761 -5.033453
v -21.094955 1.871291 -5.091156
v -20.880121 1.624720 -5.030932
v -20.845682 1.706149 -5.088892
v -20.553041 1.561003 -5.027616
v -20.552195 1.648973 -5.085915
v -20.226479 1.627311 -5.024011
v -20.259171 1.708474 -5.082683
v -19.950151 1.813545 -5.020668
v -20.011225 1.875584 -5.079679
v -19.766129 2.091361 -5.018088
v -19.846098 2.124865 -5.077368
v -19.702423 2.418458 -5.016673
v -19.788937 2.418365 -5.076097
v -19.768734 2.745039 -5.016636
v -19.848438 2.711406 -5.076063
v -19.954967 3.021388 -5.017982
v -20.015545 2.959370 -5.077269
v -20.232771 3.205425 -5.020503
v -20.264816 3.124512 -5.079532
v -20.559851 3.269142 -5.023819
v -20.558304 3.181684 -5.082506
v -21.055927 2.913225 -5.064363
v -20.827301 3.067311 -5.061595
v -21.208189 2.683367 -5.066493
v -21.260897 2.412734 -5.067665
v -21.206030 2.142525 -5.067694
v -21.051943 1.913883 -5.066585
v -20.822096 1.761610 -5.064495
v -20.551476 1.708894 -5.061753
v -20.281284 1.763755 -5.058772
v -20.052656 1.917841 -5.056004
v -19.900398 2.147703 -5.053870
v -19.847691 2.418336 -5.052701
v -19.902554 2.688541 -5.052669
v -20.056641 2.917187 -5.053782
v -20.286489 3.069456 -5.055868
v -20.557110 3.122172 -5.058609
v -21.032255 2.888463 -5.033062
v -20.814936 3.034932 -5.030431
v -21.176985 2.669971 -5.035089
v -21.229170 2.412730 -5.036225
v -21.174936 2.155881 -5.036232
v -21.028471 1.938546 -5.035174
v -20.809988 1.793806 -5.033192
v -20.548504 1.737416 -5.030553
v -20.295925 1.795840 -5.027748
v -20.078602 1.942312 -5.025116
v -19.933876 2.160801 -5.023093
v -19.873241 2.418104 -5.021866
v -19.935926 2.674891 -5.021947
v -20.082390 2.892229 -5.023005
v -20.300873 3.036966 -5.024988
v -20.553909 3.093419 -5.027538
v -21.032255 2.888463 -5.033062
v -20.898577 2.756596 -5.010442
v -20.788233 2.972936 -5.008787
v -20.814936 3.034932 -5.030431
v -21.176985 2.669971 -5.035089
v -21.114019 2.644531 -5.012977
v -21.229170 2.412730 -5.036225
v -21.223598 2.412793 -5.014661
v -21.174936 2.155881 -5.036232
v -21.112177 2.181929 -5.014006
v -21.028471 1.938546 -5.035174
v -20.895845 2.071574 -5.011967
v -20.809988 1.793806 -5.033192
v -20.783781 1.856115 -5.011271
v -20.548504 1.737416 -5.030553
v -20.552052 1.746529 -5.009067
v -20.295925 1.795840 -5.027748
v -20.321203 1.857950 -5.006373
v -20.078602 1.942312 -5.025116
v -20.210859 2.074286 -5.004714
v -19.933876 2.160801 -5.023093
v -19.995415 2.186355 -5.002179
v -19.873241 2.418104 -5.021866
v -19.885838 2.418093 -5.000494
v -19.935926 2.674891 -5.021947
v -19.997257 2.648960 -5.001151
v -20.082390 2.892229 -5.023005
v -20.213591 2.759312 -5.003189
v -20.300873 3.036966 -5.024988
v -20.325655 2.974771 -5.003889
v -20.553909 3.093419 -5.027538
v -20.557384 3.084356 -5.006089
v -20.838989 2.696797 -4.937933
v -20.816202 2.673417 -4.912750
v -20.733444 2.839079 -4.912750
v -20.747948 2.875295 -4.936566
v -21.016745 2.604337 -4.940024
v -20.976444 2.587396 -4.912750
v -20.816202 2.673417 -4.912750
v -20.838989 2.696797 -4.937933
v -21.107155 2.413136 -4.941413
v -21.056591 2.413184 -4.912750
v -20.976444 2.587396 -4.912750
v -21.016745 2.604337 -4.940024
v -21.015223 2.222656 -4.940873
v -20.973923 2.240103 -4.912750
v -21.056591 2.413184 -4.912750
v -21.107155 2.413136 -4.941413
v -20.836735 2.131605 -4.939190
v -20.813105 2.155962 -4.912750
v -20.973923 2.240103 -4.912750
v -21.015223 2.222656 -4.940873
v -20.744274 1.953840 -4.938615
v -20.728939 1.992754 -4.912750
v -20.813105 2.155962 -4.912750
v -20.836735 2.131605 -4.939190
v -20.553080 1.863419 -4.936797
v -20.553871 1.906973 -4.912750
v -20.728939 1.992754 -4.912750
v -20.744274 1.953840 -4.938615
v -20.362614 1.955351 -4.934574
v -20.377121 1.988516 -4.912750
v -20.553871 1.906973 -4.912750
v -20.553080 1.863419 -4.936797
v -20.271574 2.133850 -4.933206
v -20.291437 2.152910 -4.912750
v -20.377121 1.988516 -4.912750
v -20.362614 1.955351 -4.934574
v -20.093815 2.226308 -4.931116
v -20.122726 2.237851 -4.912750
v -20.291437 2.152910 -4.912750
v -20.271574 2.133850 -4.933206
v -20.003408 2.417507 -4.929727
v -20.035427 2.417289 -4.912750
v -20.122726 2.237851 -4.912750
v -20.093815 2.226308 -4.931116
v -20.095337 2.607986 -4.930267
v -20.122900 2.596536 -4.912750
v -20.035427 2.417289 -4.912750
v -20.003408 2.417507 -4.929727
v -20.273827 2.699041 -4.931949
v -20.292402 2.680710 -4.912750
v -20.122900 2.596536 -4.912750
v -20.095337 2.607986 -4.930267
v -20.366287 2.876806 -4.932525
v -20.379280 2.846228 -4.912750
v -20.292402 2.680710 -4.912750
v -20.273827 2.699041 -4.931949
v -20.557482 2.967227 -4.934342
v -20.557882 2.927561 -4.912750
v -20.379280 2.846228 -4.912750
v -20.366287 2.876806 -4.932525
v -20.747948 2.875295 -4.936566
v -20.733444 2.839079 -4.912750
v -20.557882 2.927561 -4.912750
v -20.557482 2.967227 -4.934342
v -20.887562 2.745260 -4.966556
v -20.780863 2.954457 -4.964953
v -21.095892 2.636894 -4.969003
v -21.201851 2.412808 -4.970632
v -21.094112 2.189565 -4.969998
v -20.884922 2.082855 -4.968026
v -20.776558 1.874512 -4.967352
v -20.552479 1.768542 -4.965222
v -20.329254 1.876285 -4.962616
v -20.222553 2.085482 -4.961013
v -20.014221 2.193844 -4.958565
v -19.908262 2.417934 -4.956936
v -20.016006 2.641173 -4.957570
v -20.225195 2.747884 -4.959541
v -20.333559 2.956226 -4.960217
v -20.557636 3.062200 -4.962347
v -20.838989 2.696797 -4.937933
v -20.747948 2.875295 -4.936566
v -21.016745 2.604337 -4.940024
v -21.107155 2.413136 -4.941413
v -21.015223 2.222656 -4.940873
v -20.836735 2.131605 -4.939190
v -20.744274 1.953840 -4.938615
v -20.553080 1.863419 -4.936797
v -20.362614 1.955351 -4.934574
v -20.271574 2.133850 -4.933206
v -20.093815 2.226308 -4.931116
v -20.003408 2.417507 -4.929727
v -20.095337 2.607986 -4.930267
v -20.273827 2.699041 -4.931949
v -20.366287 2.876806 -4.932525
v -20.557482 2.967227 -4.934342
v -21.467865 2.411275 -4.911694
v -21.410469 2.411687 -5.034761
v -21.346764 2.738785 -5.033346
v -21.400331 2.760738 -4.911860
v -21.397047 2.062574 -4.911689
v -21.344158 2.085106 -5.034799
v -21.198547 1.767149 -4.911847
v -21.157925 1.808761 -5.033453
v -20.902115 1.569656 -4.912144
v -20.880121 1.624720 -5.030932
v -20.552307 1.500264 -4.912536
v -20.553041 1.561003 -5.027616
v -20.202053 1.570021 -4.912962
v -20.226479 1.627311 -5.024011
v -19.904781 1.768870 -4.913359
v -19.950151 1.813545 -5.020668
v -19.706226 2.066868 -4.913666
v -19.766129 2.091361 -5.018088
v -19.661276 2.418454 -4.913806
v -19.702423 2.418458 -5.016673
v -19.708515 2.769875 -4.913839
v -19.768734 2.745039 -5.016636
v -19.909225 3.066796 -4.913679
v -19.954967 3.021388 -5.017982
v -20.208286 3.263787 -4.913379
v -20.232771 3.205425 -5.020503
v -20.559593 3.330961 -4.912985
v -20.559851 3.269142 -5.023819
v -20.909344 3.258583 -4.912559
v -20.886412 3.202834 -5.027424
v -21.204401 3.058234 -4.912164
v -21.162741 3.016597 -5.030770
v -20.492407 -2.633194 -4.654878
v -20.556774 -2.633194 -4.654878
v -20.556232 -2.509052 -4.659405
v -20.507580 -2.588759 -4.674190
v -18.958622 -2.484643 -4.654877
v -19.005619 -2.588759 -4.674190
v -19.005619 0.508076 -4.674190
v -18.958622 0.508072 -4.654877
v -19.067442 0.969030 -4.674190
v -19.000250 0.985798 -4.654877
v -18.964409 0.789197 -4.654877
v -19.033609 0.789197 -4.674190
v -20.400330 0.969030 -4.674190
v -20.467520 0.985798 -4.654877
v -20.397385 1.195368 -4.654877
v -20.357969 1.144200 -4.674190
v -20.219501 1.386986 -4.674190
v -20.250233 1.460727 -4.654877
v -20.024515 1.702655 -4.654877
v -20.040119 1.569247 -4.674190
v -19.779968 1.657420 -4.641803
v -19.779968 1.769504 -4.654877
v -19.508516 1.702655 -4.654877
v -19.491018 1.569247 -4.674190
v -19.281816 1.386986 -4.674190
v -19.248089 1.460727 -4.654877
v -19.082027 1.164842 -4.654877
v -19.124210 1.113674 -4.674190
v -18.958622 -2.633194 -4.654877
v -19.029573 -2.633194 -4.654877
v -19.057251 0.524947 -4.694200
v -19.057251 -2.563610 -4.694200
v -19.112097 -2.527295 -4.680988
v -19.112097 0.529786 -4.680988
v -19.153389 0.973692 -4.694200
v -19.110943 0.789429 -4.694200
v -19.205961 0.789975 -4.680988
v -19.357361 0.862997 -4.659824
v -20.474878 0.524947 -4.694201
v -20.463900 0.701267 -4.694201
v -20.427580 0.673450 -4.680989
v -20.440142 0.529786 -4.680989
v -20.330704 1.004218 -4.694201
v -20.289721 1.150255 -4.694201
v -20.241735 1.072663 -4.659824
v -20.180868 0.862997 -4.659824
v -20.191320 1.337451 -4.694201
v -20.002842 1.510760 -4.694201
v -20.003456 1.448809 -4.659824
v -20.174706 1.280663 -4.659824
v -19.779968 1.573430 -4.694201
v -19.532814 1.510760 -4.694200
v -19.532122 1.448809 -4.659824
v -19.779968 1.529272 -4.659824
v -19.331743 1.361870 -4.694200
v -19.197248 1.119729 -4.694200
v -19.294661 1.042137 -4.659824
v -19.366961 1.280663 -4.659824
v -20.474878 -2.563610 -4.694201
v -20.440142 -2.527295 -4.680989
v -19.057251 -2.563610 -4.694200
v -20.474878 -2.563610 -4.694201
v -20.440142 -2.527295 -4.680989
v -19.112097 -2.527295 -4.680988
v -19.057251 -2.563610 -4.694200
v -19.057251 0.524947 -4.694200
v -19.005619 0.508076 -4.674190
v -19.005619 -2.588759 -4.674190
v -18.904203 0.508072 -4.723204
v -18.904203 -2.528080 -4.723204
v -18.948753 1.005957 -4.723204
v -18.910397 0.810381 -4.723204
v -19.110943 0.789429 -4.694200
v -19.153389 0.973692 -4.694200
v -19.067442 0.969030 -4.674190
v -19.033609 0.789197 -4.674190
v -20.463900 0.701267 -4.694201
v -20.474878 0.524947 -4.694201
v -20.507580 0.508076 -4.674190
v -20.495762 0.681366 -4.674190
v -20.519018 1.005957 -4.723205
v -20.440144 1.225286 -4.723205
v -20.397385 1.195368 -4.654877
v -20.467520 0.985798 -4.654877
v -20.289721 1.150255 -4.694201
v -20.330704 1.004218 -4.694201
v -20.400330 0.969030 -4.674190
v -20.357969 1.144200 -4.674190
v -20.281303 1.534863 -4.723205
v -20.038626 1.781386 -4.723205
v -20.040119 1.569247 -4.674190
v -20.002842 1.510760 -4.694201
v -20.191320 1.337451 -4.694201
v -20.219501 1.386986 -4.674190
v -19.779968 1.870539 -4.723205
v -19.492695 1.781386 -4.723204
v -19.491018 1.569247 -4.674190
v -19.532814 1.510760 -4.694200
v -19.779968 1.573430 -4.694201
v -19.779968 1.657420 -4.641803
v -19.213987 1.534863 -4.723204
v -19.036274 1.194760 -4.723204
v -19.124210 1.113674 -4.674190
v -19.197248 1.119729 -4.694200
v -19.331743 1.361870 -4.694200
v -19.281816 1.386986 -4.674190
v -20.474878 -2.563610 -4.694201
v -20.507580 -2.588759 -4.674190
v -18.904203 -2.683960 -4.723204
v -18.980139 -2.683960 -4.723204
v -18.904203 -2.683960 -4.723204
v -20.474878 -2.563610 -4.694201
v -19.057251 -2.563610 -4.694200
v -19.005619 -2.588759 -4.674190
v -20.507580 -2.588759 -4.674190
v -18.980139 -2.683960 -4.723204
v -20.523718 -2.683960 -4.730137
v -20.492407 -2.633194 -4.654878
v -19.029573 -2.633194 -4.654877
v -20.489853 0.789197 -4.674190
v -20.440874 0.789429 -4.694201
v -20.440874 0.789429 -4.694201
v -20.308720 0.789975 -4.680989
v -19.074587 0.701267 -4.694200
v -19.024279 0.681366 -4.674190
v -19.131935 0.673450 -4.680988
v -19.074587 0.701267 -4.694200
v -18.953865 0.681366 -4.654877
v -18.899111 0.681366 -4.723204
v -19.024279 0.681366 -4.674190
v -20.289721 1.150255 -4.694201
v -20.357969 1.144200 -4.674190
v -20.357969 1.144200 -4.674190
v -20.519018 1.005957 -4.723205
v -20.556232 0.795182 -4.727714
v -20.556232 0.803165 -4.824889
v -20.556232 0.857027 -4.912750
v -20.519018 1.005957 -4.912750
v -20.489853 0.789197 -4.674190
v -20.556232 0.789197 -4.654878
v -20.467520 0.985798 -4.654877
v -20.400330 0.969030 -4.674190
v -20.330704 1.004218 -4.694201
v -20.440874 0.789429 -4.694201
v -20.489853 0.789197 -4.674190
v -20.400330 0.969030 -4.674190
v -19.112097 0.529786 -4.680988
v -19.112097 -2.527295 -4.680988
v -19.171543 -2.486788 -4.722961
v -19.171543 0.554276 -4.722961
v -19.357361 0.862997 -4.659824
v -19.205961 0.789975 -4.680988
v -19.281559 0.777824 -4.722961
v -19.411282 0.840133 -4.706950
v -20.440142 0.529786 -4.680989
v -20.427580 0.673450 -4.680989
v -20.322634 0.692640 -4.722961
v -20.337784 0.554276 -4.722961
v -20.180868 0.862997 -4.659824
v -20.241735 1.072663 -4.659824
v -20.200975 1.033284 -4.706951
v -20.135338 0.840133 -4.706951
v -20.174706 1.280663 -4.659824
v -20.003456 1.448809 -4.659824
v -19.999157 1.387801 -4.706950
v -20.139666 1.214875 -4.706951
v -19.779968 1.529272 -4.659824
v -19.532122 1.448809 -4.659824
v -19.536945 1.387801 -4.706950
v -19.779968 1.477127 -4.706950
v -19.366961 1.280663 -4.659824
v -19.294661 1.042137 -4.659824
v -19.344114 1.002758 -4.706950
v -19.408665 1.214875 -4.706950
v -20.440142 -2.527295 -4.680989
v -20.402494 -2.486788 -4.722961
v -20.308720 0.789975 -4.680989
v -20.244879 0.777824 -4.722961
v -19.131935 0.673450 -4.680988
v -19.189484 0.692640 -4.722961
v -19.171543 0.554276 -4.722961
v -19.171543 -2.486788 -4.722961
v -19.216885 -2.470046 -4.772925
v -19.216913 0.544325 -4.773560
v -19.411282 0.840133 -4.706950
v -19.281559 0.777824 -4.722961
v -19.358833 0.767372 -4.772925
v -19.446859 0.818316 -4.763050
v -20.337784 0.554276 -4.722961
v -20.322634 0.692640 -4.722961
v -20.285568 0.671777 -4.772925
v -20.299496 0.548434 -4.772926
v -20.135338 0.840133 -4.706951
v -20.200975 1.033284 -4.706951
v -20.175402 1.008788 -4.763050
v -20.105295 0.818316 -4.763050
v -20.139666 1.214875 -4.706951
v -19.999157 1.387801 -4.706950
v -19.979782 1.321261 -4.763050
v -20.109526 1.167108 -4.763050
v -19.779968 1.477127 -4.706950
v -19.536945 1.387801 -4.706950
v -19.558662 1.321261 -4.763050
v -19.779968 1.431569 -4.751040
v -19.408665 1.214875 -4.706950
v -19.344114 1.002758 -4.706950
v -19.375145 0.978262 -4.763050
v -19.444530 1.167108 -4.763050
v -20.402494 -2.486788 -4.722961
v -20.299496 -2.470046 -4.772926
v -19.171543 -2.486788 -4.722961
v -20.402494 -2.486788 -4.722961
v -20.244879 0.777824 -4.722961
v -20.202755 0.782180 -4.772925
v -19.189484 0.692640 -4.722961
v -19.233406 0.667664 -4.773560
v -19.344114 1.002758 -4.706950
v -19.411282 0.840133 -4.706950
v -19.446859 0.818316 -4.763050
v -19.375145 0.978262 -4.763050
v -20.200975 1.033284 -4.706951
v -20.175402 1.008788 -4.763050
v -20.135338 0.840133 -4.706951
v -20.105295 0.818316 -4.763050
v -19.246986 -2.441812 -4.912750
v -19.247019 0.536365 -4.912750
v -19.446859 0.818316 -4.763050
v -19.404205 0.766046 -4.912750
v -19.480467 0.800202 -4.912750
v -20.236082 0.659619 -4.912750
v -20.274076 0.540474 -4.912750
v -20.105295 0.818316 -4.763050
v -20.143476 0.983255 -4.912750
v -20.076914 0.800202 -4.912750
v -19.951527 1.283184 -4.912750
v -20.083275 1.134279 -4.912750
v -19.590343 1.283184 -4.912750
v -19.779968 1.365375 -4.912750
v -19.413883 0.952729 -4.912750
v -19.475775 1.134279 -4.912750
v -20.274076 -2.441812 -4.912750
v -20.141312 0.766046 -4.912750
v -19.291977 0.659619 -4.912750
v -18.980135 -2.683960 -4.912750
v -20.520639 -2.685298 -4.912750
v -20.523718 -2.683960 -4.730137
v -18.980139 -2.683960 -4.723204
v -18.904202 -2.683960 -4.912750
v -18.980135 -2.683960 -4.912750
v -18.980139 -2.683960 -4.723204
v -18.904203 -2.683960 -4.723204
v -18.904202 -2.528080 -4.912750
v -18.904202 -2.683960 -4.912750
v -18.904203 -2.683960 -4.723204
v -18.904203 -2.528080 -4.723204
v -18.904202 0.508072 -4.912750
v -18.904203 0.508072 -4.723204
v -18.899111 0.681366 -4.723204
v -18.899115 0.681366 -4.912750
v -18.910397 0.810381 -4.723204
v -18.910397 0.810381 -4.912750
v -18.948753 1.005957 -4.723204
v -18.948750 1.005957 -4.912750
v -19.036274 1.194760 -4.723204
v -19.036270 1.194760 -4.912750
v -19.213987 1.534863 -4.723204
v -19.213987 1.534863 -4.912750
v -19.492695 1.781386 -4.723204
v -19.492695 1.781386 -4.912750
v -19.779968 1.870539 -4.723205
v -19.779968 1.870539 -4.912750
v -20.038626 1.781386 -4.723205
v -20.038626 1.781386 -4.912750
v -19.779968 1.870539 -4.912750
v -19.779968 1.870539 -4.723205
v -20.281303 1.534863 -4.723205
v -20.281303 1.534863 -4.912750
v -20.440144 1.225286 -4.723205
v -20.440144 1.225286 -4.912750
v -20.467520 0.985798 -4.654877
v -20.556232 0.789197 -4.654878
v -20.507580 0.508076 -4.674190
v -20.556232 0.511120 -4.654878
v -20.556232 0.665128 -4.654878
v -20.495762 0.681366 -4.674190
v -20.507580 -2.588759 -4.674190
v -20.556232 -2.509052 -4.659405
v -20.556232 0.789197 -4.654878
v -20.489853 0.789197 -4.674190
v -20.492407 -2.633194 -5.170623
v -20.507580 -2.588759 -5.151312
v -20.556232 -2.509052 -5.166094
v -20.556232 -2.633194 -5.170623
v -18.958622 -2.484643 -5.170623
v -18.958622 0.508072 -5.170623
v -19.005619 0.508076 -5.151311
v -19.005619 -2.588759 -5.151311
v -19.067442 0.969030 -5.151311
v -19.033609 0.789197 -5.151311
v -18.964409 0.789197 -5.170623
v -19.000250 0.985798 -5.170623
v -20.400330 0.969030 -5.151312
v -20.357969 1.144200 -5.151312
v -20.397385 1.195368 -5.170623
v -20.467520 0.985798 -5.170623
v -20.219501 1.386986 -5.151312
v -20.040119 1.569247 -5.151312
v -20.024515 1.702655 -5.170623
v -20.250233 1.460727 -5.170623
v -19.779968 1.657420 -5.183699
v -19.491018 1.569247 -5.151311
v -19.508516 1.702655 -5.170623
v -19.779968 1.769504 -5.170623
v -19.281816 1.386986 -5.151311
v -19.124210 1.113674 -5.151311
v -19.082027 1.164842 -5.170623
v -19.248089 1.460727 -5.170623
v -18.958622 -2.633194 -5.170623
v -19.029573 -2.633194 -5.170623
v -19.057251 0.524947 -5.131300
v -19.112097 0.529786 -5.144512
v -19.112097 -2.527295 -5.144512
v -19.057251 -2.563610 -5.131300
v -19.153389 0.973692 -5.131300
v -19.357361 0.862997 -5.165677
v -19.205959 0.789975 -5.144512
v -19.110943 0.789429 -5.131300
v -20.474878 0.524947 -5.131300
v -20.440142 0.529786 -5.144512
v -20.427580 0.673450 -5.144512
v -20.463900 0.701267 -5.131300
v -20.330704 1.004218 -5.131300
v -20.180868 0.862997 -5.165678
v -20.241735 1.072663 -5.165678
v -20.289721 1.150255 -5.131300
v -20.191320 1.337451 -5.131300
v -20.174706 1.280663 -5.165678
v -20.003456 1.448809 -5.165678
v -20.002842 1.510760 -5.131300
v -19.779968 1.573430 -5.131300
v -19.779968 1.529272 -5.165678
v -19.532122 1.448809 -5.165677
v -19.532814 1.510760 -5.131300
v -19.331743 1.361870 -5.131300
v -19.366961 1.280663 -5.165677
v -19.294661 1.042137 -5.165677
v -19.197248 1.119729 -5.131300
v -20.474878 -2.563610 -5.131300
v -20.440142 -2.527295 -5.144512
v -19.057251 -2.563610 -5.131300
v -19.112097 -2.527295 -5.144512
v -20.440142 -2.527295 -5.144512
v -20.474878 -2.563610 -5.131300
v -19.057251 -2.563610 -5.131300
v -19.005619 -2.588759 -5.151311
v -19.005619 0.508076 -5.151311
v -19.057251 0.524947 -5.131300
v -18.904203 0.508072 -5.102296
v -18.904203 -2.528080 -5.102296
v -18.948753 1.005957 -5.102296
v -18.910397 0.810381 -5.102296
v -19.110943 0.789429 -5.131300
v -19.033609 0.789197 -5.151311
v -19.067442 0.969030 -5.151311
v -19.153389 0.973692 -5.131300
v -20.463900 0.701267 -5.131300
v -20.495762 0.681366 -5.151312
v -20.507580 0.508076 -5.151312
v -20.474878 0.524947 -5.131300
v -20.519018 1.005957 -5.102296
v -20.467520 0.985798 -5.170623
v -20.397385 1.195368 -5.170623
v -20.440144 1.225286 -5.102296
v -20.289721 1.150255 -5.131300
v -20.357969 1.144200 -5.151312
v -20.400330 0.969030 -5.151312
v -20.330704 1.004218 -5.131300
v -20.281303 1.534863 -5.102296
v -20.038626 1.781386 -5.102296
v -20.040119 1.569247 -5.151312
v -20.219501 1.386986 -5.151312
v -20.191320 1.337451 -5.131300
v -20.002842 1.510760 -5.131300
v -19.779968 1.870539 -5.102296
v -19.492695 1.781386 -5.102296
v -19.491018 1.569247 -5.151311
v -19.779968 1.657420 -5.183699
v -19.779968 1.573430 -5.131300
v -19.532814 1.510760 -5.131300
v -19.213987 1.534863 -5.102296
v -19.036274 1.194760 -5.102296
v -19.124210 1.113674 -5.151311
v -19.281816 1.386986 -5.151311
v -19.331743 1.361870 -5.131300
v -19.197248 1.119729 -5.131300
v -20.507580 -2.588759 -5.151312
v -20.474878 -2.563610 -5.131300
v -18.904203 -2.683960 -5.102296
v -18.980139 -2.683960 -5.102296
v -18.904203 -2.683960 -5.102296
v -20.474878 -2.563610 -5.131300
v -20.507580 -2.588759 -5.151312
v -19.005619 -2.588759 -5.151311
v -19.057251 -2.563610 -5.131300
v -20.523718 -2.683960 -5.095364
v -20.489853 0.789197 -5.151312
v -20.440874 0.789429 -5.131300
v -20.308720 0.789975 -5.144512
v -20.440874 0.789429 -5.131300
v -19.024279 0.681366 -5.151311
v -19.074587 0.701267 -5.131300
v -19.131935 0.673450 -5.144512
v -19.074587 0.701267 -5.131300
v -18.953865 0.681366 -5.170623
v -18.899111 0.681366 -5.102296
v -19.024279 0.681366 -5.151311
v -20.357969 1.144200 -5.151312
v -20.289721 1.150255 -5.131300
v -20.357969 1.144200 -5.151312
v -20.519018 1.005957 -5.102296
v -20.519018 1.005957 -4.912750
v -20.556232 0.857027 -4.912750
v -20.556232 0.803165 -5.000613
v -20.556232 0.795182 -5.097785
v -20.489853 0.789197 -5.151312
v -20.400330 0.969030 -5.151312
v -20.467520 0.985798 -5.170623
v -20.556232 0.789197 -5.170623
v -20.330704 1.004218 -5.131300
v -20.400330 0.969030 -5.151312
v -20.489853 0.789197 -5.151312
v -20.440874 0.789429 -5.131300
v -19.112097 0.529786 -5.144512
v -19.171543 0.554276 -5.102539
v -19.171543 -2.486788 -5.102539
v -19.112097 -2.527295 -5.144512
v -19.357361 0.862997 -5.165677
v -19.411282 0.840133 -5.118548
v -19.281559 0.777824 -5.102539
v -19.205959 0.789975 -5.144512
v -20.440142 0.529786 -5.144512
v -20.337784 0.554276 -5.102540
v -20.322634 0.692640 -5.102540
v -20.427580 0.673450 -5.144512
v -20.180868 0.862997 -5.165678
v -20.135338 0.840133 -5.118548
v -20.200975 1.033284 -5.118548
v -20.241735 1.072663 -5.165678
v -20.174706 1.280663 -5.165678
v -20.139666 1.214875 -5.118548
v -19.999155 1.387801 -5.118548
v -20.003456 1.448809 -5.165678
v -19.779968 1.529272 -5.165678
v -19.779968 1.477127 -5.118548
v -19.536945 1.387801 -5.118548
v -19.532122 1.448809 -5.165677
v -19.366961 1.280663 -5.165677
v -19.408665 1.214875 -5.118548
v -19.344114 1.002758 -5.118548
v -19.294661 1.042137 -5.165677
v -20.440142 -2.527295 -5.144512
v -20.402494 -2.486788 -5.102540
v -20.244879 0.777824 -5.102539
v -20.308720 0.789975 -5.144512
v -19.131935 0.673450 -5.144512
v -19.189484 0.692640 -5.102539
v -19.171543 0.554276 -5.102539
v -19.216913 0.544325 -5.051939
v -19.216885 -2.470046 -5.052576
v -19.171543 -2.486788 -5.102539
v -19.411282 0.840133 -5.118548
v -19.446859 0.818316 -5.062449
v -19.358833 0.767372 -5.052576
v -19.281559 0.777824 -5.102539
v -20.337784 0.554276 -5.102540
v -20.299496 0.548434 -5.052577
v -20.285568 0.671777 -5.052577
v -20.322634 0.692640 -5.102540
v -20.135338 0.840133 -5.118548
v -20.105295 0.818316 -5.062449
v -20.175402 1.008788 -5.062449
v -20.200975 1.033284 -5.118548
v -20.139666 1.214875 -5.118548
v -20.109526 1.167108 -5.062449
v -19.979782 1.321261 -5.062449
v -19.999155 1.387801 -5.118548
v -19.779968 1.477127 -5.118548
v -19.779968 1.431569 -5.074460
v -19.558662 1.321261 -5.062449
v -19.536945 1.387801 -5.118548
v -19.408665 1.214875 -5.118548
v -19.444530 1.167108 -5.062449
v -19.375145 0.978262 -5.062449
v -19.344114 1.002758 -5.118548
v -20.402494 -2.486788 -5.102540
v -20.299496 -2.470046 -5.052577
v -19.171543 -2.486788 -5.102539
v -20.402494 -2.486788 -5.102540
v -20.202755 0.782180 -5.052577
v -20.244879 0.777824 -5.102539
v -19.189484 0.692640 -5.102539
v -19.233406 0.667664 -5.051939
v -19.344114 1.002758 -5.118548
v -19.375145 0.978262 -5.062449
v -19.446859 0.818316 -5.062449
v -19.411282 0.840133 -5.118548
v -20.200975 1.033284 -5.118548
v -20.175402 1.008788 -5.062449
v -20.105295 0.818316 -5.062449
v -20.135338 0.840133 -5.118548
v -19.247019 0.536365 -4.912750
v -19.246986 -2.441812 -4.912750
v -19.446859 0.818316 -5.062449
v -19.480467 0.800202 -4.912750
v -19.404205 0.766046 -4.912750
v -20.274076 0.540474 -4.912750
v -20.236082 0.659619 -4.912750
v -20.105295 0.818316 -5.062449
v -20.076914 0.800202 -4.912750
v -20.143476 0.983255 -4.912750
v -20.083275 1.134279 -4.912750
v -19.951527 1.283184 -4.912750
v -19.779968 1.365375 -4.912750
v -19.590343 1.283184 -4.912750
v -19.475775 1.134279 -4.912750
v -19.413883 0.952729 -4.912750
v -20.274076 -2.441812 -4.912750
v -20.141312 0.766046 -4.912750
v -19.291977 0.659619 -4.912750
v -20.556232 -2.633194 -5.170623
v -20.556232 -2.658985 -5.097008
v -18.980135 -2.683960 -4.912750
v -18.980139 -2.683960 -5.102296
v -20.523718 -2.683960 -5.095364
v -20.520639 -2.685298 -4.912750
v -18.904202 -2.683960 -4.912750
v -18.904203 -2.683960 -5.102296
v -18.904202 -2.528080 -4.912750
v -18.904203 -2.528080 -5.102296
v -18.904203 -2.683960 -5.102296
v -18.904202 -2.683960 -4.912750
v -18.904202 0.508072 -4.912750
v -18.904203 0.508072 -5.102296
v -18.899111 0.681366 -5.102296
v -18.899115 0.681366 -4.912750
v -18.910397 0.810381 -5.102296
v -18.910397 0.810381 -4.912750
v -18.948753 1.005957 -5.102296
v -18.948750 1.005957 -4.912750
v -19.036274 1.194760 -5.102296
v -19.036270 1.194760 -4.912750
v -19.213987 1.534863 -5.102296
v -19.213987 1.534863 -4.912750
v -19.492695 1.781386 -5.102296
v -19.492695 1.781386 -4.912750
v -19.779968 1.870539 -5.102296
v -19.779968 1.870539 -4.912750
v -20.038626 1.781386 -5.102296
v -19.779968 1.870539 -5.102296
v -19.779968 1.870539 -4.912750
v -20.038626 1.781386 -4.912750
v -20.281303 1.534863 -5.102296
v -20.281303 1.534863 -4.912750
v -20.440144 1.225286 -5.102296
v -20.440144 1.225286 -4.912750
v -20.556232 0.789197 -5.170623
v -20.467520 0.985798 -5.170623
v -20.507580 0.508076 -5.151312
v -20.495762 0.681366 -5.151312
v -20.556232 0.665128 -5.170623
v -20.556232 0.511120 -5.170623
v -20.489853 0.789197 -5.151312
v -20.556232 0.789197 -5.170623
v -20.620058 -2.633194 -4.654878
v -20.604885 -2.588759 -4.674190
v -20.556232 -2.509052 -4.659405
v -20.556774 -2.633194 -4.654878
v -22.153843 -2.484643 -4.654878
v -22.153843 0.508072 -4.654878
v -22.106846 0.508076 -4.674191
v -22.106846 -2.588759 -4.674191
v -22.045023 0.969030 -4.674191
v -22.078856 0.789197 -4.674191
v -22.148056 0.789197 -4.654878
v -22.112215 0.985798 -4.654878
v -20.712135 0.969030 -4.674190
v -20.754496 1.144200 -4.674190
v -20.715080 1.195368 -4.654878
v -20.644945 0.985798 -4.654878
v -20.892963 1.386986 -4.674190
v -21.072346 1.569247 -4.674190
v -21.087950 1.702655 -4.654878
v -20.862230 1.460727 -4.654878
v -21.332497 1.657420 -4.641803
v -21.621447 1.569247 -4.674191
v -21.603949 1.702655 -4.654878
v -21.332497 1.769504 -4.654878
v -21.830648 1.386986 -4.674191
v -21.988255 1.113674 -4.674191
v -22.030437 1.164842 -4.654878
v -21.864376 1.460727 -4.654878
v -22.153843 -2.633194 -4.654878
v -22.082891 -2.633194 -4.654878
v -20.620058 -2.633194 -4.654878
v -22.082891 -2.633194 -4.654878
v -22.106846 -2.588759 -4.674191
v -20.604885 -2.588759 -4.674190
v -22.055214 0.524947 -4.694201
v -22.000368 0.529786 -4.680989
v -22.000368 -2.527295 -4.680989
v -22.055214 -2.563610 -4.694201
v -21.959076 0.973692 -4.694201
v -21.755104 0.862997 -4.659825
v -21.906504 0.789975 -4.680989
v -22.001522 0.789429 -4.694201
v -20.637585 0.524947 -4.694201
v -20.672323 0.529786 -4.680989
v -20.684885 0.673450 -4.680989
v -20.648565 0.701267 -4.694201
v -20.781761 1.004218 -4.694201
v -20.931597 0.862997 -4.659824
v -20.870729 1.072663 -4.659824
v -20.822744 1.150255 -4.694201
v -20.921144 1.337451 -4.694201
v -20.937759 1.280663 -4.659824
v -21.109009 1.448809 -4.659824
v -21.109623 1.510760 -4.694201
v -21.332497 1.573430 -4.694201
v -21.332497 1.529272 -4.659824
v -21.580343 1.448809 -4.659825
v -21.579651 1.510760 -4.694201
v -21.780722 1.361870 -4.694201
v -21.745504 1.280663 -4.659825
v -21.817804 1.042137 -4.659825
v -21.915216 1.119729 -4.694201
v -20.637585 -2.563610 -4.694201
v -20.672323 -2.527295 -4.680989
v -22.055214 -2.563610 -4.694201
v -22.000368 -2.527295 -4.680989
v -20.672323 -2.527295 -4.680989
v -20.637585 -2.563610 -4.694201
v -22.055214 -2.563610 -4.694201
v -22.106846 -2.588759 -4.674191
v -22.106846 0.508076 -4.674191
v -22.055214 0.524947 -4.694201
v -22.208261 0.508072 -4.723205
v -22.208261 -2.528080 -4.723205
v -22.163712 1.005957 -4.723205
v -22.202068 0.810381 -4.723205
v -22.001522 0.789429 -4.694201
v -22.078856 0.789197 -4.674191
v -22.045023 0.969030 -4.674191
v -21.959076 0.973692 -4.694201
v -20.648565 0.701267 -4.694201
v -20.616703 0.681366 -4.674190
v -20.604885 0.508076 -4.674190
v -20.637585 0.524947 -4.694201
v -20.593447 1.005957 -4.723205
v -20.644945 0.985798 -4.654878
v -20.715080 1.195368 -4.654878
v -20.672321 1.225286 -4.723205
v -20.822744 1.150255 -4.694201
v -20.754496 1.144200 -4.674190
v -20.712135 0.969030 -4.674190
v -20.781761 1.004218 -4.694201
v -20.831161 1.534863 -4.723205
v -21.073837 1.781386 -4.723205
v -21.072346 1.569247 -4.674190
v -20.892963 1.386986 -4.674190
v -20.921144 1.337451 -4.694201
v -21.109623 1.510760 -4.694201
v -21.332497 1.870539 -4.723205
v -21.619770 1.781386 -4.723205
v -21.621447 1.569247 -4.674191
v -21.332497 1.657420 -4.641803
v -21.332497 1.573430 -4.694201
v -21.579651 1.510760 -4.694201
v -21.898478 1.534863 -4.723205
v -22.076191 1.194760 -4.723205
v -21.988255 1.113674 -4.674191
v -21.830648 1.386986 -4.674191
v -21.780722 1.361870 -4.694201
v -21.915216 1.119729 -4.694201
v -20.604885 -2.588759 -4.674190
v -20.637585 -2.563610 -4.694201
v -22.208261 -2.683960 -4.723205
v -22.132326 -2.683960 -4.723205
v -22.208261 -2.683960 -4.723205
v -20.637585 -2.563610 -4.694201
v -20.604885 -2.588759 -4.674190
v -22.106846 -2.588759 -4.674191
v -22.055214 -2.563610 -4.694201
v -22.132326 -2.683960 -4.723205
v -22.082891 -2.633194 -4.654878
v -20.620058 -2.633194 -4.654878
v -20.588747 -2.683960 -4.730137
v -20.622612 0.789197 -4.674190
v -20.671591 0.789429 -4.694201
v -20.803745 0.789975 -4.680989
v -20.671591 0.789429 -4.694201
v -22.088186 0.681366 -4.674191
v -22.037878 0.701267 -4.694201
v -21.980530 0.673450 -4.680989
v -22.037878 0.701267 -4.694201
v -22.158600 0.681366 -4.654878
v -22.213354 0.681366 -4.723205
v -22.088186 0.681366 -4.674191
v -20.754496 1.144200 -4.674190
v -20.822744 1.150255 -4.694201
v -20.754496 1.144200 -4.674190
v -20.593447 1.005957 -4.723205
v -20.593447 1.005957 -4.912750
v -20.556232 0.857027 -4.912750
v -20.556232 0.803165 -4.824889
v -20.556232 0.795182 -4.727714
v -20.622612 0.789197 -4.674190
v -20.712135 0.969030 -4.674190
v -20.644945 0.985798 -4.654878
v -20.556232 0.789197 -4.654878
v -20.781761 1.004218 -4.694201
v -20.712135 0.969030 -4.674190
v -20.622612 0.789197 -4.674190
v -20.671591 0.789429 -4.694201
v -22.000368 0.529786 -4.680989
v -21.940922 0.554276 -4.722962
v -21.940922 -2.486788 -4.722962
v -22.000368 -2.527295 -4.680989
v -21.755104 0.862997 -4.659825
v -21.701183 0.840133 -4.706951
v -21.830906 0.777824 -4.722962
v -21.906504 0.789975 -4.680989
v -20.672323 0.529786 -4.680989
v -20.774681 0.554276 -4.722961
v -20.789829 0.692640 -4.722961
v -20.684885 0.673450 -4.680989
v -20.931597 0.862997 -4.659824
v -20.977127 0.840133 -4.706951
v -20.911489 1.033284 -4.706951
v -20.870729 1.072663 -4.659824
v -20.937759 1.280663 -4.659824
v -20.972799 1.214875 -4.706951
v -21.113308 1.387801 -4.706951
v -21.109009 1.448809 -4.659824
v -21.332497 1.529272 -4.659824
v -21.332497 1.477127 -4.706951
v -21.575520 1.387801 -4.706951
v -21.580343 1.448809 -4.659825
v -21.745504 1.280663 -4.659825
v -21.703800 1.214875 -4.706951
v -21.768351 1.002758 -4.706951
v -21.817804 1.042137 -4.659825
v -20.672323 -2.527295 -4.680989
v -20.709970 -2.486788 -4.722961
v -20.867586 0.777824 -4.722961
v -20.803745 0.789975 -4.680989
v -21.980530 0.673450 -4.680989
v -21.922981 0.692640 -4.722962
v -21.940922 0.554276 -4.722962
v -21.895552 0.544325 -4.773561
v -21.895580 -2.470046 -4.772926
v -21.940922 -2.486788 -4.722962
v -21.701183 0.840133 -4.706951
v -21.665606 0.818316 -4.763051
v -21.753632 0.767372 -4.772926
v -21.830906 0.777824 -4.722962
v -20.774681 0.554276 -4.722961
v -20.812969 0.548434 -4.772926
v -20.826897 0.671777 -4.772926
v -20.789829 0.692640 -4.722961
v -20.977127 0.840133 -4.706951
v -21.007170 0.818316 -4.763051
v -20.937063 1.008788 -4.763051
v -20.911489 1.033284 -4.706951
v -20.972799 1.214875 -4.706951
v -21.002939 1.167108 -4.763051
v -21.132683 1.321261 -4.763051
v -21.113308 1.387801 -4.706951
v -21.332497 1.477127 -4.706951
v -21.332497 1.431569 -4.751041
v -21.553801 1.321261 -4.763051
v -21.575520 1.387801 -4.706951
v -21.703800 1.214875 -4.706951
v -21.667934 1.167108 -4.763051
v -21.737320 0.978262 -4.763051
v -21.768351 1.002758 -4.706951
v -20.709970 -2.486788 -4.722961
v -20.812969 -2.470046 -4.772926
v -21.940922 -2.486788 -4.722962
v -20.709970 -2.486788 -4.722961
v -20.909710 0.782180 -4.772926
v -20.867586 0.777824 -4.722961
v -21.922981 0.692640 -4.722962
v -21.879059 0.667664 -4.773561
v -21.768351 1.002758 -4.706951
v -21.737320 0.978262 -4.763051
v -21.665606 0.818316 -4.763051
v -21.701183 0.840133 -4.706951
v -20.911489 1.033284 -4.706951
v -20.937063 1.008788 -4.763051
v -21.007170 0.818316 -4.763051
v -20.977127 0.840133 -4.706951
v -21.865446 0.536365 -4.912751
v -21.865479 -2.441812 -4.912751
v -21.665606 0.818316 -4.763051
v -21.631998 0.800202 -4.912751
v -21.708260 0.766046 -4.912751
v -20.838388 0.540474 -4.912750
v -20.876383 0.659619 -4.912750
v -21.007170 0.818316 -4.763051
v -21.035551 0.800202 -4.912750
v -20.968988 0.983255 -4.912750
v -21.029190 1.134279 -4.912750
v -21.160938 1.283184 -4.912750
v -21.332497 1.365375 -4.912750
v -21.522121 1.283184 -4.912751
v -21.636690 1.134279 -4.912751
v -21.698582 0.952729 -4.912751
v -20.838388 -2.441812 -4.912750
v -20.971151 0.766046 -4.912750
v -21.820488 0.659619 -4.912751
v -22.132330 -2.683960 -4.912751
v -22.132326 -2.683960 -4.723205
v -20.588747 -2.683960 -4.730137
v -20.576935 -2.685298 -4.912750
v -22.208263 -2.683960 -4.912751
v -22.208261 -2.683960 -4.723205
v -22.132326 -2.683960 -4.723205
v -22.132330 -2.683960 -4.912751
v -22.208263 -2.528080 -4.912751
v -22.208261 -2.528080 -4.723205
v -22.208261 -2.683960 -4.723205
v -22.208263 -2.683960 -4.912751
v -22.208263 0.508072 -4.912751
v -22.208261 0.508072 -4.723205
v -22.213354 0.681366 -4.723205
v -22.213350 0.681366 -4.912751
v -22.202068 0.810381 -4.723205
v -22.202068 0.810381 -4.912751
v -22.163712 1.005957 -4.723205
v -22.163715 1.005957 -4.912751
v -22.076191 1.194760 -4.723205
v -22.076195 1.194760 -4.912751
v -21.898478 1.534863 -4.723205
v -21.898478 1.534863 -4.912751
v -21.619770 1.781386 -4.723205
v -21.619770 1.781386 -4.912751
v -21.332497 1.870539 -4.723205
v -21.332497 1.870539 -4.912750
v -21.073837 1.781386 -4.723205
v -21.332497 1.870539 -4.723205
v -21.332497 1.870539 -4.912750
v -21.073837 1.781386 -4.912750
v -20.831161 1.534863 -4.723205
v -20.831161 1.534863 -4.912750
v -20.672321 1.225286 -4.723205
v -20.672321 1.225286 -4.912750
v -20.556232 0.789197 -4.654878
v -20.644945 0.985798 -4.654878
v -20.604885 0.508076 -4.674190
v -20.616703 0.681366 -4.674190
v -20.556232 0.665128 -4.654878
v -20.556232 0.511120 -4.654878
v -20.604885 -2.588759 -4.674190
v -20.556232 -2.509052 -4.659405
v -20.622612 0.789197 -4.674190
v -20.556232 0.789197 -4.654878
v -20.620058 -2.633194 -5.170623
v -20.556232 -2.633194 -5.170623
v -20.556232 -2.509052 -5.166094
v -20.604885 -2.588759 -5.151312
v -22.153843 -2.484643 -5.170624
v -22.106846 -2.588759 -5.151312
v -22.106846 0.508076 -5.151312
v -22.153843 0.508072 -5.170624
v -22.045023 0.969030 -5.151312
v -22.112215 0.985798 -5.170624
v -22.148056 0.789197 -5.170624
v -22.078856 0.789197 -5.151312
v -20.712135 0.969030 -5.151312
v -20.644945 0.985798 -5.170623
v -20.715078 1.195368 -5.170623
v -20.754496 1.144200 -5.151312
v -20.892963 1.386986 -5.151312
v -20.862230 1.460727 -5.170623
v -21.087950 1.702655 -5.170624
v -21.072346 1.569247 -5.151312
v -21.332497 1.657420 -5.183700
v -21.332497 1.769504 -5.170624
v -21.603949 1.702655 -5.170624
v -21.621447 1.569247 -5.151312
v -21.830648 1.386986 -5.151312
v -21.864376 1.460727 -5.170624
v -22.030437 1.164842 -5.170624
v -21.988255 1.113674 -5.151312
v -22.153843 -2.633194 -5.170624
v -22.082891 -2.633194 -5.170624
v -22.055214 0.524947 -5.131301
v -22.055214 -2.563610 -5.131301
v -22.000368 -2.527295 -5.144513
v -22.000368 0.529786 -5.144513
v -21.959076 0.973692 -5.131300
v -22.001522 0.789429 -5.131300
v -21.906504 0.789975 -5.144513
v -21.755104 0.862997 -5.165678
v -20.637585 0.524947 -5.131300
v -20.648565 0.701267 -5.131300
v -20.684885 0.673450 -5.144512
v -20.672323 0.529786 -5.144512
v -20.781761 1.004218 -5.131300
v -20.822744 1.150255 -5.131300
v -20.870729 1.072663 -5.165678
v -20.931597 0.862997 -5.165678
v -20.921144 1.337451 -5.131300
v -21.109623 1.510760 -5.131300
v -21.109007 1.448809 -5.165678
v -20.937759 1.280663 -5.165678
v -21.332497 1.573430 -5.131300
v -21.579651 1.510760 -5.131300
v -21.580343 1.448809 -5.165678
v -21.332497 1.529272 -5.165678
v -21.780722 1.361870 -5.131300
v -21.915216 1.119729 -5.131300
v -21.817804 1.042137 -5.165678
v -21.745504 1.280663 -5.165678
v -20.637585 -2.563610 -5.131300
v -20.672323 -2.527295 -5.144512
v -22.055214 -2.563610 -5.131301
v -20.637585 -2.563610 -5.131300
v -20.672323 -2.527295 -5.144512
v -22.000368 -2.527295 -5.144513
v -22.055214 -2.563610 -5.131301
v -22.055214 0.524947 -5.131301
v -22.106846 0.508076 -5.151312
v -22.106846 -2.588759 -5.151312
v -22.208260 0.508072 -5.102297
v -22.208260 -2.528080 -5.102297
v -22.163712 1.005957 -5.102297
v -22.202068 0.810381 -5.102297
v -22.001522 0.789429 -5.131300
v -21.959076 0.973692 -5.131300
v -22.045023 0.969030 -5.151312
v -22.078856 0.789197 -5.151312
v -20.648565 0.701267 -5.131300
v -20.637585 0.524947 -5.131300
v -20.604885 0.508076 -5.151312
v -20.616703 0.681366 -5.151312
v -20.593447 1.005957 -5.102296
v -20.672321 1.225286 -5.102296
v -20.715078 1.195368 -5.170623
v -20.644945 0.985798 -5.170623
v -20.822744 1.150255 -5.131300
v -20.781761 1.004218 -5.131300
v -20.712135 0.969030 -5.151312
v -20.754496 1.144200 -5.151312
v -20.831161 1.534863 -5.102296
v -21.073837 1.781386 -5.102296
v -21.072346 1.569247 -5.151312
v -21.109623 1.510760 -5.131300
v -20.921144 1.337451 -5.131300
v -20.892963 1.386986 -5.151312
v -21.332497 1.870539 -5.102296
v -21.619770 1.781386 -5.102296
v -21.621447 1.569247 -5.151312
v -21.579651 1.510760 -5.131300
v -21.332497 1.573430 -5.131300
v -21.332497 1.657420 -5.183700
v -21.898478 1.534863 -5.102297
v -22.076191 1.194760 -5.102297
v -21.988255 1.113674 -5.151312
v -21.915216 1.119729 -5.131300
v -21.780722 1.361870 -5.131300
v -21.830648 1.386986 -5.151312
v -20.637585 -2.563610 -5.131300
v -20.604885 -2.588759 -5.151312
v -22.208260 -2.683960 -5.102297
v -22.132326 -2.683960 -5.099949
v -22.208260 -2.683960 -5.102297
v -20.637585 -2.563610 -5.131300
v -22.055214 -2.563610 -5.131301
v -22.106846 -2.588759 -5.151312
v -20.604885 -2.588759 -5.151312
v -22.132326 -2.683960 -5.099949
v -20.588745 -2.683960 -5.095364
v -20.620058 -2.633194 -5.170623
v -22.082891 -2.633194 -5.170624
v -20.622612 0.789197 -5.151312
v -20.671591 0.789429 -5.131300
v -20.671591 0.789429 -5.131300
v -20.803745 0.789975 -5.144512
v -22.037878 0.701267 -5.131301
v -22.088186 0.681366 -5.151312
v -21.980530 0.673450 -5.144513
v -22.037878 0.701267 -5.131301
v -22.158600 0.681366 -5.170624
v -22.213354 0.681366 -5.102297
v -22.088186 0.681366 -5.151312
v -20.822744 1.150255 -5.131300
v -20.754496 1.144200 -5.151312
v -20.754496 1.144200 -5.151312
v -20.593447 1.005957 -5.102296
v -20.556232 0.795182 -5.097785
v -20.556232 0.803165 -5.000613
v -20.556232 0.857027 -4.912750
v -20.593447 1.005957 -4.912750
v -20.622612 0.789197 -5.151312
v -20.556232 0.789197 -5.170623
v -20.644945 0.985798 -5.170623
v -20.712135 0.969030 -5.151312
v -20.781761 1.004218 -5.131300
v -20.671591 0.789429 -5.131300
v -20.622612 0.789197 -5.151312
v -20.712135 0.969030 -5.151312
v -22.000368 0.529786 -5.144513
v -22.000368 -2.527295 -5.144513
v -21.940922 -2.486788 -5.102540
v -21.940922 0.554276 -5.102540
v -21.755104 0.862997 -5.165678
v -21.906504 0.789975 -5.144513
v -21.830906 0.777824 -5.102540
v -21.701183 0.840133 -5.118549
v -20.672323 0.529786 -5.144512
v -20.684885 0.673450 -5.144512
v -20.789829 0.692640 -5.102540
v -20.774681 0.554276 -5.102540
v -20.931597 0.862997 -5.165678
v -20.870729 1.072663 -5.165678
v -20.911489 1.033284 -5.118549
v -20.977125 0.840133 -5.118549
v -20.937759 1.280663 -5.165678
v -21.109007 1.448809 -5.165678
v -21.113308 1.387801 -5.118549
v -20.972799 1.214875 -5.118549
v -21.332497 1.529272 -5.165678
v -21.580343 1.448809 -5.165678
v -21.575520 1.387801 -5.118549
v -21.332497 1.477127 -5.118549
v -21.745504 1.280663 -5.165678
v -21.817804 1.042137 -5.165678
v -21.768351 1.002758 -5.118549
v -21.703800 1.214875 -5.118549
v -20.672323 -2.527295 -5.144512
v -20.709970 -2.486788 -5.102540
v -20.803745 0.789975 -5.144512
v -20.867586 0.777824 -5.102540
v -21.980530 0.673450 -5.144513
v -21.922981 0.692640 -5.102540
v -21.940922 0.554276 -5.102540
v -21.940922 -2.486788 -5.102540
v -21.895580 -2.470046 -5.052577
v -21.895552 0.544325 -5.051939
v -21.701183 0.840133 -5.118549
v -21.830906 0.777824 -5.102540
v -21.753632 0.767372 -5.052577
v -21.665606 0.818316 -5.062450
v -20.774681 0.554276 -5.102540
v -20.789829 0.692640 -5.102540
v -20.826897 0.671777 -5.052577
v -20.812969 0.548434 -5.052577
v -20.977125 0.840133 -5.118549
v -20.911489 1.033284 -5.118549
v -20.937061 1.008788 -5.062450
v -21.007170 0.818316 -5.062450
v -20.972799 1.214875 -5.118549
v -21.113308 1.387801 -5.118549
v -21.132683 1.321261 -5.062450
v -21.002939 1.167108 -5.062450
v -21.332497 1.477127 -5.118549
v -21.575520 1.387801 -5.118549
v -21.553801 1.321261 -5.062450
v -21.332497 1.431569 -5.074461
v -21.703800 1.214875 -5.118549
v -21.768351 1.002758 -5.118549
v -21.737320 0.978262 -5.062450
v -21.667934 1.167108 -5.062450
v -20.709970 -2.486788 -5.102540
v -20.812969 -2.470046 -5.052577
v -21.940922 -2.486788 -5.102540
v -20.709970 -2.486788 -5.102540
v -20.867586 0.777824 -5.102540
v -20.909710 0.782180 -5.052577
v -21.922981 0.692640 -5.102540
v -21.879059 0.667664 -5.051939
v -21.768351 1.002758 -5.118549
v -21.701183 0.840133 -5.118549
v -21.665606 0.818316 -5.062450
v -21.737320 0.978262 -5.062450
v -20.911489 1.033284 -5.118549
v -20.937061 1.008788 -5.062450
v -20.977125 0.840133 -5.118549
v -21.007170 0.818316 -5.062450
v -21.865479 -2.441812 -4.912751
v -21.865446 0.536365 -4.912751
v -21.665606 0.818316 -5.062450
v -21.708260 0.766046 -4.912751
v -21.631998 0.800202 -4.912751
v -20.876383 0.659619 -4.912750
v -20.838388 0.540474 -4.912750
v -21.007170 0.818316 -5.062450
v -20.968988 0.983255 -4.912750
v -21.035551 0.800202 -4.912750
v -21.160938 1.283184 -4.912750
v -21.029190 1.134279 -4.912750
v -21.522121 1.283184 -4.912751
v -21.332497 1.365375 -4.912750
v -21.698582 0.952729 -4.912751
v -21.636690 1.134279 -4.912751
v -20.838388 -2.441812 -4.912750
v -20.971151 0.766046 -4.912750
v -21.820488 0.659619 -4.912751
v -20.588745 -2.683960 -5.095364
v -20.556232 -2.658985 -5.097008
v -20.556232 -2.633194 -5.170623
v -20.620058 -2.633194 -5.170623
v -22.132330 -2.683960 -4.912751
v -20.576935 -2.685298 -4.912750
v -20.588745 -2.683960 -5.095364
v -22.132326 -2.683960 -5.099949
v -22.208263 -2.683960 -4.912751
v -22.132330 -2.683960 -4.912751
v -22.132326 -2.683960 -5.099949
v -22.208260 -2.683960 -5.102297
v -22.208263 -2.528080 -4.912751
v -22.208263 -2.683960 -4.912751
v -22.208260 -2.683960 -5.102297
v -22.208260 -2.528080 -5.102297
v -22.208263 0.508072 -4.912751
v -22.208260 0.508072 -5.102297
v -22.213354 0.681366 -5.102297
v -22.213350 0.681366 -4.912751
v -22.202068 0.810381 -5.102297
v -22.202068 0.810381 -4.912751
v -22.163712 1.005957 -5.102297
v -22.163715 1.005957 -4.912751
v -22.076191 1.194760 -5.102297
v -22.076195 1.194760 -4.912751
v -21.898478 1.534863 -5.102297
v -21.898478 1.534863 -4.912751
v -21.619770 1.781386 -5.102296
v -21.619770 1.781386 -4.912751
v -21.332497 1.870539 -5.102296
v -21.332497 1.870539 -4.912750
v -21.073837 1.781386 -5.102296
v -21.073837 1.781386 -4.912750
v -21.332497 1.870539 -4.912750
v -21.332497 1.870539 -5.102296
v -20.831161 1.534863 -5.102296
v -20.831161 1.534863 -4.912750
v -20.672321 1.225286 -5.102296
v -20.672321 1.225286 -4.912750
v -20.644945 0.985798 -5.170623
v -20.556232 0.789197 -5.170623
v -20.604885 0.508076 -5.151312
v -20.556232 0.511120 -5.170623
v -20.556232 0.665128 -5.170623
v -20.616703 0.681366 -5.151312
v -20.604885 -2.588759 -5.151312
v -20.556232 -2.509052 -5.166094
v -20.556232 0.789197 -5.170623
v -20.622612 0.789197 -5.151312
v -20.556774 -2.633194 -4.654878
v -20.559135 -2.683960 -4.730137
v -20.588747 -2.683960 -4.730137
v -20.620058 -2.633194 -4.654878
v -20.576935 -2.685298 -4.912750
v -20.588747 -2.683960 -4.730137
v -20.559135 -2.683960 -4.730137
v -20.550716 -2.685298 -4.912750
v -20.492407 -2.633194 -4.654878
v -20.523718 -2.683960 -4.730137
v -20.559135 -2.683960 -4.730137
v -20.550716 -2.685298 -4.912750
v -20.559135 -2.683960 -4.730137
v -20.523718 -2.683960 -4.730137
v -20.520639 -2.685298 -4.912750
v -20.556232 -2.658985 -5.097008
v -20.588745 -2.683960 -5.095364
v -20.576935 -2.685298 -4.912750
v -20.550716 -2.685298 -4.912750
v -20.523718 -2.683960 -5.095364
v -20.556232 -2.658985 -5.097008
v -20.550716 -2.685298 -4.912750
v -20.520639 -2.685298 -4.912750
v -20.507580 -2.588759 -5.151312
v -20.507580 0.508076 -5.151312
v -20.556232 0.511120 -5.170623
v -20.556232 -2.509052 -5.166094
v -22.610952 -2.805601 -5.221829
v -22.610952 -2.805601 -4.603673
v -22.610952 -3.011817 -4.603673
v -22.610952 -3.011817 -5.221829
v -22.610952 -3.011817 -5.221829
v -22.343805 -3.011817 -4.603673
v -22.343805 -3.011817 -5.221828
v -22.365240 -2.784222 -4.641329
v -22.610952 -3.011817 -5.221829
v -22.343805 -3.011817 -5.221828
v -22.350388 -2.792635 -5.221828
v -22.610952 -2.805601 -5.221829
v -18.501513 -2.805601 -5.221828
v -18.501513 -2.805601 -4.603672
v -18.501513 1.192961 -4.603672
v -18.501513 1.192961 -5.221828
v -18.904079 0.834048 -5.098032
v -18.904079 0.834048 -4.727467
v -18.904079 -2.678185 -4.759634
v -18.904079 -2.678185 -5.065866
v -18.768660 -3.011817 -5.221828
v -18.768660 -3.011817 -4.603672
v -18.501513 -3.011817 -4.603672
v -18.501513 -3.011817 -5.221828
v -18.776974 -2.800669 -4.635729
v -18.758532 1.063018 -4.592515
v -18.762077 -2.792635 -5.221828
v -18.501513 -2.805601 -5.221828
v -18.501513 1.192961 -5.221828
v -18.762077 1.071292 -5.221828
v -18.935677 1.982840 -4.582520
v -18.732616 2.170453 -4.603672
v -18.732616 2.170453 -5.221828
v -18.732616 2.170453 -5.221828
v -18.943607 1.990333 -5.221828
v -19.202761 1.951813 -5.012726
v -19.202761 1.951813 -4.812772
v -19.050400 1.180479 -4.746787
v -19.050400 1.180479 -5.078713
v -22.346802 1.079470 -4.598115
v -22.610952 1.192961 -4.603673
v -22.379848 2.170453 -4.603673
v -22.160885 1.997626 -4.587554
v -22.610952 1.192961 -5.221829
v -22.379848 2.170453 -5.221828
v -22.610952 1.192961 -5.221829
v -22.350388 1.071292 -5.221828
v -22.168856 1.990333 -5.221828
v -22.379848 2.170453 -5.221828
v -22.062065 1.180479 -5.078714
v -22.062065 1.180479 -4.746788
v -21.909704 1.951813 -4.812773
v -21.909704 1.951813 -5.012727
v -21.812143 3.019468 -4.603673
v -21.742290 2.715360 -4.578857
v -21.812143 3.019468 -5.221828
v -21.753689 2.710016 -5.221828
v -21.812143 3.019468 -5.221828
v -21.561256 2.579701 -4.812773
v -21.561256 2.579701 -5.012727
v -21.200678 3.474798 -4.603673
v -21.156965 3.200391 -4.572492
v -21.200678 3.474798 -5.221828
v -21.170687 3.197748 -5.221828
v -21.200678 3.474798 -5.221828
v -21.071939 3.013991 -4.812773
v -21.071939 3.013991 -5.012727
v -20.541359 3.440549 -4.568816
v -20.556232 3.685392 -4.603673
v -19.911787 3.474798 -4.603673
v -19.928072 3.194756 -4.570574
v -20.556232 3.685392 -5.221828
v -19.911787 3.474798 -5.221828
v -20.556232 3.685392 -5.221828
v -20.556232 3.440741 -5.221828
v -19.941778 3.197748 -5.221828
v -19.911787 3.474798 -5.221828
v -20.556232 3.225216 -5.012726
v -20.556232 3.225216 -4.812773
v -20.040525 3.013991 -4.812773
v -20.040524 3.013991 -5.012726
v -19.347403 2.704381 -4.575119
v -19.300322 3.019468 -4.603672
v -19.300322 3.019468 -5.221828
v -19.300322 3.019468 -5.221828
v -19.358774 2.710016 -5.221828
v -19.551208 2.579701 -5.012726
v -19.551208 2.579701 -4.812773
v -22.208385 -2.678185 -5.065866
v -22.208385 -2.678185 -4.759635
v -22.208385 0.834048 -4.727468
v -22.208385 0.834048 -5.098032
v -18.768660 -3.011817 -5.221828
v -18.501513 -3.011817 -5.221828
v -18.501513 -3.011817 -5.221828
v -18.758532 1.063018 -4.592515
v -18.776974 -2.800669 -4.635729
v -18.904079 -2.678185 -4.759634
v -18.904079 0.834048 -4.727467
v -18.935677 1.982840 -4.582520
v -19.071245 1.929144 -4.759634
v -19.071245 1.929144 -5.065866
v -22.346802 1.079470 -4.598115
v -22.160885 1.997626 -4.587554
v -22.041220 1.929144 -4.759635
v -22.208385 0.834048 -4.727468
v -22.041220 1.929144 -5.065866
v -21.742290 2.715360 -4.578857
v -21.658916 2.618047 -4.759635
v -21.658916 2.618047 -5.065866
v -21.156965 3.200391 -4.572492
v -21.122055 3.094539 -4.759635
v -21.122055 3.094539 -5.065866
v -20.541359 3.440549 -4.568816
v -19.928072 3.194756 -4.570574
v -19.990410 3.094539 -4.759634
v -20.556232 3.326291 -4.759634
v -20.556232 3.326291 -5.065866
v -19.990410 3.094539 -5.065866
v -19.347403 2.704381 -4.575119
v -19.453548 2.618047 -4.759634
v -19.453548 2.618047 -5.065866
v -22.365240 -2.784222 -4.641329
v -22.208385 -2.678185 -4.759635
v -19.071245 1.929144 -4.759634
v -18.904079 0.834048 -4.727467
v -18.977242 0.950422 -4.718991
v -19.137003 1.940481 -4.727259
v -18.904079 0.834048 -4.727467
v -18.904079 0.834048 -5.098032
v -18.977242 0.950422 -5.106508
v -18.977242 0.950422 -4.718991
v -18.904079 0.834048 -5.098032
v -19.071245 1.929144 -5.065866
v -19.137003 1.940481 -5.098242
v -18.977242 0.950422 -5.106508
v -22.208385 0.834048 -5.098032
v -22.208385 0.834048 -4.727468
v -22.135223 0.950422 -4.718992
v -22.135223 0.950422 -5.106509
v -22.208385 0.834048 -4.727468
v -22.041220 1.929144 -4.759635
v -21.975462 1.940481 -4.727260
v -22.135223 0.950422 -4.718992
v -22.041220 1.929144 -5.065866
v -22.208385 0.834048 -5.098032
v -22.135223 0.950422 -5.106509
v -21.975462 1.940481 -5.098243
v -22.041220 1.929144 -4.759635
v -21.658916 2.618047 -4.759635
v -21.610085 2.598876 -4.727260
v -21.975462 1.940481 -4.727260
v -21.658916 2.618047 -5.065866
v -22.041220 1.929144 -5.065866
v -21.975462 1.940481 -5.098243
v -21.610085 2.598876 -5.098243
v -21.658916 2.618047 -4.759635
v -21.122055 3.094539 -4.759635
v -21.096996 3.054265 -4.727260
v -21.610085 2.598876 -4.727260
v -21.122055 3.094539 -5.065866
v -21.658916 2.618047 -5.065866
v -21.610085 2.598876 -5.098243
v -21.096996 3.054265 -5.098242
v -20.556232 3.326291 -4.759634
v -19.990410 3.094539 -4.759634
v -20.015467 3.054265 -4.727260
v -20.556232 3.275753 -4.727260
v -19.990410 3.094539 -5.065866
v -20.556232 3.326291 -5.065866
v -20.556232 3.275753 -5.098242
v -20.015467 3.054265 -5.098242
v -19.453548 2.618047 -4.759634
v -19.071245 1.929144 -4.759634
v -19.137003 1.940481 -4.727259
v -19.502380 2.598876 -4.727259
v -19.071245 1.929144 -5.065866
v -19.453548 2.618047 -5.065866
v -19.502380 2.598876 -5.098242
v -19.137003 1.940481 -5.098242
v -21.122055 3.094539 -4.759635
v -20.556232 3.326291 -4.759634
v -20.556232 3.275753 -4.727260
v -21.096996 3.054265 -4.727260
v -20.556232 3.326291 -5.065866
v -21.122055 3.094539 -5.065866
v -21.096996 3.054265 -5.098242
v -20.556232 3.275753 -5.098242
v -19.990410 3.094539 -4.759634
v -19.453548 2.618047 -4.759634
v -19.502380 2.598876 -4.727259
v -20.015467 3.054265 -4.727260
v -19.453548 2.618047 -5.065866
v -19.990410 3.094539 -5.065866
v -20.015467 3.054265 -5.098242
v -19.502380 2.598876 -5.098242
v -21.561256 2.579701 -4.812773
v -21.909704 1.951813 -4.812773
v -21.909704 1.951813 -4.812773
v -22.062065 1.180479 -4.746788
v -22.062065 1.180479 -4.746788
v -22.062065 1.180479 -5.078714
v -22.062065 1.180479 -5.078714
v -21.909704 1.951813 -5.012727
v -21.909704 1.951813 -5.012727
v -21.561256 2.579701 -5.012727
v -21.561256 2.579701 -5.012727
v -21.071939 3.013991 -5.012727
v -21.071939 3.013991 -5.012727
v -20.556232 3.225216 -5.012726
v -20.556232 3.225216 -5.012726
v -20.040524 3.013991 -5.012726
v -20.040524 3.013991 -5.012726
v -19.551208 2.579701 -5.012726
v -19.551208 2.579701 -5.012726
v -19.202761 1.951813 -5.012726
v -19.202761 1.951813 -5.012726
v -19.050400 1.180479 -5.078713
v -19.050400 1.180479 -5.078713
v -19.050400 1.180479 -4.746787
v -19.050400 1.180479 -4.746787
v -19.202761 1.951813 -4.812772
v -19.202761 1.951813 -4.812772
v -19.551208 2.579701 -4.812773
v -19.551208 2.579701 -4.812773
v -20.040525 3.013991 -4.812773
v -20.040525 3.013991 -4.812773
v -20.556232 3.225216 -4.812773
v -20.556232 3.225216 -4.812773
v -21.071939 3.013991 -4.812773
v -21.071939 3.013991 -4.812773
v -21.561256 2.579701 -4.812773
vn 1.0000 -0.0000 -0.0000
vn -0.0000 1.0000 -0.0000
vn -0.0000 0.9585 0.2850
vn -1.0000 -0.0000 -0.0000
vn -0.0000 -1.0000 -0.0000
vn -0.0000 -0.9956 -0.0938
vn -0.0000 -0.0000 1.0000
vn -0.0000 -0.0000 -1.0000
vn -0.0000 -0.9828 -0.1844
vn -0.0000 0.8607 0.5092
vn -0.2006 0.2110 0.9567
vn -0.3843 0.3915 0.8361
vn -0.2057 0.5131 0.8333
vn -0.1044 0.2771 0.9552
vn -0.2638 0.1142 0.9578
vn -0.5027 0.2112 0.8382
vn -0.2854 0.0010 0.9584
vn -0.5435 -0.0004 0.8394
vn -0.2624 -0.1120 0.9584
vn -0.5006 -0.2114 0.8394
vn -0.1983 -0.2078 0.9578
vn -0.3806 -0.3904 0.8383
vn -0.1025 -0.2724 0.9567
vn -0.2012 -0.5101 0.8362
vn 0.0111 -0.2956 0.9553
vn 0.0107 -0.5524 0.8335
vn 0.1254 -0.2736 0.9536
vn 0.2230 -0.5105 0.8305
vn 0.2229 -0.2092 0.9521
vn 0.4035 -0.3901 0.8277
vn 0.2884 -0.1120 0.9509
vn 0.5241 -0.2094 0.8255
vn 0.3114 0.0033 0.9503
vn 0.5662 0.0040 0.8243
vn 0.2880 0.1186 0.9503
vn 0.5229 0.2173 0.8243
vn 0.2219 0.2158 0.9509
vn 0.4009 0.3974 0.8254
vn 0.1237 0.2799 0.9520
vn 0.2194 0.5168 0.8275
vn 0.0087 0.3011 0.9536
vn 0.0063 0.5573 0.8303
vn 0.3511 -0.3384 0.8730
vn 0.1979 -0.4486 0.8715
vn 0.4562 -0.1822 0.8711
vn 0.4938 0.0037 0.8695
vn 0.4543 0.1888 0.8706
vn 0.3474 0.3443 0.8722
vn 0.1938 0.4525 0.8704
vn 0.0096 0.4956 0.8685
vn -0.1825 0.4525 0.8729
vn -0.3355 0.3427 0.8775
vn -0.4481 0.1911 0.8733
vn -0.4957 -0.0002 0.8685
vn -0.4471 -0.1913 0.8738
vn -0.3337 -0.3423 0.8783
vn -0.1794 -0.4516 0.8740
vn 0.0135 -0.4934 0.8697
vn 0.4846 -0.4695 0.7380
vn 0.2755 -0.6259 0.7296
vn 0.6351 -0.2562 0.7287
vn 0.6922 0.0045 0.7217
vn 0.6334 0.2649 0.7270
vn 0.4815 0.4776 0.7349
vn 0.2710 0.6327 0.7255
vn -0.0023 0.7009 0.7133
vn -0.2597 0.6290 0.7328
vn -0.4592 0.4670 0.7557
vn -0.6238 0.2690 0.7338
vn -0.7051 -0.0011 0.7091
vn -0.6212 -0.2702 0.7356
vn -0.4548 -0.4663 0.7587
vn -0.2542 -0.6264 0.7369
vn 0.0034 -0.6962 0.7179
vn 0.3384 -0.3246 0.8832
vn 0.1310 -0.1174 0.9844
vn 0.1481 -0.2096 0.9665
vn 0.3005 -0.3516 0.8866
vn 0.3648 -0.2860 0.8860
vn 0.2249 -0.1340 0.9651
vn 0.7092 0.0043 0.7050
vn 0.4943 0.0043 0.8693
vn 0.3623 0.2927 0.8849
vn 0.2233 0.1399 0.9647
vn 0.3355 0.3309 0.8820
vn 0.1299 0.1227 0.9839
vn 0.2972 0.3574 0.8854
vn 0.1461 0.2148 0.9657
vn 0.0112 0.6914 0.7224
vn -0.0074 0.4737 0.8806
vn -0.2825 0.3547 0.8913
vn -0.1287 0.2159 0.9679
vn -0.3222 0.3308 0.8870
vn -0.1113 0.1230 0.9861
vn -0.3461 0.2913 0.8918
vn -0.2027 0.1394 0.9693
vn -0.6721 -0.0012 0.7405
vn -0.4522 0.0006 0.8919
vn -0.3440 -0.2903 0.8930
vn -0.2021 -0.1369 0.9697
vn -0.3199 -0.3298 0.8882
vn -0.1105 -0.1196 0.9866
vn -0.2801 -0.3536 0.8925
vn -0.1272 -0.2129 0.9688
vn 0.0177 -0.6898 0.7237
vn -0.0037 -0.4715 0.8818
vn 0.5659 -0.2827 0.7745
vn 0.2960 -0.5514 0.7799
vn 0.2960 -0.5515 0.7799
vn 0.4811 -0.2213 0.8483
vn 0.4799 0.2292 0.8469
vn 0.2924 0.5588 0.7760
vn 0.2924 0.5588 0.7761
vn 0.5644 0.2910 0.7725
vn 0.5644 0.2911 0.7725
vn 0.2320 0.4734 0.8498
vn -0.2163 0.4689 0.8564
vn -0.5428 0.2829 0.7907
vn -0.5428 0.2829 0.7908
vn -0.2783 0.5528 0.7855
vn -0.2783 0.5528 0.7854
vn -0.4578 0.2227 0.8607
vn -0.4555 -0.2223 0.8620
vn -0.2731 -0.5499 0.7893
vn -0.2731 -0.5500 0.7893
vn -0.5398 -0.2833 0.7927
vn -0.5397 -0.2833 0.7927
vn -0.2120 -0.4656 0.8592
vn 0.2352 -0.4666 0.8527
vn 0.2351 -0.4665 0.8527
vn 0.4517 -0.4383 0.7771
vn 0.4487 -0.4651 0.7631
vn 0.4781 -0.4353 0.7628
vn 0.6195 0.0041 0.7850
vn 0.4745 0.4423 0.7610
vn 0.4480 0.4451 0.7754
vn 0.4448 0.4718 0.7613
vn 0.0052 0.6135 0.7896
vn -0.4333 0.4689 0.7697
vn -0.4360 0.4424 0.7837
vn -0.4628 0.4392 0.7700
vn -0.6043 -0.0008 0.7968
vn -0.4595 -0.4397 0.7717
vn -0.4327 -0.4426 0.7854
vn -0.4296 -0.4692 0.7715
vn 0.0101 -0.6103 0.7921
vn 0.2792 -0.2652 0.9229
vn 0.2610 -0.2278 0.9381
vn 0.2419 -0.2472 0.9383
vn 0.2948 0.0033 0.9555
vn 0.2398 0.2532 0.9372
vn 0.2770 0.2714 0.9217
vn 0.2591 0.2340 0.9371
vn 0.0089 0.2870 0.9579
vn -0.2415 0.2323 0.9422
vn -0.2599 0.2697 0.9272
vn -0.2222 0.2516 0.9420
vn -0.2750 0.0010 0.9615
vn -0.2203 -0.2493 0.9430
vn -0.2578 -0.2677 0.9284
vn -0.2397 -0.2301 0.9432
vn 0.0112 -0.2828 0.9591
vn -0.9027 -0.0040 0.4304
vn -0.9027 -0.0040 0.4303
vn -0.8327 0.3403 0.4368
vn -0.8330 0.3396 0.4368
vn -0.8326 -0.3480 0.4308
vn -0.8323 -0.3488 0.4308
vn -0.6344 -0.6369 0.4381
vn -0.6333 -0.6380 0.4381
vn -0.3405 -0.8249 0.4512
vn -0.3387 -0.8256 0.4513
vn 0.0008 -0.8835 0.4685
vn 0.0029 -0.8834 0.4686
vn 0.3351 -0.8064 0.4873
vn 0.3368 -0.8056 0.4875
vn 0.6114 -0.6093 0.5050
vn 0.6124 -0.6082 0.5051
vn 0.8151 -0.3198 0.4831
vn 0.8144 -0.3211 0.4833
vn 0.8946 0.0033 0.4470
vn 0.8945 0.0032 0.4470
vn 0.8092 0.3242 0.4900
vn 0.8086 0.3253 0.4903
vn 0.6016 0.6086 0.5174
vn 0.6028 0.6074 0.5174
vn 0.3255 0.8006 0.5031
vn 0.3273 0.7998 0.5032
vn -0.0061 0.8744 0.4851
vn -0.0039 0.8744 0.4852
vn -0.3443 0.8150 0.4662
vn -0.3424 0.8157 0.4662
vn -0.6358 0.6276 0.4493
vn -0.6348 0.6286 0.4493
vn -0.2057 0.5131 -0.8333
vn -0.3843 0.3915 -0.8361
vn -0.2002 0.2115 -0.9567
vn -0.1051 0.2768 -0.9552
vn -0.5027 0.2112 -0.8382
vn -0.2636 0.1146 -0.9578
vn -0.5435 -0.0004 -0.8394
vn -0.2853 0.0011 -0.9584
vn -0.5006 -0.2114 -0.8394
vn -0.2623 -0.1121 -0.9584
vn -0.3806 -0.3904 -0.8383
vn -0.1980 -0.2081 -0.9578
vn -0.2012 -0.5101 -0.8362
vn -0.1019 -0.2726 -0.9567
vn 0.0107 -0.5525 -0.8335
vn 0.0119 -0.2956 -0.9552
vn 0.2230 -0.5105 -0.8305
vn 0.1261 -0.2733 -0.9536
vn 0.4035 -0.3901 -0.8277
vn 0.2234 -0.2087 -0.9521
vn 0.5242 -0.2094 -0.8255
vn 0.2886 -0.1115 -0.9509
vn 0.5662 0.0040 -0.8243
vn 0.3114 0.0035 -0.9503
vn 0.5229 0.2173 -0.8243
vn 0.2880 0.1185 -0.9503
vn 0.4009 0.3974 -0.8254
vn 0.2222 0.2155 -0.9509
vn 0.2194 0.5168 -0.8275
vn 0.1243 0.2796 -0.9520
vn 0.0063 0.5573 -0.8303
vn 0.0095 0.3011 -0.9535
vn 0.3511 -0.3384 -0.8731
vn 0.1979 -0.4486 -0.8715
vn 0.4562 -0.1822 -0.8710
vn 0.4938 0.0038 -0.8695
vn 0.4542 0.1891 -0.8706
vn 0.3477 0.3440 -0.8722
vn 0.1938 0.4525 -0.8704
vn 0.0096 0.4956 -0.8685
vn -0.1825 0.4525 -0.8729
vn -0.3355 0.3428 -0.8775
vn -0.4481 0.1911 -0.8733
vn -0.4957 -0.0002 -0.8685
vn -0.4471 -0.1913 -0.8738
vn -0.3335 -0.3425 -0.8783
vn -0.1794 -0.4516 -0.8740
vn 0.0135 -0.4934 -0.8697
vn 0.4844 -0.4698 -0.7381
vn 0.2755 -0.6259 -0.7296
vn 0.6351 -0.2562 -0.7287
vn 0.6922 0.0045 -0.7217
vn 0.6335 0.2649 -0.7270
vn 0.4815 0.4776 -0.7349
vn 0.2710 0.6326 -0.7255
vn -0.0023 0.7009 -0.7133
vn -0.2597 0.6290 -0.7328
vn -0.4592 0.4670 -0.7557
vn -0.6238 0.2690 -0.7339
vn -0.7051 -0.0011 -0.7091
vn -0.6212 -0.2703 -0.7356
vn -0.4549 -0.4663 -0.7587
vn -0.2542 -0.6264 -0.7369
vn 0.0034 -0.6962 -0.7179
vn 0.1481 -0.2096 -0.9665
vn 0.1310 -0.1174 -0.9844
vn 0.3384 -0.3246 -0.8832
vn 0.3005 -0.3516 -0.8866
vn 0.2249 -0.1340 -0.9651
vn 0.3648 -0.2860 -0.8860
vn 0.4943 0.0044 -0.8693
vn 0.7092 0.0043 -0.7050
vn 0.2233 0.1399 -0.9647
vn 0.3623 0.2927 -0.8849
vn 0.1299 0.1227 -0.9839
vn 0.3355 0.3309 -0.8820
vn 0.1461 0.2148 -0.9657
vn 0.2972 0.3574 -0.8854
vn -0.0073 0.4737 -0.8807
vn 0.0122 0.6915 -0.7222
vn -0.1287 0.2159 -0.9679
vn -0.2825 0.3548 -0.8913
vn -0.1113 0.1230 -0.9861
vn -0.3222 0.3308 -0.8870
vn -0.2027 0.1394 -0.9693
vn -0.3461 0.2913 -0.8918
vn -0.4522 0.0006 -0.8919
vn -0.6721 -0.0011 -0.7405
vn -0.2022 -0.1369 -0.9697
vn -0.3440 -0.2903 -0.8930
vn -0.1105 -0.1196 -0.9866
vn -0.3198 -0.3298 -0.8882
vn -0.1272 -0.2129 -0.9688
vn -0.2801 -0.3536 -0.8925
vn -0.0037 -0.4716 -0.8818
vn 0.0178 -0.6898 -0.7237
vn 0.5659 -0.2827 -0.7745
vn 0.2960 -0.5514 -0.7799
vn 0.2960 -0.5515 -0.7799
vn 0.4811 -0.2213 -0.8483
vn 0.4799 0.2292 -0.8469
vn 0.2924 0.5588 -0.7761
vn 0.2924 0.5588 -0.7760
vn 0.5644 0.2911 -0.7725
vn 0.5644 0.2910 -0.7725
vn 0.2320 0.4734 -0.8498
vn -0.2163 0.4689 -0.8564
vn -0.5428 0.2829 -0.7907
vn -0.5428 0.2829 -0.7908
vn -0.2783 0.5528 -0.7855
vn -0.2783 0.5528 -0.7854
vn -0.4578 0.2227 -0.8607
vn -0.4555 -0.2223 -0.8620
vn -0.2731 -0.5499 -0.7893
vn -0.2731 -0.5500 -0.7893
vn -0.5398 -0.2833 -0.7927
vn -0.5397 -0.2833 -0.7927
vn -0.2120 -0.4656 -0.8592
vn 0.2351 -0.4665 -0.8527
vn 0.4518 -0.4381 -0.7771
vn 0.4487 -0.4651 -0.7631
vn 0.4781 -0.4353 -0.7628
vn 0.6195 0.0042 -0.7850
vn 0.4745 0.4423 -0.7610
vn 0.4481 0.4450 -0.7754
vn 0.4448 0.4718 -0.7613
vn 0.0057 0.6136 -0.7896
vn -0.4333 0.4689 -0.7697
vn -0.4359 0.4426 -0.7837
vn -0.4628 0.4392 -0.7700
vn -0.6043 -0.0007 -0.7968
vn -0.4595 -0.4397 -0.7717
vn -0.4326 -0.4427 -0.7854
vn -0.4296 -0.4692 -0.7715
vn 0.0106 -0.6103 -0.7921
vn 0.2792 -0.2652 -0.9229
vn 0.2610 -0.2278 -0.9381
vn 0.2419 -0.2472 -0.9383
vn 0.2948 0.0033 -0.9555
vn 0.2398 0.2532 -0.9372
vn 0.2770 0.2714 -0.9217
vn 0.2591 0.2340 -0.9371
vn 0.0089 0.2870 -0.9579
vn -0.2415 0.2323 -0.9422
vn -0.2599 0.2697 -0.9272
vn -0.2222 0.2516 -0.9420
vn -0.2750 0.0010 -0.9615
vn -0.2203 -0.2493 -0.9430
vn -0.2578 -0.2677 -0.9284
vn -0.2397 -0.2301 -0.9432
vn 0.0112 -0.2828 -0.9591
vn -0.8353 0.3405 -0.4317
vn -0.9054 -0.0043 -0.4245
vn -0.9054 -0.0042 -0.4245
vn -0.8355 0.3399 -0.4318
vn -0.8350 -0.3496 -0.4250
vn -0.8353 -0.3489 -0.4250
vn -0.6356 -0.6392 -0.4330
vn -0.6365 -0.6382 -0.4330
vn -0.3404 -0.8268 -0.4478
vn -0.3421 -0.8262 -0.4476
vn 0.0015 -0.8841 -0.4672
vn -0.0004 -0.8842 -0.4671
vn 0.3352 -0.8054 -0.4888
vn 0.3336 -0.8061 -0.4887
vn 0.6098 -0.6074 -0.5091
vn 0.6089 -0.6083 -0.5091
vn 0.8109 -0.3206 -0.4895
vn 0.8116 -0.3193 -0.4893
vn 0.8910 0.0029 -0.4541
vn 0.8910 0.0030 -0.4541
vn 0.8045 0.3240 -0.4977
vn 0.8052 0.3228 -0.4975
vn 0.5994 0.6052 -0.5238
vn 0.5984 0.6063 -0.5238
vn 0.3252 0.7979 -0.5075
vn 0.3236 0.7987 -0.5074
vn -0.0054 0.8735 -0.4867
vn -0.0073 0.8736 -0.4866
vn -0.3440 0.8157 -0.4651
vn -0.3456 0.8151 -0.4650
vn -0.6368 0.6290 -0.4459
vn -0.6377 0.6281 -0.4458
vn 0.0274 0.3727 0.9275
vn 0.0099 0.3893 0.9210
vn 0.2356 0.1561 0.9592
vn 0.4295 -0.0013 0.9030
vn 0.3487 0.0004 0.9372
vn -0.1926 0.2127 0.9580
vn -0.3755 -0.0009 0.9268
vn -0.2666 -0.0412 0.9629
vn -0.2669 -0.0800 0.9604
vn 0.4130 0.1338 0.9009
vn 0.3925 0.0583 0.9179
vn 0.2910 -0.0851 0.9529
vn 0.2911 -0.0851 0.9529
vn 0.0900 -0.1147 0.9893
vn 0.2280 -0.1559 0.9611
vn -0.3450 0.2214 0.9121
vn -0.2503 0.3195 0.9139
vn -0.0773 -0.1152 0.9903
vn -0.0004 -0.0217 0.9998
vn -0.0004 0.3435 0.9392
vn 0.2185 0.3204 0.9218
vn -0.2589 -0.1295 0.9572
vn -0.2104 -0.1544 0.9653
vn 0.3296 0.2273 0.9163
vn 0.3518 0.1763 0.9193
vn 0.4912 -0.2426 0.8366
vn -0.0104 0.3506 0.9365
vn 0.2336 0.0016 0.9723
vn 0.2337 0.0012 0.9723
vn 0.2342 -0.0000 0.9722
vn 0.1835 0.0105 0.9830
vn 0.1946 0.0049 0.9809
vn 0.1497 0.0477 0.9876
vn 0.1477 0.0355 0.9884
vn -0.3546 0.0016 0.9350
vn -0.3549 0.0011 0.9349
vn -0.1898 0.0791 0.9786
vn -0.2295 0.0653 0.9711
vn -0.1876 0.0325 0.9817
vn -0.2450 0.0142 0.9694
vn -0.4402 0.1261 0.8890
vn -0.3790 0.0282 0.9250
vn -0.4579 0.2776 0.8446
vn -0.4265 0.3555 0.8317
vn -0.2518 0.4995 0.8289
vn -0.3204 0.4639 0.8259
vn -0.0011 0.5445 0.8388
vn 0.0012 0.5445 0.8388
vn 0.2151 0.4687 0.8568
vn 0.2562 0.4170 0.8720
vn 0.3179 0.1951 0.9278
vn 0.3134 0.2595 0.9135
vn 0.2860 0.0784 0.9550
vn 0.2616 0.0377 0.9644
vn -0.3555 -0.0000 0.9347
vn -0.0000 -0.3419 0.9397
vn -0.3614 -0.0000 0.9324
vn -0.3626 -0.0030 0.9319
vn -0.3619 -0.0013 0.9322
vn 0.7822 -0.0012 0.6231
vn 0.7822 -0.0000 0.6230
vn 0.7382 0.2390 0.6309
vn 0.7665 0.1204 0.6308
vn -0.2625 -0.0574 0.9632
vn -0.2544 -0.0549 0.9655
vn -0.2442 -0.0692 0.9672
vn -0.2423 -0.0620 0.9682
vn 0.5206 -0.0432 0.8527
vn 0.4912 -0.0544 0.8693
vn 0.5237 -0.0031 0.8519
vn 0.5225 -0.0010 0.8526
vn -0.7478 0.2598 0.6110
vn -0.7047 0.3244 0.6310
vn -0.4679 0.1976 0.8614
vn 0.2993 -0.0777 0.9510
vn 0.2993 -0.0776 0.9510
vn -0.5670 0.4470 0.6919
vn -0.3251 0.5518 0.7680
vn 0.2466 -0.2058 0.9470
vn 0.1382 -0.3447 0.9285
vn 0.1366 -0.3472 0.9278
vn 0.2694 -0.1937 0.9434
vn 0.0017 0.5959 0.8031
vn 0.2983 0.5576 0.7747
vn -0.0009 -0.4371 0.8994
vn -0.1272 -0.3492 0.9284
vn -0.1170 -0.3649 0.9237
vn 0.0004 -0.4371 0.8994
vn 0.5335 0.4567 0.7119
vn 0.6777 0.3476 0.6480
vn -0.2473 -0.1939 0.9493
vn -0.2638 -0.1184 0.9573
vn -0.2740 -0.1406 0.9514
vn -0.2349 -0.2053 0.9501
vn 0.5220 -0.0000 0.8530
vn -0.0000 -0.8027 0.5964
vn -0.0000 0.6226 0.7825
vn -0.0013 -0.8166 0.5773
vn -0.0013 -0.8166 0.5772
vn 0.4560 -0.0673 0.8874
vn 0.4561 -0.0673 0.8874
vn -0.1433 0.0507 0.9884
vn -0.1421 0.0642 0.9878
vn -0.3377 -0.0581 0.9394
vn -0.3584 -0.0481 0.9323
vn 0.1933 0.0523 0.9797
vn 0.1866 0.0580 0.9807
vn 0.4120 0.0021 0.9112
vn 0.7795 0.0155 0.6263
vn -0.2918 -0.0180 0.9563
vn 0.3108 -0.1712 0.9349
vn 0.2624 -0.1475 0.9536
vn -0.9622 0.2718 0.0143
vn -0.9589 0.2744 0.0719
vn -0.9650 0.2190 0.1440
vn -0.9813 0.1899 0.0314
vn 0.2613 -0.1237 0.9573
vn 0.3631 -0.1837 0.9135
vn 0.3631 -0.1837 0.9134
vn -0.5785 -0.0053 0.8156
vn -0.5775 -0.0021 0.8164
vn -0.4985 0.1528 0.8533
vn -0.4587 0.2191 0.8611
vn -0.5815 -0.2826 0.7629
vn -0.6063 -0.2306 0.7610
vn -0.4220 -0.5294 0.7360
vn -0.3253 -0.6447 0.6918
vn 0.5056 -0.0081 0.8627
vn 0.5106 -0.0068 0.8598
vn 0.3942 -0.1125 0.9121
vn 0.4105 -0.2451 0.8783
vn 0.6594 -0.2437 0.7112
vn 0.6981 -0.1574 0.6985
vn 0.6948 -0.0894 0.7137
vn 0.7541 0.0721 0.6527
vn 0.5736 -0.2999 0.7623
vn 0.5237 -0.3646 0.7699
vn 0.3256 -0.5530 0.7669
vn 0.3862 -0.5041 0.7725
vn 0.0016 -0.6345 0.7729
vn -0.0020 -0.6345 0.7729
vn -0.3081 -0.5531 0.7740
vn -0.3741 -0.4995 0.7813
vn -0.5575 -0.2642 0.7870
vn -0.5229 -0.3269 0.7872
vn -0.6408 -0.0848 0.7630
vn -0.6925 0.0660 0.7184
vn 0.4315 0.1713 0.8857
vn 0.4250 0.1832 0.8864
vn 0.3896 -0.5033 0.7713
vn 0.3491 -0.6048 0.7158
vn -0.5456 -0.2949 0.7844
vn -0.5801 -0.1755 0.7954
vn -0.9222 -0.0081 0.3867
vn -0.7421 -0.0045 0.6703
vn -0.7425 0.0001 0.6698
vn -0.8326 0.3257 0.4480
vn -0.3234 -0.7529 0.5732
vn -0.4184 -0.5895 0.6910
vn -0.5207 -0.7680 0.3730
vn 0.8848 -0.0092 0.4659
vn 0.5854 -0.0089 0.8107
vn 0.7248 -0.3108 0.6149
vn 0.8230 -0.3811 0.4212
vn 0.8953 0.3168 0.3130
vn 0.8953 0.3168 0.3131
vn 0.7769 -0.4798 0.4077
vn 0.6240 -0.4056 0.6679
vn 0.3861 -0.5575 0.7349
vn 0.5427 -0.6934 0.4740
vn -0.0008 -0.8326 0.5539
vn -0.0025 -0.6387 0.7695
vn -0.3707 -0.5528 0.7463
vn -0.5329 -0.6873 0.4937
vn -0.7984 -0.4197 0.4318
vn -0.6376 -0.3592 0.6815
vn -0.7517 -0.2511 0.6099
vn -0.9418 -0.0787 0.3270
vn 0.7812 0.3335 0.5277
vn 0.5777 -0.0062 0.8162
vn -0.0000 0.9482 0.3177
vn 0.5567 -0.6369 0.5333
vn 0.5820 -0.7270 0.3643
vn -0.7539 -0.4543 0.4747
vn -0.5954 -0.3424 0.7268
vn -0.8580 0.3694 0.3569
vn 0.9581 -0.0721 0.2771
vn 0.7706 -0.2883 0.5683
vn 0.3572 -0.8518 0.3832
vn 0.3571 -0.8518 0.3832
vn -0.9765 -0.0094 0.2151
vn -0.9094 0.3233 0.2616
vn -0.9731 -0.0697 0.2196
vn -0.9762 -0.0212 0.2157
vn -0.5512 -0.8033 0.2255
vn 0.9832 -0.0079 0.1825
vn 0.8414 -0.4347 0.3210
vn 0.9748 -0.0669 0.2127
vn 0.9782 -0.0234 0.2064
vn 0.9795 0.0495 0.1952
vn 0.8189 -0.5079 0.2673
vn 0.5804 -0.7540 0.3076
vn 0.0017 -0.9345 0.3561
vn -0.5712 -0.7547 0.3227
vn -0.8484 -0.4443 0.2878
vn -0.9715 0.0480 0.2323
vn 0.9189 0.3195 0.2315
vn 0.5806 -0.7574 0.2987
vn -0.7812 -0.5523 0.2910
vn 0.0004 -1.0000 0.0036
vn 1.0000 -0.0016 -0.0000
vn 0.9998 0.0205 -0.0000
vn 0.9885 0.1512 -0.0000
vn 0.9503 0.3112 -0.0000
vn 0.9504 0.3112 -0.0000
vn 0.8939 0.4483 -0.0000
vn 0.7892 0.6141 -0.0000
vn 0.5101 0.8601 -0.0000
vn 0.2964 0.9551 -0.0000
vn -0.3259 0.9454 -0.0000
vn -0.5564 0.8309 -0.0000
vn -0.8107 0.5855 -0.0000
vn -0.8108 0.5853 -0.0000
vn -0.9121 0.4100 -0.0000
vn -0.9121 0.4099 -0.0000
vn -0.8873 0.2701 0.3738
vn -0.8873 0.2702 0.3737
vn 0.3116 -0.0096 0.9502
vn 0.3304 -0.0013 0.9438
vn 0.3305 -0.0014 0.9438
vn 0.3191 -0.0104 0.9476
vn 0.3302 -0.0007 0.9439
vn 0.2921 -0.0074 0.9563
vn 0.2922 -0.0074 0.9563
vn 0.2372 0.1569 -0.9587
vn -0.0002 -0.4892 -0.8722
vn 0.0275 0.3730 -0.9274
vn -0.1926 0.2127 -0.9580
vn 0.3487 0.0004 -0.9372
vn 0.4295 -0.0013 -0.9030
vn -0.3755 -0.0009 -0.9268
vn 0.4130 0.1338 -0.9008
vn -0.2669 -0.0800 -0.9604
vn -0.2666 -0.0412 -0.9629
vn 0.3925 0.0583 -0.9179
vn 0.2910 -0.0851 -0.9529
vn -0.3450 0.2215 -0.9121
vn 0.2280 -0.1559 -0.9611
vn 0.0900 -0.1147 -0.9893
vn -0.2503 0.3195 -0.9139
vn -0.0004 0.3435 -0.9392
vn -0.0004 -0.0217 -0.9998
vn -0.0773 -0.1152 -0.9903
vn 0.2185 0.3204 -0.9218
vn 0.3296 0.2273 -0.9163
vn -0.2104 -0.1544 -0.9653
vn -0.2589 -0.1295 -0.9572
vn 0.3518 0.1763 -0.9193
vn 0.4912 -0.2427 -0.8366
vn -0.0056 -0.4949 -0.8689
vn 0.2342 -0.0000 -0.9722
vn 0.2337 0.0012 -0.9723
vn 0.2336 0.0016 -0.9723
vn 0.1497 0.0477 -0.9876
vn 0.1946 0.0049 -0.9809
vn 0.1835 0.0105 -0.9830
vn 0.1477 0.0355 -0.9884
vn -0.1898 0.0791 -0.9786
vn -0.3549 0.0011 -0.9349
vn -0.3546 0.0016 -0.9350
vn -0.2295 0.0653 -0.9711
vn -0.4402 0.1262 -0.8890
vn -0.2450 0.0142 -0.9694
vn -0.1876 0.0325 -0.9817
vn -0.3790 0.0282 -0.9250
vn -0.2518 0.4995 -0.8289
vn -0.4265 0.3555 -0.8317
vn -0.4578 0.2776 -0.8446
vn -0.3204 0.4639 -0.8259
vn 0.2151 0.4687 -0.8568
vn 0.0012 0.5445 -0.8388
vn -0.0011 0.5445 -0.8387
vn 0.2562 0.4170 -0.8721
vn 0.2860 0.0784 -0.9550
vn 0.3134 0.2595 -0.9135
vn 0.3179 0.1951 -0.9279
vn 0.2616 0.0377 -0.9644
vn -0.3555 -0.0000 -0.9347
vn -0.0000 -0.3419 -0.9397
vn -0.3626 -0.0030 -0.9319
vn -0.3614 -0.0000 -0.9324
vn -0.3619 -0.0013 -0.9322
vn 0.7822 -0.0000 -0.6230
vn 0.7822 -0.0012 -0.6231
vn 0.7665 0.1204 -0.6308
vn 0.7382 0.2390 -0.6309
vn -0.2442 -0.0692 -0.9672
vn -0.2544 -0.0549 -0.9655
vn -0.2625 -0.0574 -0.9632
vn -0.2423 -0.0620 -0.9682
vn 0.5237 -0.0031 -0.8519
vn 0.4912 -0.0544 -0.8693
vn 0.5206 -0.0432 -0.8527
vn 0.5225 -0.0011 -0.8526
vn -0.7047 0.3244 -0.6310
vn -0.7478 0.2598 -0.6110
vn -0.4679 0.1976 -0.8614
vn 0.2993 -0.0776 -0.9510
vn 0.2992 -0.0777 -0.9510
vn 0.2993 -0.0777 -0.9510
vn -0.3251 0.5518 -0.7680
vn -0.5670 0.4470 -0.6919
vn 0.1366 -0.3472 -0.9278
vn 0.1382 -0.3447 -0.9285
vn 0.2466 -0.2058 -0.9470
vn 0.2694 -0.1937 -0.9433
vn 0.2983 0.5576 -0.7747
vn 0.0017 0.5959 -0.8031
vn -0.1170 -0.3648 -0.9237
vn -0.1272 -0.3493 -0.9283
vn -0.0009 -0.4371 -0.8994
vn 0.0004 -0.4371 -0.8994
vn 0.6777 0.3476 -0.6480
vn 0.5335 0.4567 -0.7119
vn -0.2740 -0.1406 -0.9514
vn -0.2638 -0.1184 -0.9573
vn -0.2473 -0.1938 -0.9494
vn -0.2349 -0.2053 -0.9501
vn 0.5220 -0.0000 -0.8530
vn -0.0012 -0.8154 -0.5789
vn -0.0000 -0.8027 -0.5964
vn -0.0000 0.6227 -0.7825
vn -0.0000 0.6226 -0.7825
vn -0.0092 -0.8186 -0.5743
vn 0.4561 -0.0673 -0.8874
vn -0.1434 0.0507 -0.9884
vn -0.1421 0.0642 -0.9878
vn -0.3377 -0.0581 -0.9394
vn -0.3584 -0.0481 -0.9323
vn 0.1866 0.0580 -0.9807
vn 0.1933 0.0523 -0.9797
vn 0.7795 0.0155 -0.6263
vn 0.4120 0.0033 -0.9112
vn -0.2918 -0.0180 -0.9563
vn 0.3108 -0.1712 -0.9349
vn 0.2624 -0.1475 -0.9536
vn -0.9650 0.2190 -0.1440
vn -0.9589 0.2745 -0.0719
vn -0.9622 0.2718 -0.0143
vn -0.9813 0.1899 -0.0314
vn -0.9813 0.1898 -0.0313
vn 0.2613 -0.1237 -0.9573
vn 0.3631 -0.1837 -0.9135
vn 0.3631 -0.1837 -0.9134
vn -0.4984 0.1527 -0.8534
vn -0.5775 -0.0021 -0.8164
vn -0.5785 -0.0054 -0.8156
vn -0.4587 0.2191 -0.8611
vn -0.4220 -0.5294 -0.7360
vn -0.6064 -0.2306 -0.7610
vn -0.5815 -0.2826 -0.7629
vn -0.3253 -0.6447 -0.6918
vn 0.3942 -0.1125 -0.9121
vn 0.5106 -0.0069 -0.8598
vn 0.5056 -0.0081 -0.8627
vn 0.4105 -0.2451 -0.8783
vn 0.6948 -0.0894 -0.7136
vn 0.6981 -0.1574 -0.6985
vn 0.6594 -0.2437 -0.7112
vn 0.7541 0.0721 -0.6527
vn 0.3256 -0.5530 -0.7669
vn 0.5237 -0.3646 -0.7699
vn 0.5736 -0.2999 -0.7623
vn 0.3861 -0.5041 -0.7725
vn -0.3081 -0.5531 -0.7740
vn -0.0020 -0.6345 -0.7729
vn 0.0016 -0.6345 -0.7729
vn -0.3741 -0.4995 -0.7813
vn -0.6408 -0.0848 -0.7630
vn -0.5229 -0.3269 -0.7872
vn -0.5575 -0.2642 -0.7870
vn -0.6925 0.0659 -0.7184
vn 0.4250 0.1832 -0.8865
vn 0.4315 0.1713 -0.8857
vn 0.3896 -0.5033 -0.7713
vn 0.3491 -0.6048 -0.7158
vn -0.5801 -0.1755 -0.7954
vn -0.5456 -0.2949 -0.7844
vn -0.7425 0.0001 -0.6698
vn -0.7421 -0.0046 -0.6703
vn -0.9222 -0.0081 -0.3867
vn -0.8326 0.3257 -0.4480
vn -0.4184 -0.5895 -0.6909
vn -0.3234 -0.7529 -0.5732
vn -0.5207 -0.7680 -0.3730
vn 0.7248 -0.3108 -0.6149
vn 0.5854 -0.0089 -0.8107
vn 0.8848 -0.0092 -0.4659
vn 0.8230 -0.3811 -0.4212
vn 0.8953 0.3168 -0.3130
vn 0.8953 0.3168 -0.3131
vn 0.3861 -0.5575 -0.7349
vn 0.6240 -0.4056 -0.6679
vn 0.7769 -0.4798 -0.4076
vn 0.5427 -0.6934 -0.4740
vn -0.3708 -0.5528 -0.7463
vn -0.0024 -0.6387 -0.7695
vn -0.0008 -0.8326 -0.5539
vn -0.5329 -0.6873 -0.4937
vn -0.7517 -0.2511 -0.6099
vn -0.6376 -0.3592 -0.6815
vn -0.7984 -0.4197 -0.4318
vn -0.9418 -0.0787 -0.3270
vn 0.5777 -0.0062 -0.8162
vn 0.7812 0.3335 -0.5277
vn -0.0000 0.9482 -0.3177
vn 0.5567 -0.6369 -0.5333
vn 0.5820 -0.7270 -0.3643
vn -0.5954 -0.3424 -0.7268
vn -0.7539 -0.4543 -0.4747
vn -0.8580 0.3694 -0.3569
vn 0.7706 -0.2883 -0.5683
vn 0.9581 -0.0721 -0.2771
vn 0.3572 -0.8518 -0.3832
vn 0.3571 -0.8518 -0.3832
vn -0.9765 -0.0094 -0.2151
vn -0.9094 0.3233 -0.2615
vn -0.9762 -0.0212 -0.2157
vn -0.9731 -0.0697 -0.2196
vn -0.5512 -0.8033 -0.2255
vn 0.9832 -0.0079 -0.1825
vn 0.8414 -0.4347 -0.3210
vn 0.9782 -0.0234 -0.2064
vn 0.9748 -0.0669 -0.2128
vn 0.9795 0.0495 -0.1952
vn 0.8189 -0.5079 -0.2673
vn 0.5804 -0.7540 -0.3076
vn 0.0017 -0.9345 -0.3561
vn -0.5712 -0.7547 -0.3227
vn -0.8484 -0.4443 -0.2878
vn -0.9715 0.0480 -0.2323
vn 0.9189 0.3195 -0.2316
vn 0.5806 -0.7574 -0.2987
vn -0.7812 -0.5523 -0.2910
vn -0.2122 -0.8502 -0.4819
vn -0.2122 -0.8502 -0.4818
vn 0.0004 -1.0000 -0.0036
vn 0.0004 -1.0000 -0.0034
vn 0.0004 -1.0000 -0.0033
vn -0.8105 0.5857 -0.0000
vn -0.8873 0.2701 -0.3738
vn -0.8873 0.2702 -0.3737
vn 0.3349 -0.0121 -0.9422
vn 0.3116 -0.0096 -0.9502
vn 0.3191 -0.0104 -0.9477
vn 0.2921 -0.0074 -0.9563
vn -0.2389 0.1578 0.9581
vn -0.2389 0.1577 0.9581
vn 0.3627 0.0213 0.9317
vn -0.3487 0.0004 0.9372
vn -0.4295 -0.0013 0.9030
vn 0.3755 -0.0009 0.9268
vn -0.4130 0.1338 0.9009
vn 0.2669 -0.0800 0.9604
vn 0.2666 -0.0412 0.9629
vn -0.3925 0.0583 0.9179
vn -0.2910 -0.0851 0.9529
vn 0.3450 0.2215 0.9121
vn -0.2280 -0.1559 0.9611
vn -0.0900 -0.1147 0.9893
vn 0.2503 0.3195 0.9139
vn 0.0004 0.3435 0.9392
vn 0.0004 -0.0217 0.9998
vn 0.0773 -0.1152 0.9903
vn -0.2185 0.3204 0.9218
vn -0.3296 0.2273 0.9163
vn 0.2104 -0.1544 0.9653
vn 0.2589 -0.1295 0.9572
vn -0.3518 0.1763 0.9193
vn -0.4912 -0.2426 0.8366
vn 0.1497 -0.4207 0.8948
vn -0.0000 0.3986 0.9171
vn -0.2342 -0.0000 0.9722
vn -0.2337 0.0012 0.9723
vn -0.2336 0.0016 0.9723
vn -0.1497 0.0477 0.9876
vn -0.1946 0.0049 0.9809
vn -0.1835 0.0105 0.9830
vn -0.1477 0.0355 0.9884
vn 0.1898 0.0791 0.9786
vn 0.3549 0.0011 0.9349
vn 0.3546 0.0016 0.9350
vn 0.2295 0.0653 0.9711
vn 0.4402 0.1261 0.8890
vn 0.2450 0.0142 0.9694
vn 0.1876 0.0325 0.9817
vn 0.3790 0.0282 0.9250
vn 0.2518 0.4995 0.8289
vn 0.4265 0.3555 0.8317
vn 0.4579 0.2776 0.8446
vn 0.3204 0.4639 0.8259
vn -0.2151 0.4687 0.8568
vn -0.0012 0.5445 0.8388
vn 0.0011 0.5445 0.8388
vn -0.2562 0.4170 0.8721
vn -0.2860 0.0784 0.9550
vn -0.3134 0.2596 0.9134
vn -0.3179 0.1951 0.9278
vn -0.2616 0.0377 0.9644
vn 0.3555 -0.0000 0.9347
vn 0.3626 -0.0030 0.9319
vn 0.3614 -0.0000 0.9324
vn 0.3619 -0.0013 0.9322
vn -0.7822 -0.0000 0.6230
vn -0.7822 -0.0012 0.6231
vn -0.7665 0.1204 0.6308
vn -0.7382 0.2390 0.6309
vn 0.2442 -0.0692 0.9672
vn 0.2544 -0.0549 0.9655
vn 0.2625 -0.0574 0.9632
vn 0.2423 -0.0620 0.9682
vn -0.5237 -0.0031 0.8519
vn -0.4912 -0.0544 0.8693
vn -0.5206 -0.0432 0.8527
vn -0.5225 -0.0010 0.8526
vn 0.7047 0.3244 0.6310
vn 0.7478 0.2598 0.6110
vn 0.4679 0.1976 0.8614
vn -0.2993 -0.0776 0.9510
vn -0.2993 -0.0777 0.9510
vn 0.3251 0.5518 0.7680
vn 0.5670 0.4470 0.6919
vn -0.1366 -0.3472 0.9278
vn -0.1382 -0.3447 0.9285
vn -0.2466 -0.2058 0.9470
vn -0.2694 -0.1937 0.9434
vn -0.2983 0.5576 0.7747
vn -0.0017 0.5959 0.8031
vn 0.1170 -0.3649 0.9237
vn 0.1272 -0.3493 0.9284
vn 0.0009 -0.4371 0.8994
vn -0.0004 -0.4371 0.8994
vn -0.6777 0.3476 0.6480
vn -0.5335 0.4567 0.7119
vn 0.2740 -0.1406 0.9514
vn 0.2638 -0.1184 0.9573
vn 0.2473 -0.1939 0.9493
vn 0.2349 -0.2053 0.9501
vn -0.5220 -0.0000 0.8530
vn 0.0013 -0.8166 0.5772
vn 0.0013 -0.8166 0.5773
vn -0.4561 -0.0673 0.8874
vn -0.4560 -0.0673 0.8874
vn 0.1434 0.0507 0.9884
vn 0.1421 0.0642 0.9878
vn 0.3377 -0.0581 0.9395
vn 0.3584 -0.0481 0.9323
vn -0.1866 0.0580 0.9807
vn -0.1933 0.0523 0.9797
vn -0.7795 0.0155 0.6263
vn -0.4120 0.0033 0.9112
vn 0.2918 -0.0180 0.9563
vn -0.3108 -0.1712 0.9349
vn -0.2624 -0.1475 0.9536
vn 0.9650 0.2190 0.1441
vn 0.9589 0.2745 0.0719
vn 0.9622 0.2718 0.0143
vn 0.9813 0.1899 0.0314
vn 0.9813 0.1898 0.0313
vn -0.2613 -0.1237 0.9573
vn -0.3631 -0.1837 0.9134
vn -0.3631 -0.1837 0.9135
vn 0.4985 0.1528 0.8533
vn 0.5775 -0.0021 0.8164
vn 0.5785 -0.0053 0.8156
vn 0.4587 0.2191 0.8611
vn 0.4220 -0.5294 0.7360
vn 0.6063 -0.2306 0.7610
vn 0.5815 -0.2826 0.7629
vn 0.3253 -0.6447 0.6918
vn -0.3942 -0.1125 0.9121
vn -0.5106 -0.0069 0.8598
vn -0.5056 -0.0081 0.8627
vn -0.4105 -0.2451 0.8783
vn -0.6948 -0.0894 0.7137
vn -0.6981 -0.1574 0.6985
vn -0.6594 -0.2437 0.7112
vn -0.7541 0.0721 0.6527
vn -0.3256 -0.5530 0.7669
vn -0.5237 -0.3646 0.7699
vn -0.5736 -0.2999 0.7623
vn -0.3862 -0.5041 0.7725
vn 0.3081 -0.5531 0.7740
vn 0.0020 -0.6345 0.7729
vn -0.0016 -0.6345 0.7729
vn 0.3741 -0.4995 0.7813
vn 0.6408 -0.0848 0.7630
vn 0.5229 -0.3269 0.7872
vn 0.5575 -0.2642 0.7870
vn 0.6925 0.0660 0.7184
vn -0.4250 0.1832 0.8865
vn -0.4315 0.1713 0.8857
vn -0.3896 -0.5033 0.7713
vn -0.3491 -0.6048 0.7158
vn 0.5801 -0.1755 0.7954
vn 0.5456 -0.2949 0.7844
vn 0.7425 0.0001 0.6698
vn 0.7421 -0.0046 0.6703
vn 0.9222 -0.0081 0.3867
vn 0.8326 0.3257 0.4480
vn 0.4184 -0.5895 0.6910
vn 0.3234 -0.7529 0.5732
vn 0.5207 -0.7680 0.3730
vn -0.7248 -0.3108 0.6149
vn -0.5854 -0.0089 0.8107
vn -0.8848 -0.0092 0.4659
vn -0.8230 -0.3811 0.4212
vn -0.8953 0.3168 0.3130
vn -0.8953 0.3168 0.3131
vn -0.3861 -0.5575 0.7349
vn -0.6240 -0.4056 0.6679
vn -0.7769 -0.4798 0.4077
vn -0.5427 -0.6934 0.4740
vn 0.3707 -0.5528 0.7463
vn 0.0025 -0.6387 0.7695
vn 0.0008 -0.8326 0.5539
vn 0.5329 -0.6873 0.4937
vn 0.7517 -0.2511 0.6099
vn 0.6376 -0.3592 0.6815
vn 0.7984 -0.4197 0.4318
vn 0.9418 -0.0787 0.3270
vn -0.5777 -0.0062 0.8162
vn -0.7812 0.3335 0.5277
vn -0.5567 -0.6369 0.5333
vn -0.5820 -0.7270 0.3643
vn 0.5954 -0.3424 0.7268
vn 0.7539 -0.4543 0.4747
vn 0.8580 0.3694 0.3569
vn -0.7706 -0.2883 0.5683
vn -0.9581 -0.0721 0.2771
vn -0.3572 -0.8518 0.3832
vn -0.3571 -0.8518 0.3832
vn 0.9765 -0.0094 0.2151
vn 0.9094 0.3233 0.2615
vn 0.9762 -0.0212 0.2157
vn 0.9731 -0.0697 0.2196
vn 0.5512 -0.8033 0.2256
vn -0.9832 -0.0079 0.1825
vn -0.8414 -0.4347 0.3210
vn -0.9782 -0.0234 0.2064
vn -0.9748 -0.0669 0.2128
vn -0.9795 0.0495 0.1952
vn -0.8189 -0.5079 0.2673
vn -0.5803 -0.7541 0.3075
vn -0.0017 -0.9345 0.3561
vn 0.5712 -0.7547 0.3227
vn 0.8484 -0.4443 0.2878
vn 0.9715 0.0480 0.2323
vn -0.9189 0.3195 0.2316
vn -0.5806 -0.7574 0.2987
vn 0.7812 -0.5523 0.2910
vn -0.0004 -1.0000 0.0036
vn -1.0000 -0.0016 -0.0000
vn -0.9998 0.0205 -0.0000
vn -0.9885 0.1512 -0.0000
vn -0.9504 0.3112 -0.0000
vn -0.9503 0.3112 -0.0000
vn -0.8939 0.4483 -0.0000
vn -0.7892 0.6141 -0.0000
vn -0.7893 0.6141 -0.0000
vn -0.5101 0.8601 -0.0000
vn -0.2964 0.9551 -0.0000
vn 0.5564 0.8309 -0.0000
vn 0.3259 0.9454 -0.0000
vn 0.8108 0.5853 -0.0000
vn 0.8107 0.5855 -0.0000
vn 0.9121 0.4099 -0.0000
vn 0.9121 0.4100 -0.0000
vn 0.8873 0.2701 0.3738
vn 0.8873 0.2702 0.3737
vn -0.3305 -0.0014 0.9438
vn -0.3304 -0.0013 0.9438
vn -0.3116 -0.0096 0.9502
vn -0.3191 -0.0104 0.9476
vn -0.3302 -0.0007 0.9439
vn -0.2921 -0.0074 0.9563
vn -0.2922 -0.0074 0.9563
vn -0.0275 0.3730 -0.9274
vn -0.0099 0.3894 -0.9210
vn -0.2372 0.1569 -0.9587
vn -0.2373 0.1569 -0.9587
vn -0.4295 -0.0013 -0.9030
vn -0.3487 0.0004 -0.9372
vn 0.1926 0.2127 -0.9580
vn 0.3755 -0.0009 -0.9268
vn 0.2665 -0.0413 -0.9629
vn 0.2669 -0.0800 -0.9604
vn -0.4130 0.1338 -0.9008
vn -0.3925 0.0583 -0.9179
vn -0.2910 -0.0851 -0.9529
vn -0.0900 -0.1147 -0.9893
vn -0.2280 -0.1559 -0.9611
vn 0.3450 0.2214 -0.9121
vn 0.2503 0.3195 -0.9139
vn 0.0773 -0.1152 -0.9903
vn 0.0004 -0.0217 -0.9998
vn 0.0004 0.3435 -0.9392
vn -0.2185 0.3204 -0.9218
vn 0.2589 -0.1295 -0.9572
vn 0.2104 -0.1544 -0.9653
vn -0.3296 0.2273 -0.9163
vn -0.3518 0.1763 -0.9193
vn -0.4878 -0.2505 -0.8363
vn 0.0108 0.3494 -0.9369
vn -0.2336 0.0016 -0.9723
vn -0.2337 0.0012 -0.9723
vn -0.2342 -0.0000 -0.9722
vn -0.1835 0.0105 -0.9830
vn -0.1946 0.0049 -0.9809
vn -0.1497 0.0477 -0.9876
vn -0.1477 0.0355 -0.9884
vn 0.3546 0.0016 -0.9350
vn 0.3549 0.0011 -0.9349
vn 0.1898 0.0791 -0.9786
vn 0.2295 0.0653 -0.9711
vn 0.1876 0.0325 -0.9817
vn 0.2450 0.0142 -0.9694
vn 0.4402 0.1262 -0.8890
vn 0.3790 0.0282 -0.9250
vn 0.4578 0.2776 -0.8446
vn 0.4265 0.3555 -0.8317
vn 0.2518 0.4995 -0.8289
vn 0.3204 0.4639 -0.8259
vn 0.0011 0.5445 -0.8387
vn -0.0012 0.5445 -0.8388
vn -0.2151 0.4687 -0.8568
vn -0.2562 0.4170 -0.8721
vn -0.3179 0.1951 -0.9279
vn -0.3134 0.2595 -0.9135
vn -0.2860 0.0784 -0.9550
vn -0.2616 0.0377 -0.9644
vn 0.3555 -0.0000 -0.9347
vn 0.3614 -0.0000 -0.9324
vn 0.3626 -0.0030 -0.9319
vn 0.3619 -0.0013 -0.9322
vn -0.7822 -0.0012 -0.6231
vn -0.7822 -0.0000 -0.6230
vn -0.7382 0.2390 -0.6309
vn -0.7665 0.1204 -0.6308
vn 0.2625 -0.0574 -0.9632
vn 0.2544 -0.0549 -0.9655
vn 0.2442 -0.0692 -0.9672
vn 0.2423 -0.0620 -0.9682
vn -0.5206 -0.0432 -0.8527
vn -0.4912 -0.0544 -0.8693
vn -0.5237 -0.0031 -0.8519
vn -0.5225 -0.0011 -0.8526
vn 0.7478 0.2598 -0.6110
vn 0.7047 0.3244 -0.6310
vn 0.4679 0.1976 -0.8614
vn -0.2993 -0.0777 -0.9510
vn -0.2993 -0.0776 -0.9510
vn 0.5670 0.4470 -0.6919
vn 0.3251 0.5518 -0.7680
vn -0.2466 -0.2058 -0.9470
vn -0.1382 -0.3447 -0.9285
vn -0.1366 -0.3472 -0.9278
vn -0.2694 -0.1937 -0.9433
vn -0.0017 0.5959 -0.8031
vn -0.2983 0.5576 -0.7747
vn 0.0009 -0.4371 -0.8994
vn 0.1272 -0.3493 -0.9283
vn 0.1170 -0.3648 -0.9237
vn -0.0004 -0.4371 -0.8994
vn -0.5335 0.4567 -0.7119
vn -0.6777 0.3476 -0.6480
vn 0.2473 -0.1938 -0.9494
vn 0.2638 -0.1184 -0.9573
vn 0.2740 -0.1406 -0.9514
vn 0.2349 -0.2053 -0.9501
vn -0.5220 -0.0000 -0.8530
vn 0.0093 -0.8108 -0.5853
vn 0.0094 -0.8108 -0.5853
vn 0.0009 -0.8209 -0.5711
vn -0.4561 -0.0673 -0.8874
vn 0.1433 0.0507 -0.9884
vn 0.1421 0.0642 -0.9878
vn 0.3377 -0.0581 -0.9394
vn 0.3584 -0.0481 -0.9323
vn -0.1933 0.0523 -0.9797
vn -0.1866 0.0580 -0.9807
vn -0.4120 0.0021 -0.9112
vn -0.7795 0.0155 -0.6263
vn 0.2918 -0.0180 -0.9563
vn -0.3108 -0.1712 -0.9349
vn -0.2624 -0.1475 -0.9536
vn 0.9622 0.2718 -0.0143
vn 0.9589 0.2744 -0.0719
vn 0.9650 0.2190 -0.1440
vn 0.9813 0.1899 -0.0314
vn -0.2613 -0.1237 -0.9573
vn -0.3631 -0.1837 -0.9135
vn 0.5785 -0.0054 -0.8156
vn 0.5775 -0.0021 -0.8164
vn 0.4984 0.1527 -0.8534
vn 0.4587 0.2191 -0.8611
vn 0.5815 -0.2826 -0.7629
vn 0.6064 -0.2306 -0.7610
vn 0.4220 -0.5294 -0.7360
vn 0.3253 -0.6447 -0.6918
vn -0.5056 -0.0081 -0.8627
vn -0.5106 -0.0068 -0.8598
vn -0.3942 -0.1125 -0.9121
vn -0.4105 -0.2451 -0.8783
vn -0.6594 -0.2437 -0.7112
vn -0.6981 -0.1574 -0.6985
vn -0.6948 -0.0894 -0.7136
vn -0.7542 0.0721 -0.6527
vn -0.5736 -0.2999 -0.7623
vn -0.5237 -0.3647 -0.7699
vn -0.3256 -0.5530 -0.7669
vn -0.3861 -0.5041 -0.7725
vn -0.0016 -0.6345 -0.7729
vn 0.0020 -0.6345 -0.7729
vn 0.3081 -0.5531 -0.7740
vn 0.3741 -0.4995 -0.7813
vn 0.5575 -0.2642 -0.7870
vn 0.5229 -0.3269 -0.7872
vn 0.6408 -0.0848 -0.7630
vn 0.6925 0.0659 -0.7184
vn -0.4315 0.1713 -0.8857
vn -0.4250 0.1832 -0.8864
vn -0.3896 -0.5033 -0.7713
vn -0.3491 -0.6048 -0.7158
vn 0.5456 -0.2949 -0.7844
vn 0.5801 -0.1755 -0.7954
vn 0.9222 -0.0081 -0.3867
vn 0.7421 -0.0046 -0.6703
vn 0.7426 0.0001 -0.6698
vn 0.8326 0.3257 -0.4480
vn 0.3234 -0.7529 -0.5732
vn 0.4184 -0.5895 -0.6909
vn 0.5207 -0.7680 -0.3730
vn -0.8848 -0.0092 -0.4659
vn -0.5854 -0.0089 -0.8107
vn -0.7248 -0.3108 -0.6149
vn -0.8230 -0.3811 -0.4212
vn -0.8953 0.3168 -0.3130
vn -0.8953 0.3168 -0.3131
vn -0.7769 -0.4798 -0.4076
vn -0.6240 -0.4056 -0.6679
vn -0.3861 -0.5575 -0.7349
vn -0.5427 -0.6934 -0.4740
vn 0.0008 -0.8326 -0.5539
vn 0.0024 -0.6387 -0.7695
vn 0.3708 -0.5528 -0.7463
vn 0.5329 -0.6873 -0.4937
vn 0.7984 -0.4197 -0.4318
vn 0.6376 -0.3592 -0.6815
vn 0.7517 -0.2511 -0.6099
vn 0.9418 -0.0787 -0.3270
vn -0.7812 0.3335 -0.5277
vn -0.5777 -0.0062 -0.8162
vn -0.5567 -0.6369 -0.5333
vn -0.5820 -0.7270 -0.3643
vn 0.7539 -0.4543 -0.4747
vn 0.5954 -0.3424 -0.7268
vn 0.8580 0.3694 -0.3569
vn -0.9581 -0.0721 -0.2771
vn -0.7706 -0.2883 -0.5683
vn -0.3572 -0.8518 -0.3832
vn -0.3571 -0.8518 -0.3832
vn 0.9765 -0.0094 -0.2151
vn 0.9094 0.3233 -0.2616
vn 0.9731 -0.0697 -0.2196
vn 0.9762 -0.0212 -0.2157
vn 0.5512 -0.8033 -0.2256
vn -0.9832 -0.0079 -0.1825
vn -0.8414 -0.4347 -0.3210
vn -0.9748 -0.0669 -0.2127
vn -0.9782 -0.0234 -0.2064
vn -0.9795 0.0495 -0.1952
vn -0.8189 -0.5079 -0.2673
vn -0.5803 -0.7541 -0.3075
vn -0.0017 -0.9345 -0.3561
vn 0.5712 -0.7547 -0.3227
vn 0.8484 -0.4443 -0.2878
vn 0.9715 0.0480 -0.2323
vn -0.9189 0.3195 -0.2315
vn -0.5806 -0.7574 -0.2987
vn 0.7812 -0.5523 -0.2910
vn 0.2122 -0.8502 -0.4818
vn 0.2122 -0.8502 -0.4819
vn -0.0004 -1.0000 -0.0036
vn -0.0004 -1.0000 -0.0037
vn 0.8105 0.5857 -0.0000
vn 0.8873 0.2701 -0.3738
vn 0.8873 0.2702 -0.3737
vn -0.3116 -0.0096 -0.9502
vn -0.3305 -0.0013 -0.9438
vn -0.3305 -0.0014 -0.9438
vn -0.3191 -0.0104 -0.9477
vn -0.3302 -0.0007 -0.9439
vn -0.2921 -0.0074 -0.9563
vn -0.0000 -0.8290 0.5592
vn -0.0000 -1.0000 0.0073
vn 0.3878 -0.9176 -0.0875
vn -0.3685 -0.9276 -0.0613
vn -0.3686 -0.9276 -0.0613
vn 0.3302 -0.0007 -0.9439
vn -0.5900 -0.7644 -0.2599
vn -0.9272 -0.0000 -0.3745
vn -0.9295 -0.0000 0.3689
vn -0.5891 -0.7631 0.2657
vn -0.0000 -0.9409 -0.3387
vn -0.5901 -0.7644 -0.2599
vn -0.0000 -0.9300 0.3675
vn 0.0372 0.0625 0.9973
vn -0.9272 -0.0000 -0.3746
vn -0.0000 -0.9409 -0.3388
vn 0.1396 0.1266 -0.9821
vn 0.9476 0.0440 -0.3165
vn 0.9272 -0.0000 -0.3745
vn 0.9197 -0.0005 0.3927
vn 0.9477 0.0437 0.3161
vn -0.6555 0.6176 -0.4346
vn -0.9154 -0.0067 -0.4025
vn -0.7633 0.6461 -0.0000
vn 0.5901 -0.7644 -0.2599
vn -0.0015 -0.9389 0.3441
vn 0.5886 -0.7625 0.2684
vn -0.0227 0.0660 0.9976
vn -0.0245 -0.0036 0.9997
vn -0.2120 -0.0166 -0.9771
vn -0.1396 0.1267 -0.9821
vn 0.9272 -0.0000 -0.3746
vn 0.0742 0.0244 0.9969
vn 0.8714 0.3809 0.3091
vn 0.8671 0.3792 -0.3230
vn 0.8671 0.3793 -0.3231
vn -0.2839 -0.0970 -0.9539
vn -0.9810 -0.1938 -0.0000
vn -0.9499 -0.3124 -0.0000
vn -0.0546 0.0181 0.9983
vn 0.0460 -0.0042 0.9989
vn -0.9462 0.0434 0.3207
vn -0.8674 0.3789 0.3225
vn -0.9476 0.0440 -0.3164
vn -0.8671 0.3792 -0.3230
vn -0.8671 0.3792 -0.3231
vn -0.9476 0.0440 -0.3165
vn 0.2120 -0.0166 -0.9771
vn 0.2838 -0.0970 -0.9540
vn 0.9499 -0.3124 -0.0000
vn 0.9810 -0.1938 -0.0000
vn -0.0727 0.0528 0.9960
vn -0.7034 0.6374 0.3146
vn -0.7034 0.6359 -0.3177
vn -0.7034 0.6358 -0.3177
vn 0.2436 -0.1990 -0.9492
vn 0.7852 -0.6193 -0.0000
vn -0.0616 0.0962 0.9935
vn -0.4417 0.8324 0.3348
vn -0.4403 0.8304 -0.3416
vn -0.4403 0.8303 -0.3416
vn 0.1760 -0.2854 -0.9421
vn 0.5404 -0.8414 -0.0000
vn 0.0686 0.1055 0.9921
vn 0.0018 0.1247 0.9922
vn -0.0006 0.9514 0.3080
vn 0.4431 0.8363 0.3229
vn -0.0000 0.9479 -0.3186
vn 0.4403 0.8304 -0.3416
vn 0.4402 0.8303 -0.3416
vn 0.0001 0.9479 -0.3186
vn -0.0000 -0.2834 -0.9590
vn -0.1760 -0.2854 -0.9421
vn -0.5404 -0.8414 -0.0000
vn 0.0884 0.0637 0.9940
vn 0.7061 0.6407 0.3015
vn 0.7034 0.6359 -0.3177
vn -0.2435 -0.1990 -0.9492
vn -0.7852 -0.6193 -0.0000
vn 0.9154 -0.0067 -0.4025
vn 0.6555 0.6176 -0.4346
vn 0.7633 0.6461 -0.0000
vn 0.5901 -0.7643 -0.2599
vn 0.5900 -0.7644 -0.2599
vn -0.6877 -0.0165 0.7258
vn -0.6882 -0.0598 0.7231
vn -0.4417 0.3681 0.8182
vn -0.4305 0.3808 0.8183
vn -0.6954 -0.2356 0.6789
vn -0.6955 -0.2393 0.6775
vn -0.6659 -0.2167 -0.7138
vn 0.6452 -0.0189 0.7638
vn 0.6693 -0.0647 0.7401
vn 0.7047 -0.2552 0.6621
vn 0.7040 -0.2356 0.6700
vn 0.6659 -0.2167 -0.7138
vn 0.6295 -0.5310 0.5673
vn 0.6394 -0.5149 0.5711
vn 0.6003 -0.4789 -0.6406
vn 0.4401 -0.7349 0.5159
vn 0.4570 -0.7223 0.5191
vn 0.4281 -0.6741 -0.6020
vn 0.0088 -0.8482 0.5296
vn -0.0187 -0.8474 0.5306
vn -0.4452 -0.7117 0.5434
vn -0.4449 -0.7119 0.5433
vn -0.4281 -0.6741 -0.6020
vn -0.0000 -0.7960 -0.6053
vn -0.6253 -0.5082 0.5922
vn -0.6251 -0.5085 0.5921
vn -0.6003 -0.4789 -0.6405
vn 0.3822 0.3945 0.8357
vn 0.4555 0.3019 0.8375
vn -0.3182 -0.0311 0.9475
vn 0.3415 0.0717 0.9371
vn 0.2884 0.0638 0.9554
vn -0.9192 -0.3939 -0.0000
vn -0.8466 -0.5322 -0.0000
vn -0.9191 -0.3939 -0.0000
vn 0.2884 0.0638 -0.9554
vn 0.3415 0.0717 -0.9372
vn 0.3415 0.0717 -0.9371
vn -0.3183 -0.0311 -0.9475
vn 0.9192 -0.3939 -0.0000
vn 0.8466 -0.5322 -0.0000
vn 0.9191 -0.3939 -0.0000
vn -0.2884 0.0638 0.9554
vn -0.3415 0.0717 0.9372
vn -0.3415 0.0717 0.9371
vn 0.3183 -0.0311 0.9475
vn 0.3183 -0.0311 -0.9475
vn -0.3415 0.0717 -0.9371
vn -0.2884 0.0638 -0.9554
vn 0.1297 -0.0720 0.9889
vn -0.4622 0.2565 0.8489
vn -0.4621 0.2565 0.8489
vn 0.4221 -0.2342 0.8758
vn 0.4221 -0.2342 -0.8758
vn -0.4622 0.2565 -0.8489
vn 0.1297 -0.0720 -0.9889
vn 0.1891 -0.2131 0.9585
vn -0.3779 0.4258 0.8221
vn 0.2734 -0.3080 0.9113
vn 0.2733 -0.3080 -0.9113
vn -0.3779 0.4258 -0.8221
vn 0.1892 -0.2131 -0.9585
vn -0.1219 -0.2978 0.9468
vn 0.2157 0.5267 0.8222
vn -0.1563 -0.3815 0.9110
vn -0.1563 -0.3816 -0.9110
vn 0.2157 0.5267 -0.8222
vn -0.1220 -0.2978 -0.9468
vn -0.4221 -0.2342 0.8758
vn 0.4621 0.2565 0.8489
vn 0.4622 0.2565 0.8489
vn -0.1297 -0.0720 0.9889
vn -0.1297 -0.0720 -0.9889
vn 0.4622 0.2565 -0.8489
vn -0.4221 -0.2342 -0.8758
vn 0.1563 -0.3815 0.9111
vn -0.2157 0.5267 0.8222
vn 0.1219 -0.2978 0.9468
vn 0.1219 -0.2978 -0.9468
vn -0.2157 0.5267 -0.8222
vn 0.1563 -0.3815 -0.9110
vn -0.2733 -0.3080 0.9113
vn 0.3779 0.4258 0.8221
vn -0.1891 -0.2131 0.9586
vn -0.1891 -0.2131 -0.9586
vn 0.3779 0.4258 -0.8221
vn -0.2734 -0.3080 -0.9113
vn 0.7471 -0.4146 0.5196
vn 0.7277 -0.1004 0.6785
vn 0.7278 -0.1004 0.6784
vn 0.9530 -0.3030 -0.0000
vn 0.7278 -0.1004 -0.6784
vn 0.7278 -0.1003 -0.6785
vn 0.7471 -0.4146 -0.5195
vn 0.7471 -0.4146 -0.5196
vn 0.5824 -0.6562 -0.4797
vn 0.3325 -0.8119 -0.4798
vn -0.3325 -0.8119 -0.4798
vn -0.5824 -0.6562 -0.4797
vn -0.7471 -0.4146 -0.5196
vn -0.7471 -0.4146 -0.5195
vn -0.7277 -0.1004 -0.6785
vn -0.7278 -0.1004 -0.6784
vn -0.9530 -0.3030 -0.0000
vn -0.7278 -0.1004 0.6784
vn -0.7278 -0.1003 0.6784
vn -0.7471 -0.4146 0.5196
vn -0.5824 -0.6562 0.4797
vn -0.3325 -0.8119 0.4798
vn 0.3325 -0.8119 0.4798
vn 0.5824 -0.6562 0.4797
vt 0.638772 0.019108
vt 0.604182 0.026406
vt 0.610222 0.065300
vt 0.641527 0.056758
vt 0.942230 0.026718
vt 0.937921 0.064780
vt 0.977346 0.035844
vt 0.968334 0.075590
vt 0.633376 0.196854
vt 0.937255 0.206145
vt 0.938507 0.167894
vt 0.634535 0.158625
vt 0.636223 0.100563
vt 0.635688 0.119343
vt 0.939831 0.128570
vt 0.940480 0.109764
vt 0.936158 0.240548
vt 0.632306 0.231250
vt 0.958206 0.116530
vt 0.618002 0.106197
vt 0.270059 0.129831
vt 0.279729 0.122337
vt 0.247768 0.095692
vt 0.241755 0.106414
vt 0.286374 0.162725
vt 0.298271 0.159545
vt 0.289015 0.199409
vt 0.301211 0.200859
vt 0.278087 0.234530
vt 0.288868 0.240395
vt 0.254678 0.262794
vt 0.262354 0.272329
vt 0.221819 0.279116
vt 0.225217 0.290946
vt 0.185115 0.281933
vt 0.183840 0.294135
vt 0.149970 0.270960
vt 0.144223 0.281796
vt 0.121603 0.247589
vt 0.112146 0.255277
vt 0.105199 0.214683
vt 0.093364 0.218020
vt 0.102541 0.177934
vt 0.090420 0.176568
vt 0.113450 0.142734
vt 0.102662 0.136844
vt 0.136892 0.114374
vt 0.129403 0.104772
vt 0.169850 0.098020
vt 0.166697 0.086183
vt 0.206610 0.095304
vt 0.208140 0.083149
vt 0.264136 0.134331
vt 0.238040 0.112904
vt 0.279064 0.164608
vt 0.281541 0.198518
vt 0.271418 0.230954
vt 0.249959 0.257002
vt 0.219695 0.271898
vt 0.185804 0.274525
vt 0.153355 0.264353
vt 0.127232 0.242927
vt 0.112288 0.212643
vt 0.109755 0.178726
vt 0.119908 0.146259
vt 0.141335 0.120131
vt 0.171661 0.105171
vt 0.205603 0.102624
vt 0.260056 0.137671
vt 0.235568 0.117668
vt 0.273911 0.166034
vt 0.276446 0.197933
vt 0.266723 0.228403
vt 0.246751 0.252833
vt 0.218373 0.266711
vt 0.185936 0.269671
vt 0.156003 0.259582
vt 0.131492 0.239653
vt 0.117578 0.211249
vt 0.114316 0.179254
vt 0.124745 0.148826
vt 0.144744 0.124299
vt 0.173158 0.110433
vt 0.204626 0.107392
vt 0.243466 0.150684
vt 0.231726 0.124902
vt 0.265957 0.168067
vt 0.273926 0.197631
vt 0.259446 0.224578
vt 0.233593 0.236354
vt 0.216290 0.258774
vt 0.186736 0.267101
vt 0.159685 0.252364
vt 0.147880 0.226508
vt 0.125409 0.209219
vt 0.117102 0.179561
vt 0.131921 0.152548
vt 0.157749 0.140792
vt 0.175115 0.118279
vt 0.204822 0.110069
vt 0.228514 0.162463
vt 0.232384 0.159377
vt 0.223496 0.138416
vt 0.220864 0.142916
vt 0.245199 0.174639
vt 0.250822 0.172873
vt 0.251298 0.195007
vt 0.257666 0.195737
vt 0.240592 0.213358
vt 0.245808 0.216430
vt 0.221598 0.221306
vt 0.224803 0.225356
vt 0.209710 0.238390
vt 0.211368 0.243742
vt 0.189179 0.245244
vt 0.188521 0.250730
vt 0.170304 0.234602
vt 0.167826 0.238757
vt 0.162125 0.215144
vt 0.158892 0.217689
vt 0.144407 0.203040
vt 0.140461 0.204270
vt 0.137469 0.181891
vt 0.133459 0.181427
vt 0.148883 0.162777
vt 0.145472 0.160765
vt 0.168920 0.154907
vt 0.166496 0.151870
vt 0.181312 0.137600
vt 0.179970 0.133379
vt 0.202289 0.131402
vt 0.202839 0.126413
vt 0.239256 0.153989
vt 0.228191 0.129277
vt 0.260847 0.170452
vt 0.268524 0.197001
vt 0.255015 0.221083
vt 0.230254 0.232173
vt 0.213850 0.253708
vt 0.187318 0.261664
vt 0.163181 0.247951
vt 0.152064 0.223157
vt 0.130477 0.206768
vt 0.122529 0.180179
vt 0.136308 0.156077
vt 0.161073 0.145000
vt 0.177524 0.123369
vt 0.204154 0.115494
vt 0.317134 0.202710
vt 0.313266 0.155207
vt 0.302575 0.248106
vt 0.271820 0.284712
vt 0.229063 0.305894
vt 0.181847 0.309231
vt 0.136834 0.294860
vt 0.100462 0.264284
vt 0.079447 0.221824
vt 0.077086 0.175043
vt 0.090047 0.130037
vt 0.120176 0.093496
vt 0.162535 0.072020
vt 0.209605 0.068271
vt 0.254800 0.082247
vt 0.291621 0.112580
vt 0.225086 0.291273
vt 0.262237 0.272578
vt 0.254519 0.263090
vt 0.221655 0.279470
vt 0.288715 0.240581
vt 0.277855 0.234782
vt 0.300948 0.201068
vt 0.288747 0.199698
vt 0.297936 0.159829
vt 0.286099 0.163065
vt 0.279448 0.122748
vt 0.269782 0.130260
vt 0.247626 0.096119
vt 0.241587 0.106848
vt 0.208062 0.083403
vt 0.206498 0.095557
vt 0.166574 0.086432
vt 0.169703 0.098295
vt 0.129298 0.105013
vt 0.136767 0.114652
vt 0.102539 0.137033
vt 0.113310 0.142973
vt 0.090217 0.176734
vt 0.102336 0.178158
vt 0.093087 0.218229
vt 0.104932 0.214942
vt 0.111839 0.255571
vt 0.121310 0.247914
vt 0.143959 0.282156
vt 0.149707 0.271338
vt 0.183648 0.294510
vt 0.184906 0.282324
vt 0.249771 0.257365
vt 0.219506 0.272308
vt 0.271166 0.231288
vt 0.281269 0.198861
vt 0.278790 0.165018
vt 0.263856 0.134810
vt 0.237852 0.113388
vt 0.205468 0.102911
vt 0.171494 0.105503
vt 0.141194 0.120473
vt 0.119754 0.146571
vt 0.109543 0.179026
vt 0.112022 0.212975
vt 0.126943 0.243314
vt 0.153090 0.264782
vt 0.185580 0.274966
vt 0.246555 0.253188
vt 0.218177 0.267109
vt 0.266473 0.228729
vt 0.276177 0.198269
vt 0.273636 0.166424
vt 0.259773 0.138129
vt 0.235366 0.118140
vt 0.204484 0.107652
vt 0.172988 0.110755
vt 0.144603 0.124631
vt 0.124592 0.149130
vt 0.114107 0.179549
vt 0.117316 0.211572
vt 0.131208 0.240028
vt 0.155740 0.259996
vt 0.185708 0.270100
vt 0.233354 0.236751
vt 0.216074 0.259192
vt 0.259192 0.224942
vt 0.273655 0.197988
vt 0.265677 0.168479
vt 0.243173 0.151142
vt 0.231498 0.125405
vt 0.204677 0.110328
vt 0.174930 0.118627
vt 0.157594 0.141164
vt 0.131760 0.152887
vt 0.116890 0.179882
vt 0.125149 0.209579
vt 0.147611 0.226921
vt 0.159422 0.252798
vt 0.186506 0.267538
vt 0.211123 0.244166
vt 0.224539 0.225769
vt 0.221473 0.221884
vt 0.209581 0.239187
vt 0.245549 0.216823
vt 0.240476 0.213826
vt 0.257398 0.196126
vt 0.251034 0.195388
vt 0.250547 0.173290
vt 0.244773 0.175089
vt 0.232110 0.159818
vt 0.228083 0.163015
vt 0.223192 0.138964
vt 0.220313 0.143828
vt 0.202675 0.126586
vt 0.202059 0.132039
vt 0.179807 0.133737
vt 0.181306 0.138344
vt 0.166325 0.152250
vt 0.168893 0.155457
vt 0.145294 0.161132
vt 0.148855 0.163229
vt 0.133247 0.181788
vt 0.137257 0.182250
vt 0.140213 0.204663
vt 0.143992 0.203482
vt 0.158636 0.218126
vt 0.161683 0.215721
vt 0.167573 0.239194
vt 0.169837 0.235389
vt 0.188276 0.251171
vt 0.188871 0.246187
vt 0.230005 0.232577
vt 0.213623 0.254130
vt 0.254758 0.221458
vt 0.268254 0.197371
vt 0.260569 0.170866
vt 0.238963 0.154443
vt 0.227948 0.129790
vt 0.204001 0.115728
vt 0.177336 0.123719
vt 0.160915 0.145378
vt 0.136139 0.156427
vt 0.122317 0.180515
vt 0.130223 0.207140
vt 0.151801 0.223579
vt 0.162922 0.248388
vt 0.187083 0.262103
vt 0.302491 0.248303
vt 0.317101 0.202923
vt 0.313257 0.155401
vt 0.291660 0.112766
vt 0.254892 0.082356
vt 0.209596 0.068217
vt 0.162367 0.072074
vt 0.120040 0.093683
vt 0.090000 0.130253
vt 0.077118 0.175217
vt 0.079455 0.221943
vt 0.100445 0.264354
vt 0.136768 0.294901
vt 0.181722 0.309285
vt 0.228906 0.305995
vt 0.271681 0.284869
vt 0.865963 0.294707
vt 0.867633 0.291924
vt 0.864192 0.289907
vt 0.861827 0.298338
vt 0.926288 0.504541
vt 0.962896 0.322240
vt 0.961072 0.315558
vt 0.923177 0.503849
vt 0.917093 0.521055
vt 0.912294 0.531695
vt 0.916064 0.533576
vt 0.921399 0.521957
vt 0.816772 0.537489
vt 0.809997 0.525734
vt 0.805857 0.528092
vt 0.815658 0.541702
vt 0.843985 0.561284
vt 0.830142 0.551803
vt 0.829827 0.557023
vt 0.846617 0.569245
vt 0.878533 0.561886
vt 0.860598 0.565868
vt 0.861135 0.572375
vt 0.876933 0.569374
vt 0.906862 0.539900
vt 0.893235 0.553689
vt 0.894349 0.558416
vt 0.908802 0.543565
vt 0.963848 0.313718
vt 0.960590 0.312383
vt 0.915996 0.503926
vt 0.919535 0.504337
vt 0.957394 0.316777
vt 0.953540 0.318544
vt 0.897195 0.523520
vt 0.907017 0.531272
vt 0.912245 0.520183
vt 0.906390 0.519401
vt 0.811429 0.489784
vt 0.809185 0.489069
vt 0.804970 0.504809
vt 0.808482 0.502398
vt 0.822888 0.517538
vt 0.815366 0.527561
vt 0.821259 0.537085
vt 0.822990 0.531257
vt 0.831465 0.544144
vt 0.831106 0.548317
vt 0.845462 0.557416
vt 0.844890 0.553216
vt 0.859896 0.557085
vt 0.860130 0.560256
vt 0.875973 0.558212
vt 0.876161 0.554260
vt 0.888686 0.546649
vt 0.890074 0.551827
vt 0.901990 0.539534
vt 0.897043 0.533943
vt 0.868688 0.300415
vt 0.867431 0.297268
vt 0.931632 0.505759
vt 0.968731 0.320098
vt 0.920209 0.536712
vt 0.925865 0.525108
vt 0.802729 0.502959
vt 0.807182 0.487335
vt 0.802572 0.532882
vt 0.812904 0.546216
vt 0.828763 0.563723
vt 0.846617 0.575713
vt 0.861723 0.579529
vt 0.878030 0.575543
vt 0.896384 0.564501
vt 0.912488 0.547422
vt 0.968349 0.311802
vt 0.965937 0.308294
vt 0.867598 0.286042
vt 0.800429 0.513179
vt 0.805066 0.512320
vt 0.815147 0.511765
vt 0.915663 0.515050
vt 0.919326 0.514490
vt 0.912387 0.512659
vt 0.923762 0.515379
vt 0.928778 0.517086
vt 0.796436 0.543223
vt 0.791218 0.522037
vt 0.788694 0.529735
vt 0.789057 0.537557
vt 0.793820 0.514885
vt 0.911151 0.504734
vt 0.948802 0.321035
vt 0.893749 0.521359
vt 0.901122 0.517515
vt 0.817951 0.492698
vt 0.816809 0.503621
vt 0.826326 0.515554
vt 0.826356 0.528166
vt 0.833068 0.539258
vt 0.844808 0.548726
vt 0.859697 0.553112
vt 0.875828 0.550011
vt 0.886442 0.542055
vt 0.893528 0.530898
vt 0.870478 0.304676
vt 0.820813 0.510169
vt 0.907472 0.512843
vt 0.907057 0.503292
vt 0.944826 0.322796
vt 0.890406 0.519093
vt 0.895080 0.516225
vt 0.822146 0.492818
vt 0.821645 0.501759
vt 0.829845 0.513610
vt 0.829750 0.525857
vt 0.835323 0.535332
vt 0.845647 0.543839
vt 0.859558 0.549552
vt 0.874521 0.545294
vt 0.883925 0.538216
vt 0.890141 0.528537
vt 0.875872 0.309040
vt 0.825571 0.509486
vt 0.903582 0.510467
vt 0.898185 0.501682
vt 0.937109 0.326796
vt 0.879765 0.514765
vt 0.885470 0.513065
vt 0.831690 0.493452
vt 0.832273 0.500777
vt 0.840561 0.510315
vt 0.837736 0.521229
vt 0.841571 0.529024
vt 0.849330 0.536477
vt 0.859271 0.540374
vt 0.870566 0.537953
vt 0.877753 0.531757
vt 0.882293 0.523425
vt 0.879834 0.317045
vt 0.836773 0.507516
vt 0.893772 0.508365
vt 0.967614 0.296558
vt 0.872564 0.275966
vt 0.980191 0.311782
vt 0.979848 0.306844
vt 0.980292 0.321793
vt 0.943106 0.508299
vt 0.939747 0.520840
vt 0.936401 0.529812
vt 0.930053 0.542579
vt 0.921646 0.554540
vt 0.904121 0.573012
vt 0.883470 0.585633
vt 0.863846 0.590506
vt 0.844560 0.586993
vt 0.823622 0.574120
vt 0.806282 0.555972
vt 0.803951 0.486653
vt 0.798976 0.500693
vt 0.829225 0.855779
vt 0.831092 0.851458
vt 0.826712 0.851227
vt 0.819159 0.852424
vt 0.869953 0.742060
vt 0.865939 0.735509
vt 0.670694 0.631031
vt 0.668598 0.634589
vt 0.635445 0.616815
vt 0.633795 0.622044
vt 0.647639 0.626381
vt 0.650630 0.621475
vt 0.544382 0.728580
vt 0.550050 0.726594
vt 0.544755 0.709154
vt 0.539886 0.706418
vt 0.538072 0.678694
vt 0.543159 0.683139
vt 0.546676 0.661314
vt 0.541712 0.651597
vt 0.551769 0.635076
vt 0.557211 0.641441
vt 0.576724 0.628012
vt 0.568531 0.622865
vt 0.593889 0.616088
vt 0.597158 0.621301
vt 0.621608 0.620268
vt 0.620043 0.615238
vt 0.873918 0.740876
vt 0.872542 0.745184
vt 0.865978 0.744698
vt 0.664963 0.637733
vt 0.662250 0.641503
vt 0.861302 0.747064
vt 0.644161 0.631813
vt 0.629514 0.627498
vt 0.627936 0.643741
vt 0.639740 0.638196
vt 0.565929 0.750788
vt 0.584636 0.760455
vt 0.585597 0.757558
vt 0.570950 0.749367
vt 0.549007 0.705145
vt 0.552778 0.719566
vt 0.568375 0.721236
vt 0.555857 0.708733
vt 0.551525 0.663410
vt 0.547217 0.685385
vt 0.551370 0.688823
vt 0.554876 0.667757
vt 0.577794 0.633703
vt 0.561915 0.646926
vt 0.564603 0.649996
vt 0.581548 0.637038
vt 0.617637 0.625251
vt 0.596043 0.625937
vt 0.599501 0.631812
vt 0.618351 0.634889
vt 0.825153 0.847873
vt 0.822870 0.844289
vt 0.873602 0.732152
vt 0.674286 0.624907
vt 0.651748 0.614527
vt 0.636306 0.610153
vt 0.566052 0.754749
vt 0.584889 0.763891
vt 0.533320 0.705016
vt 0.537113 0.727556
vt 0.535803 0.645735
vt 0.530966 0.673609
vt 0.563926 0.616321
vt 0.545795 0.628074
vt 0.619849 0.608367
vt 0.590213 0.608799
vt 0.879936 0.743170
vt 0.880394 0.739342
vt 0.837710 0.855916
vt 0.558760 0.743840
vt 0.554319 0.747846
vt 0.567285 0.734126
vt 0.651825 0.632756
vt 0.655551 0.629660
vt 0.651125 0.637915
vt 0.661541 0.618398
vt 0.658656 0.624645
vt 0.538518 0.749436
vt 0.522093 0.724171
vt 0.521425 0.736783
vt 0.528720 0.744397
vt 0.547589 0.753224
vt 0.657296 0.645594
vt 0.855098 0.749612
vt 0.626881 0.648979
vt 0.636828 0.644950
vt 0.587565 0.748536
vt 0.576263 0.739896
vt 0.573119 0.719697
vt 0.561584 0.708243
vt 0.557253 0.691695
vt 0.558924 0.671894
vt 0.568060 0.653753
vt 0.585121 0.641127
vt 0.601695 0.638009
vt 0.618026 0.640945
vt 0.819927 0.839352
vt 0.573405 0.729960
vt 0.646651 0.642568
vt 0.655032 0.650713
vt 0.850070 0.751885
vt 0.626050 0.654227
vt 0.632716 0.651988
vt 0.590609 0.744108
vt 0.581820 0.736796
vt 0.577943 0.718113
vt 0.566614 0.707041
vt 0.562815 0.693067
vt 0.564146 0.675503
vt 0.571199 0.657080
vt 0.588279 0.646564
vt 0.602986 0.643820
vt 0.617215 0.646303
vt 0.819324 0.830764
vt 0.577983 0.725926
vt 0.645396 0.648331
vt 0.648679 0.660585
vt 0.839157 0.755090
vt 0.620894 0.668463
vt 0.627366 0.664189
vt 0.597113 0.733795
vt 0.591447 0.727587
vt 0.590081 0.710861
vt 0.577731 0.703580
vt 0.574027 0.692803
vt 0.574118 0.678607
vt 0.579384 0.665577
vt 0.591542 0.656899
vt 0.603522 0.655477
vt 0.615120 0.658433
vt 0.815101 0.820791
vt 0.589360 0.717120
vt 0.638821 0.659847
vt 0.835543 0.857873
vt 0.852681 0.856098
vt 0.894445 0.743940
vt 0.892676 0.735190
vt 0.883759 0.721267
vt 0.682028 0.611970
vt 0.667891 0.604885
vt 0.656897 0.600585
vt 0.639804 0.595821
vt 0.621606 0.593549
vt 0.589436 0.594031
vt 0.559659 0.602234
vt 0.537723 0.616226
vt 0.523691 0.637463
vt 0.516871 0.669038
vt 0.518485 0.702514
vt 0.583179 0.767825
vt 0.565493 0.760657
vt 0.860381 0.289336
vt 0.860509 0.292736
vt 0.771183 0.265714
vt 0.766144 0.269306
vt 0.693573 0.426661
vt 0.696472 0.428055
vt 0.684359 0.454921
vt 0.688515 0.455857
vt 0.691150 0.444833
vt 0.687167 0.442834
vt 0.775419 0.518745
vt 0.773651 0.514466
vt 0.760590 0.519608
vt 0.758744 0.523557
vt 0.737586 0.526659
vt 0.740724 0.522430
vt 0.723725 0.521056
vt 0.716510 0.525523
vt 0.703168 0.518751
vt 0.707781 0.514120
vt 0.696288 0.499803
vt 0.692765 0.506497
vt 0.686084 0.487235
vt 0.689942 0.484357
vt 0.687793 0.465432
vt 0.683973 0.466982
vt 0.769852 0.262750
vt 0.773302 0.263461
vt 0.773533 0.268609
vt 0.699119 0.430667
vt 0.702211 0.432519
vt 0.775697 0.272066
vt 0.695562 0.447178
vt 0.692985 0.458828
vt 0.705663 0.459009
vt 0.700752 0.450195
vt 0.791448 0.500821
vt 0.798224 0.485864
vt 0.795958 0.485250
vt 0.790193 0.496999
vt 0.757304 0.516545
vt 0.768169 0.512757
vt 0.768727 0.500558
vt 0.759716 0.511007
vt 0.725069 0.517155
vt 0.742232 0.519137
vt 0.744655 0.515699
vt 0.728235 0.514280
vt 0.700637 0.498611
vt 0.711755 0.510117
vt 0.713976 0.507834
vt 0.703008 0.495481
vt 0.691879 0.468201
vt 0.693603 0.484931
vt 0.697966 0.481865
vt 0.699317 0.467029
vt 0.857911 0.294131
vt 0.855159 0.296100
vt 0.763020 0.263666
vt 0.688586 0.424274
vt 0.681695 0.442433
vt 0.679134 0.454699
vt 0.794466 0.500537
vt 0.800870 0.485495
vt 0.758011 0.528747
vt 0.774963 0.524451
vt 0.712321 0.530484
vt 0.734074 0.532501
vt 0.687959 0.510489
vt 0.698092 0.523834
vt 0.678651 0.467587
vt 0.680638 0.490561
vt 0.770936 0.257782
vt 0.767939 0.257812
vt 0.862956 0.283873
vt 0.786400 0.506724
vt 0.789577 0.509951
vt 0.778661 0.500646
vt 0.695902 0.441172
vt 0.693292 0.438486
vt 0.699964 0.441377
vt 0.684183 0.434583
vt 0.689213 0.436402
vt 0.773176 0.536307
vt 0.782765 0.536117
vt 0.788152 0.530011
vt 0.705654 0.436099
vt 0.778106 0.276692
vt 0.709777 0.459492
vt 0.706146 0.452018
vt 0.788917 0.484175
vt 0.782721 0.493378
vt 0.767310 0.496963
vt 0.759067 0.506587
vt 0.746557 0.510953
vt 0.731201 0.510878
vt 0.716686 0.504910
vt 0.705974 0.492443
vt 0.702648 0.479761
vt 0.704030 0.466888
vt 0.851367 0.298648
vt 0.775199 0.496139
vt 0.703813 0.444547
vt 0.709777 0.437529
vt 0.780242 0.280434
vt 0.713886 0.459805
vt 0.711816 0.454762
vt 0.785387 0.482028
vt 0.780112 0.489233
vt 0.765840 0.493311
vt 0.757896 0.502752
vt 0.747327 0.506552
vt 0.733699 0.506600
vt 0.719080 0.502261
vt 0.710006 0.489643
vt 0.707077 0.478384
vt 0.708227 0.467172
vt 0.844581 0.299602
vt 0.771882 0.492820
vt 0.708368 0.445144
vt 0.717806 0.441855
vt 0.783544 0.288650
vt 0.725187 0.462906
vt 0.721563 0.458154
vt 0.777166 0.477521
vt 0.772569 0.482282
vt 0.759609 0.484319
vt 0.754637 0.494340
vt 0.746513 0.497869
vt 0.735546 0.498663
vt 0.725195 0.495368
vt 0.717818 0.486461
vt 0.716068 0.477233
vt 0.717727 0.468031
vt 0.836877 0.303360
vt 0.764514 0.484511
vt 0.717658 0.449535
vt 0.863293 0.272387
vt 0.770361 0.246540
vt 0.763679 0.248623
vt 0.753794 0.256591
vt 0.678034 0.419089
vt 0.673277 0.430535
vt 0.670534 0.439344
vt 0.667777 0.452906
vt 0.667027 0.467163
vt 0.669211 0.492087
vt 0.677270 0.514674
vt 0.689368 0.530831
vt 0.706619 0.540411
vt 0.731359 0.543745
vt 0.756925 0.540435
vt 0.823438 0.857811
vt 0.826957 0.860150
vt 0.556462 0.926311
vt 0.786930 0.977611
vt 0.794919 0.975392
vt 0.557289 0.922270
vt 0.535432 0.913891
vt 0.521924 0.907380
vt 0.519510 0.912253
vt 0.534285 0.919479
vt 0.517112 0.783040
vt 0.532552 0.774403
vt 0.529725 0.768916
vt 0.511746 0.781501
vt 0.485613 0.818057
vt 0.498208 0.800220
vt 0.491517 0.799720
vt 0.475326 0.821341
vt 0.483981 0.862873
vt 0.479307 0.839534
vt 0.470961 0.840118
vt 0.474443 0.860659
vt 0.511540 0.900120
vt 0.494167 0.882122
vt 0.488119 0.883480
vt 0.506856 0.902575
vt 0.797058 0.978513
vt 0.798848 0.974504
vt 0.557141 0.912919
vt 0.556645 0.917522
vt 0.793392 0.970753
vt 0.791177 0.965869
vt 0.532524 0.887883
vt 0.522513 0.900519
vt 0.536556 0.907595
vt 0.537599 0.899976
vt 0.578693 0.777388
vt 0.579749 0.774504
vt 0.559773 0.768360
vt 0.562653 0.773053
vt 0.542482 0.791455
vt 0.529933 0.781401
vt 0.517451 0.788903
vt 0.524864 0.791277
vt 0.507996 0.802077
vt 0.502653 0.801533
vt 0.490534 0.820038
vt 0.495940 0.819370
vt 0.490574 0.838780
vt 0.486506 0.839026
vt 0.488736 0.859626
vt 0.493781 0.859942
vt 0.503227 0.876360
vt 0.496599 0.878062
vt 0.512074 0.893799
vt 0.519275 0.887482
vt 0.816000 0.860808
vt 0.820090 0.859459
vt 0.555018 0.933254
vt 0.790486 0.985176
vt 0.515498 0.917588
vt 0.530289 0.925232
vt 0.562304 0.765493
vt 0.582078 0.771983
vt 0.523746 0.764480
vt 0.506063 0.777817
vt 0.482947 0.798227
vt 0.467032 0.821234
vt 0.461785 0.840759
vt 0.466530 0.861971
vt 0.480318 0.886005
vt 0.501903 0.907296
vt 0.800512 0.983388
vt 0.803823 0.980877
vt 0.834566 0.860336
vt 0.549296 0.762065
vt 0.550092 0.768224
vt 0.550239 0.781474
vt 0.543059 0.912188
vt 0.543771 0.916976
vt 0.546089 0.907980
vt 0.542662 0.922732
vt 0.540537 0.929227
vt 0.510679 0.756268
vt 0.528546 0.746340
vt 0.518391 0.746712
vt 0.556127 0.906598
vt 0.788039 0.959857
vt 0.535332 0.883442
vt 0.540062 0.893148
vt 0.574621 0.785752
vt 0.560635 0.783892
vt 0.544888 0.795968
vt 0.528687 0.795736
vt 0.514207 0.804261
vt 0.501703 0.819345
vt 0.495668 0.838592
vt 0.499217 0.859589
vt 0.509126 0.873530
vt 0.523202 0.882966
vt 0.810442 0.862729
vt 0.552028 0.788918
vt 0.545893 0.901568
vt 0.557958 0.901300
vt 0.785826 0.954836
vt 0.538290 0.879143
vt 0.541798 0.885305
vt 0.574240 0.791211
vt 0.562789 0.790256
vt 0.547264 0.800572
vt 0.531514 0.800206
vt 0.519166 0.807279
vt 0.507949 0.820526
vt 0.500233 0.838476
vt 0.505277 0.857982
vt 0.514073 0.870329
vt 0.526268 0.878603
vt 0.804639 0.869187
vt 0.552705 0.795128
vt 0.548929 0.896566
vt 0.560107 0.889811
vt 0.780750 0.945066
vt 0.544047 0.865405
vt 0.546024 0.872903
vt 0.572923 0.803625
vt 0.563615 0.804094
vt 0.551137 0.814525
vt 0.537196 0.810668
vt 0.527077 0.815508
vt 0.517286 0.825443
vt 0.511997 0.838268
vt 0.514772 0.852983
vt 0.522472 0.862443
vt 0.532974 0.868509
vt 0.794068 0.873451
vt 0.554846 0.809706
vt 0.551690 0.883887
vt 0.816093 0.987910
vt 0.848433 0.864811
vt 0.808525 0.994527
vt 0.790843 1.000000
vt 0.552044 0.948021
vt 0.535826 0.943363
vt 0.524296 0.938782
vt 0.507953 0.930215
vt 0.492718 0.919006
vt 0.469323 0.895846
vt 0.453520 0.868812
vt 0.447679 0.843297
vt 0.452625 0.818379
vt 0.469753 0.791390
vt 0.493756 0.769041
vt 0.864692 0.283282
vt 0.864737 0.271771
vt 0.866173 0.284402
vt 0.871399 0.274725
vt 0.849221 0.863236
vt 0.850838 0.861642
vt 0.397825 0.969958
vt 0.403115 0.954795
vt 0.357106 0.939646
vt 0.351564 0.954799
vt 0.315376 0.993123
vt 0.335000 1.000000
vt 0.331578 0.948117
vt 0.339175 0.931925
vt 0.516290 0.348961
vt 0.531519 0.347903
vt 0.529639 0.328459
vt 0.513305 0.329664
vt 0.113739 0.513738
vt 0.005470 0.812898
vt 0.050369 0.829572
vt 0.155672 0.535729
vt 0.498687 0.059098
vt 0.231305 0.041970
vt 0.238198 0.067209
vt 0.483407 0.073899
vt 0.029064 0.890002
vt 0.048579 0.897104
vt 0.064717 0.852025
vt 0.045060 0.844729
vt 0.070919 0.836711
vt 0.170570 0.552603
vt 0.213498 0.027643
vt 0.511802 0.045093
vt 0.514553 0.025768
vt 0.205224 0.007968
vt 0.207657 0.491128
vt 0.198928 0.471962
vt 0.166662 0.438849
vt 0.126542 0.033354
vt 0.140723 0.048242
vt 0.594982 0.539975
vt 0.650279 0.563030
vt 0.657360 0.549096
vt 0.604814 0.519171
vt 0.448072 0.574055
vt 0.437379 0.645677
vt 0.459688 0.643238
vt 0.467716 0.566312
vt 0.506448 0.652646
vt 0.514076 0.560689
vt 0.127760 0.345911
vt 0.207174 0.371186
vt 0.215345 0.351414
vt 0.141961 0.330992
vt 0.913254 0.692205
vt 0.965808 0.722118
vt 0.975634 0.701312
vt 0.920332 0.678270
vt 0.435244 0.511499
vt 0.446998 0.490397
vt 0.487715 0.468636
vt 0.059977 0.294722
vt 0.084345 0.292513
vt 0.864574 0.668016
vt 0.871222 0.654496
vt 0.403803 0.462164
vt 0.412406 0.443298
vt 0.442331 0.408797
vt 0.023888 0.242706
vt 0.045030 0.242099
vt 0.820124 0.646108
vt 0.826647 0.632699
vt 0.312209 0.431305
vt 0.363358 0.431573
vt 0.370256 0.415548
vt 0.319463 0.411416
vt 0.383697 0.373451
vt 0.316428 0.366052
vt 0.023655 0.136786
vt 0.007631 0.189797
vt 0.025862 0.189821
vt 0.044732 0.137399
vt 0.743961 0.608608
vt 0.781800 0.627559
vt 0.788808 0.613749
vt 0.750484 0.595199
vt 0.256806 0.451318
vt 0.262971 0.427134
vt 0.244413 0.384591
vt 0.059370 0.084681
vt 0.083629 0.086853
vt 0.699385 0.586811
vt 0.706035 0.573291
vt 0.233138 0.336883
vt 0.500008 0.315901
vt 0.483501 0.302209
vt 0.239995 0.310829
vt 0.528188 0.045945
vt 0.529761 0.026513
vt 0.000000 0.827938
vt 0.178565 0.574964
vt 0.087252 0.829393
vt 0.220036 0.503106
vt 0.147566 0.062504
vt 0.417285 0.659814
vt 0.431762 0.576776
vt 0.148775 0.316703
vt 0.420785 0.519811
vt 0.095183 0.281746
vt 0.393275 0.474360
vt 0.058053 0.236088
vt 0.359241 0.446440
vt 0.314859 0.447706
vt 0.057756 0.143391
vt 0.039669 0.189837
vt 0.264426 0.466817
vt 0.094477 0.097595
vt 0.329108 0.916563
vt 0.658459 0.540692
vt 0.658375 0.535008
vt 0.582712 0.501830
vt 0.590299 0.509155
vt 0.567400 0.532839
vt 0.578212 0.534623
vt 0.639881 0.572553
vt 0.644393 0.569108
vt 0.980324 0.732130
vt 0.987912 0.739453
vt 1.003220 0.708443
vt 0.992405 0.706661
vt 0.930731 0.668747
vt 0.926219 0.672192
vt 0.912160 0.700610
vt 0.912247 0.706294
vt 0.878550 0.644857
vt 0.875548 0.648335
vt 0.862346 0.675211
vt 0.861434 0.679716
vt 0.831806 0.622482
vt 0.829899 0.626253
vt 0.817000 0.652616
vt 0.815181 0.656430
vt 0.792126 0.606987
vt 0.794029 0.603124
vt 0.755435 0.584880
vt 0.753612 0.588693
vt 0.740713 0.615056
vt 0.738809 0.618829
vt 0.776589 0.638188
vt 0.778487 0.634324
vt 0.708268 0.566097
vt 0.709184 0.561594
vt 0.692064 0.596453
vt 0.695063 0.592974
s 0
usemtl lambert1
f 3800/2171/2955 3798/2173/2955 3797/2172/2955
f 3798/2173/2955 3800/2171/2955 3799/2174/2955
s 1
f 3804/2175/2956 3802/2174/2957 3801/2171/2956
f 3802/2174/2957 3804/2175/2956 3803/2176/2957
s 0
f 3808/2177/2958 3806/2176/2958 3805/2175/2958
f 3806/2176/2958 3808/2177/2958 3807/2178/2958
s 1
f 3812/2179/2959 3810/2181/2960 3809/2180/2959
f 3810/2181/2960 3812/2179/2959 3811/2182/2960
s 0
f 3816/2183/2961 3814/2185/2961 3813/2184/2961
f 3814/2185/2961 3816/2183/2961 3815/2186/2961
f 3820/2187/2962 3818/2179/2962 3817/2180/2962
f 3818/2179/2962 3820/2187/2962 3819/2188/2962
s 1
f 3822/2184/2963 3810/2181/2960 3811/2182/2960
f 3810/2181/2960 3822/2184/2963 3821/2185/2963
s 0
f 3824/2189/2958 3806/2176/2958 3807/2178/2958
f 3806/2176/2958 3824/2189/2958 3823/2186/2958
s 1
f 3826/2186/2964 3802/2174/2957 3803/2176/2957
f 3802/2174/2957 3826/2186/2964 3825/2183/2964
s 0
f 3828/2183/2955 3798/2173/2955 3799/2174/2955
f 3798/2173/2955 3828/2183/2955 3827/2190/2955
s 1
f 3832/2191/2965 3830/2193/2967 3829/2192/2966
f 3830/2193/2967 3832/2191/2965 3831/2194/2968
f 3834/2195/2969 3829/2192/2966 3833/2196/2970
f 3829/2192/2966 3834/2195/2969 3832/2191/2965
f 3836/2197/2971 3833/2196/2970 3835/2198/2972
f 3833/2196/2970 3836/2197/2971 3834/2195/2969
f 3838/2199/2973 3835/2198/2972 3837/2200/2974
f 3835/2198/2972 3838/2199/2973 3836/2197/2971
f 3840/2201/2975 3837/2200/2974 3839/2202/2976
f 3837/2200/2974 3840/2201/2975 3838/2199/2973
f 3842/2203/2977 3839/2202/2976 3841/2204/2978
f 3839/2202/2976 3842/2203/2977 3840/2201/2975
f 3844/2205/2979 3841/2204/2978 3843/2206/2980
f 3841/2204/2978 3844/2205/2979 3842/2203/2977
f 3846/2207/2981 3843/2206/2980 3845/2208/2982
f 3843/2206/2980 3846/2207/2981 3844/2205/2979
f 3848/2209/2983 3845/2208/2982 3847/2210/2984
f 3845/2208/2982 3848/2209/2983 3846/2207/2981
f 3850/2211/2985 3847/2210/2984 3849/2212/2986
f 3847/2210/2984 3850/2211/2985 3848/2209/2983
f 3852/2213/2987 3849/2212/2986 3851/2214/2988
f 3849/2212/2986 3852/2213/2987 3850/2211/2985
f 3854/2215/2989 3851/2214/2988 3853/2216/2990
f 3851/2214/2988 3854/2215/2989 3852/2213/2987
f 3856/2217/2991 3853/2216/2990 3855/2218/2992
f 3853/2216/2990 3856/2217/2991 3854/2215/2989
f 3858/2219/2993 3855/2218/2992 3857/2220/2994
f 3855/2218/2992 3858/2219/2993 3856/2217/2991
f 3860/2221/2995 3857/2220/2994 3859/2222/2996
f 3857/2220/2994 3860/2221/2995 3858/2219/2993
f 3831/2194/2968 3859/2222/2996 3830/2193/2967
f 3859/2222/2996 3831/2194/2968 3860/2221/2995
f 3862/2223/2997 3831/2194/2968 3832/2191/2965
f 3831/2194/2968 3862/2223/2997 3861/2224/2998
f 3863/2225/2999 3832/2191/2965 3834/2195/2969
f 3832/2191/2965 3863/2225/2999 3862/2223/2997
f 3864/2226/3000 3834/2195/2969 3836/2197/2971
f 3834/2195/2969 3864/2226/3000 3863/2225/2999
f 3865/2227/3001 3836/2197/2971 3838/2199/2973
f 3836/2197/2971 3865/2227/3001 3864/2226/3000
f 3866/2228/3002 3838/2199/2973 3840/2201/2975
f 3838/2199/2973 3866/2228/3002 3865/2227/3001
f 3867/2229/3003 3840/2201/2975 3842/2203/2977
f 3840/2201/2975 3867/2229/3003 3866/2228/3002
f 3868/2230/3004 3842/2203/2977 3844/2205/2979
f 3842/2203/2977 3868/2230/3004 3867/2229/3003
f 3869/2231/3005 3844/2205/2979 3846/2207/2981
f 3844/2205/2979 3869/2231/3005 3868/2230/3004
f 3870/2232/3006 3846/2207/2981 3848/2209/2983
f 3846/2207/2981 3870/2232/3006 3869/2231/3005
f 3871/2233/3007 3848/2209/2983 3850/2211/2985
f 3848/2209/2983 3871/2233/3007 3870/2232/3006
f 3872/2234/3008 3850/2211/2985 3852/2213/2987
f 3850/2211/2985 3872/2234/3008 3871/2233/3007
f 3873/2235/3009 3852/2213/2987 3854/2215/2989
f 3852/2213/2987 3873/2235/3009 3872/2234/3008
f 3874/2236/3010 3854/2215/2989 3856/2217/2991
f 3854/2215/2989 3874/2236/3010 3873/2235/3009
f 3875/2237/3011 3856/2217/2991 3858/2219/2993
f 3856/2217/2991 3875/2237/3011 3874/2236/3010
f 3876/2238/3012 3858/2219/2993 3860/2221/2995
f 3858/2219/2993 3876/2238/3012 3875/2237/3011
f 3861/2224/2998 3860/2221/2995 3831/2194/2968
f 3860/2221/2995 3861/2224/2998 3876/2238/3012
f 3878/2239/3013 3861/2224/2998 3862/2223/2997
f 3861/2224/2998 3878/2239/3013 3877/2240/3014
f 3879/2241/3015 3862/2223/2997 3863/2225/2999
f 3862/2223/2997 3879/2241/3015 3878/2239/3013
f 3880/2242/3016 3863/2225/2999 3864/2226/3000
f 3863/2225/2999 3880/2242/3016 3879/2241/3015
f 3881/2243/3017 3864/2226/3000 3865/2227/3001
f 3864/2226/3000 3881/2243/3017 3880/2242/3016
f 3882/2244/3018 3865/2227/3001 3866/2228/3002
f 3865/2227/3001 3882/2244/3018 3881/2243/3017
f 3883/2245/3019 3866/2228/3002 3867/2229/3003
f 3866/2228/3002 3883/2245/3019 3882/2244/3018
f 3884/2246/3020 3867/2229/3003 3868/2230/3004
f 3867/2229/3003 3884/2246/3020 3883/2245/3019
f 3885/2247/3021 3868/2230/3004 3869/2231/3005
f 3868/2230/3004 3885/2247/3021 3884/2246/3020
f 3886/2248/3022 3869/2231/3005 3870/2232/3006
f 3869/2231/3005 3886/2248/3022 3885/2247/3021
f 3887/2249/3023 3870/2232/3006 3871/2233/3007
f 3870/2232/3006 3887/2249/3023 3886/2248/3022
f 3888/2250/3024 3871/2233/3007 3872/2234/3008
f 3871/2233/3007 3888/2250/3024 3887/2249/3023
f 3889/2251/3025 3872/2234/3008 3873/2235/3009
f 3872/2234/3008 3889/2251/3025 3888/2250/3024
f 3890/2252/3026 3873/2235/3009 3874/2236/3010
f 3873/2235/3009 3890/2252/3026 3889/2251/3025
f 3891/2253/3027 3874/2236/3010 3875/2237/3011
f 3874/2236/3010 3891/2253/3027 3890/2252/3026
f 3892/2254/3028 3875/2237/3011 3876/2238/3012
f 3875/2237/3011 3892/2254/3028 3891/2253/3027
f 3877/2240/3014 3876/2238/3012 3861/2224/2998
f 3876/2238/3012 3877/2240/3014 3892/2254/3028
f 3896/2255/3029 3894/2240/3031 3893/2239/3030
f 3894/2240/3031 3896/2255/3029 3895/2256/3032
f 3898/2257/3033 3893/2239/3030 3897/2241/3034
f 3893/2239/3030 3898/2257/3033 3896/2255/3029
f 3900/2258/3035 3897/2241/3034 3899/2242/3036
f 3897/2241/3034 3900/2258/3035 3898/2257/3033
f 3902/2259/3037 3899/2242/3036 3901/2243/3038
f 3899/2242/3036 3902/2259/3037 3900/2258/3035
f 3904/2260/3039 3901/2243/3038 3903/2244/3040
f 3901/2243/3038 3904/2260/3039 3902/2259/3037
f 3906/2261/3041 3903/2244/3040 3905/2245/3042
f 3903/2244/3040 3906/2261/3041 3904/2260/3039
f 3908/2262/3043 3905/2245/3042 3907/2246/3044
f 3905/2245/3042 3908/2262/3043 3906/2261/3041
f 3910/2263/3045 3907/2246/3044 3909/2247/3046
f 3907/2246/3044 3910/2263/3045 3908/2262/3043
f 3912/2264/3047 3909/2247/3046 3911/2248/3048
f 3909/2247/3046 3912/2264/3047 3910/2263/3045
f 3914/2265/3049 3911/2248/3048 3913/2249/3050
f 3911/2248/3048 3914/2265/3049 3912/2264/3047
f 3916/2266/3051 3913/2249/3050 3915/2250/3052
f 3913/2249/3050 3916/2266/3051 3914/2265/3049
f 3918/2267/3053 3915/2250/3052 3917/2251/3054
f 3915/2250/3052 3918/2267/3053 3916/2266/3051
f 3920/2268/3055 3917/2251/3054 3919/2252/3056
f 3917/2251/3054 3920/2268/3055 3918/2267/3053
f 3922/2269/3057 3919/2252/3056 3921/2253/3058
f 3919/2252/3056 3922/2269/3057 3920/2268/3055
f 3924/2270/3059 3921/2253/3058 3923/2254/3060
f 3921/2253/3058 3924/2270/3059 3922/2269/3057
f 3895/2256/3032 3923/2254/3060 3894/2240/3031
f 3923/2254/3060 3895/2256/3032 3924/2270/3059
s 0
f 3928/2271/3061 3926/2273/3061 3925/2272/3061
f 3926/2273/3061 3928/2271/3061 3927/2274/3061
f 3932/2275/3062 3930/2272/3062 3929/2276/3062
f 3930/2272/3063 3932/2275/3063 3931/2271/3063
f 3936/2277/3064 3934/2276/3064 3933/2278/3064
f 3934/2276/3064 3936/2277/3064 3935/2275/3064
f 3940/2279/3065 3938/2278/3065 3937/2280/3065
f 3938/2278/3065 3940/2279/3065 3939/2277/3065
f 3944/2281/3066 3942/2280/3066 3941/2282/3066
f 3942/2280/3067 3944/2281/3067 3943/2279/3067
f 3948/2283/3068 3946/2282/3068 3945/2284/3068
f 3946/2282/3069 3948/2283/3069 3947/2281/3069
f 3952/2285/3070 3950/2284/3070 3949/2286/3070
f 3950/2284/3070 3952/2285/3070 3951/2283/3070
f 3956/2287/3071 3954/2286/3071 3953/2288/3071
f 3954/2286/3071 3956/2287/3071 3955/2285/3071
f 3960/2289/3072 3958/2288/3072 3957/2290/3072
f 3958/2288/3073 3960/2289/3073 3959/2287/3073
f 3964/2291/3074 3962/2290/3074 3961/2292/3074
f 3962/2290/3075 3964/2291/3075 3963/2289/3075
f 3968/2293/3076 3966/2292/3076 3965/2294/3076
f 3966/2292/3076 3968/2293/3076 3967/2291/3076
f 3972/2295/3077 3970/2294/3077 3969/2296/3077
f 3970/2294/3077 3972/2295/3077 3971/2293/3077
f 3976/2297/3078 3974/2296/3078 3973/2298/3078
f 3974/2296/3079 3976/2297/3079 3975/2295/3079
f 3980/2299/3080 3978/2298/3080 3977/2300/3080
f 3978/2298/3081 3980/2299/3081 3979/2297/3081
f 3984/2301/3082 3982/2300/3082 3981/2302/3082
f 3982/2300/3082 3984/2301/3082 3983/2299/3082
f 3988/2274/3083 3986/2302/3083 3985/2273/3083
f 3986/2302/3084 3988/2274/3084 3987/2301/3084
s 1
f 3990/2303/3085 3895/2256/3032 3896/2255/3029
f 3895/2256/3032 3990/2303/3085 3989/2304/3086
f 3991/2305/3087 3896/2255/3029 3898/2257/3033
f 3896/2255/3029 3991/2305/3087 3990/2303/3085
f 3992/2306/3088 3898/2257/3033 3900/2258/3035
f 3898/2257/3033 3992/2306/3088 3991/2305/3087
f 3993/2307/3089 3900/2258/3035 3902/2259/3037
f 3900/2258/3035 3993/2307/3089 3992/2306/3088
f 3994/2308/3090 3902/2259/3037 3904/2260/3039
f 3902/2259/3037 3994/2308/3090 3993/2307/3089
f 3995/2309/3091 3904/2260/3039 3906/2261/3041
f 3904/2260/3039 3995/2309/3091 3994/2308/3090
f 3996/2310/3092 3906/2261/3041 3908/2262/3043
f 3906/2261/3041 3996/2310/3092 3995/2309/3091
f 3997/2311/3093 3908/2262/3043 3910/2263/3045
f 3908/2262/3043 3997/2311/3093 3996/2310/3092
f 3998/2312/3094 3910/2263/3045 3912/2264/3047
f 3910/2263/3045 3998/2312/3094 3997/2311/3093
f 3999/2313/3095 3912/2264/3047 3914/2265/3049
f 3912/2264/3047 3999/2313/3095 3998/2312/3094
f 4000/2314/3096 3914/2265/3049 3916/2266/3051
f 3914/2265/3049 4000/2314/3096 3999/2313/3095
f 4001/2315/3097 3916/2266/3051 3918/2267/3053
f 3916/2266/3051 4001/2315/3097 4000/2314/3096
f 4002/2316/3098 3918/2267/3053 3920/2268/3055
f 3918/2267/3053 4002/2316/3098 4001/2315/3097
f 4003/2317/3099 3920/2268/3055 3922/2269/3057
f 3920/2268/3055 4003/2317/3099 4002/2316/3098
f 4004/2318/3100 3922/2269/3057 3924/2270/3059
f 3922/2269/3057 4004/2318/3100 4003/2317/3099
f 3989/2304/3086 3924/2270/3059 3895/2256/3032
f 3924/2270/3059 3989/2304/3086 4004/2318/3100
f 4006/2272/3101 3989/2304/3086 3990/2303/3085
f 3989/2304/3086 4006/2272/3101 4005/2273/3102
f 4007/2276/3103 3990/2303/3085 3991/2305/3087
f 3990/2303/3085 4007/2276/3103 4006/2272/3101
f 4008/2278/3104 3991/2305/3087 3992/2306/3088
f 3991/2305/3087 4008/2278/3104 4007/2276/3103
f 4009/2280/3105 3992/2306/3088 3993/2307/3089
f 3992/2306/3088 4009/2280/3105 4008/2278/3104
f 4010/2282/3106 3993/2307/3089 3994/2308/3090
f 3993/2307/3089 4010/2282/3106 4009/2280/3105
f 4011/2284/3107 3994/2308/3090 3995/2309/3091
f 3994/2308/3090 4011/2284/3107 4010/2282/3106
f 4012/2286/3108 3995/2309/3091 3996/2310/3092
f 3995/2309/3091 4012/2286/3108 4011/2284/3107
f 4013/2288/3109 3996/2310/3092 3997/2311/3093
f 3996/2310/3092 4013/2288/3109 4012/2286/3108
f 4014/2290/3110 3997/2311/3093 3998/2312/3094
f 3997/2311/3093 4014/2290/3110 4013/2288/3109
f 4015/2292/3111 3998/2312/3094 3999/2313/3095
f 3998/2312/3094 4015/2292/3111 4014/2290/3110
f 4016/2294/3112 3999/2313/3095 4000/2314/3096
f 3999/2313/3095 4016/2294/3112 4015/2292/3111
f 4017/2296/3113 4000/2314/3096 4001/2315/3097
f 4000/2314/3096 4017/2296/3113 4016/2294/3112
f 4018/2298/3114 4001/2315/3097 4002/2316/3098
f 4001/2315/3097 4018/2298/3114 4017/2296/3113
f 4019/2300/3115 4002/2316/3098 4003/2317/3099
f 4002/2316/3098 4019/2300/3115 4018/2298/3114
f 4020/2302/3116 4003/2317/3099 4004/2318/3100
f 4003/2317/3099 4020/2302/3116 4019/2300/3115
f 4005/2273/3102 4004/2318/3100 3989/2304/3086
f 4004/2318/3100 4005/2273/3102 4020/2302/3116
f 4024/2198/3117 4022/2320/3119 4021/2319/3118
f 4022/2320/3119 4024/2198/3117 4023/2196/3120
f 4026/2200/3121 4021/2319/3118 4025/2321/3122
f 4021/2319/3118 4026/2200/3121 4024/2198/3117
f 4028/2202/3123 4025/2321/3122 4027/2322/3124
f 4025/2321/3122 4028/2202/3123 4026/2200/3121
f 4030/2204/3125 4027/2322/3124 4029/2323/3126
f 4027/2322/3124 4030/2204/3125 4028/2202/3123
f 4032/2206/3127 4029/2323/3126 4031/2324/3128
f 4029/2323/3126 4032/2206/3127 4030/2204/3125
f 4034/2208/3129 4031/2324/3128 4033/2325/3130
f 4031/2324/3128 4034/2208/3129 4032/2206/3127
f 4036/2210/3131 4033/2325/3130 4035/2326/3132
f 4033/2325/3130 4036/2210/3131 4034/2208/3129
f 4038/2212/3133 4035/2326/3132 4037/2327/3134
f 4035/2326/3132 4038/2212/3133 4036/2210/3131
f 4040/2214/3135 4037/2327/3134 4039/2328/3136
f 4037/2327/3134 4040/2214/3135 4038/2212/3133
f 4042/2216/3137 4039/2328/3136 4041/2329/3138
f 4039/2328/3136 4042/2216/3137 4040/2214/3135
f 4044/2218/3139 4041/2329/3138 4043/2330/3140
f 4041/2329/3138 4044/2218/3139 4042/2216/3137
f 4046/2220/3141 4043/2330/3140 4045/2331/3142
f 4043/2330/3140 4046/2220/3141 4044/2218/3139
f 4048/2222/3143 4045/2331/3142 4047/2332/3144
f 4045/2331/3142 4048/2222/3143 4046/2220/3141
f 4050/2193/3145 4047/2332/3144 4049/2333/3146
f 4047/2332/3144 4050/2193/3145 4048/2222/3143
f 4052/2192/3147 4049/2333/3146 4051/2334/3148
f 4049/2333/3146 4052/2192/3147 4050/2193/3145
f 4023/2196/3120 4051/2334/3148 4022/2320/3119
f 4051/2334/3148 4023/2196/3120 4052/2192/3147
f 4056/2335/3149 4054/2337/3151 4053/2336/3150
f 4054/2337/3151 4056/2335/3149 4055/2338/3152
f 4053/2336/3150 4058/2340/3154 4057/2339/3153
f 4058/2340/3154 4053/2336/3150 4054/2337/3151
f 4057/2339/3153 4060/2342/3156 4059/2341/3155
f 4060/2342/3156 4057/2339/3153 4058/2340/3154
f 4059/2341/3155 4062/2344/3158 4061/2343/3157
f 4062/2344/3158 4059/2341/3155 4060/2342/3156
f 4061/2343/3157 4064/2346/3160 4063/2345/3159
f 4064/2346/3160 4061/2343/3157 4062/2344/3158
f 4063/2345/3159 4066/2348/3162 4065/2347/3161
f 4066/2348/3162 4063/2345/3159 4064/2346/3160
f 4065/2347/3161 4068/2350/3164 4067/2349/3163
f 4068/2350/3164 4065/2347/3161 4066/2348/3162
f 4067/2349/3163 4070/2352/3166 4069/2351/3165
f 4070/2352/3166 4067/2349/3163 4068/2350/3164
f 4069/2351/3165 4072/2354/3168 4071/2353/3167
f 4072/2354/3168 4069/2351/3165 4070/2352/3166
f 4071/2353/3167 4074/2356/3170 4073/2355/3169
f 4074/2356/3170 4071/2353/3167 4072/2354/3168
f 4073/2355/3169 4076/2358/3172 4075/2357/3171
f 4076/2358/3172 4073/2355/3169 4074/2356/3170
f 4075/2357/3171 4078/2360/3174 4077/2359/3173
f 4078/2360/3174 4075/2357/3171 4076/2358/3172
f 4077/2359/3173 4080/2362/3176 4079/2361/3175
f 4080/2362/3176 4077/2359/3173 4078/2360/3174
f 4079/2361/3175 4082/2364/3178 4081/2363/3177
f 4082/2364/3178 4079/2361/3175 4080/2362/3176
f 4081/2363/3177 4084/2366/3180 4083/2365/3179
f 4084/2366/3180 4081/2363/3177 4082/2364/3178
f 4083/2365/3179 4055/2338/3152 4056/2335/3149
f 4055/2338/3152 4083/2365/3179 4084/2366/3180
f 4055/2338/3152 4085/2367/3181 4054/2337/3151
f 4085/2367/3181 4055/2338/3152 4086/2368/3182
f 4054/2337/3151 4087/2369/3183 4058/2340/3154
f 4087/2369/3183 4054/2337/3151 4085/2367/3181
f 4058/2340/3154 4088/2370/3184 4060/2342/3156
f 4088/2370/3184 4058/2340/3154 4087/2369/3183
f 4060/2342/3156 4089/2371/3185 4062/2344/3158
f 4089/2371/3185 4060/2342/3156 4088/2370/3184
f 4062/2344/3158 4090/2372/3186 4064/2346/3160
f 4090/2372/3186 4062/2344/3158 4089/2371/3185
f 4064/2346/3160 4091/2373/3187 4066/2348/3162
f 4091/2373/3187 4064/2346/3160 4090/2372/3186
f 4066/2348/3162 4092/2374/3188 4068/2350/3164
f 4092/2374/3188 4066/2348/3162 4091/2373/3187
f 4068/2350/3164 4093/2375/3189 4070/2352/3166
f 4093/2375/3189 4068/2350/3164 4092/2374/3188
f 4070/2352/3166 4094/2376/3190 4072/2354/3168
f 4094/2376/3190 4070/2352/3166 4093/2375/3189
f 4072/2354/3168 4095/2377/3191 4074/2356/3170
f 4095/2377/3191 4072/2354/3168 4094/2376/3190
f 4074/2356/3170 4096/2378/3192 4076/2358/3172
f 4096/2378/3192 4074/2356/3170 4095/2377/3191
f 4076/2358/3172 4097/2379/3193 4078/2360/3174
f 4097/2379/3193 4076/2358/3172 4096/2378/3192
f 4078/2360/3174 4098/2380/3194 4080/2362/3176
f 4098/2380/3194 4078/2360/3174 4097/2379/3193
f 4080/2362/3176 4099/2381/3195 4082/2364/3178
f 4099/2381/3195 4080/2362/3176 4098/2380/3194
f 4082/2364/3178 4100/2382/3196 4084/2366/3180
f 4100/2382/3196 4082/2364/3178 4099/2381/3195
f 4084/2366/3180 4086/2368/3182 4055/2338/3152
f 4086/2368/3182 4084/2366/3180 4100/2382/3196
f 4086/2368/3182 4101/2383/3197 4085/2367/3181
f 4101/2383/3197 4086/2368/3182 4102/2384/3198
f 4085/2367/3181 4103/2385/3199 4087/2369/3183
f 4103/2385/3199 4085/2367/3181 4101/2383/3197
f 4087/2369/3183 4104/2386/3200 4088/2370/3184
f 4104/2386/3200 4087/2369/3183 4103/2385/3199
f 4088/2370/3184 4105/2387/3201 4089/2371/3185
f 4105/2387/3201 4088/2370/3184 4104/2386/3200
f 4089/2371/3185 4106/2388/3202 4090/2372/3186
f 4106/2388/3202 4089/2371/3185 4105/2387/3201
f 4090/2372/3186 4107/2389/3203 4091/2373/3187
f 4107/2389/3203 4090/2372/3186 4106/2388/3202
f 4091/2373/3187 4108/2390/3204 4092/2374/3188
f 4108/2390/3204 4091/2373/3187 4107/2389/3203
f 4092/2374/3188 4109/2391/3205 4093/2375/3189
f 4109/2391/3205 4092/2374/3188 4108/2390/3204
f 4093/2375/3189 4110/2392/3206 4094/2376/3190
f 4110/2392/3206 4093/2375/3189 4109/2391/3205
f 4094/2376/3190 4111/2393/3207 4095/2377/3191
f 4111/2393/3207 4094/2376/3190 4110/2392/3206
f 4095/2377/3191 4112/2394/3208 4096/2378/3192
f 4112/2394/3208 4095/2377/3191 4111/2393/3207
f 4096/2378/3192 4113/2395/3209 4097/2379/3193
f 4113/2395/3209 4096/2378/3192 4112/2394/3208
f 4097/2379/3193 4114/2396/3210 4098/2380/3194
f 4114/2396/3210 4097/2379/3193 4113/2395/3209
f 4098/2380/3194 4115/2397/3211 4099/2381/3195
f 4115/2397/3211 4098/2380/3194 4114/2396/3210
f 4099/2381/3195 4116/2398/3212 4100/2382/3196
f 4116/2398/3212 4099/2381/3195 4115/2397/3211
f 4100/2382/3196 4102/2384/3198 4086/2368/3182
f 4102/2384/3198 4100/2382/3196 4116/2398/3212
f 4120/2384/3213 4118/2399/3215 4117/2383/3214
f 4118/2399/3215 4120/2384/3213 4119/2400/3216
f 4117/2383/3214 4122/2401/3218 4121/2385/3217
f 4122/2401/3218 4117/2383/3214 4118/2399/3215
f 4121/2385/3217 4124/2402/3220 4123/2386/3219
f 4124/2402/3220 4121/2385/3217 4122/2401/3218
f 4123/2386/3219 4126/2403/3222 4125/2387/3221
f 4126/2403/3222 4123/2386/3219 4124/2402/3220
f 4125/2387/3221 4128/2404/3224 4127/2388/3223
f 4128/2404/3224 4125/2387/3221 4126/2403/3222
f 4127/2388/3223 4130/2405/3226 4129/2389/3225
f 4130/2405/3226 4127/2388/3223 4128/2404/3224
f 4129/2389/3225 4132/2406/3228 4131/2390/3227
f 4132/2406/3228 4129/2389/3225 4130/2405/3226
f 4131/2390/3227 4134/2407/3230 4133/2391/3229
f 4134/2407/3230 4131/2390/3227 4132/2406/3228
f 4133/2391/3229 4136/2408/3232 4135/2392/3231
f 4136/2408/3232 4133/2391/3229 4134/2407/3230
f 4135/2392/3231 4138/2409/3234 4137/2393/3233
f 4138/2409/3234 4135/2392/3231 4136/2408/3232
f 4137/2393/3233 4140/2410/3236 4139/2394/3235
f 4140/2410/3236 4137/2393/3233 4138/2409/3234
f 4139/2394/3235 4142/2411/3238 4141/2395/3237
f 4142/2411/3238 4139/2394/3235 4140/2410/3236
f 4141/2395/3237 4144/2412/3240 4143/2396/3239
f 4144/2412/3240 4141/2395/3237 4142/2411/3238
f 4143/2396/3239 4146/2413/3242 4145/2397/3241
f 4146/2413/3242 4143/2396/3239 4144/2412/3240
f 4145/2397/3241 4148/2414/3244 4147/2398/3243
f 4148/2414/3244 4145/2397/3241 4146/2413/3242
f 4147/2398/3243 4119/2400/3216 4120/2384/3213
f 4119/2400/3216 4147/2398/3243 4148/2414/3244
s 0
f 4152/2415/3245 4150/2417/3245 4149/2416/3245
f 4150/2417/3245 4152/2415/3245 4151/2418/3245
f 4156/2416/3246 4154/2420/3246 4153/2419/3246
f 4154/2420/3247 4156/2416/3247 4155/2417/3247
f 4160/2419/3248 4158/2422/3248 4157/2421/3248
f 4158/2422/3248 4160/2419/3248 4159/2420/3248
f 4164/2421/3249 4162/2424/3249 4161/2423/3249
f 4162/2424/3249 4164/2421/3249 4163/2422/3249
f 4168/2423/3250 4166/2426/3250 4165/2425/3250
f 4166/2426/3251 4168/2423/3251 4167/2424/3251
f 4172/2425/3252 4170/2428/3252 4169/2427/3252
f 4170/2428/3253 4172/2425/3253 4171/2426/3253
f 4176/2427/3254 4174/2430/3254 4173/2429/3254
f 4174/2430/3254 4176/2427/3254 4175/2428/3254
f 4180/2429/3255 4178/2432/3255 4177/2431/3255
f 4178/2432/3255 4180/2429/3255 4179/2430/3255
f 4184/2431/3256 4182/2434/3256 4181/2433/3256
f 4182/2434/3257 4184/2431/3257 4183/2432/3257
s 1
f 4188/2433/3258 4186/2436/3258 4185/2435/3258
s 0
f 4186/2436/3259 4188/2433/3259 4187/2434/3259
f 4192/2435/3260 4190/2438/3260 4189/2437/3260
f 4190/2438/3260 4192/2435/3260 4191/2436/3260
f 4196/2437/3261 4194/2440/3261 4193/2439/3261
f 4194/2440/3261 4196/2437/3261 4195/2438/3261
f 4200/2439/3262 4198/2442/3262 4197/2441/3262
f 4198/2442/3263 4200/2439/3263 4199/2440/3263
f 4204/2441/3264 4202/2444/3264 4201/2443/3264
f 4202/2444/3265 4204/2441/3265 4203/2442/3265
f 4208/2443/3266 4206/2446/3266 4205/2445/3266
f 4206/2446/3266 4208/2443/3266 4207/2444/3266
s 1
f 4212/2445/3267 4210/2418/3267 4209/2415/3267
s 0
f 4210/2418/3267 4212/2445/3267 4211/2446/3267
s 1
f 4119/2400/3216 4213/2447/3268 4118/2399/3215
f 4213/2447/3268 4119/2400/3216 4214/2448/3269
f 4118/2399/3215 4215/2449/3270 4122/2401/3218
f 4215/2449/3270 4118/2399/3215 4213/2447/3268
f 4122/2401/3218 4216/2450/3271 4124/2402/3220
f 4216/2450/3271 4122/2401/3218 4215/2449/3270
f 4124/2402/3220 4217/2451/3272 4126/2403/3222
f 4217/2451/3272 4124/2402/3220 4216/2450/3271
f 4126/2403/3222 4218/2452/3273 4128/2404/3224
f 4218/2452/3273 4126/2403/3222 4217/2451/3272
f 4128/2404/3224 4219/2453/3274 4130/2405/3226
f 4219/2453/3274 4128/2404/3224 4218/2452/3273
f 4130/2405/3226 4220/2454/3275 4132/2406/3228
f 4220/2454/3275 4130/2405/3226 4219/2453/3274
f 4132/2406/3228 4221/2455/3276 4134/2407/3230
f 4221/2455/3276 4132/2406/3228 4220/2454/3275
f 4134/2407/3230 4222/2456/3277 4136/2408/3232
f 4222/2456/3277 4134/2407/3230 4221/2455/3276
f 4136/2408/3232 4223/2457/3278 4138/2409/3234
f 4223/2457/3278 4136/2408/3232 4222/2456/3277
f 4138/2409/3234 4224/2458/3279 4140/2410/3236
f 4224/2458/3279 4138/2409/3234 4223/2457/3278
f 4140/2410/3236 4225/2459/3280 4142/2411/3238
f 4225/2459/3280 4140/2410/3236 4224/2458/3279
f 4142/2411/3238 4226/2460/3281 4144/2412/3240
f 4226/2460/3281 4142/2411/3238 4225/2459/3280
f 4144/2412/3240 4227/2461/3282 4146/2413/3242
f 4227/2461/3282 4144/2412/3240 4226/2460/3281
f 4146/2413/3242 4228/2462/3283 4148/2414/3244
f 4228/2462/3283 4146/2413/3242 4227/2461/3282
f 4148/2414/3244 4214/2448/3269 4119/2400/3216
f 4214/2448/3269 4148/2414/3244 4228/2462/3283
f 4214/2448/3269 4229/2416/3284 4213/2447/3268
f 4229/2416/3284 4214/2448/3269 4230/2415/3285
f 4213/2447/3268 4231/2419/3286 4215/2449/3270
f 4231/2419/3286 4213/2447/3268 4229/2416/3284
f 4215/2449/3270 4232/2421/3287 4216/2450/3271
f 4232/2421/3287 4215/2449/3270 4231/2419/3286
f 4216/2450/3271 4233/2423/3288 4217/2451/3272
f 4233/2423/3288 4216/2450/3271 4232/2421/3287
f 4217/2451/3272 4234/2425/3289 4218/2452/3273
f 4234/2425/3289 4217/2451/3272 4233/2423/3288
f 4218/2452/3273 4235/2427/3290 4219/2453/3274
f 4235/2427/3290 4218/2452/3273 4234/2425/3289
f 4219/2453/3274 4236/2429/3291 4220/2454/3275
f 4236/2429/3291 4219/2453/3274 4235/2427/3290
f 4220/2454/3275 4237/2431/3292 4221/2455/3276
f 4237/2431/3292 4220/2454/3275 4236/2429/3291
f 4221/2455/3276 4238/2433/3293 4222/2456/3277
f 4238/2433/3293 4221/2455/3276 4237/2431/3292
f 4222/2456/3277 4239/2435/3294 4223/2457/3278
f 4239/2435/3294 4222/2456/3277 4238/2433/3293
f 4223/2457/3278 4240/2437/3295 4224/2458/3279
f 4240/2437/3295 4223/2457/3278 4239/2435/3294
f 4224/2458/3279 4241/2439/3296 4225/2459/3280
f 4241/2439/3296 4224/2458/3279 4240/2437/3295
f 4225/2459/3280 4242/2441/3297 4226/2460/3281
f 4242/2441/3297 4225/2459/3280 4241/2439/3296
f 4226/2460/3281 4243/2443/3298 4227/2461/3282
f 4243/2443/3298 4226/2460/3281 4242/2441/3297
f 4227/2461/3282 4244/2445/3299 4228/2462/3283
f 4244/2445/3299 4227/2461/3282 4243/2443/3298
f 4228/2462/3283 4230/2415/3285 4214/2448/3269
f 4230/2415/3285 4228/2462/3283 4244/2445/3299
f 4248/2463/3300 4246/2341/3302 4245/2464/3301
f 4246/2341/3302 4248/2463/3300 4247/2339/3303
f 4245/2464/3301 4250/2343/3305 4249/2465/3304
f 4250/2343/3305 4245/2464/3301 4246/2341/3302
f 4249/2465/3304 4252/2345/3307 4251/2466/3306
f 4252/2345/3307 4249/2465/3304 4250/2343/3305
f 4251/2466/3306 4254/2347/3309 4253/2467/3308
f 4254/2347/3309 4251/2466/3306 4252/2345/3307
f 4253/2467/3308 4256/2349/3311 4255/2468/3310
f 4256/2349/3311 4253/2467/3308 4254/2347/3309
f 4255/2468/3310 4258/2351/3313 4257/2469/3312
f 4258/2351/3313 4255/2468/3310 4256/2349/3311
f 4257/2469/3312 4260/2353/3315 4259/2470/3314
f 4260/2353/3315 4257/2469/3312 4258/2351/3313
f 4259/2470/3314 4262/2355/3317 4261/2471/3316
f 4262/2355/3317 4259/2470/3314 4260/2353/3315
f 4261/2471/3316 4264/2357/3319 4263/2472/3318
f 4264/2357/3319 4261/2471/3316 4262/2355/3317
f 4263/2472/3318 4266/2359/3321 4265/2473/3320
f 4266/2359/3321 4263/2472/3318 4264/2357/3319
f 4265/2473/3320 4268/2361/3323 4267/2474/3322
f 4268/2361/3323 4265/2473/3320 4266/2359/3321
f 4267/2474/3322 4270/2363/3325 4269/2475/3324
f 4270/2363/3325 4267/2474/3322 4268/2361/3323
f 4269/2475/3324 4272/2365/3327 4271/2476/3326
f 4272/2365/3327 4269/2475/3324 4270/2363/3325
f 4271/2476/3326 4274/2335/3329 4273/2477/3328
f 4274/2335/3329 4271/2476/3326 4272/2365/3327
f 4273/2477/3328 4276/2336/3331 4275/2478/3330
f 4276/2336/3331 4273/2477/3328 4274/2335/3329
f 4275/2478/3330 4247/2339/3303 4248/2463/3300
f 4247/2339/3303 4275/2478/3330 4276/2336/3331
f 4280/2479/3332 4278/2481/3334 4277/2480/3333
f 4278/2481/3334 4280/2479/3332 4279/2482/3334
f 4284/2483/3335 4282/2485/3337 4281/2484/3336
f 4282/2485/3337 4284/2483/3335 4283/2486/3338
f 4288/2487/3339 4286/2489/3341 4285/2488/3340
f 4286/2489/3341 4288/2487/3339 4287/2490/3342
f 4292/2491/3343 4290/2493/3343 4289/2492/3343
f 4290/2493/3343 4292/2491/3343 4291/2494/3344
f 4296/2495/3345 4294/2497/3347 4293/2496/3346
f 4294/2497/3347 4296/2495/3345 4295/2498/3348
f 4300/2499/3349 4298/2501/3351 4297/2500/3350
f 4298/2501/3351 4300/2499/3349 4299/2502/3352
f 4304/2503/3353 4302/2505/3355 4301/2504/3354
f 4302/2505/3355 4304/2503/3353 4303/2506/3356
f 4305/2507/3357 4282/2485/3337 4306/2508/3358
f 4305/2507/3357 4281/2484/3336 4282/2485/3337
f 4306/2508/3358 4280/2479/3332 4277/2480/3333
f 4280/2479/3332 4306/2508/3358 4282/2485/3337
f 4310/2509/3359 4308/2511/3361 4307/2510/3360
f 4308/2511/3361 4310/2509/3359 4309/2512/3361
f 4314/2513/3362 4312/2515/3364 4311/2514/3363
f 4312/2515/3364 4314/2513/3362 4313/2516/3365
f 4318/2517/3366 4316/2519/3368 4315/2518/3367
f 4316/2519/3368 4318/2517/3366 4317/2520/3369
f 4322/2521/3370 4320/2523/3372 4319/2522/3371
f 4320/2523/3372 4322/2521/3370 4321/2524/3373
f 4326/2525/3374 4324/2527/3376 4323/2526/3375
f 4324/2527/3376 4326/2525/3374 4325/2528/3377
f 4330/2529/3378 4328/2531/3380 4327/2530/3379
f 4328/2531/3380 4330/2529/3378 4329/2532/3381
f 4334/2533/3382 4332/2535/3384 4331/2534/3383
f 4332/2535/3384 4334/2533/3382 4333/2536/3385
f 4336/2537/3386 4315/2518/3367 4335/2538/3386
f 4315/2518/3367 4336/2537/3386 4318/2517/3366
s 0
f 4340/2512/3387 4338/2538/3387 4337/2511/3387
f 4338/2538/3387 4340/2512/3387 4339/2537/3387
s 1
f 4344/2485/3388 4342/2510/3389 4341/2511/3388
f 4342/2510/3389 4344/2485/3388 4343/2486/3390
f 4284/2483/3335 4346/2540/3392 4345/2539/3391
f 4346/2540/3392 4284/2483/3335 4281/2484/3336
f 4286/2489/3341 4348/2542/3394 4347/2541/3393
f 4348/2542/3394 4286/2489/3341 4287/2490/3342
f 4352/2487/3395 4350/2514/3397 4349/2515/3396
f 4350/2514/3397 4352/2487/3395 4351/2488/3398
f 4356/2543/3399 4354/2518/3401 4353/2519/3400
f 4354/2518/3401 4356/2543/3399 4355/2544/3402
f 4360/2493/3403 4358/2546/3404 4357/2545/3403
f 4358/2546/3404 4360/2493/3403 4359/2494/3405
f 4364/2491/3406 4362/2522/3407 4361/2523/3407
f 4362/2522/3407 4364/2491/3406 4363/2492/3406
f 4294/2497/3347 4366/2548/3409 4365/2547/3408
f 4366/2548/3409 4294/2497/3347 4295/2498/3348
f 4370/2496/3410 4368/2527/3412 4367/2495/3411
f 4368/2527/3412 4370/2496/3410 4369/2526/3413
f 4298/2501/3351 4372/2550/3415 4371/2549/3414
f 4372/2550/3415 4298/2501/3351 4299/2502/3352
f 4376/2500/3416 4374/2531/3418 4373/2499/3417
f 4374/2531/3418 4376/2500/3416 4375/2530/3419
f 4302/2505/3355 4378/2552/3421 4377/2551/3420
f 4378/2552/3421 4302/2505/3355 4303/2506/3356
f 4382/2504/3422 4380/2535/3424 4379/2503/3423
f 4380/2535/3424 4382/2504/3422 4381/2534/3425
f 4355/2544/3402 4383/2538/3426 4354/2518/3401
f 4383/2538/3426 4355/2544/3402 4384/2479/3426
f 4305/2507/3357 4386/2554/3427 4385/2553/3427
f 4386/2554/3427 4305/2507/3357 4306/2508/3358
f 4281/2484/3336 4387/2553/3392 4346/2540/3392
f 4387/2553/3392 4281/2484/3336 4305/2507/3357
s 0
f 4391/2479/3428 4389/2511/3428 4388/2538/3428
f 4389/2511/3428 4391/2479/3428 4390/2485/3428
s 1
f 4395/2508/3429 4393/2555/3430 4392/2554/3430
f 4393/2555/3430 4395/2508/3429 4394/2480/3430
f 4356/2543/3399 4397/2557/3432 4396/2556/3431
f 4397/2557/3432 4356/2543/3399 4353/2519/3400
f 4399/2558/3433 4316/2519/3368 4317/2520/3369
f 4316/2519/3368 4399/2558/3433 4398/2557/3434
f 4343/2486/3390 4400/2559/3435 4342/2510/3389
f 4400/2559/3435 4343/2486/3390 4401/2560/3436
f 4310/2509/3359 4403/2559/3438 4402/2561/3437
f 4403/2559/3438 4310/2509/3359 4307/2510/3360
f 4284/2483/3335 4405/2563/3440 4404/2562/3439
f 4405/2563/3440 4284/2483/3335 4345/2539/3391
f 4283/2486/3338 4404/2562/3439 4406/2560/3441
f 4404/2562/3439 4283/2486/3338 4284/2483/3335
f 4333/2536/3385 4311/2514/3363 4332/2535/3384
f 4311/2514/3363 4333/2536/3385 4314/2513/3362
f 4286/2489/3341 4378/2552/3421 4303/2506/3356
f 4378/2552/3421 4286/2489/3341 4347/2541/3393
f 4285/2488/3340 4303/2506/3356 4304/2503/3353
f 4303/2506/3356 4285/2488/3340 4286/2489/3341
f 4351/2488/3398 4380/2535/3424 4350/2514/3397
f 4380/2535/3424 4351/2488/3398 4379/2503/3423
f 4370/2496/3410 4407/2523/3442 4369/2526/3413
f 4407/2523/3442 4370/2496/3410 4408/2491/3442
f 4326/2525/3374 4320/2523/3372 4321/2524/3373
f 4320/2523/3372 4326/2525/3374 4323/2526/3375
f 4294/2497/3347 4358/2546/3404 4359/2494/3405
f 4358/2546/3404 4294/2497/3347 4365/2547/3408
f 4293/2496/3346 4359/2494/3405 4409/2491/3443
f 4359/2494/3405 4293/2496/3346 4294/2497/3347
f 4404/2562/3439 4348/2542/3394 4287/2490/3342
f 4348/2542/3394 4404/2562/3439 4405/2563/3440
f 4406/2560/3441 4287/2490/3342 4288/2487/3339
f 4287/2490/3342 4406/2560/3441 4404/2562/3439
f 4401/2560/3436 4349/2515/3396 4400/2559/3435
f 4349/2515/3396 4401/2560/3436 4352/2487/3395
f 4402/2561/3437 4312/2515/3364 4313/2516/3365
f 4312/2515/3364 4402/2561/3437 4403/2559/3438
f 4322/2521/3370 4398/2557/3434 4399/2558/3433
f 4398/2557/3434 4322/2521/3370 4319/2522/3371
f 4414/2564/3444 4411/2565/3446 4410/2545/3445
f 4414/2564/3444 4412/2566/3447 4411/2565/3446
f 4412/2566/3447 4414/2564/3444 4413/2567/3447
f 4418/2492/3448 4416/2568/3448 4415/2556/3448
f 4416/2568/3448 4418/2492/3448 4417/2493/3448
f 4422/2492/3449 4420/2557/3450 4419/2522/3450
f 4420/2557/3450 4422/2492/3449 4421/2556/3449
f 4325/2528/3377 4327/2530/3379 4324/2527/3376
f 4327/2530/3379 4325/2528/3377 4330/2529/3378
f 4298/2501/3351 4366/2548/3409 4295/2498/3348
f 4366/2548/3409 4298/2501/3351 4371/2549/3414
f 4297/2500/3350 4295/2498/3348 4296/2495/3345
f 4295/2498/3348 4297/2500/3350 4298/2501/3351
f 4376/2500/3416 4368/2527/3412 4375/2530/3419
f 4368/2527/3412 4376/2500/3416 4367/2495/3411
f 4329/2532/3381 4331/2534/3383 4328/2531/3380
f 4331/2534/3383 4329/2532/3381 4334/2533/3382
f 4302/2505/3355 4372/2550/3415 4299/2502/3352
f 4372/2550/3415 4302/2505/3355 4377/2551/3420
f 4301/2504/3354 4299/2502/3352 4300/2499/3349
f 4299/2502/3352 4301/2504/3354 4302/2505/3355
f 4382/2504/3422 4374/2531/3418 4381/2534/3425
f 4374/2531/3418 4382/2504/3422 4373/2499/3417
f 4426/2569/3451 4424/2512/3453 4423/2509/3452
f 4424/2512/3453 4426/2569/3451 4425/2570/3454
f 4430/2571/3455 4428/2516/3457 4427/2513/3456
f 4428/2516/3457 4430/2571/3455 4429/2572/3458
f 4434/2573/3459 4432/2520/3461 4431/2517/3460
f 4432/2520/3461 4434/2573/3459 4433/2574/3462
f 4438/2575/3463 4436/2524/3465 4435/2521/3464
f 4436/2524/3465 4438/2575/3463 4437/2576/3466
f 4442/2577/3467 4440/2528/3469 4439/2525/3468
f 4440/2528/3469 4442/2577/3467 4441/2578/3470
f 4446/2579/3471 4444/2532/3473 4443/2529/3472
f 4444/2532/3473 4446/2579/3471 4445/2580/3474
f 4450/2581/3475 4448/2536/3477 4447/2533/3476
f 4448/2536/3477 4450/2581/3475 4449/2582/3478
f 4452/2583/3479 4431/2517/3460 4451/2537/3480
f 4431/2517/3460 4452/2583/3479 4434/2573/3459
f 4425/2570/3454 4451/2537/3480 4424/2512/3453
f 4451/2537/3480 4425/2570/3454 4452/2583/3479
f 4433/2574/3462 4453/2558/3481 4432/2520/3461
f 4453/2558/3481 4433/2574/3462 4454/2584/3482
f 4456/2585/3483 4423/2509/3452 4455/2561/3484
f 4423/2509/3452 4456/2585/3483 4426/2569/3451
f 4449/2582/3478 4427/2513/3456 4448/2536/3477
f 4427/2513/3456 4449/2582/3478 4430/2571/3455
f 4437/2576/3466 4439/2525/3468 4436/2524/3465
f 4439/2525/3468 4437/2576/3466 4442/2577/3467
f 4429/2572/3458 4455/2561/3484 4428/2516/3457
f 4455/2561/3484 4429/2572/3458 4456/2585/3483
f 4454/2584/3482 4435/2521/3464 4453/2558/3481
f 4435/2521/3464 4454/2584/3482 4438/2575/3463
f 4441/2578/3470 4443/2529/3472 4440/2528/3469
f 4443/2529/3472 4441/2578/3470 4446/2579/3471
f 4445/2580/3474 4447/2533/3476 4444/2532/3473
f 4447/2533/3476 4445/2580/3474 4450/2581/3475
f 4460/2586/3485 4458/2570/3487 4457/2569/3486
f 4458/2570/3487 4460/2586/3485 4459/2587/3488
f 4464/2588/3489 4462/2572/3490 4461/2571/3489
f 4462/2572/3490 4464/2588/3489 4463/2589/3491
f 4468/2590/3492 4466/2574/3494 4465/2573/3493
f 4466/2574/3494 4468/2590/3492 4467/2591/3495
f 4472/2592/3496 4470/2576/3496 4469/2575/3497
f 4470/2576/3496 4472/2592/3496 4471/2593/3496
f 4476/2594/3498 4474/2578/3500 4473/2577/3499
f 4474/2578/3500 4476/2594/3498 4475/2595/3501
f 4480/2596/3502 4478/2580/3504 4477/2579/3503
f 4478/2580/3504 4480/2596/3502 4479/2597/3505
f 4484/2598/3506 4482/2582/3508 4481/2581/3507
f 4482/2582/3508 4484/2598/3506 4483/2599/3509
f 4486/2600/3510 4465/2573/3493 4485/2583/3511
f 4465/2573/3493 4486/2600/3510 4468/2590/3492
f 4459/2587/3488 4488/2583/3512 4487/2570/3512
f 4488/2583/3512 4459/2587/3488 4486/2600/3510
f 4467/2591/3495 4489/2584/3513 4466/2574/3494
f 4489/2584/3513 4467/2591/3495 4490/2601/3514
f 4492/2602/3515 4457/2569/3486 4491/2585/3516
f 4457/2569/3486 4492/2602/3515 4460/2586/3485
f 4496/2599/3517 4494/2571/3517 4493/2582/3517
f 4494/2571/3517 4496/2599/3517 4495/2588/3517
f 4498/2593/3518 4473/2577/3499 4497/2576/3519
f 4473/2577/3499 4498/2593/3518 4476/2594/3498
f 4463/2589/3491 4491/2585/3516 4462/2572/3490
f 4491/2585/3516 4463/2589/3491 4492/2602/3515
f 4490/2601/3514 4499/2575/3520 4489/2584/3513
f 4499/2575/3520 4490/2601/3514 4500/2592/3521
f 4475/2595/3501 4477/2579/3503 4474/2578/3500
f 4477/2579/3503 4475/2595/3501 4480/2596/3502
f 4479/2597/3505 4481/2581/3507 4478/2580/3504
f 4481/2581/3507 4479/2597/3505 4484/2598/3506
f 4502/2603/3522 4459/2587/3488 4460/2586/3485
f 4459/2587/3488 4502/2603/3522 4501/2604/3523
f 4505/2605/3524 4463/2589/3491 4503/2588/3525
f 4463/2589/3491 4505/2605/3524 4504/2606/3526
f 4507/2607/3527 4467/2591/3495 4468/2590/3492
f 4467/2591/3495 4507/2607/3527 4506/2608/3528
f 4510/2609/3529 4498/2593/3518 4508/2592/3530
f 4498/2593/3518 4510/2609/3529 4509/2610/3531
f 4512/2611/3532 4475/2595/3501 4476/2594/3498
f 4475/2595/3501 4512/2611/3532 4511/2612/3533
f 4514/2613/3534 4479/2597/3505 4480/2596/3502
f 4479/2597/3505 4514/2613/3534 4513/2614/3535
f 4516/2615/3536 4483/2599/3509 4484/2598/3506
f 4483/2599/3509 4516/2615/3536 4515/2616/3537
f 4517/2617/3538 4468/2590/3492 4486/2600/3510
f 4468/2590/3492 4517/2617/3538 4507/2607/3527
f 4501/2604/3523 4486/2600/3510 4459/2587/3488
f 4486/2600/3510 4501/2604/3523 4517/2617/3538
f 4506/2608/3528 4490/2601/3514 4467/2591/3495
f 4490/2601/3514 4506/2608/3528 4518/2618/3539
f 4519/2619/3540 4460/2586/3485 4492/2602/3515
f 4460/2586/3485 4519/2619/3540 4502/2603/3522
f 4515/2616/3537 4503/2588/3525 4483/2599/3509
f 4503/2588/3525 4515/2616/3537 4505/2605/3524
f 4509/2610/3531 4476/2594/3498 4498/2593/3518
f 4476/2594/3498 4509/2610/3531 4512/2611/3532
f 4504/2606/3526 4492/2602/3515 4463/2589/3491
f 4492/2602/3515 4504/2606/3526 4519/2619/3540
f 4518/2618/3539 4508/2592/3530 4490/2601/3514
f 4508/2592/3530 4518/2618/3539 4510/2609/3529
f 4511/2612/3533 4480/2596/3502 4475/2595/3501
f 4480/2596/3502 4511/2612/3533 4514/2613/3534
f 4513/2614/3535 4484/2598/3506 4479/2597/3505
f 4484/2598/3506 4513/2614/3535 4516/2615/3536
f 4523/2554/3541 4521/2621/3541 4520/2620/3541
f 4521/2621/3541 4523/2554/3541 4522/2555/3541
s 0
f 4527/2553/2959 4525/2623/2959 4524/2622/2959
f 4525/2623/2959 4527/2553/2959 4526/2554/2959
f 4531/2540/2955 4529/2622/2955 4528/2624/2955
f 4529/2622/2955 4531/2540/2955 4530/2553/2955
s 1
f 4533/2539/3542 4528/2624/2955 4532/2625/3542
f 4528/2624/2955 4533/2539/3542 4531/2540/2955
f 4533/2539/3542 4535/2626/3543 4534/2563/3543
f 4535/2626/3543 4533/2539/3542 4532/2625/3542
f 4534/2563/3543 4537/2627/3544 4536/2542/3544
f 4537/2627/3544 4534/2563/3543 4535/2626/3543
f 4536/2542/3544 4539/2628/3546 4538/2541/3545
f 4539/2628/3546 4536/2542/3544 4537/2627/3544
f 4538/2541/3545 4541/2629/3547 4540/2552/3547
f 4541/2629/3547 4538/2541/3545 4539/2628/3546
f 4540/2552/3547 4543/2630/3548 4542/2551/3548
f 4543/2630/3548 4540/2552/3547 4541/2629/3547
f 4542/2551/3548 4545/2631/3549 4544/2550/3549
f 4545/2631/3549 4542/2551/3548 4543/2630/3548
f 4544/2550/3549 4547/2632/3550 4546/2549/3550
f 4547/2632/3550 4544/2550/3549 4545/2631/3549
f 4551/2549/3551 4549/2633/3552 4548/2548/3552
f 4549/2633/3552 4551/2549/3551 4550/2632/3551
f 4548/2548/3552 4553/2634/3554 4552/2547/3553
f 4553/2634/3554 4548/2548/3552 4549/2633/3552
f 4552/2547/3553 4555/2635/3556 4554/2546/3555
f 4555/2635/3556 4552/2547/3553 4553/2634/3554
f 4554/2546/3555 4414/2564/3444 4410/2545/3445
f 4414/2564/3444 4554/2546/3555 4555/2635/3556
f 4411/2565/3446 4556/2493/3557 4410/2545/3445
f 4556/2493/3557 4411/2565/3446 4557/2568/3558
f 4561/2543/3559 4559/2636/3561 4558/2544/3560
f 4559/2636/3561 4561/2543/3559 4560/2637/3562
f 4558/2544/3560 4563/2482/3563 4562/2479/3563
f 4563/2482/3563 4558/2544/3560 4559/2636/3561
f 4565/2556/3564 4560/2637/3562 4561/2543/3559
f 4560/2637/3562 4565/2556/3564 4564/2568/3565
f 4569/2638/3566 4567/2640/3568 4566/2639/3567
f 4567/2640/3568 4569/2638/3566 4568/2641/3566
f 4573/2642/3569 4571/2644/3571 4570/2643/3570
f 4571/2644/3571 4573/2642/3569 4572/2645/3572
f 4577/2646/3573 4575/2648/3575 4574/2647/3574
f 4575/2648/3575 4577/2646/3573 4576/2649/3576
f 4581/2650/3577 4579/2652/3577 4578/2651/3577
f 4579/2652/3577 4581/2650/3577 4580/2653/3577
f 4585/2654/3578 4583/2656/3580 4582/2655/3579
f 4583/2656/3580 4585/2654/3578 4584/2657/3581
f 4589/2658/3582 4587/2660/3584 4586/2659/3583
f 4587/2660/3584 4589/2658/3582 4588/2661/3585
f 4593/2662/3586 4591/2664/3588 4590/2663/3587
f 4591/2664/3588 4593/2662/3586 4592/2665/3589
f 4594/2666/3590 4573/2642/3569 4570/2643/3570
f 4594/2666/3590 4595/2667/3591 4573/2642/3569
f 4567/2640/3568 4595/2667/3591 4566/2639/3567
f 4595/2667/3591 4567/2640/3568 4573/2642/3569
f 4599/2668/3592 4597/2670/3594 4596/2669/3593
f 4597/2670/3594 4599/2668/3592 4598/2671/3592
f 4603/2672/3595 4601/2674/3597 4600/2673/3596
f 4601/2674/3597 4603/2672/3595 4602/2675/3598
f 4607/2676/3599 4605/2678/3601 4604/2677/3600
f 4605/2678/3601 4607/2676/3599 4606/2679/3602
f 4611/2680/3603 4609/2682/3605 4608/2681/3604
f 4609/2682/3605 4611/2680/3603 4610/2683/3606
f 4615/2684/3607 4613/2686/3609 4612/2685/3608
f 4613/2686/3609 4615/2684/3607 4614/2687/3610
f 4619/2688/3611 4617/2690/3613 4616/2689/3612
f 4617/2690/3613 4619/2688/3611 4618/2691/3614
f 4623/2692/3615 4621/2694/3617 4620/2693/3616
f 4621/2694/3617 4623/2692/3615 4622/2695/3618
f 4604/2677/3600 4625/2697/3619 4624/2696/3619
f 4625/2697/3619 4604/2677/3600 4605/2678/3601
s 0
f 4629/2696/3620 4627/2671/3620 4626/2668/3620
f 4627/2671/3620 4629/2696/3620 4628/2697/3620
s 1
f 4633/2669/3621 4631/2642/3622 4630/2668/3622
f 4631/2642/3622 4633/2669/3621 4632/2645/3623
f 4635/2698/3624 4571/2644/3571 4634/2699/3625
f 4571/2644/3571 4635/2698/3624 4570/2643/3570
f 4637/2700/3626 4577/2646/3573 4636/2701/3627
f 4577/2646/3573 4637/2700/3626 4576/2649/3576
f 4641/2673/3628 4639/2648/3630 4638/2672/3629
f 4639/2648/3630 4641/2673/3628 4640/2647/3631
f 4645/2677/3632 4643/2702/3634 4642/2676/3633
f 4643/2702/3634 4645/2677/3632 4644/2703/3635
f 4649/2704/3636 4647/2650/3637 4646/2705/3637
f 4647/2650/3637 4649/2704/3636 4648/2653/3638
f 4653/2681/3639 4651/2652/3641 4650/2680/3640
f 4651/2652/3641 4653/2681/3639 4652/2651/3639
f 4655/2706/3642 4585/2654/3578 4654/2707/3643
f 4585/2654/3578 4655/2706/3642 4584/2657/3581
f 4659/2684/3644 4657/2655/3646 4656/2656/3645
f 4657/2655/3646 4659/2684/3644 4658/2685/3647
f 4661/2708/3648 4589/2658/3582 4660/2709/3649
f 4589/2658/3582 4661/2708/3648 4588/2661/3585
f 4665/2688/3650 4663/2659/3652 4662/2660/3651
f 4663/2659/3652 4665/2688/3650 4664/2689/3653
f 4667/2710/3654 4593/2662/3586 4666/2711/3655
f 4593/2662/3586 4667/2710/3654 4592/2665/3589
f 4671/2692/3656 4669/2663/3658 4668/2664/3657
f 4669/2663/3658 4671/2692/3656 4670/2693/3659
f 4673/2696/3660 4644/2703/3635 4645/2677/3632
f 4644/2703/3635 4673/2696/3660 4672/2640/3660
f 4675/2712/3661 4594/2666/3590 4674/2713/3662
f 4594/2666/3590 4675/2712/3661 4595/2667/3591
f 4676/2713/3624 4570/2643/3570 4635/2698/3624
f 4570/2643/3570 4676/2713/3624 4594/2666/3590
s 0
f 4680/2668/3663 4678/2640/3663 4677/2696/3663
f 4678/2640/3664 4680/2668/3664 4679/2642/3664
s 1
f 4681/2714/3665 4595/2667/3591 4675/2712/3661
f 4595/2667/3591 4681/2714/3665 4566/2639/3567
f 4683/2715/3666 4643/2702/3634 4682/2716/3666
f 4643/2702/3634 4683/2715/3666 4642/2676/3633
f 4607/2676/3599 4684/2717/3667 4606/2679/3602
f 4684/2717/3667 4607/2676/3599 4685/2715/3668
f 4687/2718/3669 4632/2645/3623 4633/2669/3621
f 4632/2645/3623 4687/2718/3669 4686/2719/3670
f 4689/2718/3671 4597/2670/3594 4688/2720/3672
f 4597/2670/3594 4689/2718/3671 4596/2669/3593
f 4691/2721/3673 4571/2644/3571 4690/2722/3674
f 4571/2644/3571 4691/2721/3673 4634/2699/3625
f 4690/2722/3674 4572/2645/3572 4692/2719/3675
f 4572/2645/3572 4690/2722/3674 4571/2644/3571
f 4600/2673/3596 4622/2695/3618 4623/2692/3615
f 4622/2695/3618 4600/2673/3596 4601/2674/3597
f 4667/2710/3654 4577/2646/3573 4592/2665/3589
f 4577/2646/3573 4667/2710/3654 4636/2701/3627
f 4592/2665/3589 4574/2647/3574 4591/2664/3588
f 4574/2647/3574 4592/2665/3589 4577/2646/3573
f 4671/2692/3656 4640/2647/3631 4641/2673/3628
f 4640/2647/3631 4671/2692/3656 4668/2664/3657
f 4694/2680/3676 4657/2655/3646 4658/2685/3647
f 4657/2655/3646 4694/2680/3676 4693/2652/3676
f 4611/2680/3603 4613/2686/3609 4610/2683/3606
f 4613/2686/3609 4611/2680/3603 4612/2685/3608
f 4649/2704/3636 4585/2654/3578 4648/2653/3638
f 4585/2654/3578 4649/2704/3636 4654/2707/3643
f 4648/2653/3638 4582/2655/3579 4695/2652/3677
f 4582/2655/3579 4648/2653/3638 4585/2654/3578
f 4637/2700/3626 4690/2722/3674 4576/2649/3576
f 4690/2722/3674 4637/2700/3626 4691/2721/3673
f 4576/2649/3576 4692/2719/3675 4575/2648/3575
f 4692/2719/3675 4576/2649/3576 4690/2722/3674
f 4638/2672/3629 4686/2719/3670 4687/2718/3669
f 4686/2719/3670 4638/2672/3629 4639/2648/3630
f 4603/2672/3595 4688/2720/3672 4602/2675/3598
f 4688/2720/3672 4603/2672/3595 4689/2718/3671
f 4685/2715/3668 4609/2682/3605 4684/2717/3667
f 4609/2682/3605 4685/2715/3668 4608/2681/3604
f 4700/2723/3678 4697/2724/3680 4696/2705/3679
f 4700/2723/3678 4698/2725/3681 4697/2724/3680
f 4698/2725/3681 4700/2723/3678 4699/2726/3682
f 4704/2727/3683 4702/2651/3683 4701/2716/3683
f 4702/2651/3683 4704/2727/3683 4703/2650/3683
f 4708/2715/3684 4706/2651/3684 4705/2681/3684
f 4706/2651/3684 4708/2715/3684 4707/2716/3685
f 4616/2689/3612 4614/2687/3610 4615/2684/3607
f 4614/2687/3610 4616/2689/3612 4617/2690/3613
f 4655/2706/3642 4589/2658/3582 4584/2657/3581
f 4589/2658/3582 4655/2706/3642 4660/2709/3649
f 4584/2657/3581 4586/2659/3583 4583/2656/3580
f 4586/2659/3583 4584/2657/3581 4589/2658/3582
f 4659/2684/3644 4663/2659/3652 4664/2689/3653
f 4663/2659/3652 4659/2684/3644 4656/2656/3645
f 4620/2693/3616 4618/2691/3614 4619/2688/3611
f 4618/2691/3614 4620/2693/3616 4621/2694/3617
f 4661/2708/3648 4593/2662/3586 4588/2661/3585
f 4593/2662/3586 4661/2708/3648 4666/2711/3655
f 4588/2661/3585 4590/2663/3587 4587/2660/3584
f 4590/2663/3587 4588/2661/3585 4593/2662/3586
f 4665/2688/3650 4669/2663/3658 4670/2693/3659
f 4669/2663/3658 4665/2688/3650 4662/2660/3651
f 4712/2671/3686 4710/2728/3688 4709/2670/3687
f 4710/2728/3688 4712/2671/3686 4711/2729/3689
f 4716/2675/3690 4714/2730/3692 4713/2674/3691
f 4714/2730/3692 4716/2675/3690 4715/2731/3693
f 4720/2679/3694 4718/2732/3696 4717/2678/3695
f 4718/2732/3696 4720/2679/3694 4719/2733/3697
f 4724/2683/3698 4722/2734/3700 4721/2682/3699
f 4722/2734/3700 4724/2683/3698 4723/2735/3701
f 4728/2687/3702 4726/2736/3704 4725/2686/3703
f 4726/2736/3704 4728/2687/3702 4727/2737/3705
f 4732/2691/3706 4730/2738/3708 4729/2690/3707
f 4730/2738/3708 4732/2691/3706 4731/2739/3709
f 4736/2695/3710 4734/2740/3712 4733/2694/3711
f 4734/2740/3712 4736/2695/3710 4735/2741/3713
f 4717/2678/3695 4738/2742/3715 4737/2697/3714
f 4738/2742/3715 4717/2678/3695 4718/2732/3696
f 4737/2697/3714 4711/2729/3689 4712/2671/3686
f 4711/2729/3689 4737/2697/3714 4738/2742/3715
f 4740/2717/3716 4719/2733/3697 4720/2679/3694
f 4719/2733/3697 4740/2717/3716 4739/2743/3717
f 4709/2670/3687 4742/2744/3719 4741/2720/3718
f 4742/2744/3719 4709/2670/3687 4710/2728/3688
f 4713/2674/3691 4735/2741/3713 4736/2695/3710
f 4735/2741/3713 4713/2674/3691 4714/2730/3692
f 4725/2686/3703 4723/2735/3701 4724/2683/3698
f 4723/2735/3701 4725/2686/3703 4726/2736/3704
f 4741/2720/3718 4715/2731/3693 4716/2675/3690
f 4715/2731/3693 4741/2720/3718 4742/2744/3719
f 4721/2682/3699 4739/2743/3717 4740/2717/3716
f 4739/2743/3717 4721/2682/3699 4722/2734/3700
f 4729/2690/3707 4727/2737/3705 4728/2687/3702
f 4727/2737/3705 4729/2690/3707 4730/2738/3708
f 4733/2694/3711 4731/2739/3709 4732/2691/3706
f 4731/2739/3709 4733/2694/3711 4734/2740/3712
f 4746/2729/3720 4744/2745/3722 4743/2728/3721
f 4744/2745/3722 4746/2729/3720 4745/2746/3723
f 4750/2731/3724 4748/2747/3725 4747/2730/3725
f 4748/2747/3725 4750/2731/3724 4749/2748/3726
f 4754/2733/3727 4752/2749/3729 4751/2732/3728
f 4752/2749/3729 4754/2733/3727 4753/2750/3730
f 4758/2735/3731 4756/2751/3731 4755/2734/3732
f 4756/2751/3731 4758/2735/3731 4757/2752/3731
f 4762/2737/3733 4760/2753/3735 4759/2736/3734
f 4760/2753/3735 4762/2737/3733 4761/2754/3736
f 4766/2739/3737 4764/2755/3739 4763/2738/3738
f 4764/2755/3739 4766/2739/3737 4765/2756/3740
f 4770/2741/3741 4768/2757/3743 4767/2740/3742
f 4768/2757/3743 4770/2741/3741 4769/2758/3744
f 4751/2732/3728 4772/2759/3746 4771/2742/3745
f 4772/2759/3746 4751/2732/3728 4752/2749/3729
f 4774/2742/3747 4745/2746/3723 4773/2729/3747
f 4745/2746/3723 4774/2742/3747 4772/2759/3746
f 4776/2743/3748 4753/2750/3730 4754/2733/3727
f 4753/2750/3730 4776/2743/3748 4775/2760/3749
f 4743/2728/3721 4778/2761/3751 4777/2744/3750
f 4778/2761/3751 4743/2728/3721 4744/2745/3722
f 4782/2730/3752 4780/2758/3752 4779/2741/3752
f 4780/2758/3752 4782/2730/3752 4781/2747/3752
f 4759/2736/3734 4784/2752/3754 4783/2735/3753
f 4784/2752/3754 4759/2736/3734 4760/2753/3735
f 4777/2744/3750 4749/2748/3726 4750/2731/3724
f 4749/2748/3726 4777/2744/3750 4778/2761/3751
f 4786/2734/3755 4775/2760/3749 4776/2743/3748
f 4775/2760/3749 4786/2734/3755 4785/2751/3756
f 4763/2738/3738 4761/2754/3736 4762/2737/3733
f 4761/2754/3736 4763/2738/3738 4764/2755/3739
f 4767/2740/3742 4765/2756/3740 4766/2739/3737
f 4765/2756/3740 4767/2740/3742 4768/2757/3743
f 4745/2746/3723 4787/2762/3757 4744/2745/3722
f 4787/2762/3757 4745/2746/3723 4788/2763/3758
f 4749/2748/3726 4790/2764/3760 4789/2747/3759
f 4790/2764/3760 4749/2748/3726 4791/2765/3761
f 4753/2750/3730 4792/2766/3762 4752/2749/3729
f 4792/2766/3762 4753/2750/3730 4793/2767/3763
f 4784/2752/3754 4795/2768/3765 4794/2751/3764
f 4795/2768/3765 4784/2752/3754 4796/2769/3766
f 4761/2754/3736 4797/2770/3767 4760/2753/3735
f 4797/2770/3767 4761/2754/3736 4798/2771/3768
f 4765/2756/3740 4799/2772/3769 4764/2755/3739
f 4799/2772/3769 4765/2756/3740 4800/2773/3770
f 4769/2758/3744 4801/2774/3771 4768/2757/3743
f 4801/2774/3771 4769/2758/3744 4802/2775/3772
f 4752/2749/3729 4803/2776/3773 4772/2759/3746
f 4803/2776/3773 4752/2749/3729 4792/2766/3762
f 4772/2759/3746 4788/2763/3758 4745/2746/3723
f 4788/2763/3758 4772/2759/3746 4803/2776/3773
f 4775/2760/3749 4793/2767/3763 4753/2750/3730
f 4793/2767/3763 4775/2760/3749 4804/2777/3774
f 4744/2745/3722 4805/2778/3775 4778/2761/3751
f 4805/2778/3775 4744/2745/3722 4787/2762/3757
f 4789/2747/3759 4802/2775/3772 4769/2758/3744
f 4802/2775/3772 4789/2747/3759 4790/2764/3760
f 4760/2753/3735 4796/2769/3766 4784/2752/3754
f 4796/2769/3766 4760/2753/3735 4797/2770/3767
f 4778/2761/3751 4791/2765/3761 4749/2748/3726
f 4791/2765/3761 4778/2761/3751 4805/2778/3775
f 4794/2751/3764 4804/2777/3774 4775/2760/3749
f 4804/2777/3774 4794/2751/3764 4795/2768/3765
f 4764/2755/3739 4798/2771/3768 4761/2754/3736
f 4798/2771/3768 4764/2755/3739 4799/2772/3769
f 4768/2757/3743 4800/2773/3770 4765/2756/3740
f 4800/2773/3770 4768/2757/3743 4801/2774/3771
f 4807/2779/3776 4566/2639/3567 4681/2714/3665
f 4566/2639/3567 4807/2779/3776 4806/2638/3777
f 4811/2780/3778 4809/2712/3780 4808/2781/3779
f 4809/2712/3780 4811/2780/3778 4810/2714/3778
f 4808/2781/3779 4813/2713/2959 4812/2782/2959
f 4813/2713/2959 4808/2781/3779 4809/2712/3780
s 0
f 4817/2782/2955 4815/2698/2955 4814/2783/2955
f 4815/2698/2955 4817/2782/2955 4816/2713/2955
s 1
f 4814/2783/2955 4819/2699/3542 4818/2784/3542
f 4819/2699/3542 4814/2783/2955 4815/2698/2955
f 4821/2785/3543 4819/2699/3542 4820/2721/3543
f 4819/2699/3542 4821/2785/3543 4818/2784/3542
f 4823/2786/3544 4820/2721/3543 4822/2700/3544
f 4820/2721/3543 4823/2786/3544 4821/2785/3543
f 4825/2787/3546 4822/2700/3544 4824/2701/3545
f 4822/2700/3544 4825/2787/3546 4823/2786/3544
f 4827/2788/3547 4824/2701/3545 4826/2710/3547
f 4824/2701/3545 4827/2788/3547 4825/2787/3546
f 4829/2789/3548 4826/2710/3547 4828/2711/3548
f 4826/2710/3547 4829/2789/3548 4827/2788/3547
f 4831/2790/3549 4828/2711/3548 4830/2708/3549
f 4828/2711/3548 4831/2790/3549 4829/2789/3548
f 4833/2791/3550 4830/2708/3549 4832/2709/3550
f 4830/2708/3549 4833/2791/3550 4831/2790/3549
f 4837/2792/3552 4835/2709/3551 4834/2706/3552
f 4835/2709/3551 4837/2792/3552 4836/2791/3551
f 4839/2793/3781 4834/2706/3552 4838/2707/3781
f 4834/2706/3552 4839/2793/3781 4837/2792/3552
f 4841/2794/3556 4838/2707/3781 4840/2704/3555
f 4838/2707/3781 4841/2794/3556 4839/2793/3781
f 4697/2724/3680 4840/2704/3555 4696/2705/3679
f 4840/2704/3555 4697/2724/3680 4841/2794/3556
f 4843/2650/3782 4700/2723/3678 4696/2705/3679
f 4700/2723/3678 4843/2650/3782 4842/2727/3783
f 4847/2795/3784 4845/2702/3785 4844/2703/3784
f 4845/2702/3785 4847/2795/3784 4846/2796/3786
f 4846/2796/3786 4848/2716/3787 4845/2702/3785
f 4848/2716/3787 4846/2796/3786 4849/2727/3787
f 4853/2481/3788 4851/2798/3788 4850/2797/3788
f 4851/2798/3788 4853/2481/3788 4852/2482/3789
f 4857/2799/3790 4855/2801/3792 4854/2800/3791
f 4855/2801/3792 4857/2799/3790 4856/2802/3793
f 4861/2803/3794 4859/2805/3796 4858/2804/3795
f 4859/2805/3796 4861/2803/3794 4860/2806/3797
f 4865/2807/3798 4863/2809/3798 4862/2808/3798
f 4863/2809/3798 4865/2807/3798 4864/2810/3798
f 4869/2811/3799 4867/2813/3801 4866/2812/3800
f 4867/2813/3801 4869/2811/3799 4868/2814/3802
f 4873/2815/3803 4871/2817/3805 4870/2816/3804
f 4871/2817/3805 4873/2815/3803 4872/2818/3806
f 4877/2819/3807 4875/2821/3809 4874/2820/3808
f 4875/2821/3809 4877/2819/3807 4876/2822/3810
f 4878/2823/3811 4857/2799/3790 4854/2800/3791
f 4878/2823/3811 4879/2824/3812 4857/2799/3790
s 0
f 4883/2798/3813 4881/2824/3813 4880/2797/3813
f 4881/2824/3813 4883/2798/3813 4882/2799/3813
s 1
f 4887/2825/3814 4885/2827/3816 4884/2826/3815
f 4885/2827/3816 4887/2825/3814 4886/2828/3814
f 4891/2829/3817 4889/2831/3819 4888/2830/3818
f 4889/2831/3819 4891/2829/3817 4890/2832/3820
f 4895/2833/3821 4893/2835/3823 4892/2834/3822
f 4893/2835/3823 4895/2833/3821 4894/2836/3824
f 4899/2837/3825 4897/2839/3827 4896/2838/3826
f 4897/2839/3827 4899/2837/3825 4898/2840/3828
f 4903/2841/3829 4901/2843/3831 4900/2842/3830
f 4901/2843/3831 4903/2841/3829 4902/2844/3832
f 4907/2845/3833 4905/2847/3835 4904/2846/3834
f 4905/2847/3835 4907/2845/3833 4906/2848/3836
f 4911/2849/3837 4909/2851/3839 4908/2850/3838
f 4909/2851/3839 4911/2849/3837 4910/2852/3840
f 4892/2834/3822 4913/2854/3841 4912/2853/3841
f 4913/2854/3841 4892/2834/3822 4893/2835/3823
s 0
f 4917/2853/3387 4915/2828/3387 4914/2825/3387
f 4915/2828/3387 4917/2853/3387 4916/2854/3387
s 1
f 4921/2826/3842 4919/2799/3843 4918/2825/3843
f 4919/2799/3843 4921/2826/3842 4920/2802/3844
f 4923/2855/3845 4855/2801/3792 4922/2856/3846
f 4855/2801/3792 4923/2855/3845 4854/2800/3791
f 4925/2857/3847 4861/2803/3794 4924/2858/3848
f 4861/2803/3794 4925/2857/3847 4860/2806/3797
f 4929/2830/3849 4927/2805/3851 4926/2829/3850
f 4927/2805/3851 4929/2830/3849 4928/2804/3852
f 4933/2834/3853 4931/2859/3855 4930/2833/3854
f 4931/2859/3855 4933/2834/3853 4932/2860/3856
f 4937/2861/3857 4935/2807/3858 4934/2862/3858
f 4935/2807/3858 4937/2861/3857 4936/2810/3859
f 4941/2838/3860 4939/2809/3861 4938/2837/3861
f 4939/2809/3861 4941/2838/3860 4940/2808/3861
f 4943/2863/3862 4869/2811/3799 4942/2864/3863
f 4869/2811/3799 4943/2863/3862 4868/2814/3802
f 4947/2841/3864 4945/2812/3866 4944/2813/3865
f 4945/2812/3866 4947/2841/3864 4946/2842/3867
f 4949/2865/3868 4873/2815/3803 4948/2866/3869
f 4873/2815/3803 4949/2865/3868 4872/2818/3806
f 4953/2845/3870 4951/2816/3872 4950/2817/3871
f 4951/2816/3872 4953/2845/3870 4952/2846/3873
f 4955/2867/3874 4877/2819/3807 4954/2868/3875
f 4877/2819/3807 4955/2867/3874 4876/2822/3810
f 4959/2849/3876 4957/2820/3878 4956/2821/3877
f 4957/2820/3878 4959/2849/3876 4958/2850/3879
f 4961/2853/3880 4932/2860/3856 4933/2834/3853
f 4932/2860/3856 4961/2853/3880 4960/2798/3880
f 4963/2869/3427 4878/2823/3811 4962/2870/3427
f 4878/2823/3811 4963/2869/3427 4879/2824/3812
f 4964/2870/3845 4854/2800/3791 4923/2855/3845
f 4854/2800/3791 4964/2870/3845 4878/2823/3811
s 0
f 4968/2825/3428 4966/2798/3428 4965/2853/3428
f 4966/2798/3428 4968/2825/3428 4967/2799/3428
s 1
f 4972/2871/3881 4970/2824/3882 4969/2869/3881
f 4970/2824/3882 4972/2871/3881 4971/2797/3881
f 4974/2872/3883 4931/2859/3855 4973/2873/3884
f 4931/2859/3855 4974/2872/3883 4930/2833/3854
f 4895/2833/3821 4975/2874/3885 4894/2836/3824
f 4975/2874/3885 4895/2833/3821 4976/2872/3886
f 4978/2875/3887 4920/2802/3844 4921/2826/3842
f 4920/2802/3844 4978/2875/3887 4977/2876/3888
f 4980/2875/3889 4885/2827/3816 4979/2877/3890
f 4885/2827/3816 4980/2875/3889 4884/2826/3815
f 4982/2878/3891 4855/2801/3792 4981/2879/3892
f 4855/2801/3792 4982/2878/3891 4922/2856/3846
f 4981/2879/3892 4856/2802/3793 4983/2876/3893
f 4856/2802/3793 4981/2879/3892 4855/2801/3792
f 4888/2830/3818 4910/2852/3840 4911/2849/3837
f 4910/2852/3840 4888/2830/3818 4889/2831/3819
f 4955/2867/3874 4861/2803/3794 4876/2822/3810
f 4861/2803/3794 4955/2867/3874 4924/2858/3848
f 4876/2822/3810 4858/2804/3795 4875/2821/3809
f 4858/2804/3795 4876/2822/3810 4861/2803/3794
f 4959/2849/3876 4928/2804/3852 4929/2830/3849
f 4928/2804/3852 4959/2849/3876 4956/2821/3877
f 4985/2837/3894 4945/2812/3866 4946/2842/3867
f 4945/2812/3866 4985/2837/3894 4984/2809/3894
f 4899/2837/3825 4901/2843/3831 4898/2840/3828
f 4901/2843/3831 4899/2837/3825 4900/2842/3830
f 4937/2861/3857 4869/2811/3799 4936/2810/3859
f 4869/2811/3799 4937/2861/3857 4942/2864/3863
f 4936/2810/3859 4866/2812/3800 4986/2809/3895
f 4866/2812/3800 4936/2810/3859 4869/2811/3799
f 4925/2857/3847 4981/2879/3892 4860/2806/3797
f 4981/2879/3892 4925/2857/3847 4982/2878/3891
f 4860/2806/3797 4983/2876/3893 4859/2805/3796
f 4983/2876/3893 4860/2806/3797 4981/2879/3892
f 4926/2829/3850 4977/2876/3888 4978/2875/3887
f 4977/2876/3888 4926/2829/3850 4927/2805/3851
f 4891/2829/3817 4979/2877/3890 4890/2832/3820
f 4979/2877/3890 4891/2829/3817 4980/2875/3889
f 4976/2872/3886 4897/2839/3827 4975/2874/3885
f 4897/2839/3827 4976/2872/3886 4896/2838/3826
f 4991/2565/3896 4988/2880/3898 4987/2862/3897
f 4991/2565/3896 4989/2881/3899 4988/2880/3898
f 4989/2881/3899 4991/2565/3896 4990/2882/3900
f 4995/2568/3901 4993/2808/3901 4992/2873/3901
f 4993/2808/3901 4995/2568/3901 4994/2807/3901
f 4999/2872/3902 4997/2808/3903 4996/2838/3903
f 4997/2808/3903 4999/2872/3902 4998/2873/3903
f 4904/2846/3834 4902/2844/3832 4903/2841/3829
f 4902/2844/3832 4904/2846/3834 4905/2847/3835
f 4943/2863/3862 4873/2815/3803 4868/2814/3802
f 4873/2815/3803 4943/2863/3862 4948/2866/3869
f 4868/2814/3802 4870/2816/3804 4867/2813/3801
f 4870/2816/3804 4868/2814/3802 4873/2815/3803
f 4947/2841/3864 4951/2816/3872 4952/2846/3873
f 4951/2816/3872 4947/2841/3864 4944/2813/3865
f 4908/2850/3838 4906/2848/3836 4907/2845/3833
f 4906/2848/3836 4908/2850/3838 4909/2851/3839
f 4949/2865/3868 4877/2819/3807 4872/2818/3806
f 4877/2819/3807 4949/2865/3868 4954/2868/3875
f 4872/2818/3806 4874/2820/3808 4871/2817/3805
f 4874/2820/3808 4872/2818/3806 4877/2819/3807
f 4953/2845/3870 4957/2820/3878 4958/2850/3879
f 4957/2820/3878 4953/2845/3870 4950/2817/3871
f 5003/2828/3904 5001/2883/3906 5000/2827/3905
f 5001/2883/3906 5003/2828/3904 5002/2884/3907
f 5007/2832/3908 5005/2885/3910 5004/2831/3909
f 5005/2885/3910 5007/2832/3908 5006/2886/3911
f 5011/2836/3912 5009/2887/3914 5008/2835/3913
f 5009/2887/3914 5011/2836/3912 5010/2888/3915
f 5015/2840/3916 5013/2889/3918 5012/2839/3917
f 5013/2889/3918 5015/2840/3916 5014/2890/3919
f 5019/2844/3920 5017/2891/3922 5016/2843/3921
f 5017/2891/3922 5019/2844/3920 5018/2892/3923
f 5023/2848/3924 5021/2893/3926 5020/2847/3925
f 5021/2893/3926 5023/2848/3924 5022/2894/3927
f 5027/2852/3928 5025/2895/3930 5024/2851/3929
f 5025/2895/3930 5027/2852/3928 5026/2896/3931
f 5008/2835/3913 5029/2897/3933 5028/2854/3932
f 5029/2897/3933 5008/2835/3913 5009/2887/3914
f 5028/2854/3932 5002/2884/3907 5003/2828/3904
f 5002/2884/3907 5028/2854/3932 5029/2897/3933
f 5031/2874/3934 5010/2888/3915 5011/2836/3912
f 5010/2888/3915 5031/2874/3934 5030/2898/3935
f 5000/2827/3905 5033/2899/3937 5032/2877/3936
f 5033/2899/3937 5000/2827/3905 5001/2883/3906
f 5004/2831/3909 5026/2896/3931 5027/2852/3928
f 5026/2896/3931 5004/2831/3909 5005/2885/3910
f 5016/2843/3921 5014/2890/3919 5015/2840/3916
f 5014/2890/3919 5016/2843/3921 5017/2891/3922
f 5032/2877/3936 5006/2886/3911 5007/2832/3908
f 5006/2886/3911 5032/2877/3936 5033/2899/3937
f 5012/2839/3917 5030/2898/3935 5031/2874/3934
f 5030/2898/3935 5012/2839/3917 5013/2889/3918
f 5020/2847/3925 5018/2892/3923 5019/2844/3920
f 5018/2892/3923 5020/2847/3925 5021/2893/3926
f 5024/2851/3929 5022/2894/3927 5023/2848/3924
f 5022/2894/3927 5024/2851/3929 5025/2895/3930
f 5037/2884/3938 5035/2900/3940 5034/2883/3939
f 5035/2900/3940 5037/2884/3938 5036/2901/3941
f 5041/2886/3942 5039/2902/3943 5038/2885/3943
f 5039/2902/3943 5041/2886/3942 5040/2903/3944
f 5045/2888/3945 5043/2904/3947 5042/2887/3946
f 5043/2904/3947 5045/2888/3945 5044/2905/3948
f 5049/2890/3949 5047/2906/3949 5046/2889/3950
f 5047/2906/3949 5049/2890/3949 5048/2907/3949
f 5053/2892/3951 5051/2908/3953 5050/2891/3952
f 5051/2908/3953 5053/2892/3951 5052/2909/3954
f 5057/2894/3955 5055/2910/3957 5054/2893/3956
f 5055/2910/3957 5057/2894/3955 5056/2911/3958
f 5061/2896/3959 5059/2912/3961 5058/2895/3960
f 5059/2912/3961 5061/2896/3959 5060/2913/3962
f 5042/2887/3946 5063/2914/3964 5062/2897/3963
f 5063/2914/3964 5042/2887/3946 5043/2904/3947
f 5065/2897/3512 5036/2901/3941 5064/2884/3512
f 5036/2901/3941 5065/2897/3512 5063/2914/3964
f 5067/2898/3965 5044/2905/3948 5045/2888/3945
f 5044/2905/3948 5067/2898/3965 5066/2915/3966
f 5034/2883/3939 5069/2916/3968 5068/2899/3967
f 5069/2916/3968 5034/2883/3939 5035/2900/3940
f 5073/2885/3969 5071/2913/3969 5070/2896/3969
f 5071/2913/3969 5073/2885/3969 5072/2902/3969
f 5050/2891/3952 5075/2907/3971 5074/2890/3970
f 5075/2907/3971 5050/2891/3952 5051/2908/3953
f 5068/2899/3967 5040/2903/3944 5041/2886/3942
f 5040/2903/3944 5068/2899/3967 5069/2916/3968
f 5077/2889/3972 5066/2915/3966 5067/2898/3965
f 5066/2915/3966 5077/2889/3972 5076/2906/3973
f 5054/2893/3956 5052/2909/3954 5053/2892/3951
f 5052/2909/3954 5054/2893/3956 5055/2910/3957
f 5058/2895/3960 5056/2911/3958 5057/2894/3955
f 5056/2911/3958 5058/2895/3960 5059/2912/3961
f 5036/2901/3941 5078/2917/3974 5035/2900/3940
f 5078/2917/3974 5036/2901/3941 5079/2918/3975
f 5040/2903/3944 5081/2919/3977 5080/2902/3976
f 5081/2919/3977 5040/2903/3944 5082/2920/3978
f 5044/2905/3948 5083/2921/3979 5043/2904/3947
f 5083/2921/3979 5044/2905/3948 5084/2922/3980
f 5075/2907/3971 5086/2923/3982 5085/2906/3981
f 5086/2923/3982 5075/2907/3971 5087/2924/3983
f 5052/2909/3954 5088/2925/3984 5051/2908/3953
f 5088/2925/3984 5052/2909/3954 5089/2926/3985
f 5056/2911/3958 5090/2927/3986 5055/2910/3957
f 5090/2927/3986 5056/2911/3958 5091/2928/3987
f 5060/2913/3962 5092/2929/3988 5059/2912/3961
f 5092/2929/3988 5060/2913/3962 5093/2930/3989
f 5043/2904/3947 5094/2931/3990 5063/2914/3964
f 5094/2931/3990 5043/2904/3947 5083/2921/3979
f 5063/2914/3964 5079/2918/3975 5036/2901/3941
f 5079/2918/3975 5063/2914/3964 5094/2931/3990
f 5066/2915/3966 5084/2922/3980 5044/2905/3948
f 5084/2922/3980 5066/2915/3966 5095/2932/3991
f 5035/2900/3940 5096/2933/3992 5069/2916/3968
f 5096/2933/3992 5035/2900/3940 5078/2917/3974
f 5080/2902/3976 5093/2930/3989 5060/2913/3962
f 5093/2930/3989 5080/2902/3976 5081/2919/3977
f 5051/2908/3953 5087/2924/3983 5075/2907/3971
f 5087/2924/3983 5051/2908/3953 5088/2925/3984
f 5069/2916/3968 5082/2920/3978 5040/2903/3944
f 5082/2920/3978 5069/2916/3968 5096/2933/3992
f 5085/2906/3981 5095/2932/3991 5066/2915/3966
f 5095/2932/3991 5085/2906/3981 5086/2923/3982
f 5055/2910/3957 5089/2926/3985 5052/2909/3954
f 5089/2926/3985 5055/2910/3957 5090/2927/3986
f 5059/2912/3961 5091/2928/3987 5056/2911/3958
f 5091/2928/3987 5059/2912/3961 5092/2929/3988
f 5100/2934/3993 5098/2869/3993 5097/2935/3993
f 5098/2869/3993 5100/2934/3993 5099/2871/3993
s 0
f 5104/2935/2959 5102/2870/2959 5101/2936/2959
f 5102/2870/2959 5104/2935/2959 5103/2869/2959
f 5108/2936/2958 5106/2855/2958 5105/2937/2958
f 5106/2855/2958 5108/2936/2958 5107/2870/2958
s 1
f 5105/2937/2958 5110/2856/3994 5109/2938/3994
f 5110/2856/3994 5105/2937/2958 5106/2855/2958
f 5112/2939/3995 5110/2856/3994 5111/2878/3995
f 5110/2856/3994 5112/2939/3995 5109/2938/3994
f 5114/2940/3996 5111/2878/3995 5113/2857/3996
f 5111/2878/3995 5114/2940/3996 5112/2939/3995
f 5116/2941/3997 5113/2857/3996 5115/2858/3998
f 5113/2857/3996 5116/2941/3997 5114/2940/3996
f 5118/2942/3999 5115/2858/3998 5117/2867/3999
f 5115/2858/3998 5118/2942/3999 5116/2941/3997
f 5120/2943/4000 5117/2867/3999 5119/2868/4001
f 5117/2867/3999 5120/2943/4000 5118/2942/3999
f 5122/2944/4002 5119/2868/4001 5121/2865/4002
f 5119/2868/4001 5122/2944/4002 5120/2943/4000
f 5124/2945/4003 5121/2865/4002 5123/2866/4003
f 5121/2865/4002 5124/2945/4003 5122/2944/4002
f 5128/2946/4004 5126/2866/4005 5125/2863/4004
f 5126/2866/4005 5128/2946/4004 5127/2945/4005
f 5130/2947/4006 5125/2863/4004 5129/2864/4007
f 5125/2863/4004 5130/2947/4006 5128/2946/4004
f 5132/2948/4008 5129/2864/4007 5131/2861/4009
f 5129/2864/4007 5132/2948/4008 5130/2947/4006
f 4988/2880/3898 5131/2861/4009 4987/2862/3897
f 5131/2861/4009 4988/2880/3898 5132/2948/4008
f 5134/2807/4010 4991/2565/3896 4987/2862/3897
f 4991/2565/3896 5134/2807/4010 5133/2568/4011
f 5138/2636/4012 5136/2859/4014 5135/2860/4013
f 5136/2859/4014 5138/2636/4012 5137/2637/4015
f 5140/2482/4016 5135/2860/4013 5139/2798/4016
f 5135/2860/4013 5140/2482/4016 5138/2636/4012
f 5137/2637/4015 5141/2873/4017 5136/2859/4014
f 5141/2873/4017 5137/2637/4015 5142/2568/4018
f 5146/2949/4019 5144/2638/4021 5143/2950/4020
f 5144/2638/4021 5146/2949/4019 5145/2641/4022
f 5150/2951/4023 5148/2953/4025 5147/2952/4024
f 5148/2953/4025 5150/2951/4023 5149/2954/4026
f 5154/2955/4027 5152/2957/4029 5151/2956/4028
f 5152/2957/4029 5154/2955/4027 5153/2958/4030
f 5158/2959/4031 5156/2961/4031 5155/2960/4031
f 5156/2961/4031 5158/2959/4031 5157/2962/4031
f 5162/2963/4032 5160/2965/4034 5159/2964/4033
f 5160/2965/4034 5162/2963/4032 5161/2966/4035
f 5166/2967/4036 5164/2969/4038 5163/2968/4037
f 5164/2969/4038 5166/2967/4036 5165/2970/4039
f 5170/2971/4040 5168/2973/4042 5167/2972/4041
f 5168/2973/4042 5170/2971/4040 5169/2974/4043
f 5171/2975/4044 5148/2953/4025 5172/2976/4045
f 5171/2975/4044 5147/2952/4024 5148/2953/4025
f 5172/2976/4045 5146/2949/4019 5143/2950/4020
f 5146/2949/4019 5172/2976/4045 5148/2953/4025
f 5176/2977/4046 5174/2979/4048 5173/2978/4047
f 5174/2979/4048 5176/2977/4046 5175/2980/4048
f 5180/2981/4049 5178/2983/4051 5177/2982/4050
f 5178/2983/4051 5180/2981/4049 5179/2984/4052
f 5184/2985/4053 5182/2987/4055 5181/2986/4054
f 5182/2987/4055 5184/2985/4053 5183/2988/4056
f 5188/2989/4057 5186/2991/4059 5185/2990/4058
f 5186/2991/4059 5188/2989/4057 5187/2992/4060
f 5192/2993/4061 5190/2995/4063 5189/2994/4062
f 5190/2995/4063 5192/2993/4061 5191/2996/4064
f 5196/2997/4065 5194/2999/4067 5193/2998/4066
f 5194/2999/4067 5196/2997/4065 5195/3000/4068
f 5200/3001/4069 5198/3003/4071 5197/3002/4070
f 5198/3003/4071 5200/3001/4069 5199/3004/4072
f 5202/3005/4073 5181/2986/4054 5201/3006/4073
f 5181/2986/4054 5202/3005/4073 5184/2985/4053
s 0
f 5206/2980/3620 5204/3006/3620 5203/2979/3620
f 5204/3006/3620 5206/2980/3620 5205/3005/3620
s 1
f 5210/2953/4074 5208/2978/4075 5207/2979/4074
f 5208/2978/4075 5210/2953/4074 5209/2954/4076
f 5150/2951/4023 5212/3008/4078 5211/3007/4077
f 5212/3008/4078 5150/2951/4023 5147/2952/4024
f 5152/2957/4029 5214/3010/4080 5213/3009/4079
f 5214/3010/4080 5152/2957/4029 5153/2958/4030
f 5218/2955/4081 5216/2982/4083 5215/2983/4082
f 5216/2982/4083 5218/2955/4081 5217/2956/4084
f 5222/3011/4085 5220/2986/4087 5219/2987/4086
f 5220/2986/4087 5222/3011/4085 5221/3012/4088
f 5226/2961/4089 5224/3014/4090 5223/3013/4089
f 5224/3014/4090 5226/2961/4089 5225/2962/4091
f 5230/2959/4092 5228/2990/4093 5227/2991/4093
f 5228/2990/4093 5230/2959/4092 5229/2960/4093
f 5160/2965/4034 5232/3016/4095 5231/3015/4094
f 5232/3016/4095 5160/2965/4034 5161/2966/4035
f 5236/2964/4096 5234/2995/4098 5233/2963/4097
f 5234/2995/4098 5236/2964/4096 5235/2994/4099
f 5164/2969/4038 5238/3018/4101 5237/3017/4100
f 5238/3018/4101 5164/2969/4038 5165/2970/4039
f 5242/2968/4102 5240/2999/4104 5239/2967/4103
f 5240/2999/4104 5242/2968/4102 5241/2998/4105
f 5168/2973/4042 5244/3020/4107 5243/3019/4106
f 5244/3020/4107 5168/2973/4042 5169/2974/4043
f 5248/2972/4108 5246/3003/4110 5245/2971/4109
f 5246/3003/4110 5248/2972/4108 5247/3002/4111
f 5221/3012/4088 5249/3006/4112 5220/2986/4087
f 5249/3006/4112 5221/3012/4088 5250/2949/4112
f 5171/2975/4044 5252/3022/4114 5251/3021/4113
f 5252/3022/4114 5171/2975/4044 5172/2976/4045
f 5147/2952/4024 5253/3021/4078 5212/3008/4078
f 5253/3021/4078 5147/2952/4024 5171/2975/4044
s 0
f 5257/2949/3663 5255/2979/3663 5254/3006/3663
f 5255/2979/3664 5257/2949/3664 5256/2953/3664
s 1
f 5261/2976/4115 5259/3023/4115 5258/3022/4115
f 5259/3023/4115 5261/2976/4115 5260/2950/4115
f 5222/3011/4085 5263/3025/4116 5262/3024/4116
f 5263/3025/4116 5222/3011/4085 5219/2987/4086
f 5265/3026/4117 5182/2987/4055 5183/2988/4056
f 5182/2987/4055 5265/3026/4117 5264/3025/4118
f 5209/2954/4076 5266/3027/4119 5208/2978/4075
f 5266/3027/4119 5209/2954/4076 5267/3028/4120
f 5176/2977/4046 5269/3027/4122 5268/3029/4121
f 5269/3027/4122 5176/2977/4046 5173/2978/4047
f 5150/2951/4023 5271/3031/4124 5270/3030/4123
f 5271/3031/4124 5150/2951/4023 5211/3007/4077
f 5149/2954/4026 5270/3030/4123 5272/3028/4125
f 5270/3030/4123 5149/2954/4026 5150/2951/4023
f 5199/3004/4072 5177/2982/4050 5198/3003/4071
f 5177/2982/4050 5199/3004/4072 5180/2981/4049
f 5152/2957/4029 5244/3020/4107 5169/2974/4043
f 5244/3020/4107 5152/2957/4029 5213/3009/4079
f 5151/2956/4028 5169/2974/4043 5170/2971/4040
f 5169/2974/4043 5151/2956/4028 5152/2957/4029
f 5217/2956/4084 5246/3003/4110 5216/2982/4083
f 5246/3003/4110 5217/2956/4084 5245/2971/4109
f 5236/2964/4096 5273/2991/4126 5235/2994/4099
f 5273/2991/4126 5236/2964/4096 5274/2959/4126
f 5192/2993/4061 5186/2991/4059 5187/2992/4060
f 5186/2991/4059 5192/2993/4061 5189/2994/4062
f 5160/2965/4034 5224/3014/4090 5225/2962/4091
f 5224/3014/4090 5160/2965/4034 5231/3015/4094
f 5159/2964/4033 5225/2962/4091 5275/2959/4127
f 5225/2962/4091 5159/2964/4033 5160/2965/4034
f 5270/3030/4123 5214/3010/4080 5153/2958/4030
f 5214/3010/4080 5270/3030/4123 5271/3031/4124
f 5272/3028/4125 5153/2958/4030 5154/2955/4027
f 5153/2958/4030 5272/3028/4125 5270/3030/4123
f 5267/3028/4120 5215/2983/4082 5266/3027/4119
f 5215/2983/4082 5267/3028/4120 5218/2955/4081
f 5268/3029/4121 5178/2983/4051 5179/2984/4052
f 5178/2983/4051 5268/3029/4121 5269/3027/4122
f 5188/2989/4057 5264/3025/4118 5265/3026/4117
f 5264/3025/4118 5188/2989/4057 5185/2990/4058
f 5280/3032/4128 5277/2723/4130 5276/3013/4129
f 5280/3032/4128 5278/3033/4131 5277/2723/4130
f 5278/3033/4131 5280/3032/4128 5279/3034/4131
f 5284/2960/4132 5282/2727/4132 5281/3024/4132
f 5282/2727/4132 5284/2960/4132 5283/2961/4132
f 5288/2960/4133 5286/3025/4133 5285/2990/4133
f 5286/3025/4133 5288/2960/4133 5287/3024/4133
f 5191/2996/4064 5193/2998/4066 5190/2995/4063
f 5193/2998/4066 5191/2996/4064 5196/2997/4065
f 5164/2969/4038 5232/3016/4095 5161/2966/4035
f 5232/3016/4095 5164/2969/4038 5237/3017/4100
f 5163/2968/4037 5161/2966/4035 5162/2963/4032
f 5161/2966/4035 5163/2968/4037 5164/2969/4038
f 5242/2968/4102 5234/2995/4098 5241/2998/4105
f 5234/2995/4098 5242/2968/4102 5233/2963/4097
f 5195/3000/4068 5197/3002/4070 5194/2999/4067
f 5197/3002/4070 5195/3000/4068 5200/3001/4069
f 5168/2973/4042 5238/3018/4101 5165/2970/4039
f 5238/3018/4101 5168/2973/4042 5243/3019/4106
f 5167/2972/4041 5165/2970/4039 5166/2967/4036
f 5165/2970/4039 5167/2972/4041 5168/2973/4042
f 5248/2972/4108 5240/2999/4104 5247/3002/4111
f 5240/2999/4104 5248/2972/4108 5239/2967/4103
f 5292/3035/4134 5290/2980/4136 5289/2977/4135
f 5290/2980/4136 5292/3035/4134 5291/3036/4137
f 5296/3037/4138 5294/2984/4140 5293/2981/4139
f 5294/2984/4140 5296/3037/4138 5295/3038/4141
f 5300/3039/4142 5298/2988/4144 5297/2985/4143
f 5298/2988/4144 5300/3039/4142 5299/3040/4145
f 5304/3041/4146 5302/2992/4148 5301/2989/4147
f 5302/2992/4148 5304/3041/4146 5303/3042/4149
f 5308/3043/4150 5306/2996/4152 5305/2993/4151
f 5306/2996/4152 5308/3043/4150 5307/3044/4153
f 5312/3045/4154 5310/3000/4156 5309/2997/4155
f 5310/3000/4156 5312/3045/4154 5311/3046/4157
f 5316/3047/4158 5314/3004/4160 5313/3001/4159
f 5314/3004/4160 5316/3047/4158 5315/3048/4161
f 5318/3049/4162 5297/2985/4143 5317/3005/4163
f 5297/2985/4143 5318/3049/4162 5300/3039/4142
f 5291/3036/4137 5317/3005/4163 5290/2980/4136
f 5317/3005/4163 5291/3036/4137 5318/3049/4162
f 5299/3040/4145 5319/3026/4164 5298/2988/4144
f 5319/3026/4164 5299/3040/4145 5320/3050/4165
f 5322/3051/4166 5289/2977/4135 5321/3029/4167
f 5289/2977/4135 5322/3051/4166 5292/3035/4134
f 5315/3048/4161 5293/2981/4139 5314/3004/4160
f 5293/2981/4139 5315/3048/4161 5296/3037/4138
f 5303/3042/4149 5305/2993/4151 5302/2992/4148
f 5305/2993/4151 5303/3042/4149 5308/3043/4150
f 5295/3038/4141 5321/3029/4167 5294/2984/4140
f 5321/3029/4167 5295/3038/4141 5322/3051/4166
f 5320/3050/4165 5301/2989/4147 5319/3026/4164
f 5301/2989/4147 5320/3050/4165 5304/3041/4146
f 5307/3044/4153 5309/2997/4155 5306/2996/4152
f 5309/2997/4155 5307/3044/4153 5312/3045/4154
f 5311/3046/4157 5313/3001/4159 5310/3000/4156
f 5313/3001/4159 5311/3046/4157 5316/3047/4158
f 5326/3052/4168 5324/3036/4170 5323/3035/4169
f 5324/3036/4170 5326/3052/4168 5325/3053/4171
f 5330/3054/4172 5328/3038/4173 5327/3037/4172
f 5328/3038/4173 5330/3054/4172 5329/3055/4174
f 5334/3056/4175 5332/3040/4177 5331/3039/4176
f 5332/3040/4177 5334/3056/4175 5333/3057/4178
f 5338/3058/4179 5336/3042/4179 5335/3041/4180
f 5336/3042/4179 5338/3058/4179 5337/3059/4179
f 5342/3060/4181 5340/3044/4183 5339/3043/4182
f 5340/3044/4183 5342/3060/4181 5341/3061/4184
f 5346/3062/4185 5344/3046/4187 5343/3045/4186
f 5344/3046/4187 5346/3062/4185 5345/3063/4188
f 5350/3064/4189 5348/3048/4191 5347/3047/4190
f 5348/3048/4191 5350/3064/4189 5349/3065/4192
f 5352/3066/4193 5331/3039/4176 5351/3049/4194
f 5331/3039/4176 5352/3066/4193 5334/3056/4175
f 5325/3053/4171 5354/3049/3747 5353/3036/3747
f 5354/3049/3747 5325/3053/4171 5352/3066/4193
f 5333/3057/4178 5355/3050/4195 5332/3040/4177
f 5355/3050/4195 5333/3057/4178 5356/3067/4196
f 5358/3068/4197 5323/3035/4169 5357/3051/4198
f 5323/3035/4169 5358/3068/4197 5326/3052/4168
f 5362/3065/4199 5360/3037/4199 5359/3048/4199
f 5360/3037/4199 5362/3065/4199 5361/3054/4199
f 5364/3059/4200 5339/3043/4182 5363/3042/4201
f 5339/3043/4182 5364/3059/4200 5342/3060/4181
f 5329/3055/4174 5357/3051/4198 5328/3038/4173
f 5357/3051/4198 5329/3055/4174 5358/3068/4197
f 5356/3067/4196 5365/3041/4202 5355/3050/4195
f 5365/3041/4202 5356/3067/4196 5366/3058/4203
f 5341/3061/4184 5343/3045/4186 5340/3044/4183
f 5343/3045/4186 5341/3061/4184 5346/3062/4185
f 5345/3063/4188 5347/3047/4190 5344/3046/4187
f 5347/3047/4190 5345/3063/4188 5350/3064/4189
f 5368/3069/4204 5325/3053/4171 5326/3052/4168
f 5325/3053/4171 5368/3069/4204 5367/3070/4205
f 5371/3071/4206 5329/3055/4174 5369/3054/4207
f 5329/3055/4174 5371/3071/4206 5370/3072/4208
f 5373/3073/4209 5333/3057/4178 5334/3056/4175
f 5333/3057/4178 5373/3073/4209 5372/3074/4210
f 5376/3075/4211 5364/3059/4200 5374/3058/4212
f 5364/3059/4200 5376/3075/4211 5375/3076/4213
f 5378/3077/4214 5341/3061/4184 5342/3060/4181
f 5341/3061/4184 5378/3077/4214 5377/3078/4215
f 5380/3079/4216 5345/3063/4188 5346/3062/4185
f 5345/3063/4188 5380/3079/4216 5379/3080/4217
f 5382/3081/4218 5349/3065/4192 5350/3064/4189
f 5349/3065/4192 5382/3081/4218 5381/3082/4219
f 5383/3083/4220 5334/3056/4175 5352/3066/4193
f 5334/3056/4175 5383/3083/4220 5373/3073/4209
f 5367/3070/4205 5352/3066/4193 5325/3053/4171
f 5352/3066/4193 5367/3070/4205 5383/3083/4220
f 5372/3074/4210 5356/3067/4196 5333/3057/4178
f 5356/3067/4196 5372/3074/4210 5384/3084/4221
f 5385/3085/4222 5326/3052/4168 5358/3068/4197
f 5326/3052/4168 5385/3085/4222 5368/3069/4204
f 5381/3082/4219 5369/3054/4207 5349/3065/4192
f 5369/3054/4207 5381/3082/4219 5371/3071/4206
f 5375/3076/4213 5342/3060/4181 5364/3059/4200
f 5342/3060/4181 5375/3076/4213 5378/3077/4214
f 5370/3072/4208 5358/3068/4197 5329/3055/4174
f 5358/3068/4197 5370/3072/4208 5385/3085/4222
f 5384/3084/4221 5374/3058/4212 5356/3067/4196
f 5374/3058/4212 5384/3084/4221 5376/3075/4211
f 5377/3078/4215 5346/3062/4185 5341/3061/4184
f 5346/3062/4185 5377/3078/4215 5380/3079/4216
f 5379/3080/4217 5350/3064/4189 5345/3063/4188
f 5350/3064/4189 5379/3080/4217 5382/3081/4218
f 5389/2950/4223 5387/2779/4224 5386/3023/4223
f 5387/2779/4224 5389/2950/4223 5388/2638/4223
f 5393/3022/4225 5391/3087/4226 5390/3086/4225
f 5391/3087/4226 5393/3022/4225 5392/3023/4225
s 0
f 5397/3021/2959 5395/3086/2959 5394/3088/2959
f 5395/3086/2959 5397/3021/2959 5396/3022/2959
f 5401/3008/2958 5399/3088/2958 5398/3089/2958
f 5399/3088/2958 5401/3008/2958 5400/3021/2958
s 1
f 5403/3007/3994 5398/3089/2958 5402/3090/3994
f 5398/3089/2958 5403/3007/3994 5401/3008/2958
f 5403/3007/3994 5405/3091/3995 5404/3031/3995
f 5405/3091/3995 5403/3007/3994 5402/3090/3994
f 5404/3031/3995 5407/3092/3996 5406/3010/3996
f 5407/3092/3996 5404/3031/3995 5405/3091/3995
f 5406/3010/3996 5409/3093/3997 5408/3009/3998
f 5409/3093/3997 5406/3010/3996 5407/3092/3996
f 5408/3009/3998 5411/3094/3999 5410/3020/3999
f 5411/3094/3999 5408/3009/3998 5409/3093/3997
f 5410/3020/3999 5413/3095/4000 5412/3019/4000
f 5413/3095/4000 5410/3020/3999 5411/3094/3999
f 5412/3019/4000 5415/3096/4002 5414/3018/4002
f 5415/3096/4002 5412/3019/4000 5413/3095/4000
f 5414/3018/4002 5417/3097/4003 5416/3017/4003
f 5417/3097/4003 5414/3018/4002 5415/3096/4002
f 5421/3017/4005 5419/3098/4004 5418/3016/4004
f 5419/3098/4004 5421/3017/4005 5420/3097/4005
f 5418/3016/4004 5423/3099/4006 5422/3015/4227
f 5423/3099/4006 5418/3016/4004 5419/3098/4004
f 5422/3015/4227 5425/3100/4008 5424/3014/4009
f 5425/3100/4008 5422/3015/4227 5423/3099/4006
f 5424/3014/4009 5280/3032/4128 5276/3013/4129
f 5280/3032/4128 5424/3014/4009 5425/3100/4008
f 5277/2723/4130 5426/2961/4228 5276/3013/4129
f 5426/2961/4228 5277/2723/4130 5427/2727/4229
f 5431/3011/4230 5429/2795/4232 5428/3012/4231
f 5429/2795/4232 5431/3011/4230 5430/2796/4233
f 5428/3012/4231 5433/2641/4234 5432/2949/4234
f 5433/2641/4234 5428/3012/4231 5429/2795/4232
f 5435/3024/4235 5430/2796/4233 5431/3011/4230
f 5430/2796/4233 5435/3024/4235 5434/2727/4235
s 0
f 5439/2797/4236 5437/3101/4236 5436/2481/4236
f 5437/3101/4236 5439/2797/4236 5438/2871/4236
f 5443/3102/4237 5441/2871/4237 5440/2934/4237
f 5441/2871/4237 5443/3102/4237 5442/3101/4237
f 5436/2481/4236 5445/2555/4236 5444/2480/4236
f 5445/2555/4236 5436/2481/4236 5446/3103/4236
f 5450/2621/4237 5448/3103/4237 5447/3104/4237
f 5448/3103/4237 5450/2621/4237 5449/2555/4237
s 1
f 5454/3105/4238 5452/3023/4238 5451/2779/4238
f 5452/3023/4238 5454/3105/4238 5453/3087/4238
f 5458/3106/4239 5456/2779/4240 5455/2714/4240
f 5456/2779/4240 5458/3106/4239 5457/3105/4239
f 5462/2641/4241 5460/2703/4241 5459/2640/4241
f 5460/2703/4241 5462/2641/4241 5461/2795/4241
f 5466/3107/4242 5464/3109/4244 5463/3108/4243
f 5464/3109/4244 5466/3107/4242 5465/3110/4245
f 5469/3111/4246 5465/3110/4245 5467/3112/4247
f 5465/3110/4245 5469/3111/4246 5468/3113/4248
f 5470/3114/4249 5465/3110/4245 5468/3113/4248
f 5465/3110/4245 5470/3114/4249 5464/3109/4244
f 5474/3115/4250 5472/3117/4251 5471/3116/4242
f 5472/3117/4251 5474/3115/4250 5473/3118/4252
f 5478/3119/4253 5476/3121/4255 5475/3120/4254
f 5476/3121/4255 5478/3119/4253 5477/3122/4256
f 5482/3123/4257 5480/3125/2958 5479/3124/4258
f 5480/3125/2958 5482/3123/4257 5481/3126/4259
f 5486/3127/4260 5484/3129/4261 5483/3128/4246
f 5484/3129/4261 5486/3127/4260 5485/3130/4262
f 5477/3122/4256 5487/3131/4263 5476/3121/4255
f 5487/3131/4263 5477/3122/4256 5488/3132/4264
f 5492/3133/4265 5490/3135/4267 5489/3134/4266
f 5490/3135/4267 5492/3133/4265 5491/3136/4253
f 5488/3132/4264 5494/3138/4269 5493/3137/4268
f 5494/3138/4269 5488/3132/4264 5477/3122/4256
f 5477/3122/4256 5495/3139/4270 5494/3138/4269
f 5495/3139/4270 5477/3122/4256 5478/3119/4253
f 5491/3136/4253 5497/3141/4272 5496/3140/4271
f 5497/3141/4272 5491/3136/4253 5492/3133/4265
f 5501/3142/4273 5499/3144/4274 5498/3143/4274
f 5499/3144/4274 5501/3142/4273 5500/3145/4273
f 5505/3146/4275 5503/3148/4277 5502/3147/4276
f 5503/3148/4277 5505/3146/4275 5504/3149/4278
f 5504/3149/4278 5506/3150/4279 5503/3148/4277
f 5506/3150/4279 5504/3149/4278 5507/3151/4280
f 5511/3152/4281 5509/3154/4283 5508/3153/4282
f 5509/3154/4283 5511/3152/4281 5510/3155/4284
f 5515/3156/4285 5513/3158/4286 5512/3157/4286
f 5513/3158/4286 5515/3156/4285 5514/3159/4285
f 5517/3160/4287 5504/3149/4278 5505/3146/4275
f 5504/3149/4278 5517/3160/4287 5516/3161/4288
f 5516/3161/4288 5507/3151/4280 5504/3149/4278
f 5507/3151/4280 5516/3161/4288 5518/3162/4289
f 5520/3163/4290 5510/3155/4284 5511/3152/4281
f 5510/3155/4284 5520/3163/4290 5519/3164/4291
f 5522/3165/4292 5514/3159/4285 5515/3156/4285
f 5514/3159/4285 5522/3165/4292 5521/3166/4292
f 5524/3167/4293 5516/3161/4288 5517/3160/4287
f 5516/3161/4288 5524/3167/4293 5523/3168/4294
f 5523/3168/4294 5518/3162/4289 5516/3161/4288
f 5518/3162/4289 5523/3168/4294 5525/3169/4295
f 5527/3170/4296 5519/3164/4291 5520/3163/4290
f 5519/3164/4291 5527/3170/4296 5526/3171/4297
f 5529/3172/4298 5521/3166/4292 5522/3165/4292
f 5521/3166/4292 5529/3172/4298 5528/3173/4298
f 5533/3174/4299 5531/3176/4301 5530/3175/4300
f 5531/3176/4301 5533/3174/4299 5532/3177/4302
f 5532/3177/4302 5534/3178/4303 5531/3176/4301
f 5534/3178/4303 5532/3177/4302 5535/3179/4304
f 5539/3180/4305 5537/3182/4307 5536/3181/4306
f 5537/3182/4307 5539/3180/4305 5538/3183/4308
f 5543/3184/4309 5541/3186/2959 5540/3185/2959
f 5541/3186/2959 5543/3184/4309 5542/3187/4309
f 5493/3137/4268 5545/3189/4311 5544/3188/4310
f 5545/3189/4311 5493/3137/4268 5494/3138/4269
f 5494/3138/4269 5546/3190/4312 5545/3189/4311
f 5546/3190/4312 5494/3138/4269 5495/3139/4270
f 5496/3140/4271 5548/3192/4313 5547/3191/4312
f 5548/3192/4313 5496/3140/4271 5497/3141/4272
f 5498/3143/4274 5550/3194/4314 5549/3193/4314
f 5550/3194/4314 5498/3143/4274 5499/3144/4274
f 5554/3195/4315 5552/3197/4317 5551/3196/4316
f 5552/3197/4317 5554/3195/4315 5553/3198/2955
f 5508/3153/4282 5473/3118/4252 5474/3115/4250
f 5473/3118/4252 5508/3153/4282 5509/3154/4283
f 5463/3108/4243 5503/3148/4277 5506/3150/4279
f 5503/3148/4277 5463/3108/4243 5464/3109/4244
f 5502/3147/4276 5464/3109/4244 5470/3114/4249
f 5464/3109/4244 5502/3147/4276 5503/3148/4277
f 5489/3134/4266 5556/3200/4318 5555/3199/4251
f 5556/3200/4318 5489/3134/4266 5490/3135/4267
f 5475/3120/4254 5485/3130/4262 5557/3201/4319
f 5485/3130/4262 5475/3120/4254 5476/3121/4255
f 5476/3121/4255 5484/3129/4261 5485/3130/4262
f 5484/3129/4261 5476/3121/4255 5487/3131/4263
f 5484/3129/4261 5470/3114/4249 5468/3113/4248
f 5470/3114/4249 5484/3129/4261 5487/3131/4263
f 5481/3126/4259 5551/3196/4316 5552/3197/4317
f 5551/3196/4316 5481/3126/4259 5482/3123/4257
f 5489/3134/4266 5472/3117/4251 5473/3118/4252
f 5472/3117/4251 5489/3134/4266 5555/3199/4251
f 5483/3128/4246 5468/3113/4248 5469/3111/4246
f 5468/3113/4248 5483/3128/4246 5484/3129/4261
f 5561/3202/4320 5559/3131/4322 5558/3132/4321
f 5559/3131/4322 5561/3202/4320 5560/3203/4323
f 5482/3123/4257 5492/3133/4265 5489/3134/4266
f 5492/3133/4265 5482/3123/4257 5479/3124/4258
f 5563/3204/4324 5558/3132/4321 5562/3137/4325
f 5558/3132/4321 5563/3204/4324 5561/3202/4320
f 5479/3124/4258 5497/3141/4272 5492/3133/4265
f 5497/3141/4272 5479/3124/4258 5564/3205/4326
f 5568/3206/4327 5566/3146/4329 5565/3147/4328
f 5566/3146/4329 5568/3206/4327 5567/3207/4330
f 5569/3208/4331 5509/3154/4283 5510/3155/4284
f 5509/3154/4283 5569/3208/4331 5554/3195/4315
f 5567/3207/4330 5570/3160/4332 5566/3146/4329
f 5570/3160/4332 5567/3207/4330 5571/3209/4333
f 5572/3210/4334 5510/3155/4284 5519/3164/4291
f 5510/3155/4284 5572/3210/4334 5569/3208/4331
f 5571/3209/4333 5573/3167/4335 5570/3160/4332
f 5573/3167/4335 5571/3209/4333 5574/3211/4336
f 5575/3212/4337 5519/3164/4291 5526/3171/4297
f 5519/3164/4291 5575/3212/4337 5572/3210/4334
f 5579/3213/4338 5577/3174/4340 5576/3175/4339
f 5577/3174/4340 5579/3213/4338 5578/3214/4341
f 5581/3215/4342 5537/3182/4307 5538/3183/4308
f 5537/3182/4307 5581/3215/4342 5580/3216/4343
f 5583/3217/4344 5562/3137/4325 5582/3188/4345
f 5562/3137/4325 5583/3217/4344 5563/3204/4324
f 5564/3205/4326 5548/3192/4313 5497/3141/4272
f 5548/3192/4313 5564/3205/4326 5584/3218/4346
f 5586/3219/4347 5565/3147/4328 5585/3114/4348
f 5565/3147/4328 5586/3219/4347 5568/3206/4327
f 5554/3195/4315 5473/3118/4252 5509/3154/4283
f 5473/3118/4252 5554/3195/4315 5551/3196/4316
f 5551/3196/4316 5489/3134/4266 5473/3118/4252
f 5489/3134/4266 5551/3196/4316 5482/3123/4257
f 5560/3203/4323 5585/3114/4348 5559/3131/4322
f 5585/3114/4348 5560/3203/4323 5586/3219/4347
f 5574/3211/4336 5576/3175/4339 5573/3167/4335
f 5576/3175/4339 5574/3211/4336 5579/3213/4338
f 5540/3185/2959 5528/3173/4298 5529/3172/4298
f 5528/3173/4298 5540/3185/2959 5541/3186/2959
f 5580/3216/4343 5526/3171/4297 5537/3182/4307
f 5526/3171/4297 5580/3216/4343 5575/3212/4337
f 5536/3181/4306 5526/3171/4297 5527/3170/4296
f 5526/3171/4297 5536/3181/4306 5537/3182/4307
f 5531/3176/4301 5525/3169/4295 5523/3168/4294
f 5525/3169/4295 5531/3176/4301 5534/3178/4303
f 5530/3175/4300 5523/3168/4294 5524/3167/4293
f 5523/3168/4294 5530/3175/4300 5531/3176/4301
f 5578/3214/4341 5582/3188/4345 5577/3174/4340
f 5582/3188/4345 5578/3214/4341 5583/3217/4344
f 5549/3193/4314 5542/3187/4309 5543/3184/4309
f 5542/3187/4309 5549/3193/4314 5550/3194/4314
f 5584/3218/4346 5538/3183/4308 5548/3192/4313
f 5538/3183/4308 5584/3218/4346 5581/3215/4342
f 5547/3191/4312 5538/3183/4308 5539/3180/4305
f 5538/3183/4308 5547/3191/4312 5548/3192/4313
f 5545/3189/4311 5535/3179/4304 5532/3177/4302
f 5535/3179/4304 5545/3189/4311 5546/3190/4312
f 5544/3188/4310 5532/3177/4302 5533/3174/4299
f 5532/3177/4302 5544/3188/4310 5545/3189/4311
f 5590/3220/4349 5588/3222/4350 5587/3221/4350
f 5588/3222/4350 5590/3220/4349 5589/3223/4351
f 5594/3223/4352 5592/3224/4353 5591/3222/4353
f 5592/3224/4353 5594/3223/4352 5593/3225/4354
f 5598/3225/4355 5596/3226/4357 5595/3224/4356
f 5596/3226/4357 5598/3225/4355 5597/3227/4358
f 5602/3228/4359 5600/3230/4360 5599/3229/4360
f 5600/3230/4360 5602/3228/4359 5601/3231/4361
f 5606/3231/4362 5604/3232/4364 5603/3230/4363
f 5604/3232/4364 5606/3231/4362 5605/3233/4365
f 5610/3234/4366 5608/3229/4367 5607/3235/4367
f 5608/3229/4367 5610/3234/4366 5609/3228/4368
f 5614/3233/4369 5612/3236/4371 5611/3232/4370
f 5612/3236/4371 5614/3233/4369 5613/3237/4372
f 5618/3238/4373 5616/3235/4374 5615/3239/4374
f 5616/3235/4374 5618/3238/4373 5617/3234/4375
f 5622/3237/4376 5620/3240/4377 5619/3236/4377
f 5620/3240/4377 5622/3237/4376 5621/3241/4378
f 5626/3242/4379 5624/3239/4380 5623/3243/4380
f 5624/3239/4380 5626/3242/4379 5625/3238/4381
f 5630/3244/4382 5628/3246/4383 5627/3245/4383
f 5628/3246/4383 5630/3244/4382 5629/3247/4384
f 5634/3248/4385 5632/3250/4386 5631/3249/4386
f 5632/3250/4386 5634/3248/4385 5633/3251/4387
f 5638/3252/4388 5636/3221/4390 5635/3253/4389
f 5636/3221/4390 5638/3252/4388 5637/3220/4391
f 5642/3227/4392 5640/3254/4393 5639/3226/4393
f 5640/3254/4393 5642/3227/4392 5641/3255/4394
f 5646/3241/4395 5644/3245/4396 5643/3240/4396
f 5644/3245/4396 5646/3241/4395 5645/3244/4397
f 5650/3251/4398 5648/3243/4399 5647/3250/4399
f 5648/3243/4399 5650/3251/4398 5649/3242/4400
f 5654/3247/4401 5652/3253/4402 5651/3246/4402
f 5652/3253/4402 5654/3247/4401 5653/3252/4403
f 5658/3255/4404 5656/3249/4405 5655/3254/4405
f 5656/3249/4405 5658/3255/4404 5657/3248/4406
f 5660/3159/4407 5613/3237/4372 5614/3233/4369
f 5613/3237/4372 5660/3159/4407 5659/3166/4407
f 5662/3158/4408 5605/3233/4365 5606/3231/4362
f 5605/3233/4365 5662/3158/4408 5661/3159/4409
f 5664/3157/4410 5601/3231/4361 5602/3228/4359
f 5601/3231/4361 5664/3157/4410 5663/3158/4410
f 5666/3156/4411 5609/3228/4368 5610/3234/4366
f 5609/3228/4368 5666/3156/4411 5665/3157/4412
f 5668/3165/4413 5617/3234/4375 5618/3238/4373
f 5617/3234/4375 5668/3165/4413 5667/3156/4414
f 5670/3172/4415 5625/3238/4381 5626/3242/4379
f 5625/3238/4381 5670/3172/4415 5669/3165/4415
f 5672/3185/4416 5649/3242/4400 5650/3251/4398
f 5649/3242/4400 5672/3185/4416 5671/3172/4416
f 5674/3184/4417 5633/3251/4387 5634/3248/4385
f 5633/3251/4387 5674/3184/4417 5673/3185/4417
f 5676/3193/4418 5657/3248/4406 5658/3255/4404
f 5657/3248/4406 5676/3193/4418 5675/3184/4418
f 5678/3143/4419 5641/3255/4394 5642/3227/4392
f 5641/3255/4394 5678/3143/4419 5677/3193/4420
f 5680/3142/4421 5597/3227/4358 5598/3225/4355
f 5597/3227/4358 5680/3142/4421 5679/3143/4422
f 5682/3145/4423 5593/3225/4354 5594/3223/4352
f 5593/3225/4354 5682/3145/4423 5681/3142/4423
f 5684/3144/4424 5589/3223/4351 5590/3220/4349
f 5589/3223/4351 5684/3144/4424 5683/3145/4425
f 5686/3194/4426 5637/3220/4391 5638/3252/4388
f 5637/3220/4391 5686/3194/4426 5685/3144/4426
f 5688/3187/4427 5653/3252/4403 5654/3247/4401
f 5653/3252/4403 5688/3187/4427 5687/3194/4427
f 5690/3186/4428 5629/3247/4384 5630/3244/4382
f 5629/3247/4384 5690/3186/4428 5689/3187/4428
f 5692/3173/4429 5645/3244/4397 5646/3241/4395
f 5645/3244/4397 5692/3173/4429 5691/3186/4429
f 5694/3166/4430 5621/3241/4378 5622/3237/4376
f 5621/3241/4378 5694/3166/4430 5693/3173/4430
o window4
v -32.543114 -3.567537 -5.210878
v -32.543114 -3.567537 -4.589101
v -32.543114 -3.008205 -4.589101
v -32.543114 -3.008205 -5.210878
v -32.543114 -3.008205 -5.210878
v -32.543114 -3.008205 -4.589101
v -37.467079 -3.008205 -4.589103
v -37.467079 -3.008205 -5.210880
v -37.467079 -3.008205 -5.210880
v -37.467079 -3.008205 -4.589103
v -37.467079 -3.567537 -4.589103
v -37.467079 -3.567537 -5.210880
v -37.467079 -3.567537 -5.210880
v -37.467079 -3.567537 -4.589103
v -32.543114 -3.567537 -4.589101
v -32.543114 -3.567537 -5.210878
v -32.543114 -3.685392 -3.960989
v -37.467079 -3.685392 -3.960990
v -37.467079 -3.379818 -3.960990
v -32.543114 -3.379818 -3.960989
v -37.467079 -3.567537 -5.210880
v -32.543114 -3.567537 -5.210878
v -32.543114 -3.008205 -5.210878
v -37.467079 -3.008205 -5.210880
v -37.467079 -3.685392 -3.960990
v -32.543114 -3.685392 -3.960989
v -37.467079 -3.379818 -3.960990
v -37.467079 -3.685392 -3.960990
v -32.543114 -3.379818 -3.960989
v -37.467079 -3.379818 -3.960990
v -32.543114 -3.685392 -3.960989
v -32.543114 -3.379818 -3.960989
v -35.611607 3.016597 -4.794733
v -35.335278 3.202834 -4.798078
v -35.300190 3.122187 -4.739759
v -35.548138 2.955076 -4.736757
v -35.795628 2.738785 -4.792156
v -35.713264 2.705793 -4.734446
v -35.859333 2.411687 -4.790741
v -35.770428 2.412292 -4.733176
v -35.793022 2.085106 -4.790702
v -35.710926 2.119251 -4.733141
v -35.606789 1.808761 -4.792046
v -35.543819 1.871287 -4.734347
v -35.328983 1.624720 -4.794568
v -35.294544 1.706149 -4.736610
v -35.001904 1.561003 -4.797884
v -35.001057 1.648977 -4.739585
v -34.675343 1.627311 -4.801488
v -34.708035 1.708474 -4.742820
v -34.399014 1.813545 -4.804834
v -34.460091 1.875584 -4.745821
v -34.214993 2.091361 -4.807410
v -34.294964 2.124865 -4.748133
v -34.151287 2.418458 -4.808825
v -34.237801 2.418365 -4.749403
v -34.217598 2.745039 -4.808864
v -34.297302 2.711406 -4.749437
v -34.403831 3.021388 -4.807520
v -34.464409 2.959370 -4.748231
v -34.681633 3.205425 -4.804998
v -34.713680 3.124509 -4.745969
v -35.008717 3.269145 -4.801682
v -35.007168 3.181684 -4.742994
v -35.276165 3.067315 -4.763907
v -35.504791 2.913225 -4.761140
v -35.657055 2.683367 -4.759008
v -35.709763 2.412730 -4.757838
v -35.654892 2.142529 -4.757805
v -35.500809 1.913879 -4.758917
v -35.270958 1.761610 -4.761004
v -35.000340 1.708894 -4.763747
v -34.730148 1.763755 -4.766730
v -34.501522 1.917841 -4.769498
v -34.349262 2.147703 -4.771629
v -34.296555 2.418332 -4.772800
v -34.351418 2.688541 -4.772832
v -34.505505 2.917187 -4.771720
v -34.735355 3.069456 -4.769634
v -35.005974 3.122176 -4.766891
v -35.263802 3.034932 -4.795069
v -35.481121 2.888459 -4.792438
v -35.625851 2.669971 -4.790411
v -35.678036 2.412730 -4.789277
v -35.623798 2.155885 -4.789268
v -35.477337 1.938546 -4.790325
v -35.258854 1.793806 -4.792309
v -34.997368 1.737416 -4.794947
v -34.744789 1.795840 -4.797751
v -34.527466 1.942308 -4.800383
v -34.382740 2.160801 -4.802409
v -34.322105 2.418104 -4.803633
v -34.384789 2.674891 -4.803552
v -34.531254 2.892229 -4.802495
v -34.749737 3.036970 -4.800512
v -35.002773 3.093419 -4.797963
v -35.481121 2.888459 -4.792438
v -35.263802 3.034932 -4.795069
v -35.237095 2.972936 -4.816716
v -35.347439 2.756596 -4.815058
v -35.625851 2.669971 -4.790411
v -35.562885 2.644531 -4.812525
v -35.678036 2.412730 -4.789277
v -35.672462 2.412793 -4.810841
v -35.623798 2.155885 -4.789268
v -35.561043 2.181929 -4.811496
v -35.477337 1.938546 -4.790325
v -35.344707 2.071574 -4.813534
v -35.258854 1.793806 -4.792309
v -35.232643 1.856115 -4.814232
v -34.997368 1.737416 -4.794947
v -35.000916 1.746529 -4.816435
v -34.744789 1.795840 -4.797751
v -34.770065 1.857950 -4.819129
v -34.527466 1.942308 -4.800383
v -34.659725 2.074286 -4.820787
v -34.382740 2.160801 -4.802409
v -34.444279 2.186355 -4.823320
v -34.322105 2.418104 -4.803633
v -34.334702 2.418093 -4.825005
v -34.384789 2.674891 -4.803552
v -34.446121 2.648960 -4.824349
v -34.531254 2.892229 -4.802495
v -34.662453 2.759312 -4.822310
v -34.749737 3.036970 -4.800512
v -34.774521 2.974767 -4.821613
v -35.002773 3.093419 -4.797963
v -35.006248 3.084356 -4.819410
v -35.287853 2.696800 -4.887568
v -35.196812 2.875291 -4.888935
v -35.182308 2.839079 -4.912750
v -35.265064 2.673417 -4.912750
v -35.465607 2.604334 -4.885478
v -35.287853 2.696800 -4.887568
v -35.265064 2.673417 -4.912750
v -35.425308 2.587396 -4.912750
v -35.556019 2.413136 -4.884088
v -35.465607 2.604334 -4.885478
v -35.425308 2.587396 -4.912750
v -35.505455 2.413184 -4.912750
v -35.464085 2.222656 -4.884629
v -35.556019 2.413136 -4.884088
v -35.505455 2.413184 -4.912750
v -35.422787 2.240103 -4.912750
v -35.285599 2.131609 -4.886311
v -35.464085 2.222656 -4.884629
v -35.422787 2.240103 -4.912750
v -35.261967 2.155962 -4.912750
v -35.193138 1.953840 -4.886886
v -35.285599 2.131609 -4.886311
v -35.261967 2.155962 -4.912750
v -35.177803 1.992754 -4.912750
v -35.001945 1.863419 -4.888703
v -35.193138 1.953840 -4.886886
v -35.177803 1.992754 -4.912750
v -35.002735 1.906973 -4.912750
v -34.811478 1.955351 -4.890927
v -35.001945 1.863419 -4.888703
v -35.002735 1.906973 -4.912750
v -34.825985 1.988516 -4.912750
v -34.720436 2.133850 -4.892294
v -34.811478 1.955351 -4.890927
v -34.825985 1.988516 -4.912750
v -34.740299 2.152910 -4.912750
v -34.542679 2.226308 -4.894384
v -34.720436 2.133850 -4.892294
v -34.740299 2.152910 -4.912750
v -34.571590 2.237851 -4.912750
v -34.452274 2.417507 -4.895774
v -34.542679 2.226308 -4.894384
v -34.571590 2.237851 -4.912750
v -34.484291 2.417289 -4.912750
v -34.544201 2.607986 -4.895233
v -34.452274 2.417507 -4.895774
v -34.484291 2.417289 -4.912750
v -34.571766 2.596536 -4.912750
v -34.722691 2.699041 -4.893551
v -34.544201 2.607986 -4.895233
v -34.571766 2.596536 -4.912750
v -34.741268 2.680710 -4.912750
v -34.815151 2.876806 -4.892976
v -34.722691 2.699041 -4.893551
v -34.741268 2.680710 -4.912750
v -34.828144 2.846228 -4.912750
v -35.006344 2.967227 -4.891158
v -34.815151 2.876806 -4.892976
v -34.828144 2.846228 -4.912750
v -35.006748 2.927561 -4.912750
v -35.196812 2.875291 -4.888935
v -35.006344 2.967227 -4.891158
v -35.006748 2.927561 -4.912750
v -35.182308 2.839079 -4.912750
v -35.229725 2.954457 -4.860549
v -35.336426 2.745260 -4.858946
v -35.544754 2.636894 -4.856497
v -35.650715 2.412808 -4.854868
v -35.542976 2.189565 -4.855502
v -35.333786 2.082855 -4.857473
v -35.225422 1.874512 -4.858148
v -35.001343 1.768542 -4.860278
v -34.778118 1.876281 -4.862884
v -34.671417 2.085482 -4.864487
v -34.463085 2.193844 -4.866936
v -34.357128 2.417934 -4.868565
v -34.464870 2.641173 -4.867930
v -34.674057 2.747887 -4.865960
v -34.782425 2.956230 -4.865285
v -35.006500 3.062200 -4.863155
v -35.196812 2.875291 -4.888935
v -35.287853 2.696800 -4.887568
v -35.465607 2.604334 -4.885478
v -35.556019 2.413136 -4.884088
v -35.464085 2.222656 -4.884629
v -35.285599 2.131609 -4.886311
v -35.193138 1.953840 -4.886886
v -35.001945 1.863419 -4.888703
v -34.811478 1.955351 -4.890927
v -34.720436 2.133850 -4.892294
v -34.542679 2.226308 -4.894384
v -34.452274 2.417507 -4.895774
v -34.544201 2.607986 -4.895233
v -34.722691 2.699041 -4.893551
v -34.815151 2.876806 -4.892976
v -35.006344 2.967227 -4.891158
v -35.916729 2.411275 -4.911694
v -35.849194 2.760738 -4.911860
v -35.795628 2.738785 -4.792156
v -35.859333 2.411687 -4.790741
v -35.845909 2.062574 -4.911689
v -35.793022 2.085106 -4.790702
v -35.647411 1.767149 -4.911847
v -35.606789 1.808761 -4.792046
v -35.350979 1.569656 -4.912144
v -35.328983 1.624720 -4.794568
v -35.001171 1.500264 -4.912536
v -35.001904 1.561003 -4.797884
v -34.650917 1.570021 -4.912962
v -34.675343 1.627311 -4.801488
v -34.353645 1.768870 -4.913359
v -34.399014 1.813545 -4.804834
v -34.155090 2.066868 -4.913666
v -34.214993 2.091361 -4.807410
v -34.110138 2.418454 -4.913806
v -34.151287 2.418458 -4.808825
v -34.157379 2.769875 -4.913839
v -34.217598 2.745039 -4.808864
v -34.358089 3.066796 -4.913679
v -34.403831 3.021388 -4.807520
v -34.657150 3.263787 -4.913379
v -34.681633 3.205425 -4.804998
v -35.008457 3.330961 -4.912985
v -35.008717 3.269145 -4.801682
v -35.358208 3.258583 -4.912559
v -35.335278 3.202834 -4.798078
v -35.653263 3.058234 -4.912164
v -35.611607 3.016597 -4.794733
v -35.611607 3.016597 -5.030770
v -35.548138 2.955076 -5.088745
v -35.300190 3.122187 -5.085742
v -35.335278 3.202834 -5.027424
v -35.795628 2.738785 -5.033346
v -35.713264 2.705793 -5.091056
v -35.859333 2.411687 -5.034761
v -35.770428 2.412292 -5.092324
v -35.793022 2.085106 -5.034799
v -35.710926 2.119251 -5.092360
v -35.606789 1.808761 -5.033453
v -35.543819 1.871291 -5.091156
v -35.328983 1.624720 -5.030932
v -35.294544 1.706149 -5.088892
v -35.001904 1.561003 -5.027616
v -35.001057 1.648973 -5.085915
v -34.675343 1.627311 -5.024011
v -34.708035 1.708474 -5.082683
v -34.399014 1.813545 -5.020668
v -34.460091 1.875584 -5.079679
v -34.214993 2.091361 -5.018088
v -34.294964 2.124865 -5.077368
v -34.151287 2.418458 -5.016673
v -34.237801 2.418365 -5.076097
v -34.217598 2.745039 -5.016636
v -34.297302 2.711406 -5.076063
v -34.403831 3.021388 -5.017982
v -34.464409 2.959370 -5.077269
v -34.681633 3.205425 -5.020503
v -34.713680 3.124512 -5.079532
v -35.008717 3.269142 -5.023819
v -35.007168 3.181684 -5.082506
v -35.504791 2.913225 -5.064363
v -35.276165 3.067311 -5.061595
v -35.657055 2.683367 -5.066493
v -35.709763 2.412734 -5.067665
v -35.654892 2.142525 -5.067694
v -35.500809 1.913883 -5.066585
v -35.270958 1.761610 -5.064495
v -35.000340 1.708894 -5.061753
v -34.730148 1.763755 -5.058772
v -34.501522 1.917841 -5.056004
v -34.349262 2.147703 -5.053870
v -34.296555 2.418336 -5.052701
v -34.351418 2.688541 -5.052669
v -34.505505 2.917187 -5.053782
v -34.735355 3.069456 -5.055868
v -35.005974 3.122172 -5.058609
v -35.481121 2.888463 -5.033062
v -35.263802 3.034932 -5.030431
v -35.625851 2.669971 -5.035089
v -35.678036 2.412730 -5.036225
v -35.623798 2.155881 -5.036232
v -35.477333 1.938546 -5.035174
v -35.258854 1.793806 -5.033192
v -34.997368 1.737416 -5.030553
v -34.744789 1.795840 -5.027748
v -34.527466 1.942312 -5.025116
v -34.382740 2.160801 -5.023093
v -34.322105 2.418104 -5.021866
v -34.384789 2.674891 -5.021947
v -34.531254 2.892229 -5.023005
v -34.749737 3.036966 -5.024988
v -35.002773 3.093419 -5.027538
v -35.481121 2.888463 -5.033062
v -35.347439 2.756596 -5.010442
v -35.237095 2.972936 -5.008787
v -35.263802 3.034932 -5.030431
v -35.625851 2.669971 -5.035089
v -35.562885 2.644531 -5.012977
v -35.678036 2.412730 -5.036225
v -35.672462 2.412793 -5.014661
v -35.623798 2.155881 -5.036232
v -35.561043 2.181929 -5.014006
v -35.477333 1.938546 -5.035174
v -35.344707 2.071574 -5.011967
v -35.258854 1.793806 -5.033192
v -35.232643 1.856115 -5.011271
v -34.997368 1.737416 -5.030553
v -35.000916 1.746529 -5.009067
v -34.744789 1.795840 -5.027748
v -34.770065 1.857950 -5.006373
v -34.527466 1.942312 -5.025116
v -34.659725 2.074286 -5.004714
v -34.382740 2.160801 -5.023093
v -34.444279 2.186355 -5.002179
v -34.322105 2.418104 -5.021866
v -34.334702 2.418093 -5.000494
v -34.384789 2.674891 -5.021947
v -34.446121 2.648960 -5.001151
v -34.531254 2.892229 -5.023005
v -34.662453 2.759312 -5.003189
v -34.749737 3.036966 -5.024988
v -34.774521 2.974771 -5.003889
v -35.002773 3.093419 -5.027538
v -35.006248 3.084356 -5.006089
v -35.287853 2.696797 -4.937933
v -35.265064 2.673417 -4.912750
v -35.182308 2.839079 -4.912750
v -35.196812 2.875295 -4.936566
v -35.465607 2.604337 -4.940024
v -35.425308 2.587396 -4.912750
v -35.265064 2.673417 -4.912750
v -35.287853 2.696797 -4.937933
v -35.556019 2.413136 -4.941413
v -35.505455 2.413184 -4.912750
v -35.425308 2.587396 -4.912750
v -35.465607 2.604337 -4.940024
v -35.464085 2.222656 -4.940873
v -35.422787 2.240103 -4.912750
v -35.505455 2.413184 -4.912750
v -35.556019 2.413136 -4.941413
v -35.285599 2.131605 -4.939190
v -35.261967 2.155962 -4.912750
v -35.422787 2.240103 -4.912750
v -35.464085 2.222656 -4.940873
v -35.193138 1.953840 -4.938615
v -35.177803 1.992754 -4.912750
v -35.261967 2.155962 -4.912750
v -35.285599 2.131605 -4.939190
v -35.001945 1.863419 -4.936797
v -35.002735 1.906973 -4.912750
v -35.177803 1.992754 -4.912750
v -35.193138 1.953840 -4.938615
v -34.811478 1.955351 -4.934574
v -34.825985 1.988516 -4.912750
v -35.002735 1.906973 -4.912750
v -35.001945 1.863419 -4.936797
v -34.720436 2.133850 -4.933206
v -34.740299 2.152910 -4.912750
v -34.825985 1.988516 -4.912750
v -34.811478 1.955351 -4.934574
v -34.542679 2.226308 -4.931116
v -34.571590 2.237851 -4.912750
v -34.740299 2.152910 -4.912750
v -34.720436 2.133850 -4.933206
v -34.452274 2.417507 -4.929727
v -34.484291 2.417289 -4.912750
v -34.571590 2.237851 -4.912750
v -34.542679 2.226308 -4.931116
v -34.544201 2.607986 -4.930267
v -34.571766 2.596536 -4.912750
v -34.484291 2.417289 -4.912750
v -34.452274 2.417507 -4.929727
v -34.722691 2.699041 -4.931949
v -34.741268 2.680710 -4.912750
v -34.571766 2.596536 -4.912750
v -34.544201 2.607986 -4.930267
v -34.815151 2.876806 -4.932525
v -34.828144 2.846228 -4.912750
v -34.741268 2.680710 -4.912750
v -34.722691 2.699041 -4.931949
v -35.006344 2.967227 -4.934342
v -35.006748 2.927561 -4.912750
v -34.828144 2.846228 -4.912750
v -34.815151 2.876806 -4.932525
v -35.196812 2.875295 -4.936566
v -35.182308 2.839079 -4.912750
v -35.006748 2.927561 -4.912750
v -35.006344 2.967227 -4.934342
v -35.336426 2.745260 -4.966556
v -35.229725 2.954457 -4.964953
v -35.544754 2.636894 -4.969003
v -35.650715 2.412808 -4.970632
v -35.542976 2.189565 -4.969998
v -35.333786 2.082855 -4.968026
v -35.225422 1.874512 -4.967352
v -35.001343 1.768542 -4.965222
v -34.778118 1.876285 -4.962616
v -34.671417 2.085482 -4.961013
v -34.463085 2.193844 -4.958565
v -34.357128 2.417934 -4.956936
v -34.464870 2.641173 -4.957570
v -34.674057 2.747884 -4.959541
v -34.782425 2.956226 -4.960217
v -35.006500 3.062200 -4.962347
v -35.287853 2.696797 -4.937933
v -35.196812 2.875295 -4.936566
v -35.465607 2.604337 -4.940024
v -35.556019 2.413136 -4.941413
v -35.464085 2.222656 -4.940873
v -35.285599 2.131605 -4.939190
v -35.193138 1.953840 -4.938615
v -35.001945 1.863419 -4.936797
v -34.811478 1.955351 -4.934574
v -34.720436 2.133850 -4.933206
v -34.542679 2.226308 -4.931116
v -34.452274 2.417507 -4.929727
v -34.544201 2.607986 -4.930267
v -34.722691 2.699041 -4.931949
v -34.815151 2.876806 -4.932525
v -35.006344 2.967227 -4.934342
v -35.916729 2.411275 -4.911694
v -35.859333 2.411687 -5.034761
v -35.795628 2.738785 -5.033346
v -35.849194 2.760738 -4.911860
v -35.845909 2.062574 -4.911689
v -35.793022 2.085106 -5.034799
v -35.647411 1.767149 -4.911847
v -35.606789 1.808761 -5.033453
v -35.350979 1.569656 -4.912144
v -35.328983 1.624720 -5.030932
v -35.001171 1.500264 -4.912536
v -35.001904 1.561003 -5.027616
v -34.650917 1.570021 -4.912962
v -34.675343 1.627311 -5.024011
v -34.353645 1.768870 -4.913359
v -34.399014 1.813545 -5.020668
v -34.155090 2.066868 -4.913666
v -34.214993 2.091361 -5.018088
v -34.110138 2.418454 -4.913806
v -34.151287 2.418458 -5.016673
v -34.157379 2.769875 -4.913839
v -34.217598 2.745039 -5.016636
v -34.358089 3.066796 -4.913679
v -34.403831 3.021388 -5.017982
v -34.657150 3.263787 -4.913379
v -34.681633 3.205425 -5.020503
v -35.008457 3.330961 -4.912985
v -35.008717 3.269142 -5.023819
v -35.358208 3.258583 -4.912559
v -35.335278 3.202834 -5.027424
v -35.653263 3.058234 -4.912164
v -35.611607 3.016597 -5.030770
v -34.941273 -2.633194 -4.654878
v -35.005638 -2.633194 -4.654878
v -35.005096 -2.509052 -4.659405
v -34.956444 -2.588759 -4.674190
v -33.407486 -2.484643 -4.654877
v -33.454483 -2.588759 -4.674190
v -33.454483 0.508076 -4.674190
v -33.407486 0.508072 -4.654877
v -33.516304 0.969030 -4.674190
v -33.449112 0.985798 -4.654877
v -33.413273 0.789197 -4.654877
v -33.482475 0.789197 -4.674190
v -34.849194 0.969030 -4.674190
v -34.916386 0.985798 -4.654877
v -34.846249 1.195368 -4.654877
v -34.806835 1.144200 -4.674190
v -34.668365 1.386986 -4.674190
v -34.699097 1.460727 -4.654877
v -34.473381 1.702655 -4.654877
v -34.488983 1.569247 -4.674190
v -34.228832 1.657420 -4.641803
v -34.228832 1.769504 -4.654877
v -33.957382 1.702655 -4.654877
v -33.939880 1.569247 -4.674190
v -33.730682 1.386986 -4.674190
v -33.696953 1.460727 -4.654877
v -33.530891 1.164842 -4.654877
v -33.573074 1.113674 -4.674190
v -33.407486 -2.633194 -4.654877
v -33.478439 -2.633194 -4.654877
v -33.506115 0.524947 -4.694200
v -33.506115 -2.563610 -4.694200
v -33.560963 -2.527295 -4.680988
v -33.560963 0.529786 -4.680988
v -33.602253 0.973692 -4.694200
v -33.559807 0.789429 -4.694200
v -33.654823 0.789975 -4.680988
v -33.806225 0.862997 -4.659824
v -34.923744 0.524947 -4.694201
v -34.912762 0.701267 -4.694201
v -34.876442 0.673450 -4.680989
v -34.889008 0.529786 -4.680989
v -34.779568 1.004218 -4.694201
v -34.738583 1.150255 -4.694201
v -34.690601 1.072663 -4.659824
v -34.629730 0.862997 -4.659824
v -34.640182 1.337451 -4.694201
v -34.451706 1.510760 -4.694201
v -34.452320 1.448809 -4.659824
v -34.623569 1.280663 -4.659824
v -34.228832 1.573430 -4.694201
v -33.981678 1.510760 -4.694200
v -33.980984 1.448809 -4.659824
v -34.228832 1.529272 -4.659824
v -33.780605 1.361870 -4.694200
v -33.646111 1.119729 -4.694200
v -33.743523 1.042137 -4.659824
v -33.815823 1.280663 -4.659824
v -34.923744 -2.563610 -4.694201
v -34.889008 -2.527295 -4.680989
v -33.506115 -2.563610 -4.694200
v -34.923744 -2.563610 -4.694201
v -34.889008 -2.527295 -4.680989
v -33.560963 -2.527295 -4.680988
v -33.506115 -2.563610 -4.694200
v -33.506115 0.524947 -4.694200
v -33.454483 0.508076 -4.674190
v -33.454483 -2.588759 -4.674190
v -33.353069 0.508072 -4.723204
v -33.353069 -2.528080 -4.723204
v -33.397617 1.005957 -4.723204
v -33.359261 0.810381 -4.723204
v -33.559807 0.789429 -4.694200
v -33.602253 0.973692 -4.694200
v -33.516304 0.969030 -4.674190
v -33.482475 0.789197 -4.674190
v -34.912762 0.701267 -4.694201
v -34.923744 0.524947 -4.694201
v -34.956444 0.508076 -4.674190
v -34.944626 0.681366 -4.674190
v -34.967880 1.005957 -4.723205
v -34.889008 1.225286 -4.723205
v -34.846249 1.195368 -4.654877
v -34.916386 0.985798 -4.654877
v -34.738583 1.150255 -4.694201
v -34.779568 1.004218 -4.694201
v -34.849194 0.969030 -4.674190
v -34.806835 1.144200 -4.674190
v -34.730167 1.534863 -4.723205
v -34.487492 1.781386 -4.723205
v -34.488983 1.569247 -4.674190
v -34.451706 1.510760 -4.694201
v -34.640182 1.337451 -4.694201
v -34.668365 1.386986 -4.674190
v -34.228832 1.870539 -4.723205
v -33.941559 1.781386 -4.723204
v -33.939880 1.569247 -4.674190
v -33.981678 1.510760 -4.694200
v -34.228832 1.573430 -4.694201
v -34.228832 1.657420 -4.641803
v -33.662849 1.534863 -4.723204
v -33.485138 1.194760 -4.723204
v -33.573074 1.113674 -4.674190
v -33.646111 1.119729 -4.694200
v -33.780605 1.361870 -4.694200
v -33.730682 1.386986 -4.674190
v -34.923744 -2.563610 -4.694201
v -34.956444 -2.588759 -4.674190
v -33.353069 -2.683960 -4.723204
v -33.429001 -2.683960 -4.723204
v -33.353069 -2.683960 -4.723204
v -34.923744 -2.563610 -4.694201
v -33.506115 -2.563610 -4.694200
v -33.454483 -2.588759 -4.674190
v -34.956444 -2.588759 -4.674190
v -33.429001 -2.683960 -4.723204
v -34.972584 -2.683960 -4.730137
v -34.941273 -2.633194 -4.654878
v -33.478439 -2.633194 -4.654877
v -34.938717 0.789197 -4.674190
v -34.889740 0.789429 -4.694201
v -34.889740 0.789429 -4.694201
v -34.757584 0.789975 -4.680989
v -33.523453 0.701267 -4.694200
v -33.473141 0.681366 -4.674190
v -33.580799 0.673450 -4.680988
v -33.523453 0.701267 -4.694200
v -33.402729 0.681366 -4.654877
v -33.347977 0.681366 -4.723204
v -33.473141 0.681366 -4.674190
v -34.738583 1.150255 -4.694201
v -34.806835 1.144200 -4.674190
v -34.806835 1.144200 -4.674190
v -34.967880 1.005957 -4.723205
v -35.005096 0.795182 -4.727714
v -35.005096 0.803165 -4.824889
v -35.005096 0.857027 -4.912750
v -34.967880 1.005957 -4.912750
v -34.938717 0.789197 -4.674190
v -35.005096 0.789197 -4.654878
v -34.916386 0.985798 -4.654877
v -34.849194 0.969030 -4.674190
v -34.779568 1.004218 -4.694201
v -34.889740 0.789429 -4.694201
v -34.938717 0.789197 -4.674190
v -34.849194 0.969030 -4.674190
v -33.560963 0.529786 -4.680988
v -33.560963 -2.527295 -4.680988
v -33.620407 -2.486788 -4.722961
v -33.620407 0.554276 -4.722961
v -33.806225 0.862997 -4.659824
v -33.654823 0.789975 -4.680988
v -33.730423 0.777824 -4.722961
v -33.860146 0.840133 -4.706950
v -34.889008 0.529786 -4.680989
v -34.876442 0.673450 -4.680989
v -34.771500 0.692640 -4.722961
v -34.786648 0.554276 -4.722961
v -34.629730 0.862997 -4.659824
v -34.690601 1.072663 -4.659824
v -34.649837 1.033284 -4.706951
v -34.584202 0.840133 -4.706951
v -34.623569 1.280663 -4.659824
v -34.452320 1.448809 -4.659824
v -34.448021 1.387801 -4.706950
v -34.588528 1.214875 -4.706951
v -34.228832 1.529272 -4.659824
v -33.980984 1.448809 -4.659824
v -33.985809 1.387801 -4.706950
v -34.228832 1.477127 -4.706950
v -33.815823 1.280663 -4.659824
v -33.743523 1.042137 -4.659824
v -33.792980 1.002758 -4.706950
v -33.857529 1.214875 -4.706950
v -34.889008 -2.527295 -4.680989
v -34.851360 -2.486788 -4.722961
v -34.757584 0.789975 -4.680989
v -34.693745 0.777824 -4.722961
v -33.580799 0.673450 -4.680988
v -33.638348 0.692640 -4.722961
v -33.620407 0.554276 -4.722961
v -33.620407 -2.486788 -4.722961
v -33.665749 -2.470046 -4.772925
v -33.665779 0.544325 -4.773560
v -33.860146 0.840133 -4.706950
v -33.730423 0.777824 -4.722961
v -33.807697 0.767372 -4.772925
v -33.895725 0.818316 -4.763050
v -34.786648 0.554276 -4.722961
v -34.771500 0.692640 -4.722961
v -34.734432 0.671777 -4.772925
v -34.748360 0.548434 -4.772926
v -34.584202 0.840133 -4.706951
v -34.649837 1.033284 -4.706951
v -34.624268 1.008788 -4.763050
v -34.554161 0.818316 -4.763050
v -34.588528 1.214875 -4.706951
v -34.448021 1.387801 -4.706950
v -34.428646 1.321261 -4.763050
v -34.558392 1.167108 -4.763050
v -34.228832 1.477127 -4.706950
v -33.985809 1.387801 -4.706950
v -34.007526 1.321261 -4.763050
v -34.228832 1.431569 -4.751040
v -33.857529 1.214875 -4.706950
v -33.792980 1.002758 -4.706950
v -33.824009 0.978262 -4.763050
v -33.893394 1.167108 -4.763050
v -34.851360 -2.486788 -4.722961
v -34.748360 -2.470046 -4.772926
v -33.620407 -2.486788 -4.722961
v -34.851360 -2.486788 -4.722961
v -34.693745 0.777824 -4.722961
v -34.651619 0.782180 -4.772925
v -33.638348 0.692640 -4.722961
v -33.682270 0.667664 -4.773560
v -33.792980 1.002758 -4.706950
v -33.860146 0.840133 -4.706950
v -33.895725 0.818316 -4.763050
v -33.824009 0.978262 -4.763050
v -34.649837 1.033284 -4.706951
v -34.624268 1.008788 -4.763050
v -34.584202 0.840133 -4.706951
v -34.554161 0.818316 -4.763050
v -33.695850 -2.441812 -4.912750
v -33.695885 0.536365 -4.912750
v -33.895725 0.818316 -4.763050
v -33.853069 0.766046 -4.912750
v -33.929329 0.800202 -4.912750
v -34.684944 0.659619 -4.912750
v -34.722939 0.540474 -4.912750
v -34.554161 0.818316 -4.763050
v -34.592339 0.983255 -4.912750
v -34.525780 0.800202 -4.912750
v -34.400391 1.283184 -4.912750
v -34.532139 1.134279 -4.912750
v -34.039207 1.283184 -4.912750
v -34.228832 1.365375 -4.912750
v -33.862747 0.952729 -4.912750
v -33.924641 1.134279 -4.912750
v -34.722939 -2.441812 -4.912750
v -34.590176 0.766046 -4.912750
v -33.740841 0.659619 -4.912750
v -33.428997 -2.683960 -4.912750
v -34.969505 -2.685298 -4.912750
v -34.972584 -2.683960 -4.730137
v -33.429001 -2.683960 -4.723204
v -33.353065 -2.683960 -4.912750
v -33.428997 -2.683960 -4.912750
v -33.429001 -2.683960 -4.723204
v -33.353069 -2.683960 -4.723204
v -33.353065 -2.528080 -4.912750
v -33.353065 -2.683960 -4.912750
v -33.353069 -2.683960 -4.723204
v -33.353069 -2.528080 -4.723204
v -33.353065 0.508072 -4.912750
v -33.353069 0.508072 -4.723204
v -33.347977 0.681366 -4.723204
v -33.347977 0.681366 -4.912750
v -33.359261 0.810381 -4.723204
v -33.359261 0.810381 -4.912750
v -33.397617 1.005957 -4.723204
v -33.397614 1.005957 -4.912750
v -33.485138 1.194760 -4.723204
v -33.485134 1.194760 -4.912750
v -33.662849 1.534863 -4.723204
v -33.662849 1.534863 -4.912750
v -33.941559 1.781386 -4.723204
v -33.941559 1.781386 -4.912750
v -34.228832 1.870539 -4.723205
v -34.228832 1.870539 -4.912750
v -34.487492 1.781386 -4.723205
v -34.487492 1.781386 -4.912750
v -34.228832 1.870539 -4.912750
v -34.228832 1.870539 -4.723205
v -34.730167 1.534863 -4.723205
v -34.730167 1.534863 -4.912750
v -34.889008 1.225286 -4.723205
v -34.889008 1.225286 -4.912750
v -34.916386 0.985798 -4.654877
v -35.005096 0.789197 -4.654878
v -34.956444 0.508076 -4.674190
v -35.005096 0.511120 -4.654878
v -35.005096 0.665128 -4.654878
v -34.944626 0.681366 -4.674190
v -34.956444 -2.588759 -4.674190
v -35.005096 -2.509052 -4.659405
v -35.005096 0.789197 -4.654878
v -34.938717 0.789197 -4.674190
v -34.941269 -2.633194 -5.170623
v -34.956444 -2.588759 -5.151312
v -35.005096 -2.509052 -5.166094
v -35.005096 -2.633194 -5.170623
v -33.407486 -2.484643 -5.170623
v -33.407486 0.508072 -5.170623
v -33.454483 0.508076 -5.151311
v -33.454483 -2.588759 -5.151311
v -33.516304 0.969030 -5.151311
v -33.482471 0.789197 -5.151311
v -33.413273 0.789197 -5.170623
v -33.449112 0.985798 -5.170623
v -34.849194 0.969030 -5.151312
v -34.806835 1.144200 -5.151312
v -34.846249 1.195368 -5.170623
v -34.916382 0.985798 -5.170623
v -34.668365 1.386986 -5.151312
v -34.488983 1.569247 -5.151312
v -34.473377 1.702655 -5.170623
v -34.699097 1.460727 -5.170623
v -34.228832 1.657420 -5.183699
v -33.939880 1.569247 -5.151311
v -33.957378 1.702655 -5.170623
v -34.228832 1.769504 -5.170623
v -33.730682 1.386986 -5.151311
v -33.573074 1.113674 -5.151311
v -33.530891 1.164842 -5.170623
v -33.696953 1.460727 -5.170623
v -33.407486 -2.633194 -5.170623
v -33.478439 -2.633194 -5.170623
v -33.506115 0.524947 -5.131300
v -33.560963 0.529786 -5.144512
v -33.560963 -2.527295 -5.144512
v -33.506115 -2.563610 -5.131300
v -33.602253 0.973692 -5.131300
v -33.806225 0.862997 -5.165677
v -33.654823 0.789975 -5.144512
v -33.559807 0.789429 -5.131300
v -34.923744 0.524947 -5.131300
v -34.889008 0.529786 -5.144512
v -34.876442 0.673450 -5.144512
v -34.912762 0.701267 -5.131300
v -34.779568 1.004218 -5.131300
v -34.629730 0.862997 -5.165678
v -34.690598 1.072663 -5.165678
v -34.738583 1.150255 -5.131300
v -34.640182 1.337451 -5.131300
v -34.623569 1.280663 -5.165678
v -34.452320 1.448809 -5.165678
v -34.451706 1.510760 -5.131300
v -34.228832 1.573430 -5.131300
v -34.228832 1.529272 -5.165678
v -33.980984 1.448809 -5.165677
v -33.981678 1.510760 -5.131300
v -33.780605 1.361870 -5.131300
v -33.815823 1.280663 -5.165677
v -33.743523 1.042137 -5.165677
v -33.646111 1.119729 -5.131300
v -34.923744 -2.563610 -5.131300
v -34.889008 -2.527295 -5.144512
v -33.506115 -2.563610 -5.131300
v -33.560963 -2.527295 -5.144512
v -34.889008 -2.527295 -5.144512
v -34.923744 -2.563610 -5.131300
v -33.506115 -2.563610 -5.131300
v -33.454483 -2.588759 -5.151311
v -33.454483 0.508076 -5.151311
v -33.506115 0.524947 -5.131300
v -33.353069 0.508072 -5.102296
v -33.353069 -2.528080 -5.102296
v -33.397617 1.005957 -5.102296
v -33.359261 0.810381 -5.102296
v -33.559807 0.789429 -5.131300
v -33.482471 0.789197 -5.151311
v -33.516304 0.969030 -5.151311
v -33.602253 0.973692 -5.131300
v -34.912762 0.701267 -5.131300
v -34.944626 0.681366 -5.151312
v -34.956444 0.508076 -5.151312
v -34.923744 0.524947 -5.131300
v -34.967880 1.005957 -5.102296
v -34.916382 0.985798 -5.170623
v -34.846249 1.195368 -5.170623
v -34.889008 1.225286 -5.102296
v -34.738583 1.150255 -5.131300
v -34.806835 1.144200 -5.151312
v -34.849194 0.969030 -5.151312
v -34.779568 1.004218 -5.131300
v -34.730167 1.534863 -5.102296
v -34.487492 1.781386 -5.102296
v -34.488983 1.569247 -5.151312
v -34.668365 1.386986 -5.151312
v -34.640182 1.337451 -5.131300
v -34.451706 1.510760 -5.131300
v -34.228832 1.870539 -5.102296
v -33.941559 1.781386 -5.102296
v -33.939880 1.569247 -5.151311
v -34.228832 1.657420 -5.183699
v -34.228832 1.573430 -5.131300
v -33.981678 1.510760 -5.131300
v -33.662849 1.534863 -5.102296
v -33.485138 1.194760 -5.102296
v -33.573074 1.113674 -5.151311
v -33.730682 1.386986 -5.151311
v -33.780605 1.361870 -5.131300
v -33.646111 1.119729 -5.131300
v -34.956444 -2.588759 -5.151312
v -34.923744 -2.563610 -5.131300
v -33.353069 -2.683960 -5.102296
v -33.429001 -2.683960 -5.102296
v -33.353069 -2.683960 -5.102296
v -34.923744 -2.563610 -5.131300
v -34.956444 -2.588759 -5.151312
v -33.454483 -2.588759 -5.151311
v -33.506115 -2.563610 -5.131300
v -34.972584 -2.683960 -5.095364
v -34.938717 0.789197 -5.151312
v -34.889736 0.789429 -5.131300
v -34.757584 0.789975 -5.144512
v -34.889736 0.789429 -5.131300
v -33.473141 0.681366 -5.151311
v -33.523453 0.701267 -5.131300
v -33.580799 0.673450 -5.144512
v -33.523453 0.701267 -5.131300
v -33.402729 0.681366 -5.170623
v -33.347977 0.681366 -5.102296
v -33.473141 0.681366 -5.151311
v -34.806835 1.144200 -5.151312
v -34.738583 1.150255 -5.131300
v -34.806835 1.144200 -5.151312
v -34.967880 1.005957 -5.102296
v -34.967880 1.005957 -4.912750
v -35.005096 0.857027 -4.912750
v -35.005096 0.803165 -5.000613
v -35.005096 0.795182 -5.097785
v -34.938717 0.789197 -5.151312
v -34.849194 0.969030 -5.151312
v -34.916382 0.985798 -5.170623
v -35.005096 0.789197 -5.170623
v -34.779568 1.004218 -5.131300
v -34.849194 0.969030 -5.151312
v -34.938717 0.789197 -5.151312
v -34.889736 0.789429 -5.131300
v -33.560963 0.529786 -5.144512
v -33.620407 0.554276 -5.102539
v -33.620407 -2.486788 -5.102539
v -33.560963 -2.527295 -5.144512
v -33.806225 0.862997 -5.165677
v -33.860146 0.840133 -5.118548
v -33.730423 0.777824 -5.102539
v -33.654823 0.789975 -5.144512
v -34.889008 0.529786 -5.144512
v -34.786648 0.554276 -5.102540
v -34.771500 0.692640 -5.102540
v -34.876442 0.673450 -5.144512
v -34.629730 0.862997 -5.165678
v -34.584202 0.840133 -5.118548
v -34.649837 1.033284 -5.118548
v -34.690598 1.072663 -5.165678
v -34.623569 1.280663 -5.165678
v -34.588528 1.214875 -5.118548
v -34.448021 1.387801 -5.118548
v -34.452320 1.448809 -5.165678
v -34.228832 1.529272 -5.165678
v -34.228832 1.477127 -5.118548
v -33.985809 1.387801 -5.118548
v -33.980984 1.448809 -5.165677
v -33.815823 1.280663 -5.165677
v -33.857529 1.214875 -5.118548
v -33.792980 1.002758 -5.118548
v -33.743523 1.042137 -5.165677
v -34.889008 -2.527295 -5.144512
v -34.851357 -2.486788 -5.102540
v -34.693745 0.777824 -5.102539
v -34.757584 0.789975 -5.144512
v -33.580799 0.673450 -5.144512
v -33.638348 0.692640 -5.102539
v -33.620407 0.554276 -5.102539
v -33.665779 0.544325 -5.051939
v -33.665749 -2.470046 -5.052576
v -33.620407 -2.486788 -5.102539
v -33.860146 0.840133 -5.118548
v -33.895725 0.818316 -5.062449
v -33.807697 0.767372 -5.052576
v -33.730423 0.777824 -5.102539
v -34.786648 0.554276 -5.102540
v -34.748360 0.548434 -5.052577
v -34.734432 0.671777 -5.052577
v -34.771500 0.692640 -5.102540
v -34.584202 0.840133 -5.118548
v -34.554161 0.818316 -5.062449
v -34.624268 1.008788 -5.062449
v -34.649837 1.033284 -5.118548
v -34.588528 1.214875 -5.118548
v -34.558392 1.167108 -5.062449
v -34.428646 1.321261 -5.062449
v -34.448021 1.387801 -5.118548
v -34.228832 1.477127 -5.118548
v -34.228832 1.431569 -5.074460
v -34.007526 1.321261 -5.062449
v -33.985809 1.387801 -5.118548
v -33.857529 1.214875 -5.118548
v -33.893394 1.167108 -5.062449
v -33.824009 0.978262 -5.062449
v -33.792980 1.002758 -5.118548
v -34.851357 -2.486788 -5.102540
v -34.748360 -2.470046 -5.052577
v -33.620407 -2.486788 -5.102539
v -34.851357 -2.486788 -5.102540
v -34.651619 0.782180 -5.052577
v -34.693745 0.777824 -5.102539
v -33.638348 0.692640 -5.102539
v -33.682270 0.667664 -5.051939
v -33.792980 1.002758 -5.118548
v -33.824009 0.978262 -5.062449
v -33.895725 0.818316 -5.062449
v -33.860146 0.840133 -5.118548
v -34.649837 1.033284 -5.118548
v -34.624268 1.008788 -5.062449
v -34.554161 0.818316 -5.062449
v -34.584202 0.840133 -5.118548
v -33.695885 0.536365 -4.912750
v -33.695850 -2.441812 -4.912750
v -33.895725 0.818316 -5.062449
v -33.929329 0.800202 -4.912750
v -33.853069 0.766046 -4.912750
v -34.722939 0.540474 -4.912750
v -34.684944 0.659619 -4.912750
v -34.554161 0.818316 -5.062449
v -34.525780 0.800202 -4.912750
v -34.592339 0.983255 -4.912750
v -34.532139 1.134279 -4.912750
v -34.400391 1.283184 -4.912750
v -34.228832 1.365375 -4.912750
v -34.039207 1.283184 -4.912750
v -33.924641 1.134279 -4.912750
v -33.862747 0.952729 -4.912750
v -34.722939 -2.441812 -4.912750
v -34.590176 0.766046 -4.912750
v -33.740841 0.659619 -4.912750
v -35.005096 -2.633194 -5.170623
v -35.005096 -2.658985 -5.097008
v -33.428997 -2.683960 -4.912750
v -33.429001 -2.683960 -5.102296
v -34.972584 -2.683960 -5.095364
v -34.969505 -2.685298 -4.912750
v -33.353065 -2.683960 -4.912750
v -33.353069 -2.683960 -5.102296
v -33.353065 -2.528080 -4.912750
v -33.353069 -2.528080 -5.102296
v -33.353069 -2.683960 -5.102296
v -33.353065 -2.683960 -4.912750
v -33.353065 0.508072 -4.912750
v -33.353069 0.508072 -5.102296
v -33.347977 0.681366 -5.102296
v -33.347977 0.681366 -4.912750
v -33.359261 0.810381 -5.102296
v -33.359261 0.810381 -4.912750
v -33.397617 1.005957 -5.102296
v -33.397614 1.005957 -4.912750
v -33.485138 1.194760 -5.102296
v -33.485134 1.194760 -4.912750
v -33.662849 1.534863 -5.102296
v -33.662849 1.534863 -4.912750
v -33.941559 1.781386 -5.102296
v -33.941559 1.781386 -4.912750
v -34.228832 1.870539 -5.102296
v -34.228832 1.870539 -4.912750
v -34.487492 1.781386 -5.102296
v -34.228832 1.870539 -5.102296
v -34.228832 1.870539 -4.912750
v -34.487492 1.781386 -4.912750
v -34.730167 1.534863 -5.102296
v -34.730167 1.534863 -4.912750
v -34.889008 1.225286 -5.102296
v -34.889008 1.225286 -4.912750
v -35.005096 0.789197 -5.170623
v -34.916382 0.985798 -5.170623
v -34.956444 0.508076 -5.151312
v -34.944626 0.681366 -5.151312
v -35.005096 0.665128 -5.170623
v -35.005096 0.511120 -5.170623
v -34.938717 0.789197 -5.151312
v -35.005096 0.789197 -5.170623
v -35.068920 -2.633194 -4.654878
v -35.053749 -2.588759 -4.674190
v -35.005096 -2.509052 -4.659405
v -35.005638 -2.633194 -4.654878
v -36.602707 -2.484643 -4.654878
v -36.602707 0.508072 -4.654878
v -36.555710 0.508076 -4.674191
v -36.555710 -2.588759 -4.674191
v -36.493889 0.969030 -4.674191
v -36.527718 0.789197 -4.674191
v -36.596920 0.789197 -4.654878
v -36.561081 0.985798 -4.654878
v -35.160999 0.969030 -4.674190
v -35.203358 1.144200 -4.674190
v -35.163944 1.195368 -4.654878
v -35.093807 0.985798 -4.654878
v -35.341827 1.386986 -4.674190
v -35.521210 1.569247 -4.674190
v -35.536812 1.702655 -4.654878
v -35.311096 1.460727 -4.654878
v -35.781361 1.657420 -4.641803
v -36.070312 1.569247 -4.674191
v -36.052811 1.702655 -4.654878
v -35.781361 1.769504 -4.654878
v -36.279510 1.386986 -4.674191
v -36.437119 1.113674 -4.674191
v -36.479301 1.164842 -4.654878
v -36.313240 1.460727 -4.654878
v -36.602707 -2.633194 -4.654878
v -36.531754 -2.633194 -4.654878
v -35.068920 -2.633194 -4.654878
v -36.531754 -2.633194 -4.654878
v -36.555710 -2.588759 -4.674191
v -35.053749 -2.588759 -4.674190
v -36.504078 0.524947 -4.694201
v -36.449230 0.529786 -4.680989
v -36.449230 -2.527295 -4.680989
v -36.504078 -2.563610 -4.694201
v -36.407940 0.973692 -4.694201
v -36.203968 0.862997 -4.659825
v -36.355370 0.789975 -4.680989
v -36.450386 0.789429 -4.694201
v -35.086449 0.524947 -4.694201
v -35.121185 0.529786 -4.680989
v -35.133751 0.673450 -4.680989
v -35.097431 0.701267 -4.694201
v -35.230625 1.004218 -4.694201
v -35.380463 0.862997 -4.659824
v -35.319592 1.072663 -4.659824
v -35.271610 1.150255 -4.694201
v -35.370010 1.337451 -4.694201
v -35.386623 1.280663 -4.659824
v -35.557873 1.448809 -4.659824
v -35.558487 1.510760 -4.694201
v -35.781361 1.573430 -4.694201
v -35.781361 1.529272 -4.659824
v -36.029209 1.448809 -4.659825
v -36.028515 1.510760 -4.694201
v -36.229588 1.361870 -4.694201
v -36.194370 1.280663 -4.659825
v -36.266670 1.042137 -4.659825
v -36.364082 1.119729 -4.694201
v -35.086449 -2.563610 -4.694201
v -35.121185 -2.527295 -4.680989
v -36.504078 -2.563610 -4.694201
v -36.449230 -2.527295 -4.680989
v -35.121185 -2.527295 -4.680989
v -35.086449 -2.563610 -4.694201
v -36.504078 -2.563610 -4.694201
v -36.555710 -2.588759 -4.674191
v -36.555710 0.508076 -4.674191
v -36.504078 0.524947 -4.694201
v -36.657124 0.508072 -4.723205
v -36.657124 -2.528080 -4.723205
v -36.612576 1.005957 -4.723205
v -36.650932 0.810381 -4.723205
v -36.450386 0.789429 -4.694201
v -36.527718 0.789197 -4.674191
v -36.493889 0.969030 -4.674191
v -36.407940 0.973692 -4.694201
v -35.097431 0.701267 -4.694201
v -35.065567 0.681366 -4.674190
v -35.053749 0.508076 -4.674190
v -35.086449 0.524947 -4.694201
v -35.042313 1.005957 -4.723205
v -35.093807 0.985798 -4.654878
v -35.163944 1.195368 -4.654878
v -35.121185 1.225286 -4.723205
v -35.271610 1.150255 -4.694201
v -35.203358 1.144200 -4.674190
v -35.160999 0.969030 -4.674190
v -35.230625 1.004218 -4.694201
v -35.280025 1.534863 -4.723205
v -35.522701 1.781386 -4.723205
v -35.521210 1.569247 -4.674190
v -35.341827 1.386986 -4.674190
v -35.370010 1.337451 -4.694201
v -35.558487 1.510760 -4.694201
v -35.781361 1.870539 -4.723205
v -36.068634 1.781386 -4.723205
v -36.070312 1.569247 -4.674191
v -35.781361 1.657420 -4.641803
v -35.781361 1.573430 -4.694201
v -36.028515 1.510760 -4.694201
v -36.347343 1.534863 -4.723205
v -36.525055 1.194760 -4.723205
v -36.437119 1.113674 -4.674191
v -36.279510 1.386986 -4.674191
v -36.229588 1.361870 -4.694201
v -36.364082 1.119729 -4.694201
v -35.053749 -2.588759 -4.674190
v -35.086449 -2.563610 -4.694201
v -36.657124 -2.683960 -4.723205
v -36.581192 -2.683960 -4.723205
v -36.657124 -2.683960 -4.723205
v -35.086449 -2.563610 -4.694201
v -35.053749 -2.588759 -4.674190
v -36.555710 -2.588759 -4.674191
v -36.504078 -2.563610 -4.694201
v -36.581192 -2.683960 -4.723205
v -36.531754 -2.633194 -4.654878
v -35.068920 -2.633194 -4.654878
v -35.037609 -2.683960 -4.730137
v -35.071476 0.789197 -4.674190
v -35.120453 0.789429 -4.694201
v -35.252609 0.789975 -4.680989
v -35.120453 0.789429 -4.694201
v -36.537052 0.681366 -4.674191
v -36.486740 0.701267 -4.694201
v -36.429394 0.673450 -4.680989
v -36.486740 0.701267 -4.694201
v -36.607464 0.681366 -4.654878
v -36.662216 0.681366 -4.723205
v -36.537052 0.681366 -4.674191
v -35.203358 1.144200 -4.674190
v -35.271610 1.150255 -4.694201
v -35.203358 1.144200 -4.674190
v -35.042313 1.005957 -4.723205
v -35.042309 1.005957 -4.912750
v -35.005096 0.857027 -4.912750
v -35.005096 0.803165 -4.824889
v -35.005096 0.795182 -4.727714
v -35.071476 0.789197 -4.674190
v -35.160999 0.969030 -4.674190
v -35.093807 0.985798 -4.654878
v -35.005096 0.789197 -4.654878
v -35.230625 1.004218 -4.694201
v -35.160999 0.969030 -4.674190
v -35.071476 0.789197 -4.674190
v -35.120453 0.789429 -4.694201
v -36.449230 0.529786 -4.680989
v -36.389786 0.554276 -4.722962
v -36.389786 -2.486788 -4.722962
v -36.449230 -2.527295 -4.680989
v -36.203968 0.862997 -4.659825
v -36.150047 0.840133 -4.706951
v -36.279770 0.777824 -4.722962
v -36.355370 0.789975 -4.680989
v -35.121185 0.529786 -4.680989
v -35.223545 0.554276 -4.722961
v -35.238693 0.692640 -4.722961
v -35.133751 0.673450 -4.680989
v -35.380463 0.862997 -4.659824
v -35.425991 0.840133 -4.706951
v -35.360355 1.033284 -4.706951
v -35.319592 1.072663 -4.659824
v -35.386623 1.280663 -4.659824
v -35.421665 1.214875 -4.706951
v -35.562172 1.387801 -4.706951
v -35.557873 1.448809 -4.659824
v -35.781361 1.529272 -4.659824
v -35.781361 1.477127 -4.706951
v -36.024384 1.387801 -4.706951
v -36.029209 1.448809 -4.659825
v -36.194370 1.280663 -4.659825
v -36.152664 1.214875 -4.706951
v -36.217213 1.002758 -4.706951
v -36.266670 1.042137 -4.659825
v -35.121185 -2.527295 -4.680989
v -35.158833 -2.486788 -4.722961
v -35.316448 0.777824 -4.722961
v -35.252609 0.789975 -4.680989
v -36.429394 0.673450 -4.680989
v -36.371845 0.692640 -4.722962
v -36.389786 0.554276 -4.722962
v -36.344414 0.544325 -4.773561
v -36.344444 -2.470046 -4.772926
v -36.389786 -2.486788 -4.722962
v -36.150047 0.840133 -4.706951
v -36.114468 0.818316 -4.763051
v -36.202496 0.767372 -4.772926
v -36.279770 0.777824 -4.722962
v -35.223545 0.554276 -4.722961
v -35.261833 0.548434 -4.772926
v -35.275761 0.671777 -4.772926
v -35.238693 0.692640 -4.722961
v -35.425991 0.840133 -4.706951
v -35.456032 0.818316 -4.763051
v -35.385925 1.008788 -4.763051
v -35.360355 1.033284 -4.706951
v -35.421665 1.214875 -4.706951
v -35.451801 1.167108 -4.763051
v -35.581547 1.321261 -4.763051
v -35.562172 1.387801 -4.706951
v -35.781361 1.477127 -4.706951
v -35.781361 1.431569 -4.751041
v -36.002666 1.321261 -4.763051
v -36.024384 1.387801 -4.706951
v -36.152664 1.214875 -4.706951
v -36.116798 1.167108 -4.763051
v -36.186184 0.978262 -4.763051
v -36.217213 1.002758 -4.706951
v -35.158833 -2.486788 -4.722961
v -35.261833 -2.470046 -4.772926
v -36.389786 -2.486788 -4.722962
v -35.158833 -2.486788 -4.722961
v -35.358574 0.782180 -4.772926
v -35.316448 0.777824 -4.722961
v -36.371845 0.692640 -4.722962
v -36.327923 0.667664 -4.773561
v -36.217213 1.002758 -4.706951
v -36.186184 0.978262 -4.763051
v -36.114468 0.818316 -4.763051
v -36.150047 0.840133 -4.706951
v -35.360355 1.033284 -4.706951
v -35.385925 1.008788 -4.763051
v -35.456032 0.818316 -4.763051
v -35.425991 0.840133 -4.706951
v -36.314308 0.536365 -4.912751
v -36.314342 -2.441812 -4.912751
v -36.114468 0.818316 -4.763051
v -36.080864 0.800202 -4.912751
v -36.157124 0.766046 -4.912751
v -35.287254 0.540474 -4.912750
v -35.325249 0.659619 -4.912750
v -35.456032 0.818316 -4.763051
v -35.484413 0.800202 -4.912750
v -35.417854 0.983255 -4.912750
v -35.478054 1.134279 -4.912750
v -35.609802 1.283184 -4.912750
v -35.781361 1.365375 -4.912750
v -35.970985 1.283184 -4.912751
v -36.085552 1.134279 -4.912751
v -36.147446 0.952729 -4.912751
v -35.287254 -2.441812 -4.912750
v -35.420017 0.766046 -4.912750
v -36.269352 0.659619 -4.912751
v -36.581196 -2.683960 -4.912751
v -36.581192 -2.683960 -4.723205
v -35.037609 -2.683960 -4.730137
v -35.025799 -2.685298 -4.912750
v -36.657127 -2.683960 -4.912751
v -36.657124 -2.683960 -4.723205
v -36.581192 -2.683960 -4.723205
v -36.581196 -2.683960 -4.912751
v -36.657127 -2.528080 -4.912751
v -36.657124 -2.528080 -4.723205
v -36.657124 -2.683960 -4.723205
v -36.657127 -2.683960 -4.912751
v -36.657127 0.508072 -4.912751
v -36.657124 0.508072 -4.723205
v -36.662216 0.681366 -4.723205
v -36.662212 0.681366 -4.912751
v -36.650932 0.810381 -4.723205
v -36.650932 0.810381 -4.912751
v -36.612576 1.005957 -4.723205
v -36.612579 1.005957 -4.912751
v -36.525055 1.194760 -4.723205
v -36.525059 1.194760 -4.912751
v -36.347343 1.534863 -4.723205
v -36.347343 1.534863 -4.912751
v -36.068634 1.781386 -4.723205
v -36.068634 1.781386 -4.912751
v -35.781361 1.870539 -4.723205
v -35.781361 1.870539 -4.912750
v -35.522701 1.781386 -4.723205
v -35.781361 1.870539 -4.723205
v -35.781361 1.870539 -4.912750
v -35.522701 1.781386 -4.912750
v -35.280025 1.534863 -4.723205
v -35.280025 1.534863 -4.912750
v -35.121185 1.225286 -4.723205
v -35.121185 1.225286 -4.912750
v -35.005096 0.789197 -4.654878
v -35.093807 0.985798 -4.654878
v -35.053749 0.508076 -4.674190
v -35.065567 0.681366 -4.674190
v -35.005096 0.665128 -4.654878
v -35.005096 0.511120 -4.654878
v -35.053749 -2.588759 -4.674190
v -35.005096 -2.509052 -4.659405
v -35.071476 0.789197 -4.674190
v -35.005096 0.789197 -4.654878
v -35.068920 -2.633194 -5.170623
v -35.005096 -2.633194 -5.170623
v -35.005096 -2.509052 -5.166094
v -35.053749 -2.588759 -5.151312
v -36.602707 -2.484643 -5.170624
v -36.555710 -2.588759 -5.151312
v -36.555710 0.508076 -5.151312
v -36.602707 0.508072 -5.170624
v -36.493889 0.969030 -5.151312
v -36.561081 0.985798 -5.170624
v -36.596920 0.789197 -5.170624
v -36.527718 0.789197 -5.151312
v -35.160999 0.969030 -5.151312
v -35.093807 0.985798 -5.170623
v -35.163944 1.195368 -5.170623
v -35.203358 1.144200 -5.151312
v -35.341827 1.386986 -5.151312
v -35.311096 1.460727 -5.170623
v -35.536812 1.702655 -5.170624
v -35.521210 1.569247 -5.151312
v -35.781361 1.657420 -5.183700
v -35.781361 1.769504 -5.170624
v -36.052811 1.702655 -5.170624
v -36.070312 1.569247 -5.151312
v -36.279510 1.386986 -5.151312
v -36.313240 1.460727 -5.170624
v -36.479301 1.164842 -5.170624
v -36.437119 1.113674 -5.151312
v -36.602707 -2.633194 -5.170624
v -36.531754 -2.633194 -5.170624
v -36.504078 0.524947 -5.131301
v -36.504078 -2.563610 -5.131301
v -36.449230 -2.527295 -5.144513
v -36.449230 0.529786 -5.144513
v -36.407940 0.973692 -5.131300
v -36.450386 0.789429 -5.131300
v -36.355370 0.789975 -5.144513
v -36.203968 0.862997 -5.165678
v -35.086449 0.524947 -5.131300
v -35.097431 0.701267 -5.131300
v -35.133751 0.673450 -5.144512
v -35.121185 0.529786 -5.144512
v -35.230625 1.004218 -5.131300
v -35.271610 1.150255 -5.131300
v -35.319592 1.072663 -5.165678
v -35.380459 0.862997 -5.165678
v -35.370010 1.337451 -5.131300
v -35.558487 1.510760 -5.131300
v -35.557873 1.448809 -5.165678
v -35.386623 1.280663 -5.165678
v -35.781361 1.573430 -5.131300
v -36.028515 1.510760 -5.131300
v -36.029209 1.448809 -5.165678
v -35.781361 1.529272 -5.165678
v -36.229588 1.361870 -5.131300
v -36.364082 1.119729 -5.131300
v -36.266670 1.042137 -5.165678
v -36.194366 1.280663 -5.165678
v -35.086449 -2.563610 -5.131300
v -35.121185 -2.527295 -5.144512
v -36.504078 -2.563610 -5.131301
v -35.086449 -2.563610 -5.131300
v -35.121185 -2.527295 -5.144512
v -36.449230 -2.527295 -5.144513
v -36.504078 -2.563610 -5.131301
v -36.504078 0.524947 -5.131301
v -36.555710 0.508076 -5.151312
v -36.555710 -2.588759 -5.151312
v -36.657124 0.508072 -5.102297
v -36.657124 -2.528080 -5.102297
v -36.612576 1.005957 -5.102297
v -36.650932 0.810381 -5.102297
v -36.450386 0.789429 -5.131300
v -36.407940 0.973692 -5.131300
v -36.493889 0.969030 -5.151312
v -36.527718 0.789197 -5.151312
v -35.097431 0.701267 -5.131300
v -35.086449 0.524947 -5.131300
v -35.053749 0.508076 -5.151312
v -35.065567 0.681366 -5.151312
v -35.042309 1.005957 -5.102296
v -35.121185 1.225286 -5.102296
v -35.163944 1.195368 -5.170623
v -35.093807 0.985798 -5.170623
v -35.271610 1.150255 -5.131300
v -35.230625 1.004218 -5.131300
v -35.160999 0.969030 -5.151312
v -35.203358 1.144200 -5.151312
v -35.280025 1.534863 -5.102296
v -35.522701 1.781386 -5.102296
v -35.521210 1.569247 -5.151312
v -35.558487 1.510760 -5.131300
v -35.370010 1.337451 -5.131300
v -35.341827 1.386986 -5.151312
v -35.781361 1.870539 -5.102296
v -36.068634 1.781386 -5.102296
v -36.070312 1.569247 -5.151312
v -36.028515 1.510760 -5.131300
v -35.781361 1.573430 -5.131300
v -35.781361 1.657420 -5.183700
v -36.347343 1.534863 -5.102297
v -36.525055 1.194760 -5.102297
v -36.437119 1.113674 -5.151312
v -36.364082 1.119729 -5.131300
v -36.229588 1.361870 -5.131300
v -36.279510 1.386986 -5.151312
v -35.086449 -2.563610 -5.131300
v -35.053749 -2.588759 -5.151312
v -36.657124 -2.683960 -5.102297
v -36.581192 -2.683960 -5.099949
v -36.657124 -2.683960 -5.102297
v -35.086449 -2.563610 -5.131300
v -36.504078 -2.563610 -5.131301
v -36.555710 -2.588759 -5.151312
v -35.053749 -2.588759 -5.151312
v -36.581192 -2.683960 -5.099949
v -35.037609 -2.683960 -5.095364
v -35.068920 -2.633194 -5.170623
v -36.531754 -2.633194 -5.170624
v -35.071476 0.789197 -5.151312
v -35.120453 0.789429 -5.131300
v -35.120453 0.789429 -5.131300
v -35.252609 0.789975 -5.144512
v -36.486740 0.701267 -5.131301
v -36.537052 0.681366 -5.151312
v -36.429394 0.673450 -5.144513
v -36.486740 0.701267 -5.131301
v -36.607464 0.681366 -5.170624
v -36.662216 0.681366 -5.102297
v -36.537052 0.681366 -5.151312
v -35.271610 1.150255 -5.131300
v -35.203358 1.144200 -5.151312
v -35.203358 1.144200 -5.151312
v -35.042309 1.005957 -5.102296
v -35.005096 0.795182 -5.097785
v -35.005096 0.803165 -5.000613
v -35.005096 0.857027 -4.912750
v -35.042309 1.005957 -4.912750
v -35.071476 0.789197 -5.151312
v -35.005096 0.789197 -5.170623
v -35.093807 0.985798 -5.170623
v -35.160999 0.969030 -5.151312
v -35.230625 1.004218 -5.131300
v -35.120453 0.789429 -5.131300
v -35.071476 0.789197 -5.151312
v -35.160999 0.969030 -5.151312
v -36.449230 0.529786 -5.144513
v -36.449230 -2.527295 -5.144513
v -36.389786 -2.486788 -5.102540
v -36.389786 0.554276 -5.102540
v -36.203968 0.862997 -5.165678
v -36.355370 0.789975 -5.144513
v -36.279770 0.777824 -5.102540
v -36.150047 0.840133 -5.118549
v -35.121185 0.529786 -5.144512
v -35.133751 0.673450 -5.144512
v -35.238693 0.692640 -5.102540
v -35.223545 0.554276 -5.102540
v -35.380459 0.862997 -5.165678
v -35.319592 1.072663 -5.165678
v -35.360355 1.033284 -5.118549
v -35.425991 0.840133 -5.118549
v -35.386623 1.280663 -5.165678
v -35.557873 1.448809 -5.165678
v -35.562172 1.387801 -5.118549
v -35.421665 1.214875 -5.118549
v -35.781361 1.529272 -5.165678
v -36.029209 1.448809 -5.165678
v -36.024384 1.387801 -5.118549
v -35.781361 1.477127 -5.118549
v -36.194366 1.280663 -5.165678
v -36.266670 1.042137 -5.165678
v -36.217213 1.002758 -5.118549
v -36.152664 1.214875 -5.118549
v -35.121185 -2.527295 -5.144512
v -35.158833 -2.486788 -5.102540
v -35.252609 0.789975 -5.144512
v -35.316448 0.777824 -5.102540
v -36.429394 0.673450 -5.144513
v -36.371845 0.692640 -5.102540
v -36.389786 0.554276 -5.102540
v -36.389786 -2.486788 -5.102540
v -36.344444 -2.470046 -5.052577
v -36.344414 0.544325 -5.051939
v -36.150047 0.840133 -5.118549
v -36.279770 0.777824 -5.102540
v -36.202496 0.767372 -5.052577
v -36.114468 0.818316 -5.062450
v -35.223545 0.554276 -5.102540
v -35.238693 0.692640 -5.102540
v -35.275761 0.671777 -5.052577
v -35.261833 0.548434 -5.052577
v -35.425991 0.840133 -5.118549
v -35.360355 1.033284 -5.118549
v -35.385925 1.008788 -5.062450
v -35.456032 0.818316 -5.062450
v -35.421665 1.214875 -5.118549
v -35.562172 1.387801 -5.118549
v -35.581547 1.321261 -5.062450
v -35.451801 1.167108 -5.062450
v -35.781361 1.477127 -5.118549
v -36.024384 1.387801 -5.118549
v -36.002666 1.321261 -5.062450
v -35.781361 1.431569 -5.074461
v -36.152664 1.214875 -5.118549
v -36.217213 1.002758 -5.118549
v -36.186184 0.978262 -5.062450
v -36.116798 1.167108 -5.062450
v -35.158833 -2.486788 -5.102540
v -35.261833 -2.470046 -5.052577
v -36.389786 -2.486788 -5.102540
v -35.158833 -2.486788 -5.102540
v -35.316448 0.777824 -5.102540
v -35.358574 0.782180 -5.052577
v -36.371845 0.692640 -5.102540
v -36.327923 0.667664 -5.051939
v -36.217213 1.002758 -5.118549
v -36.150047 0.840133 -5.118549
v -36.114468 0.818316 -5.062450
v -36.186184 0.978262 -5.062450
v -35.360355 1.033284 -5.118549
v -35.385925 1.008788 -5.062450
v -35.425991 0.840133 -5.118549
v -35.456032 0.818316 -5.062450
v -36.314342 -2.441812 -4.912751
v -36.314308 0.536365 -4.912751
v -36.114468 0.818316 -5.062450
v -36.157124 0.766046 -4.912751
v -36.080864 0.800202 -4.912751
v -35.325249 0.659619 -4.912750
v -35.287254 0.540474 -4.912750
v -35.456032 0.818316 -5.062450
v -35.417854 0.983255 -4.912750
v -35.484413 0.800202 -4.912750
v -35.609802 1.283184 -4.912750
v -35.478054 1.134279 -4.912750
v -35.970985 1.283184 -4.912751
v -35.781361 1.365375 -4.912750
v -36.147446 0.952729 -4.912751
v -36.085552 1.134279 -4.912751
v -35.287254 -2.441812 -4.912750
v -35.420017 0.766046 -4.912750
v -36.269352 0.659619 -4.912751
v -35.037609 -2.683960 -5.095364
v -35.005096 -2.658985 -5.097008
v -35.005096 -2.633194 -5.170623
v -35.068920 -2.633194 -5.170623
v -36.581196 -2.683960 -4.912751
v -35.025799 -2.685298 -4.912750
v -35.037609 -2.683960 -5.095364
v -36.581192 -2.683960 -5.099949
v -36.657127 -2.683960 -4.912751
v -36.581196 -2.683960 -4.912751
v -36.581192 -2.683960 -5.099949
v -36.657124 -2.683960 -5.102297
v -36.657127 -2.528080 -4.912751
v -36.657127 -2.683960 -4.912751
v -36.657124 -2.683960 -5.102297
v -36.657124 -2.528080 -5.102297
v -36.657127 0.508072 -4.912751
v -36.657124 0.508072 -5.102297
v -36.662216 0.681366 -5.102297
v -36.662212 0.681366 -4.912751
v -36.650932 0.810381 -5.102297
v -36.650932 0.810381 -4.912751
v -36.612576 1.005957 -5.102297
v -36.612579 1.005957 -4.912751
v -36.525055 1.194760 -5.102297
v -36.525059 1.194760 -4.912751
v -36.347343 1.534863 -5.102297
v -36.347343 1.534863 -4.912751
v -36.068634 1.781386 -5.102296
v -36.068634 1.781386 -4.912751
v -35.781361 1.870539 -5.102296
v -35.781361 1.870539 -4.912750
v -35.522701 1.781386 -5.102296
v -35.522701 1.781386 -4.912750
v -35.781361 1.870539 -4.912750
v -35.781361 1.870539 -5.102296
v -35.280025 1.534863 -5.102296
v -35.280025 1.534863 -4.912750
v -35.121185 1.225286 -5.102296
v -35.121185 1.225286 -4.912750
v -35.093807 0.985798 -5.170623
v -35.005096 0.789197 -5.170623
v -35.053749 0.508076 -5.151312
v -35.005096 0.511120 -5.170623
v -35.005096 0.665128 -5.170623
v -35.065567 0.681366 -5.151312
v -35.053749 -2.588759 -5.151312
v -35.005096 -2.509052 -5.166094
v -35.005096 0.789197 -5.170623
v -35.071476 0.789197 -5.151312
v -35.005638 -2.633194 -4.654878
v -35.007999 -2.683960 -4.730137
v -35.037609 -2.683960 -4.730137
v -35.068920 -2.633194 -4.654878
v -35.025799 -2.685298 -4.912750
v -35.037609 -2.683960 -4.730137
v -35.007999 -2.683960 -4.730137
v -34.999580 -2.685298 -4.912750
v -34.941273 -2.633194 -4.654878
v -34.972584 -2.683960 -4.730137
v -35.007999 -2.683960 -4.730137
v -34.999580 -2.685298 -4.912750
v -35.007999 -2.683960 -4.730137
v -34.972584 -2.683960 -4.730137
v -34.969505 -2.685298 -4.912750
v -35.005096 -2.658985 -5.097008
v -35.037609 -2.683960 -5.095364
v -35.025799 -2.685298 -4.912750
v -34.999580 -2.685298 -4.912750
v -34.972584 -2.683960 -5.095364
v -35.005096 -2.658985 -5.097008
v -34.999580 -2.685298 -4.912750
v -34.969505 -2.685298 -4.912750
v -34.956444 -2.588759 -5.151312
v -34.956444 0.508076 -5.151312
v -35.005096 0.511120 -5.170623
v -35.005096 -2.509052 -5.166094
v -37.059814 -2.805601 -5.221829
v -37.059814 -2.805601 -4.603673
v -37.059814 -3.011817 -4.603673
v -37.059814 -3.011817 -5.221829
v -37.059814 -3.011817 -5.221829
v -36.792671 -3.011817 -4.603673
v -36.792671 -3.011817 -5.221828
v -36.814102 -2.784222 -4.641329
v -37.059814 -3.011817 -5.221829
v -36.792671 -3.011817 -5.221828
v -36.799252 -2.792635 -5.221828
v -37.059814 -2.805601 -5.221829
v -32.950375 -2.805601 -5.221828
v -32.950378 -2.805601 -4.603672
v -32.950378 1.192961 -4.603672
v -32.950375 1.192961 -5.221828
v -33.352943 0.834048 -5.098032
v -33.352943 0.834048 -4.727467
v -33.352943 -2.678185 -4.759634
v -33.352943 -2.678185 -5.065866
v -33.217522 -3.011817 -5.221828
v -33.217522 -3.011817 -4.603672
v -32.950378 -3.011817 -4.603672
v -32.950375 -3.011817 -5.221828
v -33.225838 -2.800669 -4.635729
v -33.207397 1.063018 -4.592515
v -33.210941 -2.792635 -5.221828
v -32.950375 -2.805601 -5.221828
v -32.950375 1.192961 -5.221828
v -33.210941 1.071292 -5.221828
v -33.384541 1.982840 -4.582520
v -33.181480 2.170453 -4.603672
v -33.181480 2.170453 -5.221828
v -33.181480 2.170453 -5.221828
v -33.392471 1.990333 -5.221828
v -33.651627 1.951813 -5.012726
v -33.651627 1.951813 -4.812772
v -33.499264 1.180479 -4.746787
v -33.499264 1.180479 -5.078713
v -36.795666 1.079470 -4.598115
v -37.059814 1.192961 -4.603673
v -36.828712 2.170453 -4.603673
v -36.609749 1.997626 -4.587554
v -37.059814 1.192961 -5.221829
v -36.828712 2.170453 -5.221828
v -37.059814 1.192961 -5.221829
v -36.799252 1.071292 -5.221828
v -36.617722 1.990333 -5.221828
v -36.828712 2.170453 -5.221828
v -36.510929 1.180479 -5.078714
v -36.510929 1.180479 -4.746788
v -36.358566 1.951813 -4.812773
v -36.358566 1.951813 -5.012727
v -36.261009 3.019468 -4.603673
v -36.191154 2.715360 -4.578857
v -36.261009 3.019468 -5.221828
v -36.202553 2.710016 -5.221828
v -36.261009 3.019468 -5.221828
v -36.010120 2.579701 -4.812773
v -36.010120 2.579701 -5.012727
v -35.649544 3.474798 -4.603673
v -35.605831 3.200391 -4.572492
v -35.649544 3.474798 -5.221828
v -35.619549 3.197748 -5.221828
v -35.649544 3.474798 -5.221828
v -35.520805 3.013991 -4.812773
v -35.520805 3.013991 -5.012727
v -34.990223 3.440549 -4.568816
v -35.005096 3.685392 -4.603673
v -34.360649 3.474798 -4.603673
v -34.376938 3.194756 -4.570574
v -35.005096 3.685392 -5.221828
v -34.360649 3.474798 -5.221828
v -35.005096 3.685392 -5.221828
v -35.005096 3.440741 -5.221828
v -34.390640 3.197748 -5.221828
v -34.360649 3.474798 -5.221828
v -35.005096 3.225216 -5.012726
v -35.005096 3.225216 -4.812773
v -34.489388 3.013991 -4.812773
v -34.489388 3.013991 -5.012726
v -33.796265 2.704381 -4.575119
v -33.749184 3.019468 -4.603672
v -33.749184 3.019468 -5.221828
v -33.749184 3.019468 -5.221828
v -33.807640 2.710016 -5.221828
v -34.000072 2.579701 -5.012726
v -34.000072 2.579701 -4.812773
v -36.657249 -2.678185 -5.065866
v -36.657249 -2.678185 -4.759635
v -36.657249 0.834048 -4.727468
v -36.657249 0.834048 -5.098032
v -33.217522 -3.011817 -5.221828
v -32.950375 -3.011817 -5.221828
v -32.950375 -3.011817 -5.221828
v -33.207397 1.063018 -4.592515
v -33.225838 -2.800669 -4.635729
v -33.352943 -2.678185 -4.759634
v -33.352943 0.834048 -4.727467
v -33.384541 1.982840 -4.582520
v -33.520107 1.929144 -4.759634
v -33.520107 1.929144 -5.065866
v -36.795666 1.079470 -4.598115
v -36.609749 1.997626 -4.587554
v -36.490086 1.929144 -4.759635
v -36.657249 0.834048 -4.727468
v -36.490086 1.929144 -5.065866
v -36.191154 2.715360 -4.578857
v -36.107780 2.618047 -4.759635
v -36.107780 2.618047 -5.065866
v -35.605831 3.200391 -4.572492
v -35.570919 3.094539 -4.759635
v -35.570919 3.094539 -5.065866
v -34.990223 3.440549 -4.568816
v -34.376938 3.194756 -4.570574
v -34.439274 3.094539 -4.759634
v -35.005096 3.326291 -4.759634
v -35.005096 3.326291 -5.065866
v -34.439274 3.094539 -5.065866
v -33.796265 2.704381 -4.575119
v -33.902412 2.618047 -4.759634
v -33.902412 2.618047 -5.065866
v -36.814102 -2.784222 -4.641329
v -36.657249 -2.678185 -4.759635
v -33.520107 1.929144 -4.759634
v -33.352943 0.834048 -4.727467
v -33.426105 0.950422 -4.718991
v -33.585869 1.940481 -4.727259
v -33.352943 0.834048 -4.727467
v -33.352943 0.834048 -5.098032
v -33.426105 0.950422 -5.106508
v -33.426105 0.950422 -4.718991
v -33.352943 0.834048 -5.098032
v -33.520107 1.929144 -5.065866
v -33.585865 1.940481 -5.098242
v -33.426105 0.950422 -5.106508
v -36.657249 0.834048 -5.098032
v -36.657249 0.834048 -4.727468
v -36.584087 0.950422 -4.718992
v -36.584087 0.950422 -5.106509
v -36.657249 0.834048 -4.727468
v -36.490086 1.929144 -4.759635
v -36.424324 1.940481 -4.727260
v -36.584087 0.950422 -4.718992
v -36.490086 1.929144 -5.065866
v -36.657249 0.834048 -5.098032
v -36.584087 0.950422 -5.106509
v -36.424324 1.940481 -5.098243
v -36.490086 1.929144 -4.759635
v -36.107780 2.618047 -4.759635
v -36.058949 2.598876 -4.727260
v -36.424324 1.940481 -4.727260
v -36.107780 2.618047 -5.065866
v -36.490086 1.929144 -5.065866
v -36.424324 1.940481 -5.098243
v -36.058949 2.598876 -5.098243
v -36.107780 2.618047 -4.759635
v -35.570919 3.094539 -4.759635
v -35.545860 3.054265 -4.727260
v -36.058949 2.598876 -4.727260
v -35.570919 3.094539 -5.065866
v -36.107780 2.618047 -5.065866
v -36.058949 2.598876 -5.098243
v -35.545860 3.054265 -5.098242
v -35.005096 3.326291 -4.759634
v -34.439274 3.094539 -4.759634
v -34.464333 3.054265 -4.727260
v -35.005096 3.275753 -4.727260
v -34.439274 3.094539 -5.065866
v -35.005096 3.326291 -5.065866
v -35.005096 3.275753 -5.098242
v -34.464333 3.054265 -5.098242
v -33.902412 2.618047 -4.759634
v -33.520107 1.929144 -4.759634
v -33.585869 1.940481 -4.727259
v -33.951244 2.598876 -4.727259
v -33.520107 1.929144 -5.065866
v -33.902412 2.618047 -5.065866
v -33.951244 2.598876 -5.098242
v -33.585865 1.940481 -5.098242
v -35.570919 3.094539 -4.759635
v -35.005096 3.326291 -4.759634
v -35.005096 3.275753 -4.727260
v -35.545860 3.054265 -4.727260
v -35.005096 3.326291 -5.065866
v -35.570919 3.094539 -5.065866
v -35.545860 3.054265 -5.098242
v -35.005096 3.275753 -5.098242
v -34.439274 3.094539 -4.759634
v -33.902412 2.618047 -4.759634
v -33.951244 2.598876 -4.727259
v -34.464333 3.054265 -4.727260
v -33.902412 2.618047 -5.065866
v -34.439274 3.094539 -5.065866
v -34.464333 3.054265 -5.098242
v -33.951244 2.598876 -5.098242
v -36.010120 2.579701 -4.812773
v -36.358566 1.951813 -4.812773
v -36.358566 1.951813 -4.812773
v -36.510929 1.180479 -4.746788
v -36.510929 1.180479 -4.746788
v -36.510929 1.180479 -5.078714
v -36.510929 1.180479 -5.078714
v -36.358566 1.951813 -5.012727
v -36.358566 1.951813 -5.012727
v -36.010120 2.579701 -5.012727
v -36.010120 2.579701 -5.012727
v -35.520805 3.013991 -5.012727
v -35.520805 3.013991 -5.012727
v -35.005096 3.225216 -5.012726
v -35.005096 3.225216 -5.012726
v -34.489388 3.013991 -5.012726
v -34.489388 3.013991 -5.012726
v -34.000072 2.579701 -5.012726
v -34.000072 2.579701 -5.012726
v -33.651627 1.951813 -5.012726
v -33.651627 1.951813 -5.012726
v -33.499264 1.180479 -5.078713
v -33.499264 1.180479 -5.078713
v -33.499264 1.180479 -4.746787
v -33.499264 1.180479 -4.746787
v -33.651627 1.951813 -4.812772
v -33.651627 1.951813 -4.812772
v -34.000072 2.579701 -4.812773
v -34.000072 2.579701 -4.812773
v -34.489388 3.013991 -4.812773
v -34.489388 3.013991 -4.812773
v -35.005096 3.225216 -4.812773
v -35.005096 3.225216 -4.812773
v -35.520805 3.013991 -4.812773
v -35.520805 3.013991 -4.812773
v -36.010120 2.579701 -4.812773
vn 1.0000 -0.0000 -0.0000
vn -0.0000 1.0000 -0.0000
vn -0.0000 0.9585 0.2850
vn -1.0000 -0.0000 -0.0000
vn -0.0000 -1.0000 -0.0000
vn -0.0000 -0.9956 -0.0938
vn -0.0000 -0.0000 1.0000
vn -0.0000 -0.0000 -1.0000
vn -0.0000 -0.9828 -0.1844
vn -0.0000 0.8607 0.5092
vn -0.2006 0.2110 0.9567
vn -0.3843 0.3915 0.8361
vn -0.2057 0.5131 0.8333
vn -0.1044 0.2771 0.9552
vn -0.2638 0.1142 0.9578
vn -0.5027 0.2112 0.8382
vn -0.2854 0.0010 0.9584
vn -0.5435 -0.0004 0.8394
vn -0.2624 -0.1120 0.9584
vn -0.5006 -0.2114 0.8394
vn -0.1983 -0.2078 0.9578
vn -0.3806 -0.3904 0.8383
vn -0.1025 -0.2724 0.9567
vn -0.2012 -0.5101 0.8362
vn 0.0111 -0.2956 0.9553
vn 0.0107 -0.5524 0.8335
vn 0.1254 -0.2736 0.9536
vn 0.2230 -0.5105 0.8305
vn 0.2229 -0.2092 0.9521
vn 0.4035 -0.3901 0.8277
vn 0.2884 -0.1120 0.9509
vn 0.5241 -0.2094 0.8255
vn 0.3114 0.0033 0.9503
vn 0.5662 0.0040 0.8243
vn 0.2880 0.1186 0.9503
vn 0.5229 0.2173 0.8243
vn 0.2219 0.2158 0.9509
vn 0.4009 0.3974 0.8254
vn 0.1237 0.2799 0.9520
vn 0.2194 0.5168 0.8275
vn 0.0087 0.3011 0.9536
vn 0.0063 0.5573 0.8303
vn 0.3511 -0.3384 0.8730
vn 0.1979 -0.4486 0.8715
vn 0.4562 -0.1822 0.8711
vn 0.4938 0.0037 0.8695
vn 0.4543 0.1888 0.8706
vn 0.3474 0.3443 0.8722
vn 0.1938 0.4525 0.8704
vn 0.0096 0.4956 0.8685
vn -0.1825 0.4525 0.8729
vn -0.3355 0.3427 0.8775
vn -0.4481 0.1911 0.8733
vn -0.4957 -0.0002 0.8685
vn -0.4471 -0.1913 0.8738
vn -0.3337 -0.3423 0.8783
vn -0.1794 -0.4516 0.8740
vn 0.0135 -0.4934 0.8697
vn 0.4846 -0.4695 0.7380
vn 0.2755 -0.6259 0.7296
vn 0.6351 -0.2562 0.7287
vn 0.6922 0.0045 0.7217
vn 0.6334 0.2649 0.7270
vn 0.4815 0.4776 0.7349
vn 0.2710 0.6327 0.7255
vn -0.0023 0.7009 0.7133
vn -0.2597 0.6290 0.7328
vn -0.4592 0.4670 0.7557
vn -0.6238 0.2690 0.7338
vn -0.7051 -0.0011 0.7091
vn -0.6212 -0.2702 0.7356
vn -0.4548 -0.4663 0.7587
vn -0.2542 -0.6264 0.7369
vn 0.0034 -0.6962 0.7179
vn 0.3384 -0.3246 0.8832
vn 0.1310 -0.1174 0.9844
vn 0.1481 -0.2096 0.9665
vn 0.3005 -0.3516 0.8866
vn 0.3648 -0.2860 0.8860
vn 0.2249 -0.1340 0.9651
vn 0.7092 0.0043 0.7050
vn 0.4943 0.0043 0.8693
vn 0.3623 0.2927 0.8849
vn 0.2233 0.1399 0.9647
vn 0.3355 0.3309 0.8820
vn 0.1299 0.1227 0.9839
vn 0.2972 0.3574 0.8854
vn 0.1461 0.2148 0.9657
vn 0.0112 0.6914 0.7224
vn -0.0074 0.4737 0.8806
vn -0.2825 0.3547 0.8913
vn -0.1287 0.2159 0.9679
vn -0.3222 0.3308 0.8870
vn -0.1113 0.1230 0.9861
vn -0.3461 0.2913 0.8918
vn -0.2027 0.1394 0.9693
vn -0.6721 -0.0012 0.7405
vn -0.4522 0.0006 0.8919
vn -0.3440 -0.2903 0.8930
vn -0.2021 -0.1369 0.9697
vn -0.3199 -0.3298 0.8882
vn -0.1105 -0.1196 0.9866
vn -0.2801 -0.3536 0.8925
vn -0.1272 -0.2129 0.9688
vn 0.0177 -0.6898 0.7237
vn -0.0037 -0.4715 0.8818
vn 0.5659 -0.2827 0.7745
vn 0.2960 -0.5514 0.7799
vn 0.2960 -0.5515 0.7799
vn 0.4811 -0.2213 0.8483
vn 0.4799 0.2292 0.8469
vn 0.2924 0.5588 0.7760
vn 0.2924 0.5588 0.7761
vn 0.5644 0.2910 0.7725
vn 0.5644 0.2911 0.7725
vn 0.2320 0.4734 0.8498
vn -0.2163 0.4689 0.8564
vn -0.5428 0.2829 0.7907
vn -0.5428 0.2829 0.7908
vn -0.2783 0.5528 0.7855
vn -0.2783 0.5528 0.7854
vn -0.4578 0.2227 0.8607
vn -0.4555 -0.2223 0.8620
vn -0.2731 -0.5499 0.7893
vn -0.2731 -0.5500 0.7893
vn -0.5398 -0.2833 0.7927
vn -0.5397 -0.2833 0.7927
vn -0.2120 -0.4656 0.8592
vn 0.2352 -0.4666 0.8527
vn 0.2351 -0.4665 0.8527
vn 0.4517 -0.4383 0.7771
vn 0.4487 -0.4651 0.7631
vn 0.4781 -0.4353 0.7628
vn 0.6195 0.0041 0.7850
vn 0.4745 0.4423 0.7610
vn 0.4480 0.4451 0.7754
vn 0.4448 0.4718 0.7613
vn 0.0052 0.6135 0.7896
vn -0.4333 0.4689 0.7697
vn -0.4360 0.4424 0.7837
vn -0.4628 0.4392 0.7700
vn -0.6043 -0.0008 0.7968
vn -0.4595 -0.4397 0.7717
vn -0.4327 -0.4426 0.7854
vn -0.4296 -0.4692 0.7715
vn 0.0101 -0.6103 0.7921
vn 0.2792 -0.2652 0.9229
vn 0.2610 -0.2278 0.9381
vn 0.2419 -0.2472 0.9383
vn 0.2948 0.0033 0.9555
vn 0.2398 0.2532 0.9372
vn 0.2770 0.2714 0.9217
vn 0.2591 0.2340 0.9371
vn 0.0089 0.2870 0.9579
vn -0.2415 0.2323 0.9422
vn -0.2599 0.2697 0.9272
vn -0.2222 0.2516 0.9420
vn -0.2750 0.0010 0.9615
vn -0.2203 -0.2493 0.9430
vn -0.2578 -0.2677 0.9284
vn -0.2397 -0.2301 0.9432
vn 0.0112 -0.2828 0.9591
vn -0.9027 -0.0040 0.4304
vn -0.9027 -0.0040 0.4303
vn -0.8327 0.3403 0.4368
vn -0.8330 0.3396 0.4368
vn -0.8326 -0.3480 0.4308
vn -0.8323 -0.3488 0.4308
vn -0.6344 -0.6369 0.4381
vn -0.6333 -0.6380 0.4381
vn -0.3405 -0.8249 0.4512
vn -0.3387 -0.8256 0.4513
vn 0.0008 -0.8835 0.4685
vn 0.0029 -0.8834 0.4686
vn 0.3351 -0.8064 0.4873
vn 0.3368 -0.8056 0.4875
vn 0.6114 -0.6093 0.5050
vn 0.6124 -0.6082 0.5051
vn 0.8151 -0.3198 0.4831
vn 0.8144 -0.3211 0.4833
vn 0.8946 0.0033 0.4470
vn 0.8945 0.0032 0.4470
vn 0.8092 0.3242 0.4900
vn 0.8086 0.3253 0.4903
vn 0.6016 0.6086 0.5174
vn 0.6028 0.6074 0.5174
vn 0.3255 0.8006 0.5031
vn 0.3273 0.7998 0.5032
vn -0.0061 0.8744 0.4851
vn -0.0039 0.8744 0.4852
vn -0.3443 0.8150 0.4662
vn -0.3424 0.8157 0.4662
vn -0.6358 0.6276 0.4493
vn -0.6348 0.6286 0.4493
vn -0.2057 0.5131 -0.8333
vn -0.3843 0.3915 -0.8361
vn -0.2002 0.2115 -0.9567
vn -0.1051 0.2768 -0.9552
vn -0.5027 0.2112 -0.8382
vn -0.2636 0.1146 -0.9578
vn -0.5435 -0.0004 -0.8394
vn -0.2853 0.0011 -0.9584
vn -0.5006 -0.2114 -0.8394
vn -0.2623 -0.1121 -0.9584
vn -0.3806 -0.3904 -0.8383
vn -0.1980 -0.2081 -0.9578
vn -0.2012 -0.5101 -0.8362
vn -0.1019 -0.2726 -0.9567
vn 0.0107 -0.5525 -0.8335
vn 0.0119 -0.2956 -0.9552
vn 0.2230 -0.5105 -0.8305
vn 0.1261 -0.2733 -0.9536
vn 0.4035 -0.3901 -0.8277
vn 0.2234 -0.2087 -0.9521
vn 0.5242 -0.2094 -0.8255
vn 0.2886 -0.1115 -0.9509
vn 0.5662 0.0040 -0.8243
vn 0.3114 0.0035 -0.9503
vn 0.5229 0.2173 -0.8243
vn 0.2880 0.1185 -0.9503
vn 0.4009 0.3974 -0.8254
vn 0.2222 0.2155 -0.9509
vn 0.2194 0.5168 -0.8275
vn 0.1243 0.2796 -0.9520
vn 0.0063 0.5573 -0.8303
vn 0.0095 0.3011 -0.9535
vn 0.3511 -0.3384 -0.8731
vn 0.1979 -0.4486 -0.8715
vn 0.4562 -0.1822 -0.8710
vn 0.4938 0.0038 -0.8695
vn 0.4542 0.1891 -0.8706
vn 0.3477 0.3440 -0.8722
vn 0.1938 0.4525 -0.8704
vn 0.0096 0.4956 -0.8685
vn -0.1825 0.4525 -0.8729
vn -0.3355 0.3428 -0.8775
vn -0.4481 0.1911 -0.8733
vn -0.4957 -0.0002 -0.8685
vn -0.4471 -0.1913 -0.8738
vn -0.3335 -0.3425 -0.8783
vn -0.1794 -0.4516 -0.8740
vn 0.0135 -0.4934 -0.8697
vn 0.4844 -0.4698 -0.7381
vn 0.2755 -0.6259 -0.7296
vn 0.6351 -0.2562 -0.7287
vn 0.6922 0.0045 -0.7217
vn 0.6335 0.2649 -0.7270
vn 0.4815 0.4776 -0.7349
vn 0.2710 0.6326 -0.7255
vn -0.0023 0.7009 -0.7133
vn -0.2597 0.6290 -0.7328
vn -0.4592 0.4670 -0.7557
vn -0.6238 0.2690 -0.7339
vn -0.7051 -0.0011 -0.7091
vn -0.6212 -0.2703 -0.7356
vn -0.4549 -0.4663 -0.7587
vn -0.2542 -0.6264 -0.7369
vn 0.0034 -0.6962 -0.7179
vn 0.1481 -0.2096 -0.9665
vn 0.1310 -0.1174 -0.9844
vn 0.3384 -0.3246 -0.8832
vn 0.3005 -0.3516 -0.8866
vn 0.2249 -0.1340 -0.9651
vn 0.3648 -0.2860 -0.8860
vn 0.4943 0.0044 -0.8693
vn 0.7092 0.0043 -0.7050
vn 0.2233 0.1399 -0.9647
vn 0.3623 0.2927 -0.8849
vn 0.1299 0.1227 -0.9839
vn 0.3355 0.3309 -0.8820
vn 0.1461 0.2148 -0.9657
vn 0.2972 0.3574 -0.8854
vn -0.0073 0.4737 -0.8807
vn 0.0122 0.6915 -0.7222
vn -0.1287 0.2159 -0.9679
vn -0.2825 0.3548 -0.8913
vn -0.1113 0.1230 -0.9861
vn -0.3222 0.3308 -0.8870
vn -0.2027 0.1394 -0.9693
vn -0.3461 0.2913 -0.8918
vn -0.4522 0.0006 -0.8919
vn -0.6721 -0.0011 -0.7405
vn -0.2022 -0.1369 -0.9697
vn -0.3440 -0.2903 -0.8930
vn -0.1105 -0.1196 -0.9866
vn -0.3198 -0.3298 -0.8882
vn -0.1272 -0.2129 -0.9688
vn -0.2801 -0.3536 -0.8925
vn -0.0037 -0.4716 -0.8818
vn 0.0178 -0.6898 -0.7237
vn 0.5659 -0.2827 -0.7745
vn 0.2960 -0.5514 -0.7799
vn 0.2960 -0.5515 -0.7799
vn 0.4811 -0.2213 -0.8483
vn 0.4799 0.2292 -0.8469
vn 0.2924 0.5588 -0.7761
vn 0.2924 0.5588 -0.7760
vn 0.5644 0.2911 -0.7725
vn 0.5644 0.2910 -0.7725
vn 0.2320 0.4734 -0.8498
vn -0.2163 0.4689 -0.8564
vn -0.5428 0.2829 -0.7907
vn -0.5428 0.2829 -0.7908
vn -0.2783 0.5528 -0.7855
vn -0.2783 0.5528 -0.7854
vn -0.4578 0.2227 -0.8607
vn -0.4555 -0.2223 -0.8620
vn -0.2731 -0.5499 -0.7893
vn -0.2731 -0.5500 -0.7893
vn -0.5398 -0.2833 -0.7927
vn -0.5397 -0.2833 -0.7927
vn -0.2120 -0.4656 -0.8592
vn 0.2351 -0.4665 -0.8527
vn 0.4518 -0.4381 -0.7771
vn 0.4487 -0.4651 -0.7631
vn 0.4781 -0.4353 -0.7628
vn 0.6195 0.0042 -0.7850
vn 0.4745 0.4423 -0.7610
vn 0.4481 0.4450 -0.7754
vn 0.4448 0.4718 -0.7613
vn 0.0057 0.6136 -0.7896
vn -0.4333 0.4689 -0.7697
vn -0.4359 0.4426 -0.7837
vn -0.4628 0.4392 -0.7700
vn -0.6043 -0.0007 -0.7968
vn -0.4595 -0.4397 -0.7717
vn -0.4326 -0.4427 -0.7854
vn -0.4296 -0.4692 -0.7715
vn 0.0106 -0.6103 -0.7921
vn 0.2792 -0.2652 -0.9229
vn 0.2610 -0.2278 -0.9381
vn 0.2419 -0.2472 -0.9383
vn 0.2948 0.0033 -0.9555
vn 0.2398 0.2532 -0.9372
vn 0.2770 0.2714 -0.9217
vn 0.2591 0.2340 -0.9371
vn 0.0089 0.2870 -0.9579
vn -0.2415 0.2323 -0.9422
vn -0.2599 0.2697 -0.9272
vn -0.2222 0.2516 -0.9420
vn -0.2750 0.0010 -0.9615
vn -0.2203 -0.2493 -0.9430
vn -0.2578 -0.2677 -0.9284
vn -0.2397 -0.2301 -0.9432
vn 0.0112 -0.2828 -0.9591
vn -0.8353 0.3405 -0.4317
vn -0.9054 -0.0043 -0.4245
vn -0.9054 -0.0042 -0.4245
vn -0.8355 0.3399 -0.4318
vn -0.8350 -0.3496 -0.4250
vn -0.8353 -0.3489 -0.4250
vn -0.6356 -0.6392 -0.4330
vn -0.6365 -0.6382 -0.4330
vn -0.3404 -0.8268 -0.4478
vn -0.3421 -0.8262 -0.4476
vn 0.0015 -0.8841 -0.4672
vn -0.0004 -0.8842 -0.4671
vn 0.3352 -0.8054 -0.4888
vn 0.3336 -0.8061 -0.4887
vn 0.6098 -0.6074 -0.5091
vn 0.6089 -0.6083 -0.5091
vn 0.8109 -0.3206 -0.4895
vn 0.8116 -0.3193 -0.4893
vn 0.8910 0.0029 -0.4541
vn 0.8910 0.0030 -0.4541
vn 0.8045 0.3240 -0.4977
vn 0.8052 0.3228 -0.4975
vn 0.5994 0.6052 -0.5238
vn 0.5984 0.6063 -0.5238
vn 0.3252 0.7979 -0.5075
vn 0.3236 0.7987 -0.5074
vn -0.0054 0.8735 -0.4867
vn -0.0073 0.8736 -0.4866
vn -0.3440 0.8157 -0.4651
vn -0.3456 0.8151 -0.4650
vn -0.6368 0.6290 -0.4459
vn -0.6377 0.6281 -0.4458
vn 0.0274 0.3727 0.9275
vn 0.0099 0.3893 0.9210
vn 0.2356 0.1561 0.9592
vn 0.4295 -0.0013 0.9030
vn 0.3487 0.0004 0.9372
vn -0.1926 0.2127 0.9580
vn -0.3755 -0.0009 0.9268
vn -0.2666 -0.0412 0.9629
vn -0.2669 -0.0800 0.9604
vn 0.4130 0.1338 0.9009
vn 0.3925 0.0583 0.9179
vn 0.2910 -0.0851 0.9529
vn 0.2911 -0.0851 0.9529
vn 0.0900 -0.1147 0.9893
vn 0.2280 -0.1559 0.9611
vn -0.3450 0.2214 0.9121
vn -0.2503 0.3195 0.9139
vn -0.0773 -0.1152 0.9903
vn -0.0004 -0.0217 0.9998
vn -0.0004 0.3435 0.9392
vn 0.2185 0.3204 0.9218
vn -0.2589 -0.1295 0.9572
vn -0.2104 -0.1544 0.9653
vn 0.3296 0.2273 0.9163
vn 0.3518 0.1763 0.9193
vn 0.4912 -0.2426 0.8366
vn -0.0104 0.3506 0.9365
vn 0.2336 0.0016 0.9723
vn 0.2337 0.0012 0.9723
vn 0.2342 -0.0000 0.9722
vn 0.1835 0.0105 0.9830
vn 0.1946 0.0049 0.9809
vn 0.1497 0.0477 0.9876
vn 0.1477 0.0355 0.9884
vn -0.3546 0.0016 0.9350
vn -0.3549 0.0011 0.9349
vn -0.1898 0.0791 0.9786
vn -0.2295 0.0653 0.9711
vn -0.1876 0.0325 0.9817
vn -0.2450 0.0142 0.9694
vn -0.4402 0.1261 0.8890
vn -0.3790 0.0282 0.9250
vn -0.4579 0.2776 0.8446
vn -0.4265 0.3555 0.8317
vn -0.2518 0.4995 0.8289
vn -0.3204 0.4639 0.8259
vn -0.0011 0.5445 0.8388
vn 0.0012 0.5445 0.8388
vn 0.2151 0.4687 0.8568
vn 0.2562 0.4170 0.8720
vn 0.3179 0.1951 0.9278
vn 0.3134 0.2595 0.9135
vn 0.2860 0.0784 0.9550
vn 0.2616 0.0377 0.9644
vn -0.3555 -0.0000 0.9347
vn -0.0000 -0.3419 0.9397
vn -0.3614 -0.0000 0.9324
vn -0.3626 -0.0030 0.9319
vn -0.3619 -0.0013 0.9322
vn 0.7822 -0.0012 0.6231
vn 0.7822 -0.0000 0.6230
vn 0.7382 0.2390 0.6309
vn 0.7665 0.1204 0.6308
vn -0.2625 -0.0574 0.9632
vn -0.2544 -0.0549 0.9655
vn -0.2442 -0.0692 0.9672
vn -0.2423 -0.0620 0.9682
vn 0.5206 -0.0432 0.8527
vn 0.4912 -0.0544 0.8693
vn 0.5237 -0.0031 0.8519
vn 0.5225 -0.0010 0.8526
vn -0.7478 0.2598 0.6110
vn -0.7047 0.3244 0.6310
vn -0.4679 0.1976 0.8614
vn 0.2993 -0.0777 0.9510
vn 0.2993 -0.0776 0.9510
vn -0.5670 0.4470 0.6919
vn -0.3251 0.5518 0.7680
vn 0.2466 -0.2058 0.9470
vn 0.1382 -0.3447 0.9285
vn 0.1366 -0.3472 0.9278
vn 0.2694 -0.1937 0.9434
vn 0.0017 0.5959 0.8031
vn 0.2983 0.5576 0.7747
vn -0.0009 -0.4371 0.8994
vn -0.1272 -0.3492 0.9284
vn -0.1170 -0.3649 0.9237
vn 0.0004 -0.4371 0.8994
vn 0.5335 0.4567 0.7119
vn 0.6777 0.3476 0.6480
vn -0.2473 -0.1939 0.9493
vn -0.2638 -0.1184 0.9573
vn -0.2740 -0.1406 0.9514
vn -0.2349 -0.2053 0.9501
vn 0.5220 -0.0000 0.8530
vn -0.0000 -0.8027 0.5964
vn -0.0000 0.6226 0.7825
vn -0.0013 -0.8166 0.5773
vn -0.0013 -0.8166 0.5772
vn 0.4560 -0.0673 0.8874
vn 0.4561 -0.0673 0.8874
vn -0.1433 0.0507 0.9884
vn -0.1421 0.0642 0.9878
vn -0.3377 -0.0581 0.9394
vn -0.3584 -0.0481 0.9323
vn 0.1933 0.0523 0.9797
vn 0.1866 0.0580 0.9807
vn 0.4120 0.0021 0.9112
vn 0.7795 0.0155 0.6263
vn -0.2918 -0.0180 0.9563
vn 0.3108 -0.1712 0.9349
vn 0.2624 -0.1475 0.9536
vn -0.9622 0.2718 0.0143
vn -0.9589 0.2744 0.0719
vn -0.9650 0.2190 0.1440
vn -0.9813 0.1899 0.0314
vn 0.2613 -0.1237 0.9573
vn 0.3631 -0.1837 0.9135
vn 0.3631 -0.1837 0.9134
vn -0.5785 -0.0053 0.8156
vn -0.5775 -0.0021 0.8164
vn -0.4985 0.1528 0.8533
vn -0.4587 0.2191 0.8611
vn -0.5815 -0.2826 0.7629
vn -0.6063 -0.2306 0.7610
vn -0.4220 -0.5294 0.7360
vn -0.3253 -0.6447 0.6918
vn 0.5056 -0.0081 0.8627
vn 0.5106 -0.0068 0.8598
vn 0.3942 -0.1125 0.9121
vn 0.4105 -0.2451 0.8783
vn 0.6594 -0.2437 0.7112
vn 0.6981 -0.1574 0.6985
vn 0.6948 -0.0894 0.7137
vn 0.7541 0.0721 0.6527
vn 0.5736 -0.2999 0.7623
vn 0.5237 -0.3646 0.7699
vn 0.3256 -0.5530 0.7669
vn 0.3862 -0.5041 0.7725
vn 0.0016 -0.6345 0.7729
vn -0.0020 -0.6345 0.7729
vn -0.3081 -0.5531 0.7740
vn -0.3741 -0.4995 0.7813
vn -0.5575 -0.2642 0.7870
vn -0.5229 -0.3269 0.7872
vn -0.6408 -0.0848 0.7630
vn -0.6925 0.0660 0.7184
vn 0.4315 0.1713 0.8857
vn 0.4250 0.1832 0.8864
vn 0.3896 -0.5033 0.7713
vn 0.3491 -0.6048 0.7158
vn -0.5456 -0.2949 0.7844
vn -0.5801 -0.1755 0.7954
vn -0.9222 -0.0081 0.3867
vn -0.7421 -0.0045 0.6703
vn -0.7425 0.0001 0.6698
vn -0.8326 0.3257 0.4480
vn -0.3234 -0.7529 0.5732
vn -0.4184 -0.5895 0.6910
vn -0.5207 -0.7680 0.3730
vn 0.8848 -0.0092 0.4659
vn 0.5854 -0.0089 0.8107
vn 0.7248 -0.3108 0.6149
vn 0.8230 -0.3811 0.4212
vn 0.8953 0.3168 0.3130
vn 0.8953 0.3168 0.3131
vn 0.7769 -0.4798 0.4077
vn 0.6240 -0.4056 0.6679
vn 0.3861 -0.5575 0.7349
vn 0.5427 -0.6934 0.4740
vn -0.0008 -0.8326 0.5539
vn -0.0025 -0.6387 0.7695
vn -0.3707 -0.5528 0.7463
vn -0.5329 -0.6873 0.4937
vn -0.7984 -0.4197 0.4318
vn -0.6376 -0.3592 0.6815
vn -0.7517 -0.2511 0.6099
vn -0.9418 -0.0787 0.3270
vn 0.7812 0.3335 0.5277
vn 0.5777 -0.0062 0.8162
vn -0.0000 0.9482 0.3177
vn 0.5567 -0.6369 0.5333
vn 0.5820 -0.7270 0.3643
vn -0.7539 -0.4543 0.4747
vn -0.5954 -0.3424 0.7268
vn -0.8580 0.3694 0.3569
vn 0.9581 -0.0721 0.2771
vn 0.7706 -0.2883 0.5683
vn 0.3572 -0.8518 0.3832
vn 0.3571 -0.8518 0.3832
vn -0.9765 -0.0094 0.2151
vn -0.9094 0.3233 0.2616
vn -0.9731 -0.0697 0.2196
vn -0.9762 -0.0212 0.2157
vn -0.5512 -0.8033 0.2255
vn 0.9832 -0.0079 0.1825
vn 0.8414 -0.4347 0.3210
vn 0.9748 -0.0669 0.2127
vn 0.9782 -0.0234 0.2064
vn 0.9795 0.0495 0.1952
vn 0.8189 -0.5079 0.2673
vn 0.5804 -0.7540 0.3076
vn 0.0017 -0.9345 0.3561
vn -0.5712 -0.7547 0.3227
vn -0.8484 -0.4443 0.2878
vn -0.9715 0.0480 0.2323
vn 0.9189 0.3195 0.2315
vn 0.5806 -0.7574 0.2987
vn -0.7812 -0.5523 0.2910
vn 0.0004 -1.0000 0.0036
vn 1.0000 -0.0016 -0.0000
vn 0.9998 0.0205 -0.0000
vn 0.9885 0.1512 -0.0000
vn 0.9503 0.3112 -0.0000
vn 0.9504 0.3112 -0.0000
vn 0.8939 0.4483 -0.0000
vn 0.7892 0.6141 -0.0000
vn 0.5101 0.8601 -0.0000
vn 0.2964 0.9551 -0.0000
vn -0.3259 0.9454 -0.0000
vn -0.5564 0.8309 -0.0000
vn -0.8107 0.5855 -0.0000
vn -0.8108 0.5853 -0.0000
vn -0.9121 0.4100 -0.0000
vn -0.9121 0.4099 -0.0000
vn -0.8873 0.2701 0.3738
vn -0.8873 0.2702 0.3737
vn 0.3116 -0.0096 0.9502
vn 0.3304 -0.0013 0.9438
vn 0.3305 -0.0014 0.9438
vn 0.3191 -0.0104 0.9476
vn 0.3302 -0.0007 0.9439
vn 0.2921 -0.0074 0.9563
vn 0.2922 -0.0074 0.9563
vn 0.2372 0.1569 -0.9587
vn -0.0002 -0.4892 -0.8722
vn 0.0275 0.3730 -0.9274
vn -0.1926 0.2127 -0.9580
vn 0.3487 0.0004 -0.9372
vn 0.4295 -0.0013 -0.9030
vn -0.3755 -0.0009 -0.9268
vn 0.4130 0.1338 -0.9008
vn -0.2669 -0.0800 -0.9604
vn -0.2666 -0.0412 -0.9629
vn 0.3925 0.0583 -0.9179
vn 0.2910 -0.0851 -0.9529
vn -0.3450 0.2215 -0.9121
vn 0.2280 -0.1559 -0.9611
vn 0.0900 -0.1147 -0.9893
vn -0.2503 0.3195 -0.9139
vn -0.0004 0.3435 -0.9392
vn -0.0004 -0.0217 -0.9998
vn -0.0773 -0.1152 -0.9903
vn 0.2185 0.3204 -0.9218
vn 0.3296 0.2273 -0.9163
vn -0.2104 -0.1544 -0.9653
vn -0.2589 -0.1295 -0.9572
vn 0.3518 0.1763 -0.9193
vn 0.4912 -0.2427 -0.8366
vn -0.0056 -0.4949 -0.8689
vn 0.2342 -0.0000 -0.9722
vn 0.2337 0.0012 -0.9723
vn 0.2336 0.0016 -0.9723
vn 0.1497 0.0477 -0.9876
vn 0.1946 0.0049 -0.9809
vn 0.1835 0.0105 -0.9830
vn 0.1477 0.0355 -0.9884
vn -0.1898 0.0791 -0.9786
vn -0.3549 0.0011 -0.9349
vn -0.3546 0.0016 -0.9350
vn -0.2295 0.0653 -0.9711
vn -0.4402 0.1262 -0.8890
vn -0.2450 0.0142 -0.9694
vn -0.1876 0.0325 -0.9817
vn -0.3790 0.0282 -0.9250
vn -0.2518 0.4995 -0.8289
vn -0.4265 0.3555 -0.8317
vn -0.4578 0.2776 -0.8446
vn -0.3204 0.4639 -0.8259
vn 0.2151 0.4687 -0.8568
vn 0.0012 0.5445 -0.8388
vn -0.0011 0.5445 -0.8387
vn 0.2562 0.4170 -0.8721
vn 0.2860 0.0784 -0.9550
vn 0.3134 0.2595 -0.9135
vn 0.3179 0.1951 -0.9279
vn 0.2616 0.0377 -0.9644
vn -0.3555 -0.0000 -0.9347
vn -0.0000 -0.3419 -0.9397
vn -0.3626 -0.0030 -0.9319
vn -0.3614 -0.0000 -0.9324
vn -0.3619 -0.0013 -0.9322
vn 0.7822 -0.0000 -0.6230
vn 0.7822 -0.0012 -0.6231
vn 0.7665 0.1204 -0.6308
vn 0.7382 0.2390 -0.6309
vn -0.2442 -0.0692 -0.9672
vn -0.2544 -0.0549 -0.9655
vn -0.2625 -0.0574 -0.9632
vn -0.2423 -0.0620 -0.9682
vn 0.5237 -0.0031 -0.8519
vn 0.4912 -0.0544 -0.8693
vn 0.5206 -0.0432 -0.8527
vn 0.5225 -0.0011 -0.8526
vn -0.7047 0.3244 -0.6310
vn -0.7478 0.2598 -0.6110
vn -0.4679 0.1976 -0.8614
vn 0.2993 -0.0776 -0.9510
vn 0.2992 -0.0777 -0.9510
vn 0.2993 -0.0777 -0.9510
vn -0.3251 0.5518 -0.7680
vn -0.5670 0.4470 -0.6919
vn 0.1366 -0.3472 -0.9278
vn 0.1382 -0.3447 -0.9285
vn 0.2466 -0.2058 -0.9470
vn 0.2694 -0.1937 -0.9433
vn 0.2983 0.5576 -0.7747
vn 0.0017 0.5959 -0.8031
vn -0.1170 -0.3648 -0.9237
vn -0.1272 -0.3493 -0.9283
vn -0.0009 -0.4371 -0.8994
vn 0.0004 -0.4371 -0.8994
vn 0.6777 0.3476 -0.6480
vn 0.5335 0.4567 -0.7119
vn -0.2740 -0.1406 -0.9514
vn -0.2638 -0.1184 -0.9573
vn -0.2473 -0.1938 -0.9494
vn -0.2349 -0.2053 -0.9501
vn 0.5220 -0.0000 -0.8530
vn -0.0012 -0.8154 -0.5789
vn -0.0000 -0.8027 -0.5964
vn -0.0000 0.6227 -0.7825
vn -0.0000 0.6226 -0.7825
vn -0.0092 -0.8186 -0.5743
vn 0.4561 -0.0673 -0.8874
vn -0.1434 0.0507 -0.9884
vn -0.1421 0.0642 -0.9878
vn -0.3377 -0.0581 -0.9394
vn -0.3584 -0.0481 -0.9323
vn 0.1866 0.0580 -0.9807
vn 0.1933 0.0523 -0.9797
vn 0.7795 0.0155 -0.6263
vn 0.4120 0.0033 -0.9112
vn -0.2918 -0.0180 -0.9563
vn 0.3108 -0.1712 -0.9349
vn 0.2624 -0.1475 -0.9536
vn -0.9650 0.2190 -0.1440
vn -0.9589 0.2745 -0.0719
vn -0.9622 0.2718 -0.0143
vn -0.9813 0.1899 -0.0314
vn -0.9813 0.1898 -0.0313
vn 0.2613 -0.1237 -0.9573
vn 0.3631 -0.1837 -0.9135
vn 0.3631 -0.1837 -0.9134
vn -0.4984 0.1527 -0.8534
vn -0.5775 -0.0021 -0.8164
vn -0.5785 -0.0054 -0.8156
vn -0.4587 0.2191 -0.8611
vn -0.4220 -0.5294 -0.7360
vn -0.6064 -0.2306 -0.7610
vn -0.5815 -0.2826 -0.7629
vn -0.3253 -0.6447 -0.6918
vn 0.3942 -0.1125 -0.9121
vn 0.5106 -0.0069 -0.8598
vn 0.5056 -0.0081 -0.8627
vn 0.4105 -0.2451 -0.8783
vn 0.6948 -0.0894 -0.7136
vn 0.6981 -0.1574 -0.6985
vn 0.6594 -0.2437 -0.7112
vn 0.7541 0.0721 -0.6527
vn 0.3256 -0.5530 -0.7669
vn 0.5237 -0.3646 -0.7699
vn 0.5736 -0.2999 -0.7623
vn 0.3861 -0.5041 -0.7725
vn -0.3081 -0.5531 -0.7740
vn -0.0020 -0.6345 -0.7729
vn 0.0016 -0.6345 -0.7729
vn -0.3741 -0.4995 -0.7813
vn -0.6408 -0.0848 -0.7630
vn -0.5229 -0.3269 -0.7872
vn -0.5575 -0.2642 -0.7870
vn -0.6925 0.0659 -0.7184
vn 0.4250 0.1832 -0.8865
vn 0.4315 0.1713 -0.8857
vn 0.3896 -0.5033 -0.7713
vn 0.3491 -0.6048 -0.7158
vn -0.5801 -0.1755 -0.7954
vn -0.5456 -0.2949 -0.7844
vn -0.7425 0.0001 -0.6698
vn -0.7421 -0.0046 -0.6703
vn -0.9222 -0.0081 -0.3867
vn -0.8326 0.3257 -0.4480
vn -0.4184 -0.5895 -0.6909
vn -0.3234 -0.7529 -0.5732
vn -0.5207 -0.7680 -0.3730
vn 0.7248 -0.3108 -0.6149
vn 0.5854 -0.0089 -0.8107
vn 0.8848 -0.0092 -0.4659
vn 0.8230 -0.3811 -0.4212
vn 0.8953 0.3168 -0.3130
vn 0.8953 0.3168 -0.3131
vn 0.3861 -0.5575 -0.7349
vn 0.6240 -0.4056 -0.6679
vn 0.7769 -0.4798 -0.4076
vn 0.5427 -0.6934 -0.4740
vn -0.3708 -0.5528 -0.7463
vn -0.0024 -0.6387 -0.7695
vn -0.0008 -0.8326 -0.5539
vn -0.5329 -0.6873 -0.4937
vn -0.7517 -0.2511 -0.6099
vn -0.6376 -0.3592 -0.6815
vn -0.7984 -0.4197 -0.4318
vn -0.9418 -0.0787 -0.3270
vn 0.5777 -0.0062 -0.8162
vn 0.7812 0.3335 -0.5277
vn -0.0000 0.9482 -0.3177
vn 0.5567 -0.6369 -0.5333
vn 0.5820 -0.7270 -0.3643
vn -0.5954 -0.3424 -0.7268
vn -0.7539 -0.4543 -0.4747
vn -0.8580 0.3694 -0.3569
vn 0.7706 -0.2883 -0.5683
vn 0.9581 -0.0721 -0.2771
vn 0.3572 -0.8518 -0.3832
vn 0.3571 -0.8518 -0.3832
vn -0.9765 -0.0094 -0.2151
vn -0.9094 0.3233 -0.2615
vn -0.9762 -0.0212 -0.2157
vn -0.9731 -0.0697 -0.2196
vn -0.5512 -0.8033 -0.2255
vn 0.9832 -0.0079 -0.1825
vn 0.8414 -0.4347 -0.3210
vn 0.9782 -0.0234 -0.2064
vn 0.9748 -0.0669 -0.2128
vn 0.9795 0.0495 -0.1952
vn 0.8189 -0.5079 -0.2673
vn 0.5804 -0.7540 -0.3076
vn 0.0017 -0.9345 -0.3561
vn -0.5712 -0.7547 -0.3227
vn -0.8484 -0.4443 -0.2878
vn -0.9715 0.0480 -0.2323
vn 0.9189 0.3195 -0.2316
vn 0.5806 -0.7574 -0.2987
vn -0.7812 -0.5523 -0.2910
vn -0.2122 -0.8502 -0.4819
vn -0.2122 -0.8502 -0.4818
vn 0.0004 -1.0000 -0.0036
vn 0.0004 -1.0000 -0.0034
vn 0.0004 -1.0000 -0.0033
vn -0.8105 0.5857 -0.0000
vn -0.8873 0.2701 -0.3738
vn -0.8873 0.2702 -0.3737
vn 0.3349 -0.0121 -0.9422
vn 0.3116 -0.0096 -0.9502
vn 0.3191 -0.0104 -0.9477
vn 0.2921 -0.0074 -0.9563
vn -0.2389 0.1578 0.9581
vn -0.2389 0.1577 0.9581
vn 0.3627 0.0213 0.9317
vn -0.3487 0.0004 0.9372
vn -0.4295 -0.0013 0.9030
vn 0.3755 -0.0009 0.9268
vn -0.4130 0.1338 0.9009
vn 0.2669 -0.0800 0.9604
vn 0.2666 -0.0412 0.9629
vn -0.3925 0.0583 0.9179
vn -0.2910 -0.0851 0.9529
vn 0.3450 0.2215 0.9121
vn -0.2280 -0.1559 0.9611
vn -0.0900 -0.1147 0.9893
vn 0.2503 0.3195 0.9139
vn 0.0004 0.3435 0.9392
vn 0.0004 -0.0217 0.9998
vn 0.0773 -0.1152 0.9903
vn -0.2185 0.3204 0.9218
vn -0.3296 0.2273 0.9163
vn 0.2104 -0.1544 0.9653
vn 0.2589 -0.1295 0.9572
vn -0.3518 0.1763 0.9193
vn -0.4912 -0.2426 0.8366
vn 0.1497 -0.4207 0.8948
vn -0.0000 0.3986 0.9171
vn -0.2342 -0.0000 0.9722
vn -0.2337 0.0012 0.9723
vn -0.2336 0.0016 0.9723
vn -0.1497 0.0477 0.9876
vn -0.1946 0.0049 0.9809
vn -0.1835 0.0105 0.9830
vn -0.1477 0.0355 0.9884
vn 0.1898 0.0791 0.9786
vn 0.3549 0.0011 0.9349
vn 0.3546 0.0016 0.9350
vn 0.2295 0.0653 0.9711
vn 0.4402 0.1261 0.8890
vn 0.2450 0.0142 0.9694
vn 0.1876 0.0325 0.9817
vn 0.3790 0.0282 0.9250
vn 0.2518 0.4995 0.8289
vn 0.4265 0.3555 0.8317
vn 0.4579 0.2776 0.8446
vn 0.3204 0.4639 0.8259
vn -0.2151 0.4687 0.8568
vn -0.0012 0.5445 0.8388
vn 0.0011 0.5445 0.8388
vn -0.2562 0.4170 0.8721
vn -0.2860 0.0784 0.9550
vn -0.3134 0.2596 0.9134
vn -0.3179 0.1951 0.9278
vn -0.2616 0.0377 0.9644
vn 0.3555 -0.0000 0.9347
vn 0.3626 -0.0030 0.9319
vn 0.3614 -0.0000 0.9324
vn 0.3619 -0.0013 0.9322
vn -0.7822 -0.0000 0.6230
vn -0.7822 -0.0012 0.6231
vn -0.7665 0.1204 0.6308
vn -0.7382 0.2390 0.6309
vn 0.2442 -0.0692 0.9672
vn 0.2544 -0.0549 0.9655
vn 0.2625 -0.0574 0.9632
vn 0.2423 -0.0620 0.9682
vn -0.5237 -0.0031 0.8519
vn -0.4912 -0.0544 0.8693
vn -0.5206 -0.0432 0.8527
vn -0.5225 -0.0010 0.8526
vn 0.7047 0.3244 0.6310
vn 0.7478 0.2598 0.6110
vn 0.4679 0.1976 0.8614
vn -0.2993 -0.0776 0.9510
vn -0.2993 -0.0777 0.9510
vn 0.3251 0.5518 0.7680
vn 0.5670 0.4470 0.6919
vn -0.1366 -0.3472 0.9278
vn -0.1382 -0.3447 0.9285
vn -0.2466 -0.2058 0.9470
vn -0.2694 -0.1937 0.9434
vn -0.2983 0.5576 0.7747
vn -0.0017 0.5959 0.8031
vn 0.1170 -0.3649 0.9237
vn 0.1272 -0.3493 0.9284
vn 0.0009 -0.4371 0.8994
vn -0.0004 -0.4371 0.8994
vn -0.6777 0.3476 0.6480
vn -0.5335 0.4567 0.7119
vn 0.2740 -0.1406 0.9514
vn 0.2638 -0.1184 0.9573
vn 0.2473 -0.1939 0.9493
vn 0.2349 -0.2053 0.9501
vn -0.5220 -0.0000 0.8530
vn 0.0013 -0.8166 0.5772
vn 0.0013 -0.8166 0.5773
vn -0.4561 -0.0673 0.8874
vn -0.4560 -0.0673 0.8874
vn 0.1434 0.0507 0.9884
vn 0.1421 0.0642 0.9878
vn 0.3377 -0.0581 0.9395
vn 0.3584 -0.0481 0.9323
vn -0.1866 0.0580 0.9807
vn -0.1933 0.0523 0.9797
vn -0.7795 0.0155 0.6263
vn -0.4120 0.0033 0.9112
vn 0.2918 -0.0180 0.9563
vn -0.3108 -0.1712 0.9349
vn -0.2624 -0.1475 0.9536
vn 0.9650 0.2190 0.1441
vn 0.9589 0.2745 0.0719
vn 0.9622 0.2718 0.0143
vn 0.9813 0.1899 0.0314
vn 0.9813 0.1898 0.0313
vn -0.2613 -0.1237 0.9573
vn -0.3631 -0.1837 0.9134
vn -0.3631 -0.1837 0.9135
vn 0.4985 0.1528 0.8533
vn 0.5775 -0.0021 0.8164
vn 0.5785 -0.0053 0.8156
vn 0.4587 0.2191 0.8611
vn 0.4220 -0.5294 0.7360
vn 0.6063 -0.2306 0.7610
vn 0.5815 -0.2826 0.7629
vn 0.3253 -0.6447 0.6918
vn -0.3942 -0.1125 0.9121
vn -0.5106 -0.0069 0.8598
vn -0.5056 -0.0081 0.8627
vn -0.4105 -0.2451 0.8783
vn -0.6948 -0.0894 0.7137
vn -0.6981 -0.1574 0.6985
vn -0.6594 -0.2437 0.7112
vn -0.7541 0.0721 0.6527
vn -0.3256 -0.5530 0.7669
vn -0.5237 -0.3646 0.7699
vn -0.5736 -0.2999 0.7623
vn -0.3862 -0.5041 0.7725
vn 0.3081 -0.5531 0.7740
vn 0.0020 -0.6345 0.7729
vn -0.0016 -0.6345 0.7729
vn 0.3741 -0.4995 0.7813
vn 0.6408 -0.0848 0.7630
vn 0.5229 -0.3269 0.7872
vn 0.5575 -0.2642 0.7870
vn 0.6925 0.0660 0.7184
vn -0.4250 0.1832 0.8865
vn -0.4315 0.1713 0.8857
vn -0.3896 -0.5033 0.7713
vn -0.3491 -0.6048 0.7158
vn 0.5801 -0.1755 0.7954
vn 0.5456 -0.2949 0.7844
vn 0.7425 0.0001 0.6698
vn 0.7421 -0.0046 0.6703
vn 0.9222 -0.0081 0.3867
vn 0.8326 0.3257 0.4480
vn 0.4184 -0.5895 0.6910
vn 0.3234 -0.7529 0.5732
vn 0.5207 -0.7680 0.3730
vn -0.7248 -0.3108 0.6149
vn -0.5854 -0.0089 0.8107
vn -0.8848 -0.0092 0.4659
vn -0.8230 -0.3811 0.4212
vn -0.8953 0.3168 0.3130
vn -0.8953 0.3168 0.3131
vn -0.3861 -0.5575 0.7349
vn -0.6240 -0.4056 0.6679
vn -0.7769 -0.4798 0.4077
vn -0.5427 -0.6934 0.4740
vn 0.3707 -0.5528 0.7463
vn 0.0025 -0.6387 0.7695
vn 0.0008 -0.8326 0.5539
vn 0.5329 -0.6873 0.4937
vn 0.7517 -0.2511 0.6099
vn 0.6376 -0.3592 0.6815
vn 0.7984 -0.4197 0.4318
vn 0.9418 -0.0787 0.3270
vn -0.5777 -0.0062 0.8162
vn -0.7812 0.3335 0.5277
vn -0.5567 -0.6369 0.5333
vn -0.5820 -0.7270 0.3643
vn 0.5954 -0.3424 0.7268
vn 0.7539 -0.4543 0.4747
vn 0.8580 0.3694 0.3569
vn -0.7706 -0.2883 0.5683
vn -0.9581 -0.0721 0.2771
vn -0.3572 -0.8518 0.3832
vn -0.3571 -0.8518 0.3832
vn 0.9765 -0.0094 0.2151
vn 0.9094 0.3233 0.2615
vn 0.9762 -0.0212 0.2157
vn 0.9731 -0.0697 0.2196
vn 0.5512 -0.8033 0.2256
vn -0.9832 -0.0079 0.1825
vn -0.8414 -0.4347 0.3210
vn -0.9782 -0.0234 0.2064
vn -0.9748 -0.0669 0.2128
vn -0.9795 0.0495 0.1952
vn -0.8189 -0.5079 0.2673
vn -0.5803 -0.7541 0.3075
vn -0.0017 -0.9345 0.3561
vn 0.5712 -0.7547 0.3227
vn 0.8484 -0.4443 0.2878
vn 0.9715 0.0480 0.2323
vn -0.9189 0.3195 0.2316
vn -0.5806 -0.7574 0.2987
vn 0.7812 -0.5523 0.2910
vn -0.0004 -1.0000 0.0036
vn -1.0000 -0.0016 -0.0000
vn -0.9998 0.0205 -0.0000
vn -0.9885 0.1512 -0.0000
vn -0.9504 0.3112 -0.0000
vn -0.9503 0.3112 -0.0000
vn -0.8939 0.4483 -0.0000
vn -0.7892 0.6141 -0.0000
vn -0.7893 0.6141 -0.0000
vn -0.5101 0.8601 -0.0000
vn -0.2964 0.9551 -0.0000
vn 0.5564 0.8309 -0.0000
vn 0.3259 0.9454 -0.0000
vn 0.8108 0.5853 -0.0000
vn 0.8107 0.5855 -0.0000
vn 0.9121 0.4099 -0.0000
vn 0.9121 0.4100 -0.0000
vn 0.8873 0.2701 0.3738
vn 0.8873 0.2702 0.3737
vn -0.3305 -0.0014 0.9438
vn -0.3304 -0.0013 0.9438
vn -0.3116 -0.0096 0.9502
vn -0.3191 -0.0104 0.9476
vn -0.3302 -0.0007 0.9439
vn -0.2921 -0.0074 0.9563
vn -0.2922 -0.0074 0.9563
vn -0.0275 0.3730 -0.9274
vn -0.0099 0.3894 -0.9210
vn -0.2372 0.1569 -0.9587
vn -0.2373 0.1569 -0.9587
vn -0.4295 -0.0013 -0.9030
vn -0.3487 0.0004 -0.9372
vn 0.1926 0.2127 -0.9580
vn 0.3755 -0.0009 -0.9268
vn 0.2665 -0.0413 -0.9629
vn 0.2669 -0.0800 -0.9604
vn -0.4130 0.1338 -0.9008
vn -0.3925 0.0583 -0.9179
vn -0.2910 -0.0851 -0.9529
vn -0.0900 -0.1147 -0.9893
vn -0.2280 -0.1559 -0.9611
vn 0.3450 0.2214 -0.9121
vn 0.2503 0.3195 -0.9139
vn 0.0773 -0.1152 -0.9903
vn 0.0004 -0.0217 -0.9998
vn 0.0004 0.3435 -0.9392
vn -0.2185 0.3204 -0.9218
vn 0.2589 -0.1295 -0.9572
vn 0.2104 -0.1544 -0.9653
vn -0.3296 0.2273 -0.9163
vn -0.3518 0.1763 -0.9193
vn -0.4878 -0.2505 -0.8363
vn 0.0108 0.3494 -0.9369
vn -0.2336 0.0016 -0.9723
vn -0.2337 0.0012 -0.9723
vn -0.2342 -0.0000 -0.9722
vn -0.1835 0.0105 -0.9830
vn -0.1946 0.0049 -0.9809
vn -0.1497 0.0477 -0.9876
vn -0.1477 0.0355 -0.9884
vn 0.3546 0.0016 -0.9350
vn 0.3549 0.0011 -0.9349
vn 0.1898 0.0791 -0.9786
vn 0.2295 0.0653 -0.9711
vn 0.1876 0.0325 -0.9817
vn 0.2450 0.0142 -0.9694
vn 0.4402 0.1262 -0.8890
vn 0.3790 0.0282 -0.9250
vn 0.4578 0.2776 -0.8446
vn 0.4265 0.3555 -0.8317
vn 0.2518 0.4995 -0.8289
vn 0.3204 0.4639 -0.8259
vn 0.0011 0.5445 -0.8387
vn -0.0012 0.5445 -0.8388
vn -0.2151 0.4687 -0.8568
vn -0.2562 0.4170 -0.8721
vn -0.3179 0.1951 -0.9279
vn -0.3134 0.2595 -0.9135
vn -0.2860 0.0784 -0.9550
vn -0.2616 0.0377 -0.9644
vn 0.3555 -0.0000 -0.9347
vn 0.3614 -0.0000 -0.9324
vn 0.3626 -0.0030 -0.9319
vn 0.3619 -0.0013 -0.9322
vn -0.7822 -0.0012 -0.6231
vn -0.7822 -0.0000 -0.6230
vn -0.7382 0.2390 -0.6309
vn -0.7665 0.1204 -0.6308
vn 0.2625 -0.0574 -0.9632
vn 0.2544 -0.0549 -0.9655
vn 0.2442 -0.0692 -0.9672
vn 0.2423 -0.0620 -0.9682
vn -0.5206 -0.0432 -0.8527
vn -0.4912 -0.0544 -0.8693
vn -0.5237 -0.0031 -0.8519
vn -0.5225 -0.0011 -0.8526
vn 0.7478 0.2598 -0.6110
vn 0.7047 0.3244 -0.6310
vn 0.4679 0.1976 -0.8614
vn -0.2993 -0.0777 -0.9510
vn -0.2993 -0.0776 -0.9510
vn 0.5670 0.4470 -0.6919
vn 0.3251 0.5518 -0.7680
vn -0.2466 -0.2058 -0.9470
vn -0.1382 -0.3447 -0.9285
vn -0.1366 -0.3472 -0.9278
vn -0.2694 -0.1937 -0.9433
vn -0.0017 0.5959 -0.8031
vn -0.2983 0.5576 -0.7747
vn 0.0009 -0.4371 -0.8994
vn 0.1272 -0.3493 -0.9283
vn 0.1170 -0.3648 -0.9237
vn -0.0004 -0.4371 -0.8994
vn -0.5335 0.4567 -0.7119
vn -0.6777 0.3476 -0.6480
vn 0.2473 -0.1938 -0.9494
vn 0.2638 -0.1184 -0.9573
vn 0.2740 -0.1406 -0.9514
vn 0.2349 -0.2053 -0.9501
vn -0.5220 -0.0000 -0.8530
vn 0.0093 -0.8108 -0.5853
vn 0.0094 -0.8108 -0.5853
vn 0.0009 -0.8209 -0.5711
vn -0.4561 -0.0673 -0.8874
vn 0.1433 0.0507 -0.9884
vn 0.1421 0.0642 -0.9878
vn 0.3377 -0.0581 -0.9394
vn 0.3584 -0.0481 -0.9323
vn -0.1933 0.0523 -0.9797
vn -0.1866 0.0580 -0.9807
vn -0.4120 0.0021 -0.9112
vn -0.7795 0.0155 -0.6263
vn 0.2918 -0.0180 -0.9563
vn -0.3108 -0.1712 -0.9349
vn -0.2624 -0.1475 -0.9536
vn 0.9622 0.2718 -0.0143
vn 0.9589 0.2744 -0.0719
vn 0.9650 0.2190 -0.1440
vn 0.9813 0.1899 -0.0314
vn -0.2613 -0.1237 -0.9573
vn -0.3631 -0.1837 -0.9135
vn 0.5785 -0.0054 -0.8156
vn 0.5775 -0.0021 -0.8164
vn 0.4984 0.1527 -0.8534
vn 0.4587 0.2191 -0.8611
vn 0.5815 -0.2826 -0.7629
vn 0.6064 -0.2306 -0.7610
vn 0.4220 -0.5294 -0.7360
vn 0.3253 -0.6447 -0.6918
vn -0.5056 -0.0081 -0.8627
vn -0.5106 -0.0068 -0.8598
vn -0.3942 -0.1125 -0.9121
vn -0.4105 -0.2451 -0.8783
vn -0.6594 -0.2437 -0.7112
vn -0.6981 -0.1574 -0.6985
vn -0.6948 -0.0894 -0.7136
vn -0.7542 0.0721 -0.6527
vn -0.5736 -0.2999 -0.7623
vn -0.5237 -0.3647 -0.7699
vn -0.3256 -0.5530 -0.7669
vn -0.3861 -0.5041 -0.7725
vn -0.0016 -0.6345 -0.7729
vn 0.0020 -0.6345 -0.7729
vn 0.3081 -0.5531 -0.7740
vn 0.3741 -0.4995 -0.7813
vn 0.5575 -0.2642 -0.7870
vn 0.5229 -0.3269 -0.7872
vn 0.6408 -0.0848 -0.7630
vn 0.6925 0.0659 -0.7184
vn -0.4315 0.1713 -0.8857
vn -0.4250 0.1832 -0.8864
vn -0.3896 -0.5033 -0.7713
vn -0.3491 -0.6048 -0.7158
vn 0.5456 -0.2949 -0.7844
vn 0.5801 -0.1755 -0.7954
vn 0.9222 -0.0081 -0.3867
vn 0.7421 -0.0046 -0.6703
vn 0.7426 0.0001 -0.6698
vn 0.8326 0.3257 -0.4480
vn 0.3234 -0.7529 -0.5732
vn 0.4184 -0.5895 -0.6909
vn 0.5207 -0.7680 -0.3730
vn -0.8848 -0.0092 -0.4659
vn -0.5854 -0.0089 -0.8107
vn -0.7248 -0.3108 -0.6149
vn -0.8230 -0.3811 -0.4212
vn -0.8953 0.3168 -0.3130
vn -0.8953 0.3168 -0.3131
vn -0.7769 -0.4798 -0.4076
vn -0.6240 -0.4056 -0.6679
vn -0.3861 -0.5575 -0.7349
vn -0.5427 -0.6934 -0.4740
vn 0.0008 -0.8326 -0.5539
vn 0.0024 -0.6387 -0.7695
vn 0.3708 -0.5528 -0.7463
vn 0.5329 -0.6873 -0.4937
vn 0.7984 -0.4197 -0.4318
vn 0.6376 -0.3592 -0.6815
vn 0.7517 -0.2511 -0.6099
vn 0.9418 -0.0787 -0.3270
vn -0.7812 0.3335 -0.5277
vn -0.5777 -0.0062 -0.8162
vn -0.5567 -0.6369 -0.5333
vn -0.5820 -0.7270 -0.3643
vn 0.7539 -0.4543 -0.4747
vn 0.5954 -0.3424 -0.7268
vn 0.8580 0.3694 -0.3569
vn -0.9581 -0.0721 -0.2771
vn -0.7706 -0.2883 -0.5683
vn -0.3572 -0.8518 -0.3832
vn -0.3571 -0.8518 -0.3832
vn 0.9765 -0.0094 -0.2151
vn 0.9094 0.3233 -0.2616
vn 0.9731 -0.0697 -0.2196
vn 0.9762 -0.0212 -0.2157
vn 0.5512 -0.8033 -0.2256
vn -0.9832 -0.0079 -0.1825
vn -0.8414 -0.4347 -0.3210
vn -0.9748 -0.0669 -0.2127
vn -0.9782 -0.0234 -0.2064
vn -0.9795 0.0495 -0.1952
vn -0.8189 -0.5079 -0.2673
vn -0.5803 -0.7541 -0.3075
vn -0.0017 -0.9345 -0.3561
vn 0.5712 -0.7547 -0.3227
vn 0.8484 -0.4443 -0.2878
vn 0.9715 0.0480 -0.2323
vn -0.9189 0.3195 -0.2315
vn -0.5806 -0.7574 -0.2987
vn 0.7812 -0.5523 -0.2910
vn 0.2122 -0.8502 -0.4818
vn 0.2122 -0.8502 -0.4819
vn -0.0004 -1.0000 -0.0036
vn -0.0004 -1.0000 -0.0037
vn 0.8105 0.5857 -0.0000
vn 0.8873 0.2701 -0.3738
vn 0.8873 0.2702 -0.3737
vn -0.3116 -0.0096 -0.9502
vn -0.3305 -0.0013 -0.9438
vn -0.3305 -0.0014 -0.9438
vn -0.3191 -0.0104 -0.9477
vn -0.3302 -0.0007 -0.9439
vn -0.2921 -0.0074 -0.9563
vn -0.0000 -0.8290 0.5592
vn -0.0000 -1.0000 0.0073
vn 0.3878 -0.9176 -0.0875
vn -0.3685 -0.9276 -0.0613
vn -0.3686 -0.9276 -0.0613
vn 0.3302 -0.0007 -0.9439
vn -0.5900 -0.7644 -0.2599
vn -0.9272 -0.0000 -0.3745
vn -0.9295 -0.0000 0.3689
vn -0.5891 -0.7631 0.2657
vn -0.0000 -0.9409 -0.3387
vn -0.5901 -0.7644 -0.2599
vn -0.0000 -0.9300 0.3675
vn 0.0372 0.0625 0.9973
vn -0.9272 -0.0000 -0.3746
vn -0.0000 -0.9409 -0.3388
vn 0.1396 0.1266 -0.9821
vn 0.9476 0.0440 -0.3165
vn 0.9272 -0.0000 -0.3745
vn 0.9197 -0.0005 0.3927
vn 0.9477 0.0437 0.3161
vn -0.6555 0.6176 -0.4346
vn -0.9154 -0.0067 -0.4025
vn -0.7633 0.6461 -0.0000
vn 0.5901 -0.7644 -0.2599
vn -0.0015 -0.9389 0.3441
vn 0.5886 -0.7625 0.2684
vn -0.0227 0.0660 0.9976
vn -0.0245 -0.0036 0.9997
vn -0.2120 -0.0166 -0.9771
vn -0.1396 0.1267 -0.9821
vn 0.9272 -0.0000 -0.3746
vn 0.0742 0.0244 0.9969
vn 0.8714 0.3809 0.3091
vn 0.8671 0.3792 -0.3230
vn 0.8671 0.3793 -0.3231
vn -0.2839 -0.0970 -0.9539
vn -0.9810 -0.1938 -0.0000
vn -0.9499 -0.3124 -0.0000
vn -0.0546 0.0181 0.9983
vn 0.0460 -0.0042 0.9989
vn -0.9462 0.0434 0.3207
vn -0.8674 0.3789 0.3225
vn -0.9476 0.0440 -0.3164
vn -0.8671 0.3792 -0.3230
vn -0.8671 0.3792 -0.3231
vn -0.9476 0.0440 -0.3165
vn 0.2120 -0.0166 -0.9771
vn 0.2838 -0.0970 -0.9540
vn 0.9499 -0.3124 -0.0000
vn 0.9810 -0.1938 -0.0000
vn -0.0727 0.0528 0.9960
vn -0.7034 0.6374 0.3146
vn -0.7034 0.6359 -0.3177
vn -0.7034 0.6358 -0.3177
vn 0.2436 -0.1990 -0.9492
vn 0.7852 -0.6193 -0.0000
vn -0.0616 0.0962 0.9935
vn -0.4417 0.8324 0.3348
vn -0.4403 0.8304 -0.3416
vn -0.4403 0.8303 -0.3416
vn 0.1760 -0.2854 -0.9421
vn 0.5404 -0.8414 -0.0000
vn 0.0686 0.1055 0.9921
vn 0.0018 0.1247 0.9922
vn -0.0006 0.9514 0.3080
vn 0.4431 0.8363 0.3229
vn -0.0000 0.9479 -0.3186
vn 0.4403 0.8304 -0.3416
vn 0.4402 0.8303 -0.3416
vn 0.0001 0.9479 -0.3186
vn -0.0000 -0.2834 -0.9590
vn -0.1760 -0.2854 -0.9421
vn -0.5404 -0.8414 -0.0000
vn 0.0884 0.0637 0.9940
vn 0.7061 0.6407 0.3015
vn 0.7034 0.6359 -0.3177
vn -0.2435 -0.1990 -0.9492
vn -0.7852 -0.6193 -0.0000
vn 0.9154 -0.0067 -0.4025
vn 0.6555 0.6176 -0.4346
vn 0.7633 0.6461 -0.0000
vn 0.5901 -0.7643 -0.2599
vn 0.5900 -0.7644 -0.2599
vn -0.6877 -0.0165 0.7258
vn -0.6882 -0.0598 0.7231
vn -0.4417 0.3681 0.8182
vn -0.4305 0.3808 0.8183
vn -0.6954 -0.2356 0.6789
vn -0.6955 -0.2393 0.6775
vn -0.6659 -0.2167 -0.7138
vn 0.6452 -0.0189 0.7638
vn 0.6693 -0.0647 0.7401
vn 0.7047 -0.2552 0.6621
vn 0.7040 -0.2356 0.6700
vn 0.6659 -0.2167 -0.7138
vn 0.6295 -0.5310 0.5673
vn 0.6394 -0.5149 0.5711
vn 0.6003 -0.4789 -0.6406
vn 0.4401 -0.7349 0.5159
vn 0.4570 -0.7223 0.5191
vn 0.4281 -0.6741 -0.6020
vn 0.0088 -0.8482 0.5296
vn -0.0187 -0.8474 0.5306
vn -0.4452 -0.7117 0.5434
vn -0.4449 -0.7119 0.5433
vn -0.4281 -0.6741 -0.6020
vn -0.0000 -0.7960 -0.6053
vn -0.6253 -0.5082 0.5922
vn -0.6251 -0.5085 0.5921
vn -0.6003 -0.4789 -0.6405
vn 0.3822 0.3945 0.8357
vn 0.4555 0.3019 0.8375
vn -0.3182 -0.0311 0.9475
vn 0.3415 0.0717 0.9371
vn 0.2884 0.0638 0.9554
vn -0.9192 -0.3939 -0.0000
vn -0.8466 -0.5322 -0.0000
vn -0.9191 -0.3939 -0.0000
vn 0.2884 0.0638 -0.9554
vn 0.3415 0.0717 -0.9372
vn 0.3415 0.0717 -0.9371
vn -0.3183 -0.0311 -0.9475
vn 0.9192 -0.3939 -0.0000
vn 0.8466 -0.5322 -0.0000
vn 0.9191 -0.3939 -0.0000
vn -0.2884 0.0638 0.9554
vn -0.3415 0.0717 0.9372
vn -0.3415 0.0717 0.9371
vn 0.3183 -0.0311 0.9475
vn 0.3183 -0.0311 -0.9475
vn -0.3415 0.0717 -0.9371
vn -0.2884 0.0638 -0.9554
vn 0.1297 -0.0720 0.9889
vn -0.4622 0.2565 0.8489
vn -0.4621 0.2565 0.8489
vn 0.4221 -0.2342 0.8758
vn 0.4221 -0.2342 -0.8758
vn -0.4622 0.2565 -0.8489
vn 0.1297 -0.0720 -0.9889
vn 0.1891 -0.2131 0.9585
vn -0.3779 0.4258 0.8221
vn 0.2734 -0.3080 0.9113
vn 0.2733 -0.3080 -0.9113
vn -0.3779 0.4258 -0.8221
vn 0.1892 -0.2131 -0.9585
vn -0.1219 -0.2978 0.9468
vn 0.2157 0.5267 0.8222
vn -0.1563 -0.3815 0.9110
vn -0.1563 -0.3816 -0.9110
vn 0.2157 0.5267 -0.8222
vn -0.1220 -0.2978 -0.9468
vn -0.4221 -0.2342 0.8758
vn 0.4621 0.2565 0.8489
vn 0.4622 0.2565 0.8489
vn -0.1297 -0.0720 0.9889
vn -0.1297 -0.0720 -0.9889
vn 0.4622 0.2565 -0.8489
vn -0.4221 -0.2342 -0.8758
vn 0.1563 -0.3815 0.9111
vn -0.2157 0.5267 0.8222
vn 0.1219 -0.2978 0.9468
vn 0.1219 -0.2978 -0.9468
vn -0.2157 0.5267 -0.8222
vn 0.1563 -0.3815 -0.9110
vn -0.2733 -0.3080 0.9113
vn 0.3779 0.4258 0.8221
vn -0.1891 -0.2131 0.9586
vn -0.1891 -0.2131 -0.9586
vn 0.3779 0.4258 -0.8221
vn -0.2734 -0.3080 -0.9113
vn 0.7471 -0.4146 0.5196
vn 0.7277 -0.1004 0.6785
vn 0.7278 -0.1004 0.6784
vn 0.9530 -0.3030 -0.0000
vn 0.7278 -0.1004 -0.6784
vn 0.7278 -0.1003 -0.6785
vn 0.7471 -0.4146 -0.5195
vn 0.7471 -0.4146 -0.5196
vn 0.5824 -0.6562 -0.4797
vn 0.3325 -0.8119 -0.4798
vn -0.3325 -0.8119 -0.4798
vn -0.5824 -0.6562 -0.4797
vn -0.7471 -0.4146 -0.5196
vn -0.7471 -0.4146 -0.5195
vn -0.7277 -0.1004 -0.6785
vn -0.7278 -0.1004 -0.6784
vn -0.9530 -0.3030 -0.0000
vn -0.7278 -0.1004 0.6784
vn -0.7278 -0.1003 0.6784
vn -0.7471 -0.4146 0.5196
vn -0.5824 -0.6562 0.4797
vn -0.3325 -0.8119 0.4798
vn 0.3325 -0.8119 0.4798
vn 0.5824 -0.6562 0.4797
vt 0.638772 0.019108
vt 0.604182 0.026406
vt 0.610222 0.065300
vt 0.641527 0.056758
vt 0.942230 0.026718
vt 0.937921 0.064780
vt 0.977346 0.035844
vt 0.968334 0.075590
vt 0.633376 0.196854
vt 0.937255 0.206145
vt 0.938507 0.167894
vt 0.634535 0.158625
vt 0.636223 0.100563
vt 0.635688 0.119343
vt 0.939831 0.128570
vt 0.940480 0.109764
vt 0.936158 0.240548
vt 0.632306 0.231250
vt 0.958206 0.116530
vt 0.618002 0.106197
vt 0.270059 0.129831
vt 0.279729 0.122337
vt 0.247768 0.095692
vt 0.241755 0.106414
vt 0.286374 0.162725
vt 0.298271 0.159545
vt 0.289015 0.199409
vt 0.301211 0.200859
vt 0.278087 0.234530
vt 0.288868 0.240395
vt 0.254678 0.262794
vt 0.262354 0.272329
vt 0.221819 0.279116
vt 0.225217 0.290946
vt 0.185115 0.281933
vt 0.183840 0.294135
vt 0.149970 0.270960
vt 0.144223 0.281796
vt 0.121603 0.247589
vt 0.112146 0.255277
vt 0.105199 0.214683
vt 0.093364 0.218020
vt 0.102541 0.177934
vt 0.090420 0.176568
vt 0.113450 0.142734
vt 0.102662 0.136844
vt 0.136892 0.114374
vt 0.129403 0.104772
vt 0.169850 0.098020
vt 0.166697 0.086183
vt 0.206610 0.095304
vt 0.208140 0.083149
vt 0.264136 0.134331
vt 0.238040 0.112904
vt 0.279064 0.164608
vt 0.281541 0.198518
vt 0.271418 0.230954
vt 0.249959 0.257002
vt 0.219695 0.271898
vt 0.185804 0.274525
vt 0.153355 0.264353
vt 0.127232 0.242927
vt 0.112288 0.212643
vt 0.109755 0.178726
vt 0.119908 0.146259
vt 0.141335 0.120131
vt 0.171661 0.105171
vt 0.205603 0.102624
vt 0.260056 0.137671
vt 0.235568 0.117668
vt 0.273911 0.166034
vt 0.276446 0.197933
vt 0.266723 0.228403
vt 0.246751 0.252833
vt 0.218373 0.266711
vt 0.185936 0.269671
vt 0.156003 0.259582
vt 0.131492 0.239653
vt 0.117578 0.211249
vt 0.114316 0.179254
vt 0.124745 0.148826
vt 0.144744 0.124299
vt 0.173158 0.110433
vt 0.204626 0.107392
vt 0.243466 0.150684
vt 0.231726 0.124902
vt 0.265957 0.168067
vt 0.273926 0.197631
vt 0.259446 0.224578
vt 0.233593 0.236354
vt 0.216290 0.258774
vt 0.186736 0.267101
vt 0.159685 0.252364
vt 0.147880 0.226508
vt 0.125409 0.209219
vt 0.117102 0.179561
vt 0.131921 0.152548
vt 0.157749 0.140792
vt 0.175115 0.118279
vt 0.204822 0.110069
vt 0.228514 0.162463
vt 0.232384 0.159377
vt 0.223496 0.138416
vt 0.220864 0.142916
vt 0.245199 0.174639
vt 0.250822 0.172873
vt 0.251298 0.195007
vt 0.257666 0.195737
vt 0.240592 0.213358
vt 0.245808 0.216430
vt 0.221598 0.221306
vt 0.224803 0.225356
vt 0.209710 0.238390
vt 0.211368 0.243742
vt 0.189179 0.245244
vt 0.188521 0.250730
vt 0.170304 0.234602
vt 0.167826 0.238757
vt 0.162125 0.215144
vt 0.158892 0.217689
vt 0.144407 0.203040
vt 0.140461 0.204270
vt 0.137469 0.181891
vt 0.133459 0.181427
vt 0.148883 0.162777
vt 0.145472 0.160765
vt 0.168920 0.154907
vt 0.166496 0.151870
vt 0.181312 0.137600
vt 0.179970 0.133379
vt 0.202289 0.131402
vt 0.202839 0.126413
vt 0.239256 0.153989
vt 0.228191 0.129277
vt 0.260847 0.170452
vt 0.268524 0.197001
vt 0.255015 0.221083
vt 0.230254 0.232173
vt 0.213850 0.253708
vt 0.187318 0.261664
vt 0.163181 0.247951
vt 0.152064 0.223157
vt 0.130477 0.206768
vt 0.122529 0.180179
vt 0.136308 0.156077
vt 0.161073 0.145000
vt 0.177524 0.123369
vt 0.204154 0.115494
vt 0.317134 0.202710
vt 0.313266 0.155207
vt 0.302575 0.248106
vt 0.271820 0.284712
vt 0.229063 0.305894
vt 0.181847 0.309231
vt 0.136834 0.294860
vt 0.100462 0.264284
vt 0.079447 0.221824
vt 0.077086 0.175043
vt 0.090047 0.130037
vt 0.120176 0.093496
vt 0.162535 0.072020
vt 0.209605 0.068271
vt 0.254800 0.082247
vt 0.291621 0.112580
vt 0.225086 0.291273
vt 0.262237 0.272578
vt 0.254519 0.263090
vt 0.221655 0.279470
vt 0.288715 0.240581
vt 0.277855 0.234782
vt 0.300948 0.201068
vt 0.288747 0.199698
vt 0.297936 0.159829
vt 0.286099 0.163065
vt 0.279448 0.122748
vt 0.269782 0.130260
vt 0.247626 0.096119
vt 0.241587 0.106848
vt 0.208062 0.083403
vt 0.206498 0.095557
vt 0.166574 0.086432
vt 0.169703 0.098295
vt 0.129298 0.105013
vt 0.136767 0.114652
vt 0.102539 0.137033
vt 0.113310 0.142973
vt 0.090217 0.176734
vt 0.102336 0.178158
vt 0.093087 0.218229
vt 0.104932 0.214942
vt 0.111839 0.255571
vt 0.121310 0.247914
vt 0.143959 0.282156
vt 0.149707 0.271338
vt 0.183648 0.294510
vt 0.184906 0.282324
vt 0.249771 0.257365
vt 0.219506 0.272308
vt 0.271166 0.231288
vt 0.281269 0.198861
vt 0.278790 0.165018
vt 0.263856 0.134810
vt 0.237852 0.113388
vt 0.205468 0.102911
vt 0.171494 0.105503
vt 0.141194 0.120473
vt 0.119754 0.146571
vt 0.109543 0.179026
vt 0.112022 0.212975
vt 0.126943 0.243314
vt 0.153090 0.264782
vt 0.185580 0.274966
vt 0.246555 0.253188
vt 0.218177 0.267109
vt 0.266473 0.228729
vt 0.276177 0.198269
vt 0.273636 0.166424
vt 0.259773 0.138129
vt 0.235366 0.118140
vt 0.204484 0.107652
vt 0.172988 0.110755
vt 0.144603 0.124631
vt 0.124592 0.149130
vt 0.114107 0.179549
vt 0.117316 0.211572
vt 0.131208 0.240028
vt 0.155740 0.259996
vt 0.185708 0.270100
vt 0.233354 0.236751
vt 0.216074 0.259192
vt 0.259192 0.224942
vt 0.273655 0.197988
vt 0.265677 0.168479
vt 0.243173 0.151142
vt 0.231498 0.125405
vt 0.204677 0.110328
vt 0.174930 0.118627
vt 0.157594 0.141164
vt 0.131760 0.152887
vt 0.116890 0.179882
vt 0.125149 0.209579
vt 0.147611 0.226921
vt 0.159422 0.252798
vt 0.186506 0.267538
vt 0.211123 0.244166
vt 0.224539 0.225769
vt 0.221473 0.221884
vt 0.209581 0.239187
vt 0.245549 0.216823
vt 0.240476 0.213826
vt 0.257398 0.196126
vt 0.251034 0.195388
vt 0.250547 0.173290
vt 0.244773 0.175089
vt 0.232110 0.159818
vt 0.228083 0.163015
vt 0.223192 0.138964
vt 0.220313 0.143828
vt 0.202675 0.126586
vt 0.202059 0.132039
vt 0.179807 0.133737
vt 0.181306 0.138344
vt 0.166325 0.152250
vt 0.168893 0.155457
vt 0.145294 0.161132
vt 0.148855 0.163229
vt 0.133247 0.181788
vt 0.137257 0.182250
vt 0.140213 0.204663
vt 0.143992 0.203482
vt 0.158636 0.218126
vt 0.161683 0.215721
vt 0.167573 0.239194
vt 0.169837 0.235389
vt 0.188276 0.251171
vt 0.188871 0.246187
vt 0.230005 0.232577
vt 0.213623 0.254130
vt 0.254758 0.221458
vt 0.268254 0.197371
vt 0.260569 0.170866
vt 0.238963 0.154443
vt 0.227948 0.129790
vt 0.204001 0.115728
vt 0.177336 0.123719
vt 0.160915 0.145378
vt 0.136139 0.156427
vt 0.122317 0.180515
vt 0.130223 0.207140
vt 0.151801 0.223579
vt 0.162922 0.248388
vt 0.187083 0.262103
vt 0.302491 0.248303
vt 0.317101 0.202923
vt 0.313257 0.155401
vt 0.291660 0.112766
vt 0.254892 0.082356
vt 0.209596 0.068217
vt 0.162367 0.072074
vt 0.120040 0.093683
vt 0.090000 0.130253
vt 0.077118 0.175217
vt 0.079455 0.221943
vt 0.100445 0.264354
vt 0.136768 0.294901
vt 0.181722 0.309285
vt 0.228906 0.305995
vt 0.271681 0.284869
vt 0.865963 0.294707
vt 0.867633 0.291924
vt 0.864192 0.289907
vt 0.861827 0.298338
vt 0.926288 0.504541
vt 0.962896 0.322240
vt 0.961072 0.315558
vt 0.923177 0.503849
vt 0.917093 0.521055
vt 0.912294 0.531695
vt 0.916064 0.533576
vt 0.921399 0.521957
vt 0.816772 0.537489
vt 0.809997 0.525734
vt 0.805857 0.528092
vt 0.815658 0.541702
vt 0.843985 0.561284
vt 0.830142 0.551803
vt 0.829827 0.557023
vt 0.846617 0.569245
vt 0.878533 0.561886
vt 0.860598 0.565868
vt 0.861135 0.572375
vt 0.876933 0.569374
vt 0.906862 0.539900
vt 0.893235 0.553689
vt 0.894349 0.558416
vt 0.908802 0.543565
vt 0.963848 0.313718
vt 0.960590 0.312383
vt 0.915996 0.503926
vt 0.919535 0.504337
vt 0.957394 0.316777
vt 0.953540 0.318544
vt 0.897195 0.523520
vt 0.907017 0.531272
vt 0.912245 0.520183
vt 0.906390 0.519401
vt 0.811429 0.489784
vt 0.809185 0.489069
vt 0.804970 0.504809
vt 0.808482 0.502398
vt 0.822888 0.517538
vt 0.815366 0.527561
vt 0.821259 0.537085
vt 0.822990 0.531257
vt 0.831465 0.544144
vt 0.831106 0.548317
vt 0.845462 0.557416
vt 0.844890 0.553216
vt 0.859896 0.557085
vt 0.860130 0.560256
vt 0.875973 0.558212
vt 0.876161 0.554260
vt 0.888686 0.546649
vt 0.890074 0.551827
vt 0.901990 0.539534
vt 0.897043 0.533943
vt 0.868688 0.300415
vt 0.867431 0.297268
vt 0.931632 0.505759
vt 0.968731 0.320098
vt 0.920209 0.536712
vt 0.925865 0.525108
vt 0.802729 0.502959
vt 0.807182 0.487335
vt 0.802572 0.532882
vt 0.812904 0.546216
vt 0.828763 0.563723
vt 0.846617 0.575713
vt 0.861723 0.579529
vt 0.878030 0.575543
vt 0.896384 0.564501
vt 0.912488 0.547422
vt 0.968349 0.311802
vt 0.965937 0.308294
vt 0.867598 0.286042
vt 0.800429 0.513179
vt 0.805066 0.512320
vt 0.815147 0.511765
vt 0.915663 0.515050
vt 0.919326 0.514490
vt 0.912387 0.512659
vt 0.923762 0.515379
vt 0.928778 0.517086
vt 0.796436 0.543223
vt 0.791218 0.522037
vt 0.788694 0.529735
vt 0.789057 0.537557
vt 0.793820 0.514885
vt 0.911151 0.504734
vt 0.948802 0.321035
vt 0.893749 0.521359
vt 0.901122 0.517515
vt 0.817951 0.492698
vt 0.816809 0.503621
vt 0.826326 0.515554
vt 0.826356 0.528166
vt 0.833068 0.539258
vt 0.844808 0.548726
vt 0.859697 0.553112
vt 0.875828 0.550011
vt 0.886442 0.542055
vt 0.893528 0.530898
vt 0.870478 0.304676
vt 0.820813 0.510169
vt 0.907472 0.512843
vt 0.907057 0.503292
vt 0.944826 0.322796
vt 0.890406 0.519093
vt 0.895080 0.516225
vt 0.822146 0.492818
vt 0.821645 0.501759
vt 0.829845 0.513610
vt 0.829750 0.525857
vt 0.835323 0.535332
vt 0.845647 0.543839
vt 0.859558 0.549552
vt 0.874521 0.545294
vt 0.883925 0.538216
vt 0.890141 0.528537
vt 0.875872 0.309040
vt 0.825571 0.509486
vt 0.903582 0.510467
vt 0.898185 0.501682
vt 0.937109 0.326796
vt 0.879765 0.514765
vt 0.885470 0.513065
vt 0.831690 0.493452
vt 0.832273 0.500777
vt 0.840561 0.510315
vt 0.837736 0.521229
vt 0.841571 0.529024
vt 0.849330 0.536477
vt 0.859271 0.540374
vt 0.870566 0.537953
vt 0.877753 0.531757
vt 0.882293 0.523425
vt 0.879834 0.317045
vt 0.836773 0.507516
vt 0.893772 0.508365
vt 0.967614 0.296558
vt 0.872564 0.275966
vt 0.980191 0.311782
vt 0.979848 0.306844
vt 0.980292 0.321793
vt 0.943106 0.508299
vt 0.939747 0.520840
vt 0.936401 0.529812
vt 0.930053 0.542579
vt 0.921646 0.554540
vt 0.904121 0.573012
vt 0.883470 0.585633
vt 0.863846 0.590506
vt 0.844560 0.586993
vt 0.823622 0.574120
vt 0.806282 0.555972
vt 0.803951 0.486653
vt 0.798976 0.500693
vt 0.829225 0.855779
vt 0.831092 0.851458
vt 0.826712 0.851227
vt 0.819159 0.852424
vt 0.869953 0.742060
vt 0.865939 0.735509
vt 0.670694 0.631031
vt 0.668598 0.634589
vt 0.635445 0.616815
vt 0.633795 0.622044
vt 0.647639 0.626381
vt 0.650630 0.621475
vt 0.544382 0.728580
vt 0.550050 0.726594
vt 0.544755 0.709154
vt 0.539886 0.706418
vt 0.538072 0.678694
vt 0.543159 0.683139
vt 0.546676 0.661314
vt 0.541712 0.651597
vt 0.551769 0.635076
vt 0.557211 0.641441
vt 0.576724 0.628012
vt 0.568531 0.622865
vt 0.593889 0.616088
vt 0.597158 0.621301
vt 0.621608 0.620268
vt 0.620043 0.615238
vt 0.873918 0.740876
vt 0.872542 0.745184
vt 0.865978 0.744698
vt 0.664963 0.637733
vt 0.662250 0.641503
vt 0.861302 0.747064
vt 0.644161 0.631813
vt 0.629514 0.627498
vt 0.627936 0.643741
vt 0.639740 0.638196
vt 0.565929 0.750788
vt 0.584636 0.760455
vt 0.585597 0.757558
vt 0.570950 0.749367
vt 0.549007 0.705145
vt 0.552778 0.719566
vt 0.568375 0.721236
vt 0.555857 0.708733
vt 0.551525 0.663410
vt 0.547217 0.685385
vt 0.551370 0.688823
vt 0.554876 0.667757
vt 0.577794 0.633703
vt 0.561915 0.646926
vt 0.564603 0.649996
vt 0.581548 0.637038
vt 0.617637 0.625251
vt 0.596043 0.625937
vt 0.599501 0.631812
vt 0.618351 0.634889
vt 0.825153 0.847873
vt 0.822870 0.844289
vt 0.873602 0.732152
vt 0.674286 0.624907
vt 0.651748 0.614527
vt 0.636306 0.610153
vt 0.566052 0.754749
vt 0.584889 0.763891
vt 0.533320 0.705016
vt 0.537113 0.727556
vt 0.535803 0.645735
vt 0.530966 0.673609
vt 0.563926 0.616321
vt 0.545795 0.628074
vt 0.619849 0.608367
vt 0.590213 0.608799
vt 0.879936 0.743170
vt 0.880394 0.739342
vt 0.837710 0.855916
vt 0.558760 0.743840
vt 0.554319 0.747846
vt 0.567285 0.734126
vt 0.651825 0.632756
vt 0.655551 0.629660
vt 0.651125 0.637915
vt 0.661541 0.618398
vt 0.658656 0.624645
vt 0.538518 0.749436
vt 0.522093 0.724171
vt 0.521425 0.736783
vt 0.528720 0.744397
vt 0.547589 0.753224
vt 0.657296 0.645594
vt 0.855098 0.749612
vt 0.626881 0.648979
vt 0.636828 0.644950
vt 0.587565 0.748536
vt 0.576263 0.739896
vt 0.573119 0.719697
vt 0.561584 0.708243
vt 0.557253 0.691695
vt 0.558924 0.671894
vt 0.568060 0.653753
vt 0.585121 0.641127
vt 0.601695 0.638009
vt 0.618026 0.640945
vt 0.819927 0.839352
vt 0.573405 0.729960
vt 0.646651 0.642568
vt 0.655032 0.650713
vt 0.850070 0.751885
vt 0.626050 0.654227
vt 0.632716 0.651988
vt 0.590609 0.744108
vt 0.581820 0.736796
vt 0.577943 0.718113
vt 0.566614 0.707041
vt 0.562815 0.693067
vt 0.564146 0.675503
vt 0.571199 0.657080
vt 0.588279 0.646564
vt 0.602986 0.643820
vt 0.617215 0.646303
vt 0.819324 0.830764
vt 0.577983 0.725926
vt 0.645396 0.648331
vt 0.648679 0.660585
vt 0.839157 0.755090
vt 0.620894 0.668463
vt 0.627366 0.664189
vt 0.597113 0.733795
vt 0.591447 0.727587
vt 0.590081 0.710861
vt 0.577731 0.703580
vt 0.574027 0.692803
vt 0.574118 0.678607
vt 0.579384 0.665577
vt 0.591542 0.656899
vt 0.603522 0.655477
vt 0.615120 0.658433
vt 0.815101 0.820791
vt 0.589360 0.717120
vt 0.638821 0.659847
vt 0.835543 0.857873
vt 0.852681 0.856098
vt 0.894445 0.743940
vt 0.892676 0.735190
vt 0.883759 0.721267
vt 0.682028 0.611970
vt 0.667891 0.604885
vt 0.656897 0.600585
vt 0.639804 0.595821
vt 0.621606 0.593549
vt 0.589436 0.594031
vt 0.559659 0.602234
vt 0.537723 0.616226
vt 0.523691 0.637463
vt 0.516871 0.669038
vt 0.518485 0.702514
vt 0.583179 0.767825
vt 0.565493 0.760657
vt 0.860381 0.289336
vt 0.860509 0.292736
vt 0.771183 0.265714
vt 0.766144 0.269306
vt 0.693573 0.426661
vt 0.696472 0.428055
vt 0.684359 0.454921
vt 0.688515 0.455857
vt 0.691150 0.444833
vt 0.687167 0.442834
vt 0.775419 0.518745
vt 0.773651 0.514466
vt 0.760590 0.519608
vt 0.758744 0.523557
vt 0.737586 0.526659
vt 0.740724 0.522430
vt 0.723725 0.521056
vt 0.716510 0.525523
vt 0.703168 0.518751
vt 0.707781 0.514120
vt 0.696288 0.499803
vt 0.692765 0.506497
vt 0.686084 0.487235
vt 0.689942 0.484357
vt 0.687793 0.465432
vt 0.683973 0.466982
vt 0.769852 0.262750
vt 0.773302 0.263461
vt 0.773533 0.268609
vt 0.699119 0.430667
vt 0.702211 0.432519
vt 0.775697 0.272066
vt 0.695562 0.447178
vt 0.692985 0.458828
vt 0.705663 0.459009
vt 0.700752 0.450195
vt 0.791448 0.500821
vt 0.798224 0.485864
vt 0.795958 0.485250
vt 0.790193 0.496999
vt 0.757304 0.516545
vt 0.768169 0.512757
vt 0.768727 0.500558
vt 0.759716 0.511007
vt 0.725069 0.517155
vt 0.742232 0.519137
vt 0.744655 0.515699
vt 0.728235 0.514280
vt 0.700637 0.498611
vt 0.711755 0.510117
vt 0.713976 0.507834
vt 0.703008 0.495481
vt 0.691879 0.468201
vt 0.693603 0.484931
vt 0.697966 0.481865
vt 0.699317 0.467029
vt 0.857911 0.294131
vt 0.855159 0.296100
vt 0.763020 0.263666
vt 0.688586 0.424274
vt 0.681695 0.442433
vt 0.679134 0.454699
vt 0.794466 0.500537
vt 0.800870 0.485495
vt 0.758011 0.528747
vt 0.774963 0.524451
vt 0.712321 0.530484
vt 0.734074 0.532501
vt 0.687959 0.510489
vt 0.698092 0.523834
vt 0.678651 0.467587
vt 0.680638 0.490561
vt 0.770936 0.257782
vt 0.767939 0.257812
vt 0.862956 0.283873
vt 0.786400 0.506724
vt 0.789577 0.509951
vt 0.778661 0.500646
vt 0.695902 0.441172
vt 0.693292 0.438486
vt 0.699964 0.441377
vt 0.684183 0.434583
vt 0.689213 0.436402
vt 0.773176 0.536307
vt 0.782765 0.536117
vt 0.788152 0.530011
vt 0.705654 0.436099
vt 0.778106 0.276692
vt 0.709777 0.459492
vt 0.706146 0.452018
vt 0.788917 0.484175
vt 0.782721 0.493378
vt 0.767310 0.496963
vt 0.759067 0.506587
vt 0.746557 0.510953
vt 0.731201 0.510878
vt 0.716686 0.504910
vt 0.705974 0.492443
vt 0.702648 0.479761
vt 0.704030 0.466888
vt 0.851367 0.298648
vt 0.775199 0.496139
vt 0.703813 0.444547
vt 0.709777 0.437529
vt 0.780242 0.280434
vt 0.713886 0.459805
vt 0.711816 0.454762
vt 0.785387 0.482028
vt 0.780112 0.489233
vt 0.765840 0.493311
vt 0.757896 0.502752
vt 0.747327 0.506552
vt 0.733699 0.506600
vt 0.719080 0.502261
vt 0.710006 0.489643
vt 0.707077 0.478384
vt 0.708227 0.467172
vt 0.844581 0.299602
vt 0.771882 0.492820
vt 0.708368 0.445144
vt 0.717806 0.441855
vt 0.783544 0.288650
vt 0.725187 0.462906
vt 0.721563 0.458154
vt 0.777166 0.477521
vt 0.772569 0.482282
vt 0.759609 0.484319
vt 0.754637 0.494340
vt 0.746513 0.497869
vt 0.735546 0.498663
vt 0.725195 0.495368
vt 0.717818 0.486461
vt 0.716068 0.477233
vt 0.717727 0.468031
vt 0.836877 0.303360
vt 0.764514 0.484511
vt 0.717658 0.449535
vt 0.863293 0.272387
vt 0.770361 0.246540
vt 0.763679 0.248623
vt 0.753794 0.256591
vt 0.678034 0.419089
vt 0.673277 0.430535
vt 0.670534 0.439344
vt 0.667777 0.452906
vt 0.667027 0.467163
vt 0.669211 0.492087
vt 0.677270 0.514674
vt 0.689368 0.530831
vt 0.706619 0.540411
vt 0.731359 0.543745
vt 0.756925 0.540435
vt 0.823438 0.857811
vt 0.826957 0.860150
vt 0.556462 0.926311
vt 0.786930 0.977611
vt 0.794919 0.975392
vt 0.557289 0.922270
vt 0.535432 0.913891
vt 0.521924 0.907380
vt 0.519510 0.912253
vt 0.534285 0.919479
vt 0.517112 0.783040
vt 0.532552 0.774403
vt 0.529725 0.768916
vt 0.511746 0.781501
vt 0.485613 0.818057
vt 0.498208 0.800220
vt 0.491517 0.799720
vt 0.475326 0.821341
vt 0.483981 0.862873
vt 0.479307 0.839534
vt 0.470961 0.840118
vt 0.474443 0.860659
vt 0.511540 0.900120
vt 0.494167 0.882122
vt 0.488119 0.883480
vt 0.506856 0.902575
vt 0.797058 0.978513
vt 0.798848 0.974504
vt 0.557141 0.912919
vt 0.556645 0.917522
vt 0.793392 0.970753
vt 0.791177 0.965869
vt 0.532524 0.887883
vt 0.522513 0.900519
vt 0.536556 0.907595
vt 0.537599 0.899976
vt 0.578693 0.777388
vt 0.579749 0.774504
vt 0.559773 0.768360
vt 0.562653 0.773053
vt 0.542482 0.791455
vt 0.529933 0.781401
vt 0.517451 0.788903
vt 0.524864 0.791277
vt 0.507996 0.802077
vt 0.502653 0.801533
vt 0.490534 0.820038
vt 0.495940 0.819370
vt 0.490574 0.838780
vt 0.486506 0.839026
vt 0.488736 0.859626
vt 0.493781 0.859942
vt 0.503227 0.876360
vt 0.496599 0.878062
vt 0.512074 0.893799
vt 0.519275 0.887482
vt 0.816000 0.860808
vt 0.820090 0.859459
vt 0.555018 0.933254
vt 0.790486 0.985176
vt 0.515498 0.917588
vt 0.530289 0.925232
vt 0.562304 0.765493
vt 0.582078 0.771983
vt 0.523746 0.764480
vt 0.506063 0.777817
vt 0.482947 0.798227
vt 0.467032 0.821234
vt 0.461785 0.840759
vt 0.466530 0.861971
vt 0.480318 0.886005
vt 0.501903 0.907296
vt 0.800512 0.983388
vt 0.803823 0.980877
vt 0.834566 0.860336
vt 0.549296 0.762065
vt 0.550092 0.768224
vt 0.550239 0.781474
vt 0.543059 0.912188
vt 0.543771 0.916976
vt 0.546089 0.907980
vt 0.542662 0.922732
vt 0.540537 0.929227
vt 0.510679 0.756268
vt 0.528546 0.746340
vt 0.518391 0.746712
vt 0.556127 0.906598
vt 0.788039 0.959857
vt 0.535332 0.883442
vt 0.540062 0.893148
vt 0.574621 0.785752
vt 0.560635 0.783892
vt 0.544888 0.795968
vt 0.528687 0.795736
vt 0.514207 0.804261
vt 0.501703 0.819345
vt 0.495668 0.838592
vt 0.499217 0.859589
vt 0.509126 0.873530
vt 0.523202 0.882966
vt 0.810442 0.862729
vt 0.552028 0.788918
vt 0.545893 0.901568
vt 0.557958 0.901300
vt 0.785826 0.954836
vt 0.538290 0.879143
vt 0.541798 0.885305
vt 0.574240 0.791211
vt 0.562789 0.790256
vt 0.547264 0.800572
vt 0.531514 0.800206
vt 0.519166 0.807279
vt 0.507949 0.820526
vt 0.500233 0.838476
vt 0.505277 0.857982
vt 0.514073 0.870329
vt 0.526268 0.878603
vt 0.804639 0.869187
vt 0.552705 0.795128
vt 0.548929 0.896566
vt 0.560107 0.889811
vt 0.780750 0.945066
vt 0.544047 0.865405
vt 0.546024 0.872903
vt 0.572923 0.803625
vt 0.563615 0.804094
vt 0.551137 0.814525
vt 0.537196 0.810668
vt 0.527077 0.815508
vt 0.517286 0.825443
vt 0.511997 0.838268
vt 0.514772 0.852983
vt 0.522472 0.862443
vt 0.532974 0.868509
vt 0.794068 0.873451
vt 0.554846 0.809706
vt 0.551690 0.883887
vt 0.816093 0.987910
vt 0.848433 0.864811
vt 0.808525 0.994527
vt 0.790843 1.000000
vt 0.552044 0.948021
vt 0.535826 0.943363
vt 0.524296 0.938782
vt 0.507953 0.930215
vt 0.492718 0.919006
vt 0.469323 0.895846
vt 0.453520 0.868812
vt 0.447679 0.843297
vt 0.452625 0.818379
vt 0.469753 0.791390
vt 0.493756 0.769041
vt 0.864692 0.283282
vt 0.864737 0.271771
vt 0.866173 0.284402
vt 0.871399 0.274725
vt 0.849221 0.863236
vt 0.850838 0.861642
vt 0.397825 0.969958
vt 0.403115 0.954795
vt 0.357106 0.939646
vt 0.351564 0.954799
vt 0.315376 0.993123
vt 0.335000 1.000000
vt 0.331578 0.948117
vt 0.339175 0.931925
vt 0.516290 0.348961
vt 0.531519 0.347903
vt 0.529639 0.328459
vt 0.513305 0.329664
vt 0.113739 0.513738
vt 0.005470 0.812898
vt 0.050369 0.829572
vt 0.155672 0.535729
vt 0.498687 0.059098
vt 0.231305 0.041970
vt 0.238198 0.067209
vt 0.483407 0.073899
vt 0.029064 0.890002
vt 0.048579 0.897104
vt 0.064717 0.852025
vt 0.045060 0.844729
vt 0.070919 0.836711
vt 0.170570 0.552603
vt 0.213498 0.027643
vt 0.511802 0.045093
vt 0.514553 0.025768
vt 0.205224 0.007968
vt 0.207657 0.491128
vt 0.198928 0.471962
vt 0.166662 0.438849
vt 0.126542 0.033354
vt 0.140723 0.048242
vt 0.594982 0.539975
vt 0.650279 0.563030
vt 0.657360 0.549096
vt 0.604814 0.519171
vt 0.448072 0.574055
vt 0.437379 0.645677
vt 0.459688 0.643238
vt 0.467716 0.566312
vt 0.506448 0.652646
vt 0.514076 0.560689
vt 0.127760 0.345911
vt 0.207174 0.371186
vt 0.215345 0.351414
vt 0.141961 0.330992
vt 0.913254 0.692205
vt 0.965808 0.722118
vt 0.975634 0.701312
vt 0.920332 0.678270
vt 0.435244 0.511499
vt 0.446998 0.490397
vt 0.487715 0.468636
vt 0.059977 0.294722
vt 0.084345 0.292513
vt 0.864574 0.668016
vt 0.871222 0.654496
vt 0.403803 0.462164
vt 0.412406 0.443298
vt 0.442331 0.408797
vt 0.023888 0.242706
vt 0.045030 0.242099
vt 0.820124 0.646108
vt 0.826647 0.632699
vt 0.312209 0.431305
vt 0.363358 0.431573
vt 0.370256 0.415548
vt 0.319463 0.411416
vt 0.383697 0.373451
vt 0.316428 0.366052
vt 0.023655 0.136786
vt 0.007631 0.189797
vt 0.025862 0.189821
vt 0.044732 0.137399
vt 0.743961 0.608608
vt 0.781800 0.627559
vt 0.788808 0.613749
vt 0.750484 0.595199
vt 0.256806 0.451318
vt 0.262971 0.427134
vt 0.244413 0.384591
vt 0.059370 0.084681
vt 0.083629 0.086853
vt 0.699385 0.586811
vt 0.706035 0.573291
vt 0.233138 0.336883
vt 0.500008 0.315901
vt 0.483501 0.302209
vt 0.239995 0.310829
vt 0.528188 0.045945
vt 0.529761 0.026513
vt 0.000000 0.827938
vt 0.178565 0.574964
vt 0.087252 0.829393
vt 0.220036 0.503106
vt 0.147566 0.062504
vt 0.417285 0.659814
vt 0.431762 0.576776
vt 0.148775 0.316703
vt 0.420785 0.519811
vt 0.095183 0.281746
vt 0.393275 0.474360
vt 0.058053 0.236088
vt 0.359241 0.446440
vt 0.314859 0.447706
vt 0.057756 0.143391
vt 0.039669 0.189837
vt 0.264426 0.466817
vt 0.094477 0.097595
vt 0.329108 0.916563
vt 0.658459 0.540692
vt 0.658375 0.535008
vt 0.582712 0.501830
vt 0.590299 0.509155
vt 0.567400 0.532839
vt 0.578212 0.534623
vt 0.639881 0.572553
vt 0.644393 0.569108
vt 0.980324 0.732130
vt 0.987912 0.739453
vt 1.003220 0.708443
vt 0.992405 0.706661
vt 0.930731 0.668747
vt 0.926219 0.672192
vt 0.912160 0.700610
vt 0.912247 0.706294
vt 0.878550 0.644857
vt 0.875548 0.648335
vt 0.862346 0.675211
vt 0.861434 0.679716
vt 0.831806 0.622482
vt 0.829899 0.626253
vt 0.817000 0.652616
vt 0.815181 0.656430
vt 0.792126 0.606987
vt 0.794029 0.603124
vt 0.755435 0.584880
vt 0.753612 0.588693
vt 0.740713 0.615056
vt 0.738809 0.618829
vt 0.776589 0.638188
vt 0.778487 0.634324
vt 0.708268 0.566097
vt 0.709184 0.561594
vt 0.692064 0.596453
vt 0.695063 0.592974
s 0
usemtl lambert1
f 5698/3256/4431 5696/3258/4431 5695/3257/4431
f 5696/3258/4431 5698/3256/4431 5697/3259/4431
s 1
f 5702/3260/4432 5700/3259/4433 5699/3256/4432
f 5700/3259/4433 5702/3260/4432 5701/3261/4433
s 0
f 5706/3262/4434 5704/3261/4434 5703/3260/4434
f 5704/3261/4434 5706/3262/4434 5705/3263/4434
s 1
f 5710/3264/4435 5708/3266/4436 5707/3265/4435
f 5708/3266/4436 5710/3264/4435 5709/3267/4436
s 0
f 5714/3268/4437 5712/3270/4437 5711/3269/4437
f 5712/3270/4437 5714/3268/4437 5713/3271/4437
f 5718/3272/4438 5716/3264/4438 5715/3265/4438
f 5716/3264/4438 5718/3272/4438 5717/3273/4438
s 1
f 5720/3269/4439 5708/3266/4436 5709/3267/4436
f 5708/3266/4436 5720/3269/4439 5719/3270/4439
s 0
f 5722/3274/4434 5704/3261/4434 5705/3263/4434
f 5704/3261/4434 5722/3274/4434 5721/3271/4434
s 1
f 5724/3271/4440 5700/3259/4433 5701/3261/4433
f 5700/3259/4433 5724/3271/4440 5723/3268/4440
s 0
f 5726/3268/4431 5696/3258/4431 5697/3259/4431
f 5696/3258/4431 5726/3268/4431 5725/3275/4431
s 1
f 5730/3276/4441 5728/3278/4443 5727/3277/4442
f 5728/3278/4443 5730/3276/4441 5729/3279/4444
f 5732/3280/4445 5727/3277/4442 5731/3281/4446
f 5727/3277/4442 5732/3280/4445 5730/3276/4441
f 5734/3282/4447 5731/3281/4446 5733/3283/4448
f 5731/3281/4446 5734/3282/4447 5732/3280/4445
f 5736/3284/4449 5733/3283/4448 5735/3285/4450
f 5733/3283/4448 5736/3284/4449 5734/3282/4447
f 5738/3286/4451 5735/3285/4450 5737/3287/4452
f 5735/3285/4450 5738/3286/4451 5736/3284/4449
f 5740/3288/4453 5737/3287/4452 5739/3289/4454
f 5737/3287/4452 5740/3288/4453 5738/3286/4451
f 5742/3290/4455 5739/3289/4454 5741/3291/4456
f 5739/3289/4454 5742/3290/4455 5740/3288/4453
f 5744/3292/4457 5741/3291/4456 5743/3293/4458
f 5741/3291/4456 5744/3292/4457 5742/3290/4455
f 5746/3294/4459 5743/3293/4458 5745/3295/4460
f 5743/3293/4458 5746/3294/4459 5744/3292/4457
f 5748/3296/4461 5745/3295/4460 5747/3297/4462
f 5745/3295/4460 5748/3296/4461 5746/3294/4459
f 5750/3298/4463 5747/3297/4462 5749/3299/4464
f 5747/3297/4462 5750/3298/4463 5748/3296/4461
f 5752/3300/4465 5749/3299/4464 5751/3301/4466
f 5749/3299/4464 5752/3300/4465 5750/3298/4463
f 5754/3302/4467 5751/3301/4466 5753/3303/4468
f 5751/3301/4466 5754/3302/4467 5752/3300/4465
f 5756/3304/4469 5753/3303/4468 5755/3305/4470
f 5753/3303/4468 5756/3304/4469 5754/3302/4467
f 5758/3306/4471 5755/3305/4470 5757/3307/4472
f 5755/3305/4470 5758/3306/4471 5756/3304/4469
f 5729/3279/4444 5757/3307/4472 5728/3278/4443
f 5757/3307/4472 5729/3279/4444 5758/3306/4471
f 5760/3308/4473 5729/3279/4444 5730/3276/4441
f 5729/3279/4444 5760/3308/4473 5759/3309/4474
f 5761/3310/4475 5730/3276/4441 5732/3280/4445
f 5730/3276/4441 5761/3310/4475 5760/3308/4473
f 5762/3311/4476 5732/3280/4445 5734/3282/4447
f 5732/3280/4445 5762/3311/4476 5761/3310/4475
f 5763/3312/4477 5734/3282/4447 5736/3284/4449
f 5734/3282/4447 5763/3312/4477 5762/3311/4476
f 5764/3313/4478 5736/3284/4449 5738/3286/4451
f 5736/3284/4449 5764/3313/4478 5763/3312/4477
f 5765/3314/4479 5738/3286/4451 5740/3288/4453
f 5738/3286/4451 5765/3314/4479 5764/3313/4478
f 5766/3315/4480 5740/3288/4453 5742/3290/4455
f 5740/3288/4453 5766/3315/4480 5765/3314/4479
f 5767/3316/4481 5742/3290/4455 5744/3292/4457
f 5742/3290/4455 5767/3316/4481 5766/3315/4480
f 5768/3317/4482 5744/3292/4457 5746/3294/4459
f 5744/3292/4457 5768/3317/4482 5767/3316/4481
f 5769/3318/4483 5746/3294/4459 5748/3296/4461
f 5746/3294/4459 5769/3318/4483 5768/3317/4482
f 5770/3319/4484 5748/3296/4461 5750/3298/4463
f 5748/3296/4461 5770/3319/4484 5769/3318/4483
f 5771/3320/4485 5750/3298/4463 5752/3300/4465
f 5750/3298/4463 5771/3320/4485 5770/3319/4484
f 5772/3321/4486 5752/3300/4465 5754/3302/4467
f 5752/3300/4465 5772/3321/4486 5771/3320/4485
f 5773/3322/4487 5754/3302/4467 5756/3304/4469
f 5754/3302/4467 5773/3322/4487 5772/3321/4486
f 5774/3323/4488 5756/3304/4469 5758/3306/4471
f 5756/3304/4469 5774/3323/4488 5773/3322/4487
f 5759/3309/4474 5758/3306/4471 5729/3279/4444
f 5758/3306/4471 5759/3309/4474 5774/3323/4488
f 5776/3324/4489 5759/3309/4474 5760/3308/4473
f 5759/3309/4474 5776/3324/4489 5775/3325/4490
f 5777/3326/4491 5760/3308/4473 5761/3310/4475
f 5760/3308/4473 5777/3326/4491 5776/3324/4489
f 5778/3327/4492 5761/3310/4475 5762/3311/4476
f 5761/3310/4475 5778/3327/4492 5777/3326/4491
f 5779/3328/4493 5762/3311/4476 5763/3312/4477
f 5762/3311/4476 5779/3328/4493 5778/3327/4492
f 5780/3329/4494 5763/3312/4477 5764/3313/4478
f 5763/3312/4477 5780/3329/4494 5779/3328/4493
f 5781/3330/4495 5764/3313/4478 5765/3314/4479
f 5764/3313/4478 5781/3330/4495 5780/3329/4494
f 5782/3331/4496 5765/3314/4479 5766/3315/4480
f 5765/3314/4479 5782/3331/4496 5781/3330/4495
f 5783/3332/4497 5766/3315/4480 5767/3316/4481
f 5766/3315/4480 5783/3332/4497 5782/3331/4496
f 5784/3333/4498 5767/3316/4481 5768/3317/4482
f 5767/3316/4481 5784/3333/4498 5783/3332/4497
f 5785/3334/4499 5768/3317/4482 5769/3318/4483
f 5768/3317/4482 5785/3334/4499 5784/3333/4498
f 5786/3335/4500 5769/3318/4483 5770/3319/4484
f 5769/3318/4483 5786/3335/4500 5785/3334/4499
f 5787/3336/4501 5770/3319/4484 5771/3320/4485
f 5770/3319/4484 5787/3336/4501 5786/3335/4500
f 5788/3337/4502 5771/3320/4485 5772/3321/4486
f 5771/3320/4485 5788/3337/4502 5787/3336/4501
f 5789/3338/4503 5772/3321/4486 5773/3322/4487
f 5772/3321/4486 5789/3338/4503 5788/3337/4502
f 5790/3339/4504 5773/3322/4487 5774/3323/4488
f 5773/3322/4487 5790/3339/4504 5789/3338/4503
f 5775/3325/4490 5774/3323/4488 5759/3309/4474
f 5774/3323/4488 5775/3325/4490 5790/3339/4504
f 5794/3340/4505 5792/3325/4507 5791/3324/4506
f 5792/3325/4507 5794/3340/4505 5793/3341/4508
f 5796/3342/4509 5791/3324/4506 5795/3326/4510
f 5791/3324/4506 5796/3342/4509 5794/3340/4505
f 5798/3343/4511 5795/3326/4510 5797/3327/4512
f 5795/3326/4510 5798/3343/4511 5796/3342/4509
f 5800/3344/4513 5797/3327/4512 5799/3328/4514
f 5797/3327/4512 5800/3344/4513 5798/3343/4511
f 5802/3345/4515 5799/3328/4514 5801/3329/4516
f 5799/3328/4514 5802/3345/4515 5800/3344/4513
f 5804/3346/4517 5801/3329/4516 5803/3330/4518
f 5801/3329/4516 5804/3346/4517 5802/3345/4515
f 5806/3347/4519 5803/3330/4518 5805/3331/4520
f 5803/3330/4518 5806/3347/4519 5804/3346/4517
f 5808/3348/4521 5805/3331/4520 5807/3332/4522
f 5805/3331/4520 5808/3348/4521 5806/3347/4519
f 5810/3349/4523 5807/3332/4522 5809/3333/4524
f 5807/3332/4522 5810/3349/4523 5808/3348/4521
f 5812/3350/4525 5809/3333/4524 5811/3334/4526
f 5809/3333/4524 5812/3350/4525 5810/3349/4523
f 5814/3351/4527 5811/3334/4526 5813/3335/4528
f 5811/3334/4526 5814/3351/4527 5812/3350/4525
f 5816/3352/4529 5813/3335/4528 5815/3336/4530
f 5813/3335/4528 5816/3352/4529 5814/3351/4527
f 5818/3353/4531 5815/3336/4530 5817/3337/4532
f 5815/3336/4530 5818/3353/4531 5816/3352/4529
f 5820/3354/4533 5817/3337/4532 5819/3338/4534
f 5817/3337/4532 5820/3354/4533 5818/3353/4531
f 5822/3355/4535 5819/3338/4534 5821/3339/4536
f 5819/3338/4534 5822/3355/4535 5820/3354/4533
f 5793/3341/4508 5821/3339/4536 5792/3325/4507
f 5821/3339/4536 5793/3341/4508 5822/3355/4535
s 0
f 5826/3356/4537 5824/3358/4537 5823/3357/4537
f 5824/3358/4537 5826/3356/4537 5825/3359/4537
f 5830/3360/4538 5828/3357/4538 5827/3361/4538
f 5828/3357/4539 5830/3360/4539 5829/3356/4539
f 5834/3362/4540 5832/3361/4540 5831/3363/4540
f 5832/3361/4540 5834/3362/4540 5833/3360/4540
f 5838/3364/4541 5836/3363/4541 5835/3365/4541
f 5836/3363/4541 5838/3364/4541 5837/3362/4541
f 5842/3366/4542 5840/3365/4542 5839/3367/4542
f 5840/3365/4543 5842/3366/4543 5841/3364/4543
f 5846/3368/4544 5844/3367/4544 5843/3369/4544
f 5844/3367/4545 5846/3368/4545 5845/3366/4545
f 5850/3370/4546 5848/3369/4546 5847/3371/4546
f 5848/3369/4546 5850/3370/4546 5849/3368/4546
f 5854/3372/4547 5852/3371/4547 5851/3373/4547
f 5852/3371/4547 5854/3372/4547 5853/3370/4547
f 5858/3374/4548 5856/3373/4548 5855/3375/4548
f 5856/3373/4549 5858/3374/4549 5857/3372/4549
f 5862/3376/4550 5860/3375/4550 5859/3377/4550
f 5860/3375/4551 5862/3376/4551 5861/3374/4551
f 5866/3378/4552 5864/3377/4552 5863/3379/4552
f 5864/3377/4552 5866/3378/4552 5865/3376/4552
f 5870/3380/4553 5868/3379/4553 5867/3381/4553
f 5868/3379/4553 5870/3380/4553 5869/3378/4553
f 5874/3382/4554 5872/3381/4554 5871/3383/4554
f 5872/3381/4555 5874/3382/4555 5873/3380/4555
f 5878/3384/4556 5876/3383/4556 5875/3385/4556
f 5876/3383/4557 5878/3384/4557 5877/3382/4557
f 5882/3386/4558 5880/3385/4558 5879/3387/4558
f 5880/3385/4558 5882/3386/4558 5881/3384/4558
f 5886/3359/4559 5884/3387/4559 5883/3358/4559
f 5884/3387/4560 5886/3359/4560 5885/3386/4560
s 1
f 5888/3388/4561 5793/3341/4508 5794/3340/4505
f 5793/3341/4508 5888/3388/4561 5887/3389/4562
f 5889/3390/4563 5794/3340/4505 5796/3342/4509
f 5794/3340/4505 5889/3390/4563 5888/3388/4561
f 5890/3391/4564 5796/3342/4509 5798/3343/4511
f 5796/3342/4509 5890/3391/4564 5889/3390/4563
f 5891/3392/4565 5798/3343/4511 5800/3344/4513
f 5798/3343/4511 5891/3392/4565 5890/3391/4564
f 5892/3393/4566 5800/3344/4513 5802/3345/4515
f 5800/3344/4513 5892/3393/4566 5891/3392/4565
f 5893/3394/4567 5802/3345/4515 5804/3346/4517
f 5802/3345/4515 5893/3394/4567 5892/3393/4566
f 5894/3395/4568 5804/3346/4517 5806/3347/4519
f 5804/3346/4517 5894/3395/4568 5893/3394/4567
f 5895/3396/4569 5806/3347/4519 5808/3348/4521
f 5806/3347/4519 5895/3396/4569 5894/3395/4568
f 5896/3397/4570 5808/3348/4521 5810/3349/4523
f 5808/3348/4521 5896/3397/4570 5895/3396/4569
f 5897/3398/4571 5810/3349/4523 5812/3350/4525
f 5810/3349/4523 5897/3398/4571 5896/3397/4570
f 5898/3399/4572 5812/3350/4525 5814/3351/4527
f 5812/3350/4525 5898/3399/4572 5897/3398/4571
f 5899/3400/4573 5814/3351/4527 5816/3352/4529
f 5814/3351/4527 5899/3400/4573 5898/3399/4572
f 5900/3401/4574 5816/3352/4529 5818/3353/4531
f 5816/3352/4529 5900/3401/4574 5899/3400/4573
f 5901/3402/4575 5818/3353/4531 5820/3354/4533
f 5818/3353/4531 5901/3402/4575 5900/3401/4574
f 5902/3403/4576 5820/3354/4533 5822/3355/4535
f 5820/3354/4533 5902/3403/4576 5901/3402/4575
f 5887/3389/4562 5822/3355/4535 5793/3341/4508
f 5822/3355/4535 5887/3389/4562 5902/3403/4576
f 5904/3357/4577 5887/3389/4562 5888/3388/4561
f 5887/3389/4562 5904/3357/4577 5903/3358/4578
f 5905/3361/4579 5888/3388/4561 5889/3390/4563
f 5888/3388/4561 5905/3361/4579 5904/3357/4577
f 5906/3363/4580 5889/3390/4563 5890/3391/4564
f 5889/3390/4563 5906/3363/4580 5905/3361/4579
f 5907/3365/4581 5890/3391/4564 5891/3392/4565
f 5890/3391/4564 5907/3365/4581 5906/3363/4580
f 5908/3367/4582 5891/3392/4565 5892/3393/4566
f 5891/3392/4565 5908/3367/4582 5907/3365/4581
f 5909/3369/4583 5892/3393/4566 5893/3394/4567
f 5892/3393/4566 5909/3369/4583 5908/3367/4582
f 5910/3371/4584 5893/3394/4567 5894/3395/4568
f 5893/3394/4567 5910/3371/4584 5909/3369/4583
f 5911/3373/4585 5894/3395/4568 5895/3396/4569
f 5894/3395/4568 5911/3373/4585 5910/3371/4584
f 5912/3375/4586 5895/3396/4569 5896/3397/4570
f 5895/3396/4569 5912/3375/4586 5911/3373/4585
f 5913/3377/4587 5896/3397/4570 5897/3398/4571
f 5896/3397/4570 5913/3377/4587 5912/3375/4586
f 5914/3379/4588 5897/3398/4571 5898/3399/4572
f 5897/3398/4571 5914/3379/4588 5913/3377/4587
f 5915/3381/4589 5898/3399/4572 5899/3400/4573
f 5898/3399/4572 5915/3381/4589 5914/3379/4588
f 5916/3383/4590 5899/3400/4573 5900/3401/4574
f 5899/3400/4573 5916/3383/4590 5915/3381/4589
f 5917/3385/4591 5900/3401/4574 5901/3402/4575
f 5900/3401/4574 5917/3385/4591 5916/3383/4590
f 5918/3387/4592 5901/3402/4575 5902/3403/4576
f 5901/3402/4575 5918/3387/4592 5917/3385/4591
f 5903/3358/4578 5902/3403/4576 5887/3389/4562
f 5902/3403/4576 5903/3358/4578 5918/3387/4592
f 5922/3283/4593 5920/3405/4595 5919/3404/4594
f 5920/3405/4595 5922/3283/4593 5921/3281/4596
f 5924/3285/4597 5919/3404/4594 5923/3406/4598
f 5919/3404/4594 5924/3285/4597 5922/3283/4593
f 5926/3287/4599 5923/3406/4598 5925/3407/4600
f 5923/3406/4598 5926/3287/4599 5924/3285/4597
f 5928/3289/4601 5925/3407/4600 5927/3408/4602
f 5925/3407/4600 5928/3289/4601 5926/3287/4599
f 5930/3291/4603 5927/3408/4602 5929/3409/4604
f 5927/3408/4602 5930/3291/4603 5928/3289/4601
f 5932/3293/4605 5929/3409/4604 5931/3410/4606
f 5929/3409/4604 5932/3293/4605 5930/3291/4603
f 5934/3295/4607 5931/3410/4606 5933/3411/4608
f 5931/3410/4606 5934/3295/4607 5932/3293/4605
f 5936/3297/4609 5933/3411/4608 5935/3412/4610
f 5933/3411/4608 5936/3297/4609 5934/3295/4607
f 5938/3299/4611 5935/3412/4610 5937/3413/4612
f 5935/3412/4610 5938/3299/4611 5936/3297/4609
f 5940/3301/4613 5937/3413/4612 5939/3414/4614
f 5937/3413/4612 5940/3301/4613 5938/3299/4611
f 5942/3303/4615 5939/3414/4614 5941/3415/4616
f 5939/3414/4614 5942/3303/4615 5940/3301/4613
f 5944/3305/4617 5941/3415/4616 5943/3416/4618
f 5941/3415/4616 5944/3305/4617 5942/3303/4615
f 5946/3307/4619 5943/3416/4618 5945/3417/4620
f 5943/3416/4618 5946/3307/4619 5944/3305/4617
f 5948/3278/4621 5945/3417/4620 5947/3418/4622
f 5945/3417/4620 5948/3278/4621 5946/3307/4619
f 5950/3277/4623 5947/3418/4622 5949/3419/4624
f 5947/3418/4622 5950/3277/4623 5948/3278/4621
f 5921/3281/4596 5949/3419/4624 5920/3405/4595
f 5949/3419/4624 5921/3281/4596 5950/3277/4623
f 5954/3420/4625 5952/3422/4627 5951/3421/4626
f 5952/3422/4627 5954/3420/4625 5953/3423/4628
f 5951/3421/4626 5956/3425/4630 5955/3424/4629
f 5956/3425/4630 5951/3421/4626 5952/3422/4627
f 5955/3424/4629 5958/3427/4632 5957/3426/4631
f 5958/3427/4632 5955/3424/4629 5956/3425/4630
f 5957/3426/4631 5960/3429/4634 5959/3428/4633
f 5960/3429/4634 5957/3426/4631 5958/3427/4632
f 5959/3428/4633 5962/3431/4636 5961/3430/4635
f 5962/3431/4636 5959/3428/4633 5960/3429/4634
f 5961/3430/4635 5964/3433/4638 5963/3432/4637
f 5964/3433/4638 5961/3430/4635 5962/3431/4636
f 5963/3432/4637 5966/3435/4640 5965/3434/4639
f 5966/3435/4640 5963/3432/4637 5964/3433/4638
f 5965/3434/4639 5968/3437/4642 5967/3436/4641
f 5968/3437/4642 5965/3434/4639 5966/3435/4640
f 5967/3436/4641 5970/3439/4644 5969/3438/4643
f 5970/3439/4644 5967/3436/4641 5968/3437/4642
f 5969/3438/4643 5972/3441/4646 5971/3440/4645
f 5972/3441/4646 5969/3438/4643 5970/3439/4644
f 5971/3440/4645 5974/3443/4648 5973/3442/4647
f 5974/3443/4648 5971/3440/4645 5972/3441/4646
f 5973/3442/4647 5976/3445/4650 5975/3444/4649
f 5976/3445/4650 5973/3442/4647 5974/3443/4648
f 5975/3444/4649 5978/3447/4652 5977/3446/4651
f 5978/3447/4652 5975/3444/4649 5976/3445/4650
f 5977/3446/4651 5980/3449/4654 5979/3448/4653
f 5980/3449/4654 5977/3446/4651 5978/3447/4652
f 5979/3448/4653 5982/3451/4656 5981/3450/4655
f 5982/3451/4656 5979/3448/4653 5980/3449/4654
f 5981/3450/4655 5953/3423/4628 5954/3420/4625
f 5953/3423/4628 5981/3450/4655 5982/3451/4656
f 5953/3423/4628 5983/3452/4657 5952/3422/4627
f 5983/3452/4657 5953/3423/4628 5984/3453/4658
f 5952/3422/4627 5985/3454/4659 5956/3425/4630
f 5985/3454/4659 5952/3422/4627 5983/3452/4657
f 5956/3425/4630 5986/3455/4660 5958/3427/4632
f 5986/3455/4660 5956/3425/4630 5985/3454/4659
f 5958/3427/4632 5987/3456/4661 5960/3429/4634
f 5987/3456/4661 5958/3427/4632 5986/3455/4660
f 5960/3429/4634 5988/3457/4662 5962/3431/4636
f 5988/3457/4662 5960/3429/4634 5987/3456/4661
f 5962/3431/4636 5989/3458/4663 5964/3433/4638
f 5989/3458/4663 5962/3431/4636 5988/3457/4662
f 5964/3433/4638 5990/3459/4664 5966/3435/4640
f 5990/3459/4664 5964/3433/4638 5989/3458/4663
f 5966/3435/4640 5991/3460/4665 5968/3437/4642
f 5991/3460/4665 5966/3435/4640 5990/3459/4664
f 5968/3437/4642 5992/3461/4666 5970/3439/4644
f 5992/3461/4666 5968/3437/4642 5991/3460/4665
f 5970/3439/4644 5993/3462/4667 5972/3441/4646
f 5993/3462/4667 5970/3439/4644 5992/3461/4666
f 5972/3441/4646 5994/3463/4668 5974/3443/4648
f 5994/3463/4668 5972/3441/4646 5993/3462/4667
f 5974/3443/4648 5995/3464/4669 5976/3445/4650
f 5995/3464/4669 5974/3443/4648 5994/3463/4668
f 5976/3445/4650 5996/3465/4670 5978/3447/4652
f 5996/3465/4670 5976/3445/4650 5995/3464/4669
f 5978/3447/4652 5997/3466/4671 5980/3449/4654
f 5997/3466/4671 5978/3447/4652 5996/3465/4670
f 5980/3449/4654 5998/3467/4672 5982/3451/4656
f 5998/3467/4672 5980/3449/4654 5997/3466/4671
f 5982/3451/4656 5984/3453/4658 5953/3423/4628
f 5984/3453/4658 5982/3451/4656 5998/3467/4672
f 5984/3453/4658 5999/3468/4673 5983/3452/4657
f 5999/3468/4673 5984/3453/4658 6000/3469/4674
f 5983/3452/4657 6001/3470/4675 5985/3454/4659
f 6001/3470/4675 5983/3452/4657 5999/3468/4673
f 5985/3454/4659 6002/3471/4676 5986/3455/4660
f 6002/3471/4676 5985/3454/4659 6001/3470/4675
f 5986/3455/4660 6003/3472/4677 5987/3456/4661
f 6003/3472/4677 5986/3455/4660 6002/3471/4676
f 5987/3456/4661 6004/3473/4678 5988/3457/4662
f 6004/3473/4678 5987/3456/4661 6003/3472/4677
f 5988/3457/4662 6005/3474/4679 5989/3458/4663
f 6005/3474/4679 5988/3457/4662 6004/3473/4678
f 5989/3458/4663 6006/3475/4680 5990/3459/4664
f 6006/3475/4680 5989/3458/4663 6005/3474/4679
f 5990/3459/4664 6007/3476/4681 5991/3460/4665
f 6007/3476/4681 5990/3459/4664 6006/3475/4680
f 5991/3460/4665 6008/3477/4682 5992/3461/4666
f 6008/3477/4682 5991/3460/4665 6007/3476/4681
f 5992/3461/4666 6009/3478/4683 5993/3462/4667
f 6009/3478/4683 5992/3461/4666 6008/3477/4682
f 5993/3462/4667 6010/3479/4684 5994/3463/4668
f 6010/3479/4684 5993/3462/4667 6009/3478/4683
f 5994/3463/4668 6011/3480/4685 5995/3464/4669
f 6011/3480/4685 5994/3463/4668 6010/3479/4684
f 5995/3464/4669 6012/3481/4686 5996/3465/4670
f 6012/3481/4686 5995/3464/4669 6011/3480/4685
f 5996/3465/4670 6013/3482/4687 5997/3466/4671
f 6013/3482/4687 5996/3465/4670 6012/3481/4686
f 5997/3466/4671 6014/3483/4688 5998/3467/4672
f 6014/3483/4688 5997/3466/4671 6013/3482/4687
f 5998/3467/4672 6000/3469/4674 5984/3453/4658
f 6000/3469/4674 5998/3467/4672 6014/3483/4688
f 6018/3469/4689 6016/3484/4691 6015/3468/4690
f 6016/3484/4691 6018/3469/4689 6017/3485/4692
f 6015/3468/4690 6020/3486/4694 6019/3470/4693
f 6020/3486/4694 6015/3468/4690 6016/3484/4691
f 6019/3470/4693 6022/3487/4696 6021/3471/4695
f 6022/3487/4696 6019/3470/4693 6020/3486/4694
f 6021/3471/4695 6024/3488/4698 6023/3472/4697
f 6024/3488/4698 6021/3471/4695 6022/3487/4696
f 6023/3472/4697 6026/3489/4700 6025/3473/4699
f 6026/3489/4700 6023/3472/4697 6024/3488/4698
f 6025/3473/4699 6028/3490/4702 6027/3474/4701
f 6028/3490/4702 6025/3473/4699 6026/3489/4700
f 6027/3474/4701 6030/3491/4704 6029/3475/4703
f 6030/3491/4704 6027/3474/4701 6028/3490/4702
f 6029/3475/4703 6032/3492/4706 6031/3476/4705
f 6032/3492/4706 6029/3475/4703 6030/3491/4704
f 6031/3476/4705 6034/3493/4708 6033/3477/4707
f 6034/3493/4708 6031/3476/4705 6032/3492/4706
f 6033/3477/4707 6036/3494/4710 6035/3478/4709
f 6036/3494/4710 6033/3477/4707 6034/3493/4708
f 6035/3478/4709 6038/3495/4712 6037/3479/4711
f 6038/3495/4712 6035/3478/4709 6036/3494/4710
f 6037/3479/4711 6040/3496/4714 6039/3480/4713
f 6040/3496/4714 6037/3479/4711 6038/3495/4712
f 6039/3480/4713 6042/3497/4716 6041/3481/4715
f 6042/3497/4716 6039/3480/4713 6040/3496/4714
f 6041/3481/4715 6044/3498/4718 6043/3482/4717
f 6044/3498/4718 6041/3481/4715 6042/3497/4716
f 6043/3482/4717 6046/3499/4720 6045/3483/4719
f 6046/3499/4720 6043/3482/4717 6044/3498/4718
f 6045/3483/4719 6017/3485/4692 6018/3469/4689
f 6017/3485/4692 6045/3483/4719 6046/3499/4720
s 0
f 6050/3500/4721 6048/3502/4721 6047/3501/4721
f 6048/3502/4721 6050/3500/4721 6049/3503/4721
f 6054/3501/4722 6052/3505/4722 6051/3504/4722
f 6052/3505/4723 6054/3501/4723 6053/3502/4723
f 6058/3504/4724 6056/3507/4724 6055/3506/4724
f 6056/3507/4724 6058/3504/4724 6057/3505/4724
f 6062/3506/4725 6060/3509/4725 6059/3508/4725
f 6060/3509/4725 6062/3506/4725 6061/3507/4725
f 6066/3508/4726 6064/3511/4726 6063/3510/4726
f 6064/3511/4727 6066/3508/4727 6065/3509/4727
f 6070/3510/4728 6068/3513/4728 6067/3512/4728
f 6068/3513/4729 6070/3510/4729 6069/3511/4729
f 6074/3512/4730 6072/3515/4730 6071/3514/4730
f 6072/3515/4730 6074/3512/4730 6073/3513/4730
f 6078/3514/4731 6076/3517/4731 6075/3516/4731
f 6076/3517/4731 6078/3514/4731 6077/3515/4731
f 6082/3516/4732 6080/3519/4732 6079/3518/4732
f 6080/3519/4733 6082/3516/4733 6081/3517/4733
s 1
f 6086/3518/4734 6084/3521/4734 6083/3520/4734
s 0
f 6084/3521/4735 6086/3518/4735 6085/3519/4735
f 6090/3520/4736 6088/3523/4736 6087/3522/4736
f 6088/3523/4736 6090/3520/4736 6089/3521/4736
f 6094/3522/4737 6092/3525/4737 6091/3524/4737
f 6092/3525/4737 6094/3522/4737 6093/3523/4737
f 6098/3524/4738 6096/3527/4738 6095/3526/4738
f 6096/3527/4739 6098/3524/4739 6097/3525/4739
f 6102/3526/4740 6100/3529/4740 6099/3528/4740
f 6100/3529/4741 6102/3526/4741 6101/3527/4741
f 6106/3528/4742 6104/3531/4742 6103/3530/4742
f 6104/3531/4742 6106/3528/4742 6105/3529/4742
s 1
f 6110/3530/4743 6108/3503/4743 6107/3500/4743
s 0
f 6108/3503/4743 6110/3530/4743 6109/3531/4743
s 1
f 6017/3485/4692 6111/3532/4744 6016/3484/4691
f 6111/3532/4744 6017/3485/4692 6112/3533/4745
f 6016/3484/4691 6113/3534/4746 6020/3486/4694
f 6113/3534/4746 6016/3484/4691 6111/3532/4744
f 6020/3486/4694 6114/3535/4747 6022/3487/4696
f 6114/3535/4747 6020/3486/4694 6113/3534/4746
f 6022/3487/4696 6115/3536/4748 6024/3488/4698
f 6115/3536/4748 6022/3487/4696 6114/3535/4747
f 6024/3488/4698 6116/3537/4749 6026/3489/4700
f 6116/3537/4749 6024/3488/4698 6115/3536/4748
f 6026/3489/4700 6117/3538/4750 6028/3490/4702
f 6117/3538/4750 6026/3489/4700 6116/3537/4749
f 6028/3490/4702 6118/3539/4751 6030/3491/4704
f 6118/3539/4751 6028/3490/4702 6117/3538/4750
f 6030/3491/4704 6119/3540/4752 6032/3492/4706
f 6119/3540/4752 6030/3491/4704 6118/3539/4751
f 6032/3492/4706 6120/3541/4753 6034/3493/4708
f 6120/3541/4753 6032/3492/4706 6119/3540/4752
f 6034/3493/4708 6121/3542/4754 6036/3494/4710
f 6121/3542/4754 6034/3493/4708 6120/3541/4753
f 6036/3494/4710 6122/3543/4755 6038/3495/4712
f 6122/3543/4755 6036/3494/4710 6121/3542/4754
f 6038/3495/4712 6123/3544/4756 6040/3496/4714
f 6123/3544/4756 6038/3495/4712 6122/3543/4755
f 6040/3496/4714 6124/3545/4757 6042/3497/4716
f 6124/3545/4757 6040/3496/4714 6123/3544/4756
f 6042/3497/4716 6125/3546/4758 6044/3498/4718
f 6125/3546/4758 6042/3497/4716 6124/3545/4757
f 6044/3498/4718 6126/3547/4759 6046/3499/4720
f 6126/3547/4759 6044/3498/4718 6125/3546/4758
f 6046/3499/4720 6112/3533/4745 6017/3485/4692
f 6112/3533/4745 6046/3499/4720 6126/3547/4759
f 6112/3533/4745 6127/3501/4760 6111/3532/4744
f 6127/3501/4760 6112/3533/4745 6128/3500/4761
f 6111/3532/4744 6129/3504/4762 6113/3534/4746
f 6129/3504/4762 6111/3532/4744 6127/3501/4760
f 6113/3534/4746 6130/3506/4763 6114/3535/4747
f 6130/3506/4763 6113/3534/4746 6129/3504/4762
f 6114/3535/4747 6131/3508/4764 6115/3536/4748
f 6131/3508/4764 6114/3535/4747 6130/3506/4763
f 6115/3536/4748 6132/3510/4765 6116/3537/4749
f 6132/3510/4765 6115/3536/4748 6131/3508/4764
f 6116/3537/4749 6133/3512/4766 6117/3538/4750
f 6133/3512/4766 6116/3537/4749 6132/3510/4765
f 6117/3538/4750 6134/3514/4767 6118/3539/4751
f 6134/3514/4767 6117/3538/4750 6133/3512/4766
f 6118/3539/4751 6135/3516/4768 6119/3540/4752
f 6135/3516/4768 6118/3539/4751 6134/3514/4767
f 6119/3540/4752 6136/3518/4769 6120/3541/4753
f 6136/3518/4769 6119/3540/4752 6135/3516/4768
f 6120/3541/4753 6137/3520/4770 6121/3542/4754
f 6137/3520/4770 6120/3541/4753 6136/3518/4769
f 6121/3542/4754 6138/3522/4771 6122/3543/4755
f 6138/3522/4771 6121/3542/4754 6137/3520/4770
f 6122/3543/4755 6139/3524/4772 6123/3544/4756
f 6139/3524/4772 6122/3543/4755 6138/3522/4771
f 6123/3544/4756 6140/3526/4773 6124/3545/4757
f 6140/3526/4773 6123/3544/4756 6139/3524/4772
f 6124/3545/4757 6141/3528/4774 6125/3546/4758
f 6141/3528/4774 6124/3545/4757 6140/3526/4773
f 6125/3546/4758 6142/3530/4775 6126/3547/4759
f 6142/3530/4775 6125/3546/4758 6141/3528/4774
f 6126/3547/4759 6128/3500/4761 6112/3533/4745
f 6128/3500/4761 6126/3547/4759 6142/3530/4775
f 6146/3548/4776 6144/3426/4778 6143/3549/4777
f 6144/3426/4778 6146/3548/4776 6145/3424/4779
f 6143/3549/4777 6148/3428/4781 6147/3550/4780
f 6148/3428/4781 6143/3549/4777 6144/3426/4778
f 6147/3550/4780 6150/3430/4783 6149/3551/4782
f 6150/3430/4783 6147/3550/4780 6148/3428/4781
f 6149/3551/4782 6152/3432/4785 6151/3552/4784
f 6152/3432/4785 6149/3551/4782 6150/3430/4783
f 6151/3552/4784 6154/3434/4787 6153/3553/4786
f 6154/3434/4787 6151/3552/4784 6152/3432/4785
f 6153/3553/4786 6156/3436/4789 6155/3554/4788
f 6156/3436/4789 6153/3553/4786 6154/3434/4787
f 6155/3554/4788 6158/3438/4791 6157/3555/4790
f 6158/3438/4791 6155/3554/4788 6156/3436/4789
f 6157/3555/4790 6160/3440/4793 6159/3556/4792
f 6160/3440/4793 6157/3555/4790 6158/3438/4791
f 6159/3556/4792 6162/3442/4795 6161/3557/4794
f 6162/3442/4795 6159/3556/4792 6160/3440/4793
f 6161/3557/4794 6164/3444/4797 6163/3558/4796
f 6164/3444/4797 6161/3557/4794 6162/3442/4795
f 6163/3558/4796 6166/3446/4799 6165/3559/4798
f 6166/3446/4799 6163/3558/4796 6164/3444/4797
f 6165/3559/4798 6168/3448/4801 6167/3560/4800
f 6168/3448/4801 6165/3559/4798 6166/3446/4799
f 6167/3560/4800 6170/3450/4803 6169/3561/4802
f 6170/3450/4803 6167/3560/4800 6168/3448/4801
f 6169/3561/4802 6172/3420/4805 6171/3562/4804
f 6172/3420/4805 6169/3561/4802 6170/3450/4803
f 6171/3562/4804 6174/3421/4807 6173/3563/4806
f 6174/3421/4807 6171/3562/4804 6172/3420/4805
f 6173/3563/4806 6145/3424/4779 6146/3548/4776
f 6145/3424/4779 6173/3563/4806 6174/3421/4807
f 6178/3564/4808 6176/3566/4810 6175/3565/4809
f 6176/3566/4810 6178/3564/4808 6177/3567/4810
f 6182/3568/4811 6180/3570/4813 6179/3569/4812
f 6180/3570/4813 6182/3568/4811 6181/3571/4814
f 6186/3572/4815 6184/3574/4817 6183/3573/4816
f 6184/3574/4817 6186/3572/4815 6185/3575/4818
f 6190/3576/4819 6188/3578/4819 6187/3577/4819
f 6188/3578/4819 6190/3576/4819 6189/3579/4820
f 6194/3580/4821 6192/3582/4823 6191/3581/4822
f 6192/3582/4823 6194/3580/4821 6193/3583/4824
f 6198/3584/4825 6196/3586/4827 6195/3585/4826
f 6196/3586/4827 6198/3584/4825 6197/3587/4828
f 6202/3588/4829 6200/3590/4831 6199/3589/4830
f 6200/3590/4831 6202/3588/4829 6201/3591/4832
f 6203/3592/4833 6180/3570/4813 6204/3593/4834
f 6203/3592/4833 6179/3569/4812 6180/3570/4813
f 6204/3593/4834 6178/3564/4808 6175/3565/4809
f 6178/3564/4808 6204/3593/4834 6180/3570/4813
f 6208/3594/4835 6206/3596/4837 6205/3595/4836
f 6206/3596/4837 6208/3594/4835 6207/3597/4837
f 6212/3598/4838 6210/3600/4840 6209/3599/4839
f 6210/3600/4840 6212/3598/4838 6211/3601/4841
f 6216/3602/4842 6214/3604/4844 6213/3603/4843
f 6214/3604/4844 6216/3602/4842 6215/3605/4845
f 6220/3606/4846 6218/3608/4848 6217/3607/4847
f 6218/3608/4848 6220/3606/4846 6219/3609/4849
f 6224/3610/4850 6222/3612/4852 6221/3611/4851
f 6222/3612/4852 6224/3610/4850 6223/3613/4853
f 6228/3614/4854 6226/3616/4856 6225/3615/4855
f 6226/3616/4856 6228/3614/4854 6227/3617/4857
f 6232/3618/4858 6230/3620/4860 6229/3619/4859
f 6230/3620/4860 6232/3618/4858 6231/3621/4861
f 6234/3622/4862 6213/3603/4843 6233/3623/4862
f 6213/3603/4843 6234/3622/4862 6216/3602/4842
s 0
f 6238/3597/4863 6236/3623/4863 6235/3596/4863
f 6236/3623/4863 6238/3597/4863 6237/3622/4863
s 1
f 6242/3570/4864 6240/3595/4865 6239/3596/4864
f 6240/3595/4865 6242/3570/4864 6241/3571/4866
f 6182/3568/4811 6244/3625/4868 6243/3624/4867
f 6244/3625/4868 6182/3568/4811 6179/3569/4812
f 6184/3574/4817 6246/3627/4870 6245/3626/4869
f 6246/3627/4870 6184/3574/4817 6185/3575/4818
f 6250/3572/4871 6248/3599/4873 6247/3600/4872
f 6248/3599/4873 6250/3572/4871 6249/3573/4874
f 6254/3628/4875 6252/3603/4877 6251/3604/4876
f 6252/3603/4877 6254/3628/4875 6253/3629/4878
f 6258/3578/4879 6256/3631/4880 6255/3630/4879
f 6256/3631/4880 6258/3578/4879 6257/3579/4881
f 6262/3576/4882 6260/3607/4883 6259/3608/4883
f 6260/3607/4883 6262/3576/4882 6261/3577/4882
f 6192/3582/4823 6264/3633/4885 6263/3632/4884
f 6264/3633/4885 6192/3582/4823 6193/3583/4824
f 6268/3581/4886 6266/3612/4888 6265/3580/4887
f 6266/3612/4888 6268/3581/4886 6267/3611/4889
f 6196/3586/4827 6270/3635/4891 6269/3634/4890
f 6270/3635/4891 6196/3586/4827 6197/3587/4828
f 6274/3585/4892 6272/3616/4894 6271/3584/4893
f 6272/3616/4894 6274/3585/4892 6273/3615/4895
f 6200/3590/4831 6276/3637/4897 6275/3636/4896
f 6276/3637/4897 6200/3590/4831 6201/3591/4832
f 6280/3589/4898 6278/3620/4900 6277/3588/4899
f 6278/3620/4900 6280/3589/4898 6279/3619/4901
f 6253/3629/4878 6281/3623/4902 6252/3603/4877
f 6281/3623/4902 6253/3629/4878 6282/3564/4902
f 6203/3592/4833 6284/3639/4903 6283/3638/4903
f 6284/3639/4903 6203/3592/4833 6204/3593/4834
f 6179/3569/4812 6285/3638/4868 6244/3625/4868
f 6285/3638/4868 6179/3569/4812 6203/3592/4833
s 0
f 6289/3564/4904 6287/3596/4904 6286/3623/4904
f 6287/3596/4904 6289/3564/4904 6288/3570/4904
s 1
f 6293/3593/4905 6291/3640/4906 6290/3639/4906
f 6291/3640/4906 6293/3593/4905 6292/3565/4906
f 6254/3628/4875 6295/3642/4908 6294/3641/4907
f 6295/3642/4908 6254/3628/4875 6251/3604/4876
f 6297/3643/4909 6214/3604/4844 6215/3605/4845
f 6214/3604/4844 6297/3643/4909 6296/3642/4910
f 6241/3571/4866 6298/3644/4911 6240/3595/4865
f 6298/3644/4911 6241/3571/4866 6299/3645/4912
f 6208/3594/4835 6301/3644/4914 6300/3646/4913
f 6301/3644/4914 6208/3594/4835 6205/3595/4836
f 6182/3568/4811 6303/3648/4916 6302/3647/4915
f 6303/3648/4916 6182/3568/4811 6243/3624/4867
f 6181/3571/4814 6302/3647/4915 6304/3645/4917
f 6302/3647/4915 6181/3571/4814 6182/3568/4811
f 6231/3621/4861 6209/3599/4839 6230/3620/4860
f 6209/3599/4839 6231/3621/4861 6212/3598/4838
f 6184/3574/4817 6276/3637/4897 6201/3591/4832
f 6276/3637/4897 6184/3574/4817 6245/3626/4869
f 6183/3573/4816 6201/3591/4832 6202/3588/4829
f 6201/3591/4832 6183/3573/4816 6184/3574/4817
f 6249/3573/4874 6278/3620/4900 6248/3599/4873
f 6278/3620/4900 6249/3573/4874 6277/3588/4899
f 6268/3581/4886 6305/3608/4918 6267/3611/4889
f 6305/3608/4918 6268/3581/4886 6306/3576/4918
f 6224/3610/4850 6218/3608/4848 6219/3609/4849
f 6218/3608/4848 6224/3610/4850 6221/3611/4851
f 6192/3582/4823 6256/3631/4880 6257/3579/4881
f 6256/3631/4880 6192/3582/4823 6263/3632/4884
f 6191/3581/4822 6257/3579/4881 6307/3576/4919
f 6257/3579/4881 6191/3581/4822 6192/3582/4823
f 6302/3647/4915 6246/3627/4870 6185/3575/4818
f 6246/3627/4870 6302/3647/4915 6303/3648/4916
f 6304/3645/4917 6185/3575/4818 6186/3572/4815
f 6185/3575/4818 6304/3645/4917 6302/3647/4915
f 6299/3645/4912 6247/3600/4872 6298/3644/4911
f 6247/3600/4872 6299/3645/4912 6250/3572/4871
f 6300/3646/4913 6210/3600/4840 6211/3601/4841
f 6210/3600/4840 6300/3646/4913 6301/3644/4914
f 6220/3606/4846 6296/3642/4910 6297/3643/4909
f 6296/3642/4910 6220/3606/4846 6217/3607/4847
f 6312/3649/4920 6309/3650/4922 6308/3630/4921
f 6312/3649/4920 6310/3651/4923 6309/3650/4922
f 6310/3651/4923 6312/3649/4920 6311/3652/4923
f 6316/3577/4924 6314/3653/4924 6313/3641/4924
f 6314/3653/4924 6316/3577/4924 6315/3578/4924
f 6320/3577/4925 6318/3642/4926 6317/3607/4926
f 6318/3642/4926 6320/3577/4925 6319/3641/4925
f 6223/3613/4853 6225/3615/4855 6222/3612/4852
f 6225/3615/4855 6223/3613/4853 6228/3614/4854
f 6196/3586/4827 6264/3633/4885 6193/3583/4824
f 6264/3633/4885 6196/3586/4827 6269/3634/4890
f 6195/3585/4826 6193/3583/4824 6194/3580/4821
f 6193/3583/4824 6195/3585/4826 6196/3586/4827
f 6274/3585/4892 6266/3612/4888 6273/3615/4895
f 6266/3612/4888 6274/3585/4892 6265/3580/4887
f 6227/3617/4857 6229/3619/4859 6226/3616/4856
f 6229/3619/4859 6227/3617/4857 6232/3618/4858
f 6200/3590/4831 6270/3635/4891 6197/3587/4828
f 6270/3635/4891 6200/3590/4831 6275/3636/4896
f 6199/3589/4830 6197/3587/4828 6198/3584/4825
f 6197/3587/4828 6199/3589/4830 6200/3590/4831
f 6280/3589/4898 6272/3616/4894 6279/3619/4901
f 6272/3616/4894 6280/3589/4898 6271/3584/4893
f 6324/3654/4927 6322/3597/4929 6321/3594/4928
f 6322/3597/4929 6324/3654/4927 6323/3655/4930
f 6328/3656/4931 6326/3601/4933 6325/3598/4932
f 6326/3601/4933 6328/3656/4931 6327/3657/4934
f 6332/3658/4935 6330/3605/4937 6329/3602/4936
f 6330/3605/4937 6332/3658/4935 6331/3659/4938
f 6336/3660/4939 6334/3609/4941 6333/3606/4940
f 6334/3609/4941 6336/3660/4939 6335/3661/4942
f 6340/3662/4943 6338/3613/4945 6337/3610/4944
f 6338/3613/4945 6340/3662/4943 6339/3663/4946
f 6344/3664/4947 6342/3617/4949 6341/3614/4948
f 6342/3617/4949 6344/3664/4947 6343/3665/4950
f 6348/3666/4951 6346/3621/4953 6345/3618/4952
f 6346/3621/4953 6348/3666/4951 6347/3667/4954
f 6350/3668/4955 6329/3602/4936 6349/3622/4956
f 6329/3602/4936 6350/3668/4955 6332/3658/4935
f 6323/3655/4930 6349/3622/4956 6322/3597/4929
f 6349/3622/4956 6323/3655/4930 6350/3668/4955
f 6331/3659/4938 6351/3643/4957 6330/3605/4937
f 6351/3643/4957 6331/3659/4938 6352/3669/4958
f 6354/3670/4959 6321/3594/4928 6353/3646/4960
f 6321/3594/4928 6354/3670/4959 6324/3654/4927
f 6347/3667/4954 6325/3598/4932 6346/3621/4953
f 6325/3598/4932 6347/3667/4954 6328/3656/4931
f 6335/3661/4942 6337/3610/4944 6334/3609/4941
f 6337/3610/4944 6335/3661/4942 6340/3662/4943
f 6327/3657/4934 6353/3646/4960 6326/3601/4933
f 6353/3646/4960 6327/3657/4934 6354/3670/4959
f 6352/3669/4958 6333/3606/4940 6351/3643/4957
f 6333/3606/4940 6352/3669/4958 6336/3660/4939
f 6339/3663/4946 6341/3614/4948 6338/3613/4945
f 6341/3614/4948 6339/3663/4946 6344/3664/4947
f 6343/3665/4950 6345/3618/4952 6342/3617/4949
f 6345/3618/4952 6343/3665/4950 6348/3666/4951
f 6358/3671/4961 6356/3655/4963 6355/3654/4962
f 6356/3655/4963 6358/3671/4961 6357/3672/4964
f 6362/3673/4965 6360/3657/4966 6359/3656/4965
f 6360/3657/4966 6362/3673/4965 6361/3674/4967
f 6366/3675/4968 6364/3659/4970 6363/3658/4969
f 6364/3659/4970 6366/3675/4968 6365/3676/4971
f 6370/3677/4972 6368/3661/4972 6367/3660/4973
f 6368/3661/4972 6370/3677/4972 6369/3678/4972
f 6374/3679/4974 6372/3663/4976 6371/3662/4975
f 6372/3663/4976 6374/3679/4974 6373/3680/4977
f 6378/3681/4978 6376/3665/4980 6375/3664/4979
f 6376/3665/4980 6378/3681/4978 6377/3682/4981
f 6382/3683/4982 6380/3667/4984 6379/3666/4983
f 6380/3667/4984 6382/3683/4982 6381/3684/4985
f 6384/3685/4986 6363/3658/4969 6383/3668/4987
f 6363/3658/4969 6384/3685/4986 6366/3675/4968
f 6357/3672/4964 6386/3668/4988 6385/3655/4988
f 6386/3668/4988 6357/3672/4964 6384/3685/4986
f 6365/3676/4971 6387/3669/4989 6364/3659/4970
f 6387/3669/4989 6365/3676/4971 6388/3686/4990
f 6390/3687/4991 6355/3654/4962 6389/3670/4992
f 6355/3654/4962 6390/3687/4991 6358/3671/4961
f 6394/3684/4993 6392/3656/4993 6391/3667/4993
f 6392/3656/4993 6394/3684/4993 6393/3673/4993
f 6396/3678/4994 6371/3662/4975 6395/3661/4995
f 6371/3662/4975 6396/3678/4994 6374/3679/4974
f 6361/3674/4967 6389/3670/4992 6360/3657/4966
f 6389/3670/4992 6361/3674/4967 6390/3687/4991
f 6388/3686/4990 6397/3660/4996 6387/3669/4989
f 6397/3660/4996 6388/3686/4990 6398/3677/4997
f 6373/3680/4977 6375/3664/4979 6372/3663/4976
f 6375/3664/4979 6373/3680/4977 6378/3681/4978
f 6377/3682/4981 6379/3666/4983 6376/3665/4980
f 6379/3666/4983 6377/3682/4981 6382/3683/4982
f 6400/3688/4998 6357/3672/4964 6358/3671/4961
f 6357/3672/4964 6400/3688/4998 6399/3689/4999
f 6403/3690/5000 6361/3674/4967 6401/3673/5001
f 6361/3674/4967 6403/3690/5000 6402/3691/5002
f 6405/3692/5003 6365/3676/4971 6366/3675/4968
f 6365/3676/4971 6405/3692/5003 6404/3693/5004
f 6408/3694/5005 6396/3678/4994 6406/3677/5006
f 6396/3678/4994 6408/3694/5005 6407/3695/5007
f 6410/3696/5008 6373/3680/4977 6374/3679/4974
f 6373/3680/4977 6410/3696/5008 6409/3697/5009
f 6412/3698/5010 6377/3682/4981 6378/3681/4978
f 6377/3682/4981 6412/3698/5010 6411/3699/5011
f 6414/3700/5012 6381/3684/4985 6382/3683/4982
f 6381/3684/4985 6414/3700/5012 6413/3701/5013
f 6415/3702/5014 6366/3675/4968 6384/3685/4986
f 6366/3675/4968 6415/3702/5014 6405/3692/5003
f 6399/3689/4999 6384/3685/4986 6357/3672/4964
f 6384/3685/4986 6399/3689/4999 6415/3702/5014
f 6404/3693/5004 6388/3686/4990 6365/3676/4971
f 6388/3686/4990 6404/3693/5004 6416/3703/5015
f 6417/3704/5016 6358/3671/4961 6390/3687/4991
f 6358/3671/4961 6417/3704/5016 6400/3688/4998
f 6413/3701/5013 6401/3673/5001 6381/3684/4985
f 6401/3673/5001 6413/3701/5013 6403/3690/5000
f 6407/3695/5007 6374/3679/4974 6396/3678/4994
f 6374/3679/4974 6407/3695/5007 6410/3696/5008
f 6402/3691/5002 6390/3687/4991 6361/3674/4967
f 6390/3687/4991 6402/3691/5002 6417/3704/5016
f 6416/3703/5015 6406/3677/5006 6388/3686/4990
f 6406/3677/5006 6416/3703/5015 6408/3694/5005
f 6409/3697/5009 6378/3681/4978 6373/3680/4977
f 6378/3681/4978 6409/3697/5009 6412/3698/5010
f 6411/3699/5011 6382/3683/4982 6377/3682/4981
f 6382/3683/4982 6411/3699/5011 6414/3700/5012
f 6421/3639/5017 6419/3706/5017 6418/3705/5017
f 6419/3706/5017 6421/3639/5017 6420/3640/5017
s 0
f 6425/3638/4435 6423/3708/4435 6422/3707/4435
f 6423/3708/4435 6425/3638/4435 6424/3639/4435
f 6429/3625/4431 6427/3707/4431 6426/3709/4431
f 6427/3707/4431 6429/3625/4431 6428/3638/4431
s 1
f 6431/3624/5018 6426/3709/4431 6430/3710/5018
f 6426/3709/4431 6431/3624/5018 6429/3625/4431
f 6431/3624/5018 6433/3711/5019 6432/3648/5019
f 6433/3711/5019 6431/3624/5018 6430/3710/5018
f 6432/3648/5019 6435/3712/5020 6434/3627/5020
f 6435/3712/5020 6432/3648/5019 6433/3711/5019
f 6434/3627/5020 6437/3713/5022 6436/3626/5021
f 6437/3713/5022 6434/3627/5020 6435/3712/5020
f 6436/3626/5021 6439/3714/5023 6438/3637/5023
f 6439/3714/5023 6436/3626/5021 6437/3713/5022
f 6438/3637/5023 6441/3715/5024 6440/3636/5024
f 6441/3715/5024 6438/3637/5023 6439/3714/5023
f 6440/3636/5024 6443/3716/5025 6442/3635/5025
f 6443/3716/5025 6440/3636/5024 6441/3715/5024
f 6442/3635/5025 6445/3717/5026 6444/3634/5026
f 6445/3717/5026 6442/3635/5025 6443/3716/5025
f 6449/3634/5027 6447/3718/5028 6446/3633/5028
f 6447/3718/5028 6449/3634/5027 6448/3717/5027
f 6446/3633/5028 6451/3719/5030 6450/3632/5029
f 6451/3719/5030 6446/3633/5028 6447/3718/5028
f 6450/3632/5029 6453/3720/5032 6452/3631/5031
f 6453/3720/5032 6450/3632/5029 6451/3719/5030
f 6452/3631/5031 6312/3649/4920 6308/3630/4921
f 6312/3649/4920 6452/3631/5031 6453/3720/5032
f 6309/3650/4922 6454/3578/5033 6308/3630/4921
f 6454/3578/5033 6309/3650/4922 6455/3653/5034
f 6459/3628/5035 6457/3721/5037 6456/3629/5036
f 6457/3721/5037 6459/3628/5035 6458/3722/5038
f 6456/3629/5036 6461/3567/5039 6460/3564/5039
f 6461/3567/5039 6456/3629/5036 6457/3721/5037
f 6463/3641/5040 6458/3722/5038 6459/3628/5035
f 6458/3722/5038 6463/3641/5040 6462/3653/5041
f 6467/3723/5042 6465/3725/5044 6464/3724/5043
f 6465/3725/5044 6467/3723/5042 6466/3726/5042
f 6471/3727/5045 6469/3729/5047 6468/3728/5046
f 6469/3729/5047 6471/3727/5045 6470/3730/5048
f 6475/3731/5049 6473/3733/5051 6472/3732/5050
f 6473/3733/5051 6475/3731/5049 6474/3734/5052
f 6479/3735/5053 6477/3737/5053 6476/3736/5053
f 6477/3737/5053 6479/3735/5053 6478/3738/5053
f 6483/3739/5054 6481/3741/5056 6480/3740/5055
f 6481/3741/5056 6483/3739/5054 6482/3742/5057
f 6487/3743/5058 6485/3745/5060 6484/3744/5059
f 6485/3745/5060 6487/3743/5058 6486/3746/5061
f 6491/3747/5062 6489/3749/5064 6488/3748/5063
f 6489/3749/5064 6491/3747/5062 6490/3750/5065
f 6492/3751/5066 6471/3727/5045 6468/3728/5046
f 6492/3751/5066 6493/3752/5067 6471/3727/5045
f 6465/3725/5044 6493/3752/5067 6464/3724/5043
f 6493/3752/5067 6465/3725/5044 6471/3727/5045
f 6497/3753/5068 6495/3755/5070 6494/3754/5069
f 6495/3755/5070 6497/3753/5068 6496/3756/5068
f 6501/3757/5071 6499/3759/5073 6498/3758/5072
f 6499/3759/5073 6501/3757/5071 6500/3760/5074
f 6505/3761/5075 6503/3763/5077 6502/3762/5076
f 6503/3763/5077 6505/3761/5075 6504/3764/5078
f 6509/3765/5079 6507/3767/5081 6506/3766/5080
f 6507/3767/5081 6509/3765/5079 6508/3768/5082
f 6513/3769/5083 6511/3771/5085 6510/3770/5084
f 6511/3771/5085 6513/3769/5083 6512/3772/5086
f 6517/3773/5087 6515/3775/5089 6514/3774/5088
f 6515/3775/5089 6517/3773/5087 6516/3776/5090
f 6521/3777/5091 6519/3779/5093 6518/3778/5092
f 6519/3779/5093 6521/3777/5091 6520/3780/5094
f 6502/3762/5076 6523/3782/5095 6522/3781/5095
f 6523/3782/5095 6502/3762/5076 6503/3763/5077
s 0
f 6527/3781/5096 6525/3756/5096 6524/3753/5096
f 6525/3756/5096 6527/3781/5096 6526/3782/5096
s 1
f 6531/3754/5097 6529/3727/5098 6528/3753/5098
f 6529/3727/5098 6531/3754/5097 6530/3730/5099
f 6533/3783/5100 6469/3729/5047 6532/3784/5101
f 6469/3729/5047 6533/3783/5100 6468/3728/5046
f 6535/3785/5102 6475/3731/5049 6534/3786/5103
f 6475/3731/5049 6535/3785/5102 6474/3734/5052
f 6539/3758/5104 6537/3733/5106 6536/3757/5105
f 6537/3733/5106 6539/3758/5104 6538/3732/5107
f 6543/3762/5108 6541/3787/5110 6540/3761/5109
f 6541/3787/5110 6543/3762/5108 6542/3788/5111
f 6547/3789/5112 6545/3735/5113 6544/3790/5113
f 6545/3735/5113 6547/3789/5112 6546/3738/5114
f 6551/3766/5115 6549/3737/5117 6548/3765/5116
f 6549/3737/5117 6551/3766/5115 6550/3736/5115
f 6553/3791/5118 6483/3739/5054 6552/3792/5119
f 6483/3739/5054 6553/3791/5118 6482/3742/5057
f 6557/3769/5120 6555/3740/5122 6554/3741/5121
f 6555/3740/5122 6557/3769/5120 6556/3770/5123
f 6559/3793/5124 6487/3743/5058 6558/3794/5125
f 6487/3743/5058 6559/3793/5124 6486/3746/5061
f 6563/3773/5126 6561/3744/5128 6560/3745/5127
f 6561/3744/5128 6563/3773/5126 6562/3774/5129
f 6565/3795/5130 6491/3747/5062 6564/3796/5131
f 6491/3747/5062 6565/3795/5130 6490/3750/5065
f 6569/3777/5132 6567/3748/5134 6566/3749/5133
f 6567/3748/5134 6569/3777/5132 6568/3778/5135
f 6571/3781/5136 6542/3788/5111 6543/3762/5108
f 6542/3788/5111 6571/3781/5136 6570/3725/5136
f 6573/3797/5137 6492/3751/5066 6572/3798/5138
f 6492/3751/5066 6573/3797/5137 6493/3752/5067
f 6574/3798/5100 6468/3728/5046 6533/3783/5100
f 6468/3728/5046 6574/3798/5100 6492/3751/5066
s 0
f 6578/3753/5139 6576/3725/5139 6575/3781/5139
f 6576/3725/5140 6578/3753/5140 6577/3727/5140
s 1
f 6579/3799/5141 6493/3752/5067 6573/3797/5137
f 6493/3752/5067 6579/3799/5141 6464/3724/5043
f 6581/3800/5142 6541/3787/5110 6580/3801/5142
f 6541/3787/5110 6581/3800/5142 6540/3761/5109
f 6505/3761/5075 6582/3802/5143 6504/3764/5078
f 6582/3802/5143 6505/3761/5075 6583/3800/5144
f 6585/3803/5145 6530/3730/5099 6531/3754/5097
f 6530/3730/5099 6585/3803/5145 6584/3804/5146
f 6587/3803/5147 6495/3755/5070 6586/3805/5148
f 6495/3755/5070 6587/3803/5147 6494/3754/5069
f 6589/3806/5149 6469/3729/5047 6588/3807/5150
f 6469/3729/5047 6589/3806/5149 6532/3784/5101
f 6588/3807/5150 6470/3730/5048 6590/3804/5151
f 6470/3730/5048 6588/3807/5150 6469/3729/5047
f 6498/3758/5072 6520/3780/5094 6521/3777/5091
f 6520/3780/5094 6498/3758/5072 6499/3759/5073
f 6565/3795/5130 6475/3731/5049 6490/3750/5065
f 6475/3731/5049 6565/3795/5130 6534/3786/5103
f 6490/3750/5065 6472/3732/5050 6489/3749/5064
f 6472/3732/5050 6490/3750/5065 6475/3731/5049
f 6569/3777/5132 6538/3732/5107 6539/3758/5104
f 6538/3732/5107 6569/3777/5132 6566/3749/5133
f 6592/3765/5152 6555/3740/5122 6556/3770/5123
f 6555/3740/5122 6592/3765/5152 6591/3737/5152
f 6509/3765/5079 6511/3771/5085 6508/3768/5082
f 6511/3771/5085 6509/3765/5079 6510/3770/5084
f 6547/3789/5112 6483/3739/5054 6546/3738/5114
f 6483/3739/5054 6547/3789/5112 6552/3792/5119
f 6546/3738/5114 6480/3740/5055 6593/3737/5153
f 6480/3740/5055 6546/3738/5114 6483/3739/5054
f 6535/3785/5102 6588/3807/5150 6474/3734/5052
f 6588/3807/5150 6535/3785/5102 6589/3806/5149
f 6474/3734/5052 6590/3804/5151 6473/3733/5051
f 6590/3804/5151 6474/3734/5052 6588/3807/5150
f 6536/3757/5105 6584/3804/5146 6585/3803/5145
f 6584/3804/5146 6536/3757/5105 6537/3733/5106
f 6501/3757/5071 6586/3805/5148 6500/3760/5074
f 6586/3805/5148 6501/3757/5071 6587/3803/5147
f 6583/3800/5144 6507/3767/5081 6582/3802/5143
f 6507/3767/5081 6583/3800/5144 6506/3766/5080
f 6598/3808/5154 6595/3809/5156 6594/3790/5155
f 6598/3808/5154 6596/3810/5157 6595/3809/5156
f 6596/3810/5157 6598/3808/5154 6597/3811/5158
f 6602/3812/5159 6600/3736/5159 6599/3801/5159
f 6600/3736/5159 6602/3812/5159 6601/3735/5159
f 6606/3800/5160 6604/3736/5160 6603/3766/5160
f 6604/3736/5160 6606/3800/5160 6605/3801/5161
f 6514/3774/5088 6512/3772/5086 6513/3769/5083
f 6512/3772/5086 6514/3774/5088 6515/3775/5089
f 6553/3791/5118 6487/3743/5058 6482/3742/5057
f 6487/3743/5058 6553/3791/5118 6558/3794/5125
f 6482/3742/5057 6484/3744/5059 6481/3741/5056
f 6484/3744/5059 6482/3742/5057 6487/3743/5058
f 6557/3769/5120 6561/3744/5128 6562/3774/5129
f 6561/3744/5128 6557/3769/5120 6554/3741/5121
f 6518/3778/5092 6516/3776/5090 6517/3773/5087
f 6516/3776/5090 6518/3778/5092 6519/3779/5093
f 6559/3793/5124 6491/3747/5062 6486/3746/5061
f 6491/3747/5062 6559/3793/5124 6564/3796/5131
f 6486/3746/5061 6488/3748/5063 6485/3745/5060
f 6488/3748/5063 6486/3746/5061 6491/3747/5062
f 6563/3773/5126 6567/3748/5134 6568/3778/5135
f 6567/3748/5134 6563/3773/5126 6560/3745/5127
f 6610/3756/5162 6608/3813/5164 6607/3755/5163
f 6608/3813/5164 6610/3756/5162 6609/3814/5165
f 6614/3760/5166 6612/3815/5168 6611/3759/5167
f 6612/3815/5168 6614/3760/5166 6613/3816/5169
f 6618/3764/5170 6616/3817/5172 6615/3763/5171
f 6616/3817/5172 6618/3764/5170 6617/3818/5173
f 6622/3768/5174 6620/3819/5176 6619/3767/5175
f 6620/3819/5176 6622/3768/5174 6621/3820/5177
f 6626/3772/5178 6624/3821/5180 6623/3771/5179
f 6624/3821/5180 6626/3772/5178 6625/3822/5181
f 6630/3776/5182 6628/3823/5184 6627/3775/5183
f 6628/3823/5184 6630/3776/5182 6629/3824/5185
f 6634/3780/5186 6632/3825/5188 6631/3779/5187
f 6632/3825/5188 6634/3780/5186 6633/3826/5189
f 6615/3763/5171 6636/3827/5191 6635/3782/5190
f 6636/3827/5191 6615/3763/5171 6616/3817/5172
f 6635/3782/5190 6609/3814/5165 6610/3756/5162
f 6609/3814/5165 6635/3782/5190 6636/3827/5191
f 6638/3802/5192 6617/3818/5173 6618/3764/5170
f 6617/3818/5173 6638/3802/5192 6637/3828/5193
f 6607/3755/5163 6640/3829/5195 6639/3805/5194
f 6640/3829/5195 6607/3755/5163 6608/3813/5164
f 6611/3759/5167 6633/3826/5189 6634/3780/5186
f 6633/3826/5189 6611/3759/5167 6612/3815/5168
f 6623/3771/5179 6621/3820/5177 6622/3768/5174
f 6621/3820/5177 6623/3771/5179 6624/3821/5180
f 6639/3805/5194 6613/3816/5169 6614/3760/5166
f 6613/3816/5169 6639/3805/5194 6640/3829/5195
f 6619/3767/5175 6637/3828/5193 6638/3802/5192
f 6637/3828/5193 6619/3767/5175 6620/3819/5176
f 6627/3775/5183 6625/3822/5181 6626/3772/5178
f 6625/3822/5181 6627/3775/5183 6628/3823/5184
f 6631/3779/5187 6629/3824/5185 6630/3776/5182
f 6629/3824/5185 6631/3779/5187 6632/3825/5188
f 6644/3814/5196 6642/3830/5198 6641/3813/5197
f 6642/3830/5198 6644/3814/5196 6643/3831/5199
f 6648/3816/5200 6646/3832/5201 6645/3815/5201
f 6646/3832/5201 6648/3816/5200 6647/3833/5202
f 6652/3818/5203 6650/3834/5205 6649/3817/5204
f 6650/3834/5205 6652/3818/5203 6651/3835/5206
f 6656/3820/5207 6654/3836/5207 6653/3819/5208
f 6654/3836/5207 6656/3820/5207 6655/3837/5207
f 6660/3822/5209 6658/3838/5211 6657/3821/5210
f 6658/3838/5211 6660/3822/5209 6659/3839/5212
f 6664/3824/5213 6662/3840/5215 6661/3823/5214
f 6662/3840/5215 6664/3824/5213 6663/3841/5216
f 6668/3826/5217 6666/3842/5219 6665/3825/5218
f 6666/3842/5219 6668/3826/5217 6667/3843/5220
f 6649/3817/5204 6670/3844/5222 6669/3827/5221
f 6670/3844/5222 6649/3817/5204 6650/3834/5205
f 6672/3827/5223 6643/3831/5199 6671/3814/5223
f 6643/3831/5199 6672/3827/5223 6670/3844/5222
f 6674/3828/5224 6651/3835/5206 6652/3818/5203
f 6651/3835/5206 6674/3828/5224 6673/3845/5225
f 6641/3813/5197 6676/3846/5227 6675/3829/5226
f 6676/3846/5227 6641/3813/5197 6642/3830/5198
f 6680/3815/5228 6678/3843/5228 6677/3826/5228
f 6678/3843/5228 6680/3815/5228 6679/3832/5228
f 6657/3821/5210 6682/3837/5230 6681/3820/5229
f 6682/3837/5230 6657/3821/5210 6658/3838/5211
f 6675/3829/5226 6647/3833/5202 6648/3816/5200
f 6647/3833/5202 6675/3829/5226 6676/3846/5227
f 6684/3819/5231 6673/3845/5225 6674/3828/5224
f 6673/3845/5225 6684/3819/5231 6683/3836/5232
f 6661/3823/5214 6659/3839/5212 6660/3822/5209
f 6659/3839/5212 6661/3823/5214 6662/3840/5215
f 6665/3825/5218 6663/3841/5216 6664/3824/5213
f 6663/3841/5216 6665/3825/5218 6666/3842/5219
f 6643/3831/5199 6685/3847/5233 6642/3830/5198
f 6685/3847/5233 6643/3831/5199 6686/3848/5234
f 6647/3833/5202 6688/3849/5236 6687/3832/5235
f 6688/3849/5236 6647/3833/5202 6689/3850/5237
f 6651/3835/5206 6690/3851/5238 6650/3834/5205
f 6690/3851/5238 6651/3835/5206 6691/3852/5239
f 6682/3837/5230 6693/3853/5241 6692/3836/5240
f 6693/3853/5241 6682/3837/5230 6694/3854/5242
f 6659/3839/5212 6695/3855/5243 6658/3838/5211
f 6695/3855/5243 6659/3839/5212 6696/3856/5244
f 6663/3841/5216 6697/3857/5245 6662/3840/5215
f 6697/3857/5245 6663/3841/5216 6698/3858/5246
f 6667/3843/5220 6699/3859/5247 6666/3842/5219
f 6699/3859/5247 6667/3843/5220 6700/3860/5248
f 6650/3834/5205 6701/3861/5249 6670/3844/5222
f 6701/3861/5249 6650/3834/5205 6690/3851/5238
f 6670/3844/5222 6686/3848/5234 6643/3831/5199
f 6686/3848/5234 6670/3844/5222 6701/3861/5249
f 6673/3845/5225 6691/3852/5239 6651/3835/5206
f 6691/3852/5239 6673/3845/5225 6702/3862/5250
f 6642/3830/5198 6703/3863/5251 6676/3846/5227
f 6703/3863/5251 6642/3830/5198 6685/3847/5233
f 6687/3832/5235 6700/3860/5248 6667/3843/5220
f 6700/3860/5248 6687/3832/5235 6688/3849/5236
f 6658/3838/5211 6694/3854/5242 6682/3837/5230
f 6694/3854/5242 6658/3838/5211 6695/3855/5243
f 6676/3846/5227 6689/3850/5237 6647/3833/5202
f 6689/3850/5237 6676/3846/5227 6703/3863/5251
f 6692/3836/5240 6702/3862/5250 6673/3845/5225
f 6702/3862/5250 6692/3836/5240 6693/3853/5241
f 6662/3840/5215 6696/3856/5244 6659/3839/5212
f 6696/3856/5244 6662/3840/5215 6697/3857/5245
f 6666/3842/5219 6698/3858/5246 6663/3841/5216
f 6698/3858/5246 6666/3842/5219 6699/3859/5247
f 6705/3864/5252 6464/3724/5043 6579/3799/5141
f 6464/3724/5043 6705/3864/5252 6704/3723/5253
f 6709/3865/5254 6707/3797/5256 6706/3866/5255
f 6707/3797/5256 6709/3865/5254 6708/3799/5254
f 6706/3866/5255 6711/3798/4435 6710/3867/4435
f 6711/3798/4435 6706/3866/5255 6707/3797/5256
s 0
f 6715/3867/4431 6713/3783/4431 6712/3868/4431
f 6713/3783/4431 6715/3867/4431 6714/3798/4431
s 1
f 6712/3868/4431 6717/3784/5018 6716/3869/5018
f 6717/3784/5018 6712/3868/4431 6713/3783/4431
f 6719/3870/5019 6717/3784/5018 6718/3806/5019
f 6717/3784/5018 6719/3870/5019 6716/3869/5018
f 6721/3871/5020 6718/3806/5019 6720/3785/5020
f 6718/3806/5019 6721/3871/5020 6719/3870/5019
f 6723/3872/5022 6720/3785/5020 6722/3786/5021
f 6720/3785/5020 6723/3872/5022 6721/3871/5020
f 6725/3873/5023 6722/3786/5021 6724/3795/5023
f 6722/3786/5021 6725/3873/5023 6723/3872/5022
f 6727/3874/5024 6724/3795/5023 6726/3796/5024
f 6724/3795/5023 6727/3874/5024 6725/3873/5023
f 6729/3875/5025 6726/3796/5024 6728/3793/5025
f 6726/3796/5024 6729/3875/5025 6727/3874/5024
f 6731/3876/5026 6728/3793/5025 6730/3794/5026
f 6728/3793/5025 6731/3876/5026 6729/3875/5025
f 6735/3877/5028 6733/3794/5027 6732/3791/5028
f 6733/3794/5027 6735/3877/5028 6734/3876/5027
f 6737/3878/5257 6732/3791/5028 6736/3792/5257
f 6732/3791/5028 6737/3878/5257 6735/3877/5028
f 6739/3879/5032 6736/3792/5257 6738/3789/5031
f 6736/3792/5257 6739/3879/5032 6737/3878/5257
f 6595/3809/5156 6738/3789/5031 6594/3790/5155
f 6738/3789/5031 6595/3809/5156 6739/3879/5032
f 6741/3735/5258 6598/3808/5154 6594/3790/5155
f 6598/3808/5154 6741/3735/5258 6740/3812/5259
f 6745/3880/5260 6743/3787/5261 6742/3788/5260
f 6743/3787/5261 6745/3880/5260 6744/3881/5262
f 6744/3881/5262 6746/3801/5263 6743/3787/5261
f 6746/3801/5263 6744/3881/5262 6747/3812/5263
f 6751/3566/5264 6749/3883/5264 6748/3882/5264
f 6749/3883/5264 6751/3566/5264 6750/3567/5265
f 6755/3884/5266 6753/3886/5268 6752/3885/5267
f 6753/3886/5268 6755/3884/5266 6754/3887/5269
f 6759/3888/5270 6757/3890/5272 6756/3889/5271
f 6757/3890/5272 6759/3888/5270 6758/3891/5273
f 6763/3892/5274 6761/3894/5274 6760/3893/5274
f 6761/3894/5274 6763/3892/5274 6762/3895/5274
f 6767/3896/5275 6765/3898/5277 6764/3897/5276
f 6765/3898/5277 6767/3896/5275 6766/3899/5278
f 6771/3900/5279 6769/3902/5281 6768/3901/5280
f 6769/3902/5281 6771/3900/5279 6770/3903/5282
f 6775/3904/5283 6773/3906/5285 6772/3905/5284
f 6773/3906/5285 6775/3904/5283 6774/3907/5286
f 6776/3908/5287 6755/3884/5266 6752/3885/5267
f 6776/3908/5287 6777/3909/5288 6755/3884/5266
s 0
f 6781/3883/5289 6779/3909/5289 6778/3882/5289
f 6779/3909/5289 6781/3883/5289 6780/3884/5289
s 1
f 6785/3910/5290 6783/3912/5292 6782/3911/5291
f 6783/3912/5292 6785/3910/5290 6784/3913/5290
f 6789/3914/5293 6787/3916/5295 6786/3915/5294
f 6787/3916/5295 6789/3914/5293 6788/3917/5296
f 6793/3918/5297 6791/3920/5299 6790/3919/5298
f 6791/3920/5299 6793/3918/5297 6792/3921/5300
f 6797/3922/5301 6795/3924/5303 6794/3923/5302
f 6795/3924/5303 6797/3922/5301 6796/3925/5304
f 6801/3926/5305 6799/3928/5307 6798/3927/5306
f 6799/3928/5307 6801/3926/5305 6800/3929/5308
f 6805/3930/5309 6803/3932/5311 6802/3931/5310
f 6803/3932/5311 6805/3930/5309 6804/3933/5312
f 6809/3934/5313 6807/3936/5315 6806/3935/5314
f 6807/3936/5315 6809/3934/5313 6808/3937/5316
f 6790/3919/5298 6811/3939/5317 6810/3938/5317
f 6811/3939/5317 6790/3919/5298 6791/3920/5299
s 0
f 6815/3938/4863 6813/3913/4863 6812/3910/4863
f 6813/3913/4863 6815/3938/4863 6814/3939/4863
s 1
f 6819/3911/5318 6817/3884/5319 6816/3910/5319
f 6817/3884/5319 6819/3911/5318 6818/3887/5320
f 6821/3940/5321 6753/3886/5268 6820/3941/5322
f 6753/3886/5268 6821/3940/5321 6752/3885/5267
f 6823/3942/5323 6759/3888/5270 6822/3943/5324
f 6759/3888/5270 6823/3942/5323 6758/3891/5273
f 6827/3915/5325 6825/3890/5327 6824/3914/5326
f 6825/3890/5327 6827/3915/5325 6826/3889/5328
f 6831/3919/5329 6829/3944/5331 6828/3918/5330
f 6829/3944/5331 6831/3919/5329 6830/3945/5332
f 6835/3946/5333 6833/3892/5334 6832/3947/5334
f 6833/3892/5334 6835/3946/5333 6834/3895/5335
f 6839/3923/5336 6837/3894/5337 6836/3922/5337
f 6837/3894/5337 6839/3923/5336 6838/3893/5337
f 6841/3948/5338 6767/3896/5275 6840/3949/5339
f 6767/3896/5275 6841/3948/5338 6766/3899/5278
f 6845/3926/5340 6843/3897/5342 6842/3898/5341
f 6843/3897/5342 6845/3926/5340 6844/3927/5343
f 6847/3950/5344 6771/3900/5279 6846/3951/5345
f 6771/3900/5279 6847/3950/5344 6770/3903/5282
f 6851/3930/5346 6849/3901/5348 6848/3902/5347
f 6849/3901/5348 6851/3930/5346 6850/3931/5349
f 6853/3952/5350 6775/3904/5283 6852/3953/5351
f 6775/3904/5283 6853/3952/5350 6774/3907/5286
f 6857/3934/5352 6855/3905/5354 6854/3906/5353
f 6855/3905/5354 6857/3934/5352 6856/3935/5355
f 6859/3938/5356 6830/3945/5332 6831/3919/5329
f 6830/3945/5332 6859/3938/5356 6858/3883/5356
f 6861/3954/4903 6776/3908/5287 6860/3955/4903
f 6776/3908/5287 6861/3954/4903 6777/3909/5288
f 6862/3955/5321 6752/3885/5267 6821/3940/5321
f 6752/3885/5267 6862/3955/5321 6776/3908/5287
s 0
f 6866/3910/4904 6864/3883/4904 6863/3938/4904
f 6864/3883/4904 6866/3910/4904 6865/3884/4904
s 1
f 6870/3956/5357 6868/3909/5358 6867/3954/5357
f 6868/3909/5358 6870/3956/5357 6869/3882/5357
f 6872/3957/5359 6829/3944/5331 6871/3958/5360
f 6829/3944/5331 6872/3957/5359 6828/3918/5330
f 6793/3918/5297 6873/3959/5361 6792/3921/5300
f 6873/3959/5361 6793/3918/5297 6874/3957/5362
f 6876/3960/5363 6818/3887/5320 6819/3911/5318
f 6818/3887/5320 6876/3960/5363 6875/3961/5364
f 6878/3960/5365 6783/3912/5292 6877/3962/5366
f 6783/3912/5292 6878/3960/5365 6782/3911/5291
f 6880/3963/5367 6753/3886/5268 6879/3964/5368
f 6753/3886/5268 6880/3963/5367 6820/3941/5322
f 6879/3964/5368 6754/3887/5269 6881/3961/5369
f 6754/3887/5269 6879/3964/5368 6753/3886/5268
f 6786/3915/5294 6808/3937/5316 6809/3934/5313
f 6808/3937/5316 6786/3915/5294 6787/3916/5295
f 6853/3952/5350 6759/3888/5270 6774/3907/5286
f 6759/3888/5270 6853/3952/5350 6822/3943/5324
f 6774/3907/5286 6756/3889/5271 6773/3906/5285
f 6756/3889/5271 6774/3907/5286 6759/3888/5270
f 6857/3934/5352 6826/3889/5328 6827/3915/5325
f 6826/3889/5328 6857/3934/5352 6854/3906/5353
f 6883/3922/5370 6843/3897/5342 6844/3927/5343
f 6843/3897/5342 6883/3922/5370 6882/3894/5370
f 6797/3922/5301 6799/3928/5307 6796/3925/5304
f 6799/3928/5307 6797/3922/5301 6798/3927/5306
f 6835/3946/5333 6767/3896/5275 6834/3895/5335
f 6767/3896/5275 6835/3946/5333 6840/3949/5339
f 6834/3895/5335 6764/3897/5276 6884/3894/5371
f 6764/3897/5276 6834/3895/5335 6767/3896/5275
f 6823/3942/5323 6879/3964/5368 6758/3891/5273
f 6879/3964/5368 6823/3942/5323 6880/3963/5367
f 6758/3891/5273 6881/3961/5369 6757/3890/5272
f 6881/3961/5369 6758/3891/5273 6879/3964/5368
f 6824/3914/5326 6875/3961/5364 6876/3960/5363
f 6875/3961/5364 6824/3914/5326 6825/3890/5327
f 6789/3914/5293 6877/3962/5366 6788/3917/5296
f 6877/3962/5366 6789/3914/5293 6878/3960/5365
f 6874/3957/5362 6795/3924/5303 6873/3959/5361
f 6795/3924/5303 6874/3957/5362 6794/3923/5302
f 6889/3650/5372 6886/3965/5374 6885/3947/5373
f 6889/3650/5372 6887/3966/5375 6886/3965/5374
f 6887/3966/5375 6889/3650/5372 6888/3967/5376
f 6893/3653/5377 6891/3893/5377 6890/3958/5377
f 6891/3893/5377 6893/3653/5377 6892/3892/5377
f 6897/3957/5378 6895/3893/5379 6894/3923/5379
f 6895/3893/5379 6897/3957/5378 6896/3958/5379
f 6802/3931/5310 6800/3929/5308 6801/3926/5305
f 6800/3929/5308 6802/3931/5310 6803/3932/5311
f 6841/3948/5338 6771/3900/5279 6766/3899/5278
f 6771/3900/5279 6841/3948/5338 6846/3951/5345
f 6766/3899/5278 6768/3901/5280 6765/3898/5277
f 6768/3901/5280 6766/3899/5278 6771/3900/5279
f 6845/3926/5340 6849/3901/5348 6850/3931/5349
f 6849/3901/5348 6845/3926/5340 6842/3898/5341
f 6806/3935/5314 6804/3933/5312 6805/3930/5309
f 6804/3933/5312 6806/3935/5314 6807/3936/5315
f 6847/3950/5344 6775/3904/5283 6770/3903/5282
f 6775/3904/5283 6847/3950/5344 6852/3953/5351
f 6770/3903/5282 6772/3905/5284 6769/3902/5281
f 6772/3905/5284 6770/3903/5282 6775/3904/5283
f 6851/3930/5346 6855/3905/5354 6856/3935/5355
f 6855/3905/5354 6851/3930/5346 6848/3902/5347
f 6901/3913/5380 6899/3968/5382 6898/3912/5381
f 6899/3968/5382 6901/3913/5380 6900/3969/5383
f 6905/3917/5384 6903/3970/5386 6902/3916/5385
f 6903/3970/5386 6905/3917/5384 6904/3971/5387
f 6909/3921/5388 6907/3972/5390 6906/3920/5389
f 6907/3972/5390 6909/3921/5388 6908/3973/5391
f 6913/3925/5392 6911/3974/5394 6910/3924/5393
f 6911/3974/5394 6913/3925/5392 6912/3975/5395
f 6917/3929/5396 6915/3976/5398 6914/3928/5397
f 6915/3976/5398 6917/3929/5396 6916/3977/5399
f 6921/3933/5400 6919/3978/5402 6918/3932/5401
f 6919/3978/5402 6921/3933/5400 6920/3979/5403
f 6925/3937/5404 6923/3980/5406 6922/3936/5405
f 6923/3980/5406 6925/3937/5404 6924/3981/5407
f 6906/3920/5389 6927/3982/5409 6926/3939/5408
f 6927/3982/5409 6906/3920/5389 6907/3972/5390
f 6926/3939/5408 6900/3969/5383 6901/3913/5380
f 6900/3969/5383 6926/3939/5408 6927/3982/5409
f 6929/3959/5410 6908/3973/5391 6909/3921/5388
f 6908/3973/5391 6929/3959/5410 6928/3983/5411
f 6898/3912/5381 6931/3984/5413 6930/3962/5412
f 6931/3984/5413 6898/3912/5381 6899/3968/5382
f 6902/3916/5385 6924/3981/5407 6925/3937/5404
f 6924/3981/5407 6902/3916/5385 6903/3970/5386
f 6914/3928/5397 6912/3975/5395 6913/3925/5392
f 6912/3975/5395 6914/3928/5397 6915/3976/5398
f 6930/3962/5412 6904/3971/5387 6905/3917/5384
f 6904/3971/5387 6930/3962/5412 6931/3984/5413
f 6910/3924/5393 6928/3983/5411 6929/3959/5410
f 6928/3983/5411 6910/3924/5393 6911/3974/5394
f 6918/3932/5401 6916/3977/5399 6917/3929/5396
f 6916/3977/5399 6918/3932/5401 6919/3978/5402
f 6922/3936/5405 6920/3979/5403 6921/3933/5400
f 6920/3979/5403 6922/3936/5405 6923/3980/5406
f 6935/3969/5414 6933/3985/5416 6932/3968/5415
f 6933/3985/5416 6935/3969/5414 6934/3986/5417
f 6939/3971/5418 6937/3987/5419 6936/3970/5419
f 6937/3987/5419 6939/3971/5418 6938/3988/5420
f 6943/3973/5421 6941/3989/5423 6940/3972/5422
f 6941/3989/5423 6943/3973/5421 6942/3990/5424
f 6947/3975/5425 6945/3991/5425 6944/3974/5426
f 6945/3991/5425 6947/3975/5425 6946/3992/5425
f 6951/3977/5427 6949/3993/5429 6948/3976/5428
f 6949/3993/5429 6951/3977/5427 6950/3994/5430
f 6955/3979/5431 6953/3995/5433 6952/3978/5432
f 6953/3995/5433 6955/3979/5431 6954/3996/5434
f 6959/3981/5435 6957/3997/5437 6956/3980/5436
f 6957/3997/5437 6959/3981/5435 6958/3998/5438
f 6940/3972/5422 6961/3999/5440 6960/3982/5439
f 6961/3999/5440 6940/3972/5422 6941/3989/5423
f 6963/3982/4988 6934/3986/5417 6962/3969/4988
f 6934/3986/5417 6963/3982/4988 6961/3999/5440
f 6965/3983/5441 6942/3990/5424 6943/3973/5421
f 6942/3990/5424 6965/3983/5441 6964/4000/5442
f 6932/3968/5415 6967/4001/5444 6966/3984/5443
f 6967/4001/5444 6932/3968/5415 6933/3985/5416
f 6971/3970/5445 6969/3998/5445 6968/3981/5445
f 6969/3998/5445 6971/3970/5445 6970/3987/5445
f 6948/3976/5428 6973/3992/5447 6972/3975/5446
f 6973/3992/5447 6948/3976/5428 6949/3993/5429
f 6966/3984/5443 6938/3988/5420 6939/3971/5418
f 6938/3988/5420 6966/3984/5443 6967/4001/5444
f 6975/3974/5448 6964/4000/5442 6965/3983/5441
f 6964/4000/5442 6975/3974/5448 6974/3991/5449
f 6952/3978/5432 6950/3994/5430 6951/3977/5427
f 6950/3994/5430 6952/3978/5432 6953/3995/5433
f 6956/3980/5436 6954/3996/5434 6955/3979/5431
f 6954/3996/5434 6956/3980/5436 6957/3997/5437
f 6934/3986/5417 6976/4002/5450 6933/3985/5416
f 6976/4002/5450 6934/3986/5417 6977/4003/5451
f 6938/3988/5420 6979/4004/5453 6978/3987/5452
f 6979/4004/5453 6938/3988/5420 6980/4005/5454
f 6942/3990/5424 6981/4006/5455 6941/3989/5423
f 6981/4006/5455 6942/3990/5424 6982/4007/5456
f 6973/3992/5447 6984/4008/5458 6983/3991/5457
f 6984/4008/5458 6973/3992/5447 6985/4009/5459
f 6950/3994/5430 6986/4010/5460 6949/3993/5429
f 6986/4010/5460 6950/3994/5430 6987/4011/5461
f 6954/3996/5434 6988/4012/5462 6953/3995/5433
f 6988/4012/5462 6954/3996/5434 6989/4013/5463
f 6958/3998/5438 6990/4014/5464 6957/3997/5437
f 6990/4014/5464 6958/3998/5438 6991/4015/5465
f 6941/3989/5423 6992/4016/5466 6961/3999/5440
f 6992/4016/5466 6941/3989/5423 6981/4006/5455
f 6961/3999/5440 6977/4003/5451 6934/3986/5417
f 6977/4003/5451 6961/3999/5440 6992/4016/5466
f 6964/4000/5442 6982/4007/5456 6942/3990/5424
f 6982/4007/5456 6964/4000/5442 6993/4017/5467
f 6933/3985/5416 6994/4018/5468 6967/4001/5444
f 6994/4018/5468 6933/3985/5416 6976/4002/5450
f 6978/3987/5452 6991/4015/5465 6958/3998/5438
f 6991/4015/5465 6978/3987/5452 6979/4004/5453
f 6949/3993/5429 6985/4009/5459 6973/3992/5447
f 6985/4009/5459 6949/3993/5429 6986/4010/5460
f 6967/4001/5444 6980/4005/5454 6938/3988/5420
f 6980/4005/5454 6967/4001/5444 6994/4018/5468
f 6983/3991/5457 6993/4017/5467 6964/4000/5442
f 6993/4017/5467 6983/3991/5457 6984/4008/5458
f 6953/3995/5433 6987/4011/5461 6950/3994/5430
f 6987/4011/5461 6953/3995/5433 6988/4012/5462
f 6957/3997/5437 6989/4013/5463 6954/3996/5434
f 6989/4013/5463 6957/3997/5437 6990/4014/5464
f 6998/4019/5469 6996/3954/5469 6995/4020/5469
f 6996/3954/5469 6998/4019/5469 6997/3956/5469
s 0
f 7002/4020/4435 7000/3955/4435 6999/4021/4435
f 7000/3955/4435 7002/4020/4435 7001/3954/4435
f 7006/4021/4434 7004/3940/4434 7003/4022/4434
f 7004/3940/4434 7006/4021/4434 7005/3955/4434
s 1
f 7003/4022/4434 7008/3941/5470 7007/4023/5470
f 7008/3941/5470 7003/4022/4434 7004/3940/4434
f 7010/4024/5471 7008/3941/5470 7009/3963/5471
f 7008/3941/5470 7010/4024/5471 7007/4023/5470
f 7012/4025/5472 7009/3963/5471 7011/3942/5472
f 7009/3963/5471 7012/4025/5472 7010/4024/5471
f 7014/4026/5473 7011/3942/5472 7013/3943/5474
f 7011/3942/5472 7014/4026/5473 7012/4025/5472
f 7016/4027/5475 7013/3943/5474 7015/3952/5475
f 7013/3943/5474 7016/4027/5475 7014/4026/5473
f 7018/4028/5476 7015/3952/5475 7017/3953/5477
f 7015/3952/5475 7018/4028/5476 7016/4027/5475
f 7020/4029/5478 7017/3953/5477 7019/3950/5478
f 7017/3953/5477 7020/4029/5478 7018/4028/5476
f 7022/4030/5479 7019/3950/5478 7021/3951/5479
f 7019/3950/5478 7022/4030/5479 7020/4029/5478
f 7026/4031/5480 7024/3951/5481 7023/3948/5480
f 7024/3951/5481 7026/4031/5480 7025/4030/5481
f 7028/4032/5482 7023/3948/5480 7027/3949/5483
f 7023/3948/5480 7028/4032/5482 7026/4031/5480
f 7030/4033/5484 7027/3949/5483 7029/3946/5485
f 7027/3949/5483 7030/4033/5484 7028/4032/5482
f 6886/3965/5374 7029/3946/5485 6885/3947/5373
f 7029/3946/5485 6886/3965/5374 7030/4033/5484
f 7032/3892/5486 6889/3650/5372 6885/3947/5373
f 6889/3650/5372 7032/3892/5486 7031/3653/5487
f 7036/3721/5488 7034/3944/5490 7033/3945/5489
f 7034/3944/5490 7036/3721/5488 7035/3722/5491
f 7038/3567/5492 7033/3945/5489 7037/3883/5492
f 7033/3945/5489 7038/3567/5492 7036/3721/5488
f 7035/3722/5491 7039/3958/5493 7034/3944/5490
f 7039/3958/5493 7035/3722/5491 7040/3653/5494
f 7044/4034/5495 7042/3723/5497 7041/4035/5496
f 7042/3723/5497 7044/4034/5495 7043/3726/5498
f 7048/4036/5499 7046/4038/5501 7045/4037/5500
f 7046/4038/5501 7048/4036/5499 7047/4039/5502
f 7052/4040/5503 7050/4042/5505 7049/4041/5504
f 7050/4042/5505 7052/4040/5503 7051/4043/5506
f 7056/4044/5507 7054/4046/5507 7053/4045/5507
f 7054/4046/5507 7056/4044/5507 7055/4047/5507
f 7060/4048/5508 7058/4050/5510 7057/4049/5509
f 7058/4050/5510 7060/4048/5508 7059/4051/5511
f 7064/4052/5512 7062/4054/5514 7061/4053/5513
f 7062/4054/5514 7064/4052/5512 7063/4055/5515
f 7068/4056/5516 7066/4058/5518 7065/4057/5517
f 7066/4058/5518 7068/4056/5516 7067/4059/5519
f 7069/4060/5520 7046/4038/5501 7070/4061/5521
f 7069/4060/5520 7045/4037/5500 7046/4038/5501
f 7070/4061/5521 7044/4034/5495 7041/4035/5496
f 7044/4034/5495 7070/4061/5521 7046/4038/5501
f 7074/4062/5522 7072/4064/5524 7071/4063/5523
f 7072/4064/5524 7074/4062/5522 7073/4065/5524
f 7078/4066/5525 7076/4068/5527 7075/4067/5526
f 7076/4068/5527 7078/4066/5525 7077/4069/5528
f 7082/4070/5529 7080/4072/5531 7079/4071/5530
f 7080/4072/5531 7082/4070/5529 7081/4073/5532
f 7086/4074/5533 7084/4076/5535 7083/4075/5534
f 7084/4076/5535 7086/4074/5533 7085/4077/5536
f 7090/4078/5537 7088/4080/5539 7087/4079/5538
f 7088/4080/5539 7090/4078/5537 7089/4081/5540
f 7094/4082/5541 7092/4084/5543 7091/4083/5542
f 7092/4084/5543 7094/4082/5541 7093/4085/5544
f 7098/4086/5545 7096/4088/5547 7095/4087/5546
f 7096/4088/5547 7098/4086/5545 7097/4089/5548
f 7100/4090/5549 7079/4071/5530 7099/4091/5549
f 7079/4071/5530 7100/4090/5549 7082/4070/5529
s 0
f 7104/4065/5096 7102/4091/5096 7101/4064/5096
f 7102/4091/5096 7104/4065/5096 7103/4090/5096
s 1
f 7108/4038/5550 7106/4063/5551 7105/4064/5550
f 7106/4063/5551 7108/4038/5550 7107/4039/5552
f 7048/4036/5499 7110/4093/5554 7109/4092/5553
f 7110/4093/5554 7048/4036/5499 7045/4037/5500
f 7050/4042/5505 7112/4095/5556 7111/4094/5555
f 7112/4095/5556 7050/4042/5505 7051/4043/5506
f 7116/4040/5557 7114/4067/5559 7113/4068/5558
f 7114/4067/5559 7116/4040/5557 7115/4041/5560
f 7120/4096/5561 7118/4071/5563 7117/4072/5562
f 7118/4071/5563 7120/4096/5561 7119/4097/5564
f 7124/4046/5565 7122/4099/5566 7121/4098/5565
f 7122/4099/5566 7124/4046/5565 7123/4047/5567
f 7128/4044/5568 7126/4075/5569 7125/4076/5569
f 7126/4075/5569 7128/4044/5568 7127/4045/5569
f 7058/4050/5510 7130/4101/5571 7129/4100/5570
f 7130/4101/5571 7058/4050/5510 7059/4051/5511
f 7134/4049/5572 7132/4080/5574 7131/4048/5573
f 7132/4080/5574 7134/4049/5572 7133/4079/5575
f 7062/4054/5514 7136/4103/5577 7135/4102/5576
f 7136/4103/5577 7062/4054/5514 7063/4055/5515
f 7140/4053/5578 7138/4084/5580 7137/4052/5579
f 7138/4084/5580 7140/4053/5578 7139/4083/5581
f 7066/4058/5518 7142/4105/5583 7141/4104/5582
f 7142/4105/5583 7066/4058/5518 7067/4059/5519
f 7146/4057/5584 7144/4088/5586 7143/4056/5585
f 7144/4088/5586 7146/4057/5584 7145/4087/5587
f 7119/4097/5564 7147/4091/5588 7118/4071/5563
f 7147/4091/5588 7119/4097/5564 7148/4034/5588
f 7069/4060/5520 7150/4107/5590 7149/4106/5589
f 7150/4107/5590 7069/4060/5520 7070/4061/5521
f 7045/4037/5500 7151/4106/5554 7110/4093/5554
f 7151/4106/5554 7045/4037/5500 7069/4060/5520
s 0
f 7155/4034/5139 7153/4064/5139 7152/4091/5139
f 7153/4064/5140 7155/4034/5140 7154/4038/5140
s 1
f 7159/4061/5591 7157/4108/5591 7156/4107/5591
f 7157/4108/5591 7159/4061/5591 7158/4035/5591
f 7120/4096/5561 7161/4110/5592 7160/4109/5592
f 7161/4110/5592 7120/4096/5561 7117/4072/5562
f 7163/4111/5593 7080/4072/5531 7081/4073/5532
f 7080/4072/5531 7163/4111/5593 7162/4110/5594
f 7107/4039/5552 7164/4112/5595 7106/4063/5551
f 7164/4112/5595 7107/4039/5552 7165/4113/5596
f 7074/4062/5522 7167/4112/5598 7166/4114/5597
f 7167/4112/5598 7074/4062/5522 7071/4063/5523
f 7048/4036/5499 7169/4116/5600 7168/4115/5599
f 7169/4116/5600 7048/4036/5499 7109/4092/5553
f 7047/4039/5502 7168/4115/5599 7170/4113/5601
f 7168/4115/5599 7047/4039/5502 7048/4036/5499
f 7097/4089/5548 7075/4067/5526 7096/4088/5547
f 7075/4067/5526 7097/4089/5548 7078/4066/5525
f 7050/4042/5505 7142/4105/5583 7067/4059/5519
f 7142/4105/5583 7050/4042/5505 7111/4094/5555
f 7049/4041/5504 7067/4059/5519 7068/4056/5516
f 7067/4059/5519 7049/4041/5504 7050/4042/5505
f 7115/4041/5560 7144/4088/5586 7114/4067/5559
f 7144/4088/5586 7115/4041/5560 7143/4056/5585
f 7134/4049/5572 7171/4076/5602 7133/4079/5575
f 7171/4076/5602 7134/4049/5572 7172/4044/5602
f 7090/4078/5537 7084/4076/5535 7085/4077/5536
f 7084/4076/5535 7090/4078/5537 7087/4079/5538
f 7058/4050/5510 7122/4099/5566 7123/4047/5567
f 7122/4099/5566 7058/4050/5510 7129/4100/5570
f 7057/4049/5509 7123/4047/5567 7173/4044/5603
f 7123/4047/5567 7057/4049/5509 7058/4050/5510
f 7168/4115/5599 7112/4095/5556 7051/4043/5506
f 7112/4095/5556 7168/4115/5599 7169/4116/5600
f 7170/4113/5601 7051/4043/5506 7052/4040/5503
f 7051/4043/5506 7170/4113/5601 7168/4115/5599
f 7165/4113/5596 7113/4068/5558 7164/4112/5595
f 7113/4068/5558 7165/4113/5596 7116/4040/5557
f 7166/4114/5597 7076/4068/5527 7077/4069/5528
f 7076/4068/5527 7166/4114/5597 7167/4112/5598
f 7086/4074/5533 7162/4110/5594 7163/4111/5593
f 7162/4110/5594 7086/4074/5533 7083/4075/5534
f 7178/4117/5604 7175/3808/5606 7174/4098/5605
f 7178/4117/5604 7176/4118/5607 7175/3808/5606
f 7176/4118/5607 7178/4117/5604 7177/4119/5607
f 7182/4045/5608 7180/3812/5608 7179/4109/5608
f 7180/3812/5608 7182/4045/5608 7181/4046/5608
f 7186/4045/5609 7184/4110/5609 7183/4075/5609
f 7184/4110/5609 7186/4045/5609 7185/4109/5609
f 7089/4081/5540 7091/4083/5542 7088/4080/5539
f 7091/4083/5542 7089/4081/5540 7094/4082/5541
f 7062/4054/5514 7130/4101/5571 7059/4051/5511
f 7130/4101/5571 7062/4054/5514 7135/4102/5576
f 7061/4053/5513 7059/4051/5511 7060/4048/5508
f 7059/4051/5511 7061/4053/5513 7062/4054/5514
f 7140/4053/5578 7132/4080/5574 7139/4083/5581
f 7132/4080/5574 7140/4053/5578 7131/4048/5573
f 7093/4085/5544 7095/4087/5546 7092/4084/5543
f 7095/4087/5546 7093/4085/5544 7098/4086/5545
f 7066/4058/5518 7136/4103/5577 7063/4055/5515
f 7136/4103/5577 7066/4058/5518 7141/4104/5582
f 7065/4057/5517 7063/4055/5515 7064/4052/5512
f 7063/4055/5515 7065/4057/5517 7066/4058/5518
f 7146/4057/5584 7138/4084/5580 7145/4087/5587
f 7138/4084/5580 7146/4057/5584 7137/4052/5579
f 7190/4120/5610 7188/4065/5612 7187/4062/5611
f 7188/4065/5612 7190/4120/5610 7189/4121/5613
f 7194/4122/5614 7192/4069/5616 7191/4066/5615
f 7192/4069/5616 7194/4122/5614 7193/4123/5617
f 7198/4124/5618 7196/4073/5620 7195/4070/5619
f 7196/4073/5620 7198/4124/5618 7197/4125/5621
f 7202/4126/5622 7200/4077/5624 7199/4074/5623
f 7200/4077/5624 7202/4126/5622 7201/4127/5625
f 7206/4128/5626 7204/4081/5628 7203/4078/5627
f 7204/4081/5628 7206/4128/5626 7205/4129/5629
f 7210/4130/5630 7208/4085/5632 7207/4082/5631
f 7208/4085/5632 7210/4130/5630 7209/4131/5633
f 7214/4132/5634 7212/4089/5636 7211/4086/5635
f 7212/4089/5636 7214/4132/5634 7213/4133/5637
f 7216/4134/5638 7195/4070/5619 7215/4090/5639
f 7195/4070/5619 7216/4134/5638 7198/4124/5618
f 7189/4121/5613 7215/4090/5639 7188/4065/5612
f 7215/4090/5639 7189/4121/5613 7216/4134/5638
f 7197/4125/5621 7217/4111/5640 7196/4073/5620
f 7217/4111/5640 7197/4125/5621 7218/4135/5641
f 7220/4136/5642 7187/4062/5611 7219/4114/5643
f 7187/4062/5611 7220/4136/5642 7190/4120/5610
f 7213/4133/5637 7191/4066/5615 7212/4089/5636
f 7191/4066/5615 7213/4133/5637 7194/4122/5614
f 7201/4127/5625 7203/4078/5627 7200/4077/5624
f 7203/4078/5627 7201/4127/5625 7206/4128/5626
f 7193/4123/5617 7219/4114/5643 7192/4069/5616
f 7219/4114/5643 7193/4123/5617 7220/4136/5642
f 7218/4135/5641 7199/4074/5623 7217/4111/5640
f 7199/4074/5623 7218/4135/5641 7202/4126/5622
f 7205/4129/5629 7207/4082/5631 7204/4081/5628
f 7207/4082/5631 7205/4129/5629 7210/4130/5630
f 7209/4131/5633 7211/4086/5635 7208/4085/5632
f 7211/4086/5635 7209/4131/5633 7214/4132/5634
f 7224/4137/5644 7222/4121/5646 7221/4120/5645
f 7222/4121/5646 7224/4137/5644 7223/4138/5647
f 7228/4139/5648 7226/4123/5649 7225/4122/5648
f 7226/4123/5649 7228/4139/5648 7227/4140/5650
f 7232/4141/5651 7230/4125/5653 7229/4124/5652
f 7230/4125/5653 7232/4141/5651 7231/4142/5654
f 7236/4143/5655 7234/4127/5655 7233/4126/5656
f 7234/4127/5655 7236/4143/5655 7235/4144/5655
f 7240/4145/5657 7238/4129/5659 7237/4128/5658
f 7238/4129/5659 7240/4145/5657 7239/4146/5660
f 7244/4147/5661 7242/4131/5663 7241/4130/5662
f 7242/4131/5663 7244/4147/5661 7243/4148/5664
f 7248/4149/5665 7246/4133/5667 7245/4132/5666
f 7246/4133/5667 7248/4149/5665 7247/4150/5668
f 7250/4151/5669 7229/4124/5652 7249/4134/5670
f 7229/4124/5652 7250/4151/5669 7232/4141/5651
f 7223/4138/5647 7252/4134/5223 7251/4121/5223
f 7252/4134/5223 7223/4138/5647 7250/4151/5669
f 7231/4142/5654 7253/4135/5671 7230/4125/5653
f 7253/4135/5671 7231/4142/5654 7254/4152/5672
f 7256/4153/5673 7221/4120/5645 7255/4136/5674
f 7221/4120/5645 7256/4153/5673 7224/4137/5644
f 7260/4150/5675 7258/4122/5675 7257/4133/5675
f 7258/4122/5675 7260/4150/5675 7259/4139/5675
f 7262/4144/5676 7237/4128/5658 7261/4127/5677
f 7237/4128/5658 7262/4144/5676 7240/4145/5657
f 7227/4140/5650 7255/4136/5674 7226/4123/5649
f 7255/4136/5674 7227/4140/5650 7256/4153/5673
f 7254/4152/5672 7263/4126/5678 7253/4135/5671
f 7263/4126/5678 7254/4152/5672 7264/4143/5679
f 7239/4146/5660 7241/4130/5662 7238/4129/5659
f 7241/4130/5662 7239/4146/5660 7244/4147/5661
f 7243/4148/5664 7245/4132/5666 7242/4131/5663
f 7245/4132/5666 7243/4148/5664 7248/4149/5665
f 7266/4154/5680 7223/4138/5647 7224/4137/5644
f 7223/4138/5647 7266/4154/5680 7265/4155/5681
f 7269/4156/5682 7227/4140/5650 7267/4139/5683
f 7227/4140/5650 7269/4156/5682 7268/4157/5684
f 7271/4158/5685 7231/4142/5654 7232/4141/5651
f 7231/4142/5654 7271/4158/5685 7270/4159/5686
f 7274/4160/5687 7262/4144/5676 7272/4143/5688
f 7262/4144/5676 7274/4160/5687 7273/4161/5689
f 7276/4162/5690 7239/4146/5660 7240/4145/5657
f 7239/4146/5660 7276/4162/5690 7275/4163/5691
f 7278/4164/5692 7243/4148/5664 7244/4147/5661
f 7243/4148/5664 7278/4164/5692 7277/4165/5693
f 7280/4166/5694 7247/4150/5668 7248/4149/5665
f 7247/4150/5668 7280/4166/5694 7279/4167/5695
f 7281/4168/5696 7232/4141/5651 7250/4151/5669
f 7232/4141/5651 7281/4168/5696 7271/4158/5685
f 7265/4155/5681 7250/4151/5669 7223/4138/5647
f 7250/4151/5669 7265/4155/5681 7281/4168/5696
f 7270/4159/5686 7254/4152/5672 7231/4142/5654
f 7254/4152/5672 7270/4159/5686 7282/4169/5697
f 7283/4170/5698 7224/4137/5644 7256/4153/5673
f 7224/4137/5644 7283/4170/5698 7266/4154/5680
f 7279/4167/5695 7267/4139/5683 7247/4150/5668
f 7267/4139/5683 7279/4167/5695 7269/4156/5682
f 7273/4161/5689 7240/4145/5657 7262/4144/5676
f 7240/4145/5657 7273/4161/5689 7276/4162/5690
f 7268/4157/5684 7256/4153/5673 7227/4140/5650
f 7256/4153/5673 7268/4157/5684 7283/4170/5698
f 7282/4169/5697 7272/4143/5688 7254/4152/5672
f 7272/4143/5688 7282/4169/5697 7274/4160/5687
f 7275/4163/5691 7244/4147/5661 7239/4146/5660
f 7244/4147/5661 7275/4163/5691 7278/4164/5692
f 7277/4165/5693 7248/4149/5665 7243/4148/5664
f 7248/4149/5665 7277/4165/5693 7280/4166/5694
f 7287/4035/5699 7285/3864/5700 7284/4108/5699
f 7285/3864/5700 7287/4035/5699 7286/3723/5699
f 7291/4107/5701 7289/4172/5702 7288/4171/5701
f 7289/4172/5702 7291/4107/5701 7290/4108/5701
s 0
f 7295/4106/4435 7293/4171/4435 7292/4173/4435
f 7293/4171/4435 7295/4106/4435 7294/4107/4435
f 7299/4093/4434 7297/4173/4434 7296/4174/4434
f 7297/4173/4434 7299/4093/4434 7298/4106/4434
s 1
f 7301/4092/5470 7296/4174/4434 7300/4175/5470
f 7296/4174/4434 7301/4092/5470 7299/4093/4434
f 7301/4092/5470 7303/4176/5471 7302/4116/5471
f 7303/4176/5471 7301/4092/5470 7300/4175/5470
f 7302/4116/5471 7305/4177/5472 7304/4095/5472
f 7305/4177/5472 7302/4116/5471 7303/4176/5471
f 7304/4095/5472 7307/4178/5473 7306/4094/5474
f 7307/4178/5473 7304/4095/5472 7305/4177/5472
f 7306/4094/5474 7309/4179/5475 7308/4105/5475
f 7309/4179/5475 7306/4094/5474 7307/4178/5473
f 7308/4105/5475 7311/4180/5476 7310/4104/5476
f 7311/4180/5476 7308/4105/5475 7309/4179/5475
f 7310/4104/5476 7313/4181/5478 7312/4103/5478
f 7313/4181/5478 7310/4104/5476 7311/4180/5476
f 7312/4103/5478 7315/4182/5479 7314/4102/5479
f 7315/4182/5479 7312/4103/5478 7313/4181/5478
f 7319/4102/5481 7317/4183/5480 7316/4101/5480
f 7317/4183/5480 7319/4102/5481 7318/4182/5481
f 7316/4101/5480 7321/4184/5482 7320/4100/5703
f 7321/4184/5482 7316/4101/5480 7317/4183/5480
f 7320/4100/5703 7323/4185/5484 7322/4099/5485
f 7323/4185/5484 7320/4100/5703 7321/4184/5482
f 7322/4099/5485 7178/4117/5604 7174/4098/5605
f 7178/4117/5604 7322/4099/5485 7323/4185/5484
f 7175/3808/5606 7324/4046/5704 7174/4098/5605
f 7324/4046/5704 7175/3808/5606 7325/3812/5705
f 7329/4096/5706 7327/3880/5708 7326/4097/5707
f 7327/3880/5708 7329/4096/5706 7328/3881/5709
f 7326/4097/5707 7331/3726/5710 7330/4034/5710
f 7331/3726/5710 7326/4097/5707 7327/3880/5708
f 7333/4109/5711 7328/3881/5709 7329/4096/5706
f 7328/3881/5709 7333/4109/5711 7332/3812/5711
s 0
f 7337/3882/5712 7335/4186/5712 7334/3566/5712
f 7335/4186/5712 7337/3882/5712 7336/3956/5712
f 7341/4187/5713 7339/3956/5713 7338/4019/5713
f 7339/3956/5713 7341/4187/5713 7340/4186/5713
f 7334/3566/5712 7343/3640/5712 7342/3565/5712
f 7343/3640/5712 7334/3566/5712 7344/4188/5712
f 7348/3706/5713 7346/4188/5713 7345/4189/5713
f 7346/4188/5713 7348/3706/5713 7347/3640/5713
s 1
f 7352/4190/5714 7350/4108/5714 7349/3864/5714
f 7350/4108/5714 7352/4190/5714 7351/4172/5714
f 7356/4191/5715 7354/3864/5716 7353/3799/5716
f 7354/3864/5716 7356/4191/5715 7355/4190/5715
f 7360/3726/5717 7358/3788/5717 7357/3725/5717
f 7358/3788/5717 7360/3726/5717 7359/3880/5717
f 7364/4192/5718 7362/4194/5720 7361/4193/5719
f 7362/4194/5720 7364/4192/5718 7363/4195/5721
f 7367/4196/5722 7363/4195/5721 7365/4197/5723
f 7363/4195/5721 7367/4196/5722 7366/4198/5724
f 7368/4199/5725 7363/4195/5721 7366/4198/5724
f 7363/4195/5721 7368/4199/5725 7362/4194/5720
f 7372/4200/5726 7370/4202/5727 7369/4201/5718
f 7370/4202/5727 7372/4200/5726 7371/4203/5728
f 7376/4204/5729 7374/4206/5731 7373/4205/5730
f 7374/4206/5731 7376/4204/5729 7375/4207/5732
f 7380/4208/5733 7378/4210/4434 7377/4209/5734
f 7378/4210/4434 7380/4208/5733 7379/4211/5735
f 7384/4212/5736 7382/4214/5737 7381/4213/5722
f 7382/4214/5737 7384/4212/5736 7383/4215/5738
f 7375/4207/5732 7385/4216/5739 7374/4206/5731
f 7385/4216/5739 7375/4207/5732 7386/4217/5740
f 7390/4218/5741 7388/4220/5743 7387/4219/5742
f 7388/4220/5743 7390/4218/5741 7389/4221/5729
f 7386/4217/5740 7392/4223/5745 7391/4222/5744
f 7392/4223/5745 7386/4217/5740 7375/4207/5732
f 7375/4207/5732 7393/4224/5746 7392/4223/5745
f 7393/4224/5746 7375/4207/5732 7376/4204/5729
f 7389/4221/5729 7395/4226/5748 7394/4225/5747
f 7395/4226/5748 7389/4221/5729 7390/4218/5741
f 7399/4227/5749 7397/4229/5750 7396/4228/5750
f 7397/4229/5750 7399/4227/5749 7398/4230/5749
f 7403/4231/5751 7401/4233/5753 7400/4232/5752
f 7401/4233/5753 7403/4231/5751 7402/4234/5754
f 7402/4234/5754 7404/4235/5755 7401/4233/5753
f 7404/4235/5755 7402/4234/5754 7405/4236/5756
f 7409/4237/5757 7407/4239/5759 7406/4238/5758
f 7407/4239/5759 7409/4237/5757 7408/4240/5760
f 7413/4241/5761 7411/4243/5762 7410/4242/5762
f 7411/4243/5762 7413/4241/5761 7412/4244/5761
f 7415/4245/5763 7402/4234/5754 7403/4231/5751
f 7402/4234/5754 7415/4245/5763 7414/4246/5764
f 7414/4246/5764 7405/4236/5756 7402/4234/5754
f 7405/4236/5756 7414/4246/5764 7416/4247/5765
f 7418/4248/5766 7408/4240/5760 7409/4237/5757
f 7408/4240/5760 7418/4248/5766 7417/4249/5767
f 7420/4250/5768 7412/4244/5761 7413/4241/5761
f 7412/4244/5761 7420/4250/5768 7419/4251/5768
f 7422/4252/5769 7414/4246/5764 7415/4245/5763
f 7414/4246/5764 7422/4252/5769 7421/4253/5770
f 7421/4253/5770 7416/4247/5765 7414/4246/5764
f 7416/4247/5765 7421/4253/5770 7423/4254/5771
f 7425/4255/5772 7417/4249/5767 7418/4248/5766
f 7417/4249/5767 7425/4255/5772 7424/4256/5773
f 7427/4257/5774 7419/4251/5768 7420/4250/5768
f 7419/4251/5768 7427/4257/5774 7426/4258/5774
f 7431/4259/5775 7429/4261/5777 7428/4260/5776
f 7429/4261/5777 7431/4259/5775 7430/4262/5778
f 7430/4262/5778 7432/4263/5779 7429/4261/5777
f 7432/4263/5779 7430/4262/5778 7433/4264/5780
f 7437/4265/5781 7435/4267/5783 7434/4266/5782
f 7435/4267/5783 7437/4265/5781 7436/4268/5784
f 7441/4269/5785 7439/4271/4435 7438/4270/4435
f 7439/4271/4435 7441/4269/5785 7440/4272/5785
f 7391/4222/5744 7443/4274/5787 7442/4273/5786
f 7443/4274/5787 7391/4222/5744 7392/4223/5745
f 7392/4223/5745 7444/4275/5788 7443/4274/5787
f 7444/4275/5788 7392/4223/5745 7393/4224/5746
f 7394/4225/5747 7446/4277/5789 7445/4276/5788
f 7446/4277/5789 7394/4225/5747 7395/4226/5748
f 7396/4228/5750 7448/4279/5790 7447/4278/5790
f 7448/4279/5790 7396/4228/5750 7397/4229/5750
f 7452/4280/5791 7450/4282/5793 7449/4281/5792
f 7450/4282/5793 7452/4280/5791 7451/4283/4431
f 7406/4238/5758 7371/4203/5728 7372/4200/5726
f 7371/4203/5728 7406/4238/5758 7407/4239/5759
f 7361/4193/5719 7401/4233/5753 7404/4235/5755
f 7401/4233/5753 7361/4193/5719 7362/4194/5720
f 7400/4232/5752 7362/4194/5720 7368/4199/5725
f 7362/4194/5720 7400/4232/5752 7401/4233/5753
f 7387/4219/5742 7454/4285/5794 7453/4284/5727
f 7454/4285/5794 7387/4219/5742 7388/4220/5743
f 7373/4205/5730 7383/4215/5738 7455/4286/5795
f 7383/4215/5738 7373/4205/5730 7374/4206/5731
f 7374/4206/5731 7382/4214/5737 7383/4215/5738
f 7382/4214/5737 7374/4206/5731 7385/4216/5739
f 7382/4214/5737 7368/4199/5725 7366/4198/5724
f 7368/4199/5725 7382/4214/5737 7385/4216/5739
f 7379/4211/5735 7449/4281/5792 7450/4282/5793
f 7449/4281/5792 7379/4211/5735 7380/4208/5733
f 7387/4219/5742 7370/4202/5727 7371/4203/5728
f 7370/4202/5727 7387/4219/5742 7453/4284/5727
f 7381/4213/5722 7366/4198/5724 7367/4196/5722
f 7366/4198/5724 7381/4213/5722 7382/4214/5737
f 7459/4287/5796 7457/4216/5798 7456/4217/5797
f 7457/4216/5798 7459/4287/5796 7458/4288/5799
f 7380/4208/5733 7390/4218/5741 7387/4219/5742
f 7390/4218/5741 7380/4208/5733 7377/4209/5734
f 7461/4289/5800 7456/4217/5797 7460/4222/5801
f 7456/4217/5797 7461/4289/5800 7459/4287/5796
f 7377/4209/5734 7395/4226/5748 7390/4218/5741
f 7395/4226/5748 7377/4209/5734 7462/4290/5802
f 7466/4291/5803 7464/4231/5805 7463/4232/5804
f 7464/4231/5805 7466/4291/5803 7465/4292/5806
f 7467/4293/5807 7407/4239/5759 7408/4240/5760
f 7407/4239/5759 7467/4293/5807 7452/4280/5791
f 7465/4292/5806 7468/4245/5808 7464/4231/5805
f 7468/4245/5808 7465/4292/5806 7469/4294/5809
f 7470/4295/5810 7408/4240/5760 7417/4249/5767
f 7408/4240/5760 7470/4295/5810 7467/4293/5807
f 7469/4294/5809 7471/4252/5811 7468/4245/5808
f 7471/4252/5811 7469/4294/5809 7472/4296/5812
f 7473/4297/5813 7417/4249/5767 7424/4256/5773
f 7417/4249/5767 7473/4297/5813 7470/4295/5810
f 7477/4298/5814 7475/4259/5816 7474/4260/5815
f 7475/4259/5816 7477/4298/5814 7476/4299/5817
f 7479/4300/5818 7435/4267/5783 7436/4268/5784
f 7435/4267/5783 7479/4300/5818 7478/4301/5819
f 7481/4302/5820 7460/4222/5801 7480/4273/5821
f 7460/4222/5801 7481/4302/5820 7461/4289/5800
f 7462/4290/5802 7446/4277/5789 7395/4226/5748
f 7446/4277/5789 7462/4290/5802 7482/4303/5822
f 7484/4304/5823 7463/4232/5804 7483/4199/5824
f 7463/4232/5804 7484/4304/5823 7466/4291/5803
f 7452/4280/5791 7371/4203/5728 7407/4239/5759
f 7371/4203/5728 7452/4280/5791 7449/4281/5792
f 7449/4281/5792 7387/4219/5742 7371/4203/5728
f 7387/4219/5742 7449/4281/5792 7380/4208/5733
f 7458/4288/5799 7483/4199/5824 7457/4216/5798
f 7483/4199/5824 7458/4288/5799 7484/4304/5823
f 7472/4296/5812 7474/4260/5815 7471/4252/5811
f 7474/4260/5815 7472/4296/5812 7477/4298/5814
f 7438/4270/4435 7426/4258/5774 7427/4257/5774
f 7426/4258/5774 7438/4270/4435 7439/4271/4435
f 7478/4301/5819 7424/4256/5773 7435/4267/5783
f 7424/4256/5773 7478/4301/5819 7473/4297/5813
f 7434/4266/5782 7424/4256/5773 7425/4255/5772
f 7424/4256/5773 7434/4266/5782 7435/4267/5783
f 7429/4261/5777 7423/4254/5771 7421/4253/5770
f 7423/4254/5771 7429/4261/5777 7432/4263/5779
f 7428/4260/5776 7421/4253/5770 7422/4252/5769
f 7421/4253/5770 7428/4260/5776 7429/4261/5777
f 7476/4299/5817 7480/4273/5821 7475/4259/5816
f 7480/4273/5821 7476/4299/5817 7481/4302/5820
f 7447/4278/5790 7440/4272/5785 7441/4269/5785
f 7440/4272/5785 7447/4278/5790 7448/4279/5790
f 7482/4303/5822 7436/4268/5784 7446/4277/5789
f 7436/4268/5784 7482/4303/5822 7479/4300/5818
f 7445/4276/5788 7436/4268/5784 7437/4265/5781
f 7436/4268/5784 7445/4276/5788 7446/4277/5789
f 7443/4274/5787 7433/4264/5780 7430/4262/5778
f 7433/4264/5780 7443/4274/5787 7444/4275/5788
f 7442/4273/5786 7430/4262/5778 7431/4259/5775
f 7430/4262/5778 7442/4273/5786 7443/4274/5787
f 7488/4305/5825 7486/4307/5826 7485/4306/5826
f 7486/4307/5826 7488/4305/5825 7487/4308/5827
f 7492/4308/5828 7490/4309/5829 7489/4307/5829
f 7490/4309/5829 7492/4308/5828 7491/4310/5830
f 7496/4310/5831 7494/4311/5833 7493/4309/5832
f 7494/4311/5833 7496/4310/5831 7495/4312/5834
f 7500/4313/5835 7498/4315/5836 7497/4314/5836
f 7498/4315/5836 7500/4313/5835 7499/4316/5837
f 7504/4316/5838 7502/4317/5840 7501/4315/5839
f 7502/4317/5840 7504/4316/5838 7503/4318/5841
f 7508/4319/5842 7506/4314/5843 7505/4320/5843
f 7506/4314/5843 7508/4319/5842 7507/4313/5844
f 7512/4318/5845 7510/4321/5847 7509/4317/5846
f 7510/4321/5847 7512/4318/5845 7511/4322/5848
f 7516/4323/5849 7514/4320/5850 7513/4324/5850
f 7514/4320/5850 7516/4323/5849 7515/4319/5851
f 7520/4322/5852 7518/4325/5853 7517/4321/5853
f 7518/4325/5853 7520/4322/5852 7519/4326/5854
f 7524/4327/5855 7522/4324/5856 7521/4328/5856
f 7522/4324/5856 7524/4327/5855 7523/4323/5857
f 7528/4329/5858 7526/4331/5859 7525/4330/5859
f 7526/4331/5859 7528/4329/5858 7527/4332/5860
f 7532/4333/5861 7530/4335/5862 7529/4334/5862
f 7530/4335/5862 7532/4333/5861 7531/4336/5863
f 7536/4337/5864 7534/4306/5866 7533/4338/5865
f 7534/4306/5866 7536/4337/5864 7535/4305/5867
f 7540/4312/5868 7538/4339/5869 7537/4311/5869
f 7538/4339/5869 7540/4312/5868 7539/4340/5870
f 7544/4326/5871 7542/4330/5872 7541/4325/5872
f 7542/4330/5872 7544/4326/5871 7543/4329/5873
f 7548/4336/5874 7546/4328/5875 7545/4335/5875
f 7546/4328/5875 7548/4336/5874 7547/4327/5876
f 7552/4332/5877 7550/4338/5878 7549/4331/5878
f 7550/4338/5878 7552/4332/5877 7551/4337/5879
f 7556/4340/5880 7554/4334/5881 7553/4339/5881
f 7554/4334/5881 7556/4340/5880 7555/4333/5882
f 7558/4244/5883 7511/4322/5848 7512/4318/5845
f 7511/4322/5848 7558/4244/5883 7557/4251/5883
f 7560/4243/5884 7503/4318/5841 7504/4316/5838
f 7503/4318/5841 7560/4243/5884 7559/4244/5885
f 7562/4242/5886 7499/4316/5837 7500/4313/5835
f 7499/4316/5837 7562/4242/5886 7561/4243/5886
f 7564/4241/5887 7507/4313/5844 7508/4319/5842
f 7507/4313/5844 7564/4241/5887 7563/4242/5888
f 7566/4250/5889 7515/4319/5851 7516/4323/5849
f 7515/4319/5851 7566/4250/5889 7565/4241/5890
f 7568/4257/5891 7523/4323/5857 7524/4327/5855
f 7523/4323/5857 7568/4257/5891 7567/4250/5891
f 7570/4270/5892 7547/4327/5876 7548/4336/5874
f 7547/4327/5876 7570/4270/5892 7569/4257/5892
f 7572/4269/5893 7531/4336/5863 7532/4333/5861
f 7531/4336/5863 7572/4269/5893 7571/4270/5893
f 7574/4278/5894 7555/4333/5882 7556/4340/5880
f 7555/4333/5882 7574/4278/5894 7573/4269/5894
f 7576/4228/5895 7539/4340/5870 7540/4312/5868
f 7539/4340/5870 7576/4228/5895 7575/4278/5896
f 7578/4227/5897 7495/4312/5834 7496/4310/5831
f 7495/4312/5834 7578/4227/5897 7577/4228/5898
f 7580/4230/5899 7491/4310/5830 7492/4308/5828
f 7491/4310/5830 7580/4230/5899 7579/4227/5899
f 7582/4229/5900 7487/4308/5827 7488/4305/5825
f 7487/4308/5827 7582/4229/5900 7581/4230/5901
f 7584/4279/5902 7535/4305/5867 7536/4337/5864
f 7535/4305/5867 7584/4279/5902 7583/4229/5902
f 7586/4272/5903 7551/4337/5879 7552/4332/5877
f 7551/4337/5879 7586/4272/5903 7585/4279/5903
f 7588/4271/5904 7527/4332/5860 7528/4329/5858
f 7527/4332/5860 7588/4271/5904 7587/4272/5904
f 7590/4258/5905 7543/4329/5873 7544/4326/5871
f 7543/4329/5873 7590/4258/5905 7589/4271/5905
f 7592/4251/5906 7519/4326/5854 7520/4322/5852
f 7519/4326/5854 7592/4251/5906 7591/4258/5906
