# Blender 5.1.2
# www.blender.org
mtllib painting.mtl
o painting1
v 11.578960 -1.751106 5.875158
v 11.531219 -2.180583 5.866352
v 11.495623 -2.180583 6.059330
v 11.543364 -1.751106 6.068137
v 12.001574 -2.318575 5.953114
v 12.001574 -1.817572 5.953114
v 11.965977 -1.817572 6.146092
v 11.965977 -2.318575 6.146092
v 11.572974 -1.352010 5.874054
v 11.537377 -1.352010 6.067032
v 12.001574 -1.352010 5.953114
v 11.965977 -1.352010 6.146092
v 11.531219 -2.180583 5.866352
v 11.616101 -2.205488 5.882009
v 11.580504 -2.205488 6.074988
v 11.495623 -2.180583 6.059330
v 11.543364 -1.751106 6.068137
v 11.495623 -2.180583 6.059330
v 11.580504 -2.205488 6.074988
v 11.619631 -1.763098 6.082205
v 11.537377 -1.352010 6.067032
v 11.614725 -1.352010 6.081300
v 11.616101 -2.205488 5.882009
v 11.449908 -2.535971 5.851353
v 11.414311 -2.535971 6.044332
v 11.580504 -2.205488 6.074988
v 11.449908 -2.535971 5.851353
v 11.409284 -2.701213 5.843859
v 11.373687 -2.701213 6.036838
v 11.414311 -2.535971 6.044332
v 11.409284 -2.701213 5.843859
v 11.511308 -2.818343 5.862679
v 11.475710 -2.818343 6.055657
v 11.373687 -2.701213 6.036838
v 11.493013 -3.044064 5.859304
v 11.708770 -3.116188 5.899103
v 11.673172 -3.116188 6.092082
v 11.457607 -3.044236 6.052318
v 11.735096 -3.015791 5.903959
v 11.833827 -3.129573 5.922171
v 11.798229 -3.129573 6.115149
v 11.699499 -3.015791 6.096938
v 11.833827 -3.129573 5.922171
v 12.106983 -3.035871 5.972558
v 12.071386 -3.035871 6.165536
v 11.798229 -3.129573 6.115149
v 11.965977 -2.582909 6.146092
v 12.071386 -2.582909 6.165536
v 12.106983 -2.582909 5.972558
v 12.001300 -2.582927 5.953063
v 11.511308 -2.818343 5.862679
v 11.415867 -2.851808 5.845074
v 11.380270 -2.851808 6.038052
v 11.475710 -2.818343 6.055657
v 11.457607 -3.044236 6.052318
v 11.673172 -3.116188 6.092082
v 11.699499 -3.015791 6.096938
v 11.566418 -2.948377 6.072390
v 11.699499 -3.015791 6.096938
v 11.673172 -3.116188 6.092082
v 11.708770 -3.116188 5.899103
v 11.735096 -3.015791 5.903959
v 11.965977 -2.318575 6.146092
v 11.965977 -2.582909 6.146092
v 12.001300 -2.582927 5.953063
v 12.001574 -2.318575 5.953114
v 11.415867 -2.851808 5.845074
v 11.380270 -2.851808 6.038052
v 11.475710 -2.818343 6.055657
v 11.380270 -2.851808 6.038052
v 12.106983 -3.035871 5.972558
v 12.334064 -2.962247 6.014446
v 12.298468 -2.962247 6.207424
v 12.071386 -3.035871 6.165536
v 12.071386 -2.582909 6.165536
v 12.298468 -2.582909 6.207424
v 12.334064 -2.582909 6.014446
v 12.106983 -2.582909 5.972558
v 12.369347 -3.009097 6.020954
v 12.742152 -2.962247 6.089722
v 12.706554 -2.962247 6.282701
v 12.333750 -3.009097 6.213933
v 12.340333 -2.582909 6.215147
v 12.706554 -2.582909 6.282701
v 12.742152 -2.582909 6.089722
v 12.375930 -2.582909 6.022168
v 12.334064 -2.962247 6.014446
v 12.298468 -2.962247 6.207424
v 12.742152 -2.962247 6.089722
v 13.166696 -3.009097 6.168034
v 13.131099 -3.009097 6.361012
v 12.706554 -2.962247 6.282701
v 13.131099 -2.582909 6.361012
v 13.166696 -2.582909 6.168034
v 13.166696 -3.009097 6.168034
v 13.327958 -3.069335 6.197781
v 13.292361 -3.069335 6.390759
v 13.131099 -3.009097 6.361012
v 13.292361 -2.582909 6.390759
v 13.327958 -2.582909 6.197781
v 13.327958 -3.069335 6.197781
v 13.495801 -3.035871 6.228741
v 13.460204 -3.035871 6.421720
v 13.292361 -3.069335 6.390759
v 13.460204 -2.582909 6.421720
v 13.495801 -2.582909 6.228741
v 13.495801 -3.035871 6.228741
v 13.742627 -3.065989 6.274271
v 13.707030 -3.065989 6.467250
v 13.460204 -3.035871 6.421720
v 13.707030 -2.582909 6.467250
v 13.742627 -2.582909 6.274271
v 13.742627 -3.065989 6.274271
v 13.874269 -3.035871 6.298554
v 13.838672 -3.035871 6.491532
v 13.707030 -3.065989 6.467250
v 13.838672 -2.582909 6.491532
v 13.874269 -2.582909 6.298554
v 13.874269 -3.035871 6.298554
v 13.973000 -2.932125 6.316766
v 13.937403 -2.932125 6.509745
v 13.838672 -3.035871 6.491532
v 13.937403 -2.582909 6.509745
v 13.973000 -2.582909 6.316766
v 12.001574 -0.960463 5.953114
v 11.965977 -0.960463 6.146092
v 11.601562 -0.960463 6.078872
v 11.497885 -0.960463 6.059748
v 11.537377 -1.352010 6.067032
v 11.497885 -0.960463 6.059748
v 11.533482 -0.960463 5.866769
v 11.572974 -1.352010 5.874054
v 12.001574 -0.652579 5.953114
v 11.965977 -0.652579 6.146092
v 11.548903 -0.652579 6.069159
v 11.422194 -0.652579 6.045785
v 11.497885 -0.960463 6.059748
v 11.422194 -0.652579 6.045785
v 11.457790 -0.652579 5.852807
v 11.533482 -0.960463 5.866769
v 12.001574 -0.532103 5.953114
v 11.965977 -0.532103 6.146092
v 11.568652 -0.532103 6.072802
v 11.451813 -0.532103 6.051249
v 11.422194 -0.652579 6.045785
v 11.451813 -0.532103 6.051249
v 11.487410 -0.532103 5.858271
v 11.457790 -0.652579 5.852807
v 12.001574 -0.224220 5.953114
v 11.965977 -0.224220 6.146092
v 11.548903 -0.224220 6.069159
v 11.428773 -0.224220 6.046999
v 11.451813 -0.532103 6.051249
v 11.428773 -0.224220 6.046999
v 11.464371 -0.224220 5.854021
v 11.487410 -0.532103 5.858271
v 12.001574 -0.083664 5.953114
v 11.965977 -0.083664 6.146092
v 11.598271 -0.083664 6.078265
v 11.464975 -0.083664 6.053677
v 11.428773 -0.224220 6.046999
v 11.464975 -0.083664 6.053677
v 11.500572 -0.083664 5.860699
v 11.464371 -0.224220 5.854021
v 12.001574 -0.000000 5.953114
v 11.965977 -0.000000 6.146092
v 11.680547 -0.000000 6.093441
v 11.547251 -0.000000 6.068854
v 11.464975 -0.083664 6.053677
v 11.547251 -0.000000 6.068854
v 11.582848 -0.000000 5.875875
v 11.500572 -0.083664 5.860699
v 16.367039 -1.751106 6.758374
v 16.331442 -1.751106 6.951353
v 16.379183 -2.180583 6.960159
v 16.414780 -2.180583 6.767180
v 15.944426 -2.318575 6.680418
v 15.908829 -2.318575 6.873396
v 15.908829 -1.817572 6.873396
v 15.944426 -1.817572 6.680418
v 16.373026 -1.352010 6.759478
v 16.337429 -1.352010 6.952456
v 15.908829 -1.352010 6.873396
v 15.944426 -1.352010 6.680418
v 16.414780 -2.180583 6.767180
v 16.379183 -2.180583 6.960159
v 16.294300 -2.205488 6.944501
v 16.329899 -2.205488 6.751523
v 16.331442 -1.751106 6.951353
v 16.255178 -1.763098 6.937284
v 16.294300 -2.205488 6.944501
v 16.379183 -2.180583 6.960159
v 16.337429 -1.352010 6.952456
v 16.260080 -1.352010 6.938189
v 16.329899 -2.205488 6.751523
v 16.294300 -2.205488 6.944501
v 16.460495 -2.535971 6.975158
v 16.496092 -2.535971 6.782179
v 16.496092 -2.535971 6.782179
v 16.460495 -2.535971 6.975158
v 16.501120 -2.701213 6.982651
v 16.536716 -2.701213 6.789673
v 16.536716 -2.701213 6.789673
v 16.501120 -2.701213 6.982651
v 16.399097 -2.818343 6.963832
v 16.434696 -2.818343 6.770854
v 16.452986 -3.044064 6.774228
v 16.417198 -3.044236 6.967171
v 16.201635 -3.116188 6.927408
v 16.237232 -3.116188 6.734430
v 16.210903 -3.015791 6.729573
v 16.175306 -3.015791 6.922552
v 16.076576 -3.129573 6.904339
v 16.112173 -3.129573 6.711361
v 16.112173 -3.129573 6.711361
v 16.076576 -3.129573 6.904339
v 15.803419 -3.035871 6.853952
v 15.839016 -3.035871 6.660974
v 15.908829 -2.582909 6.873396
v 15.944699 -2.582927 6.680469
v 15.839016 -2.582909 6.660974
v 15.803419 -2.582909 6.853952
v 16.434696 -2.818343 6.770854
v 16.399097 -2.818343 6.963832
v 16.494535 -2.851808 6.981437
v 16.530132 -2.851808 6.788458
v 16.417198 -3.044236 6.967171
v 16.308388 -2.948377 6.947100
v 16.175306 -3.015791 6.922552
v 16.201635 -3.116188 6.927408
v 16.175306 -3.015791 6.922552
v 16.210903 -3.015791 6.729573
v 16.237232 -3.116188 6.734430
v 16.201635 -3.116188 6.927408
v 15.908829 -2.318575 6.873396
v 15.944426 -2.318575 6.680418
v 15.944699 -2.582927 6.680469
v 15.908829 -2.582909 6.873396
v 16.530132 -2.851808 6.788458
v 16.494535 -2.851808 6.981437
v 16.399097 -2.818343 6.963832
v 16.494535 -2.851808 6.981437
v 15.839016 -3.035871 6.660974
v 15.803419 -3.035871 6.853952
v 15.576338 -2.962247 6.812065
v 15.611935 -2.962247 6.619086
v 15.803419 -2.582909 6.853952
v 15.839016 -2.582909 6.660974
v 15.611935 -2.582909 6.619086
v 15.576338 -2.582909 6.812065
v 15.576653 -3.009097 6.612578
v 15.541056 -3.009097 6.805557
v 15.168250 -2.962247 6.736788
v 15.203848 -2.962247 6.543810
v 15.534472 -2.582909 6.804342
v 15.570069 -2.582909 6.611364
v 15.203848 -2.582909 6.543810
v 15.168250 -2.582909 6.736788
v 15.611935 -2.962247 6.619086
v 15.576338 -2.962247 6.812065
v 15.203848 -2.962247 6.543810
v 15.168250 -2.962247 6.736788
v 14.743707 -3.009097 6.658476
v 14.779305 -3.009097 6.465498
v 14.779305 -2.582909 6.465498
v 14.743707 -2.582909 6.658476
v 14.779305 -3.009097 6.465498
v 14.743707 -3.009097 6.658476
v 14.582444 -3.069335 6.628730
v 14.618041 -3.069335 6.435751
v 14.618041 -2.582909 6.435751
v 14.582444 -2.582909 6.628730
v 14.618041 -3.069335 6.435751
v 14.582444 -3.069335 6.628730
v 14.414601 -3.035871 6.597769
v 14.450199 -3.035871 6.404791
v 14.450199 -2.582909 6.404791
v 14.414601 -2.582909 6.597769
v 14.450199 -3.035871 6.404791
v 14.414601 -3.035871 6.597769
v 14.167776 -3.065989 6.552239
v 14.203373 -3.065989 6.359261
v 14.203373 -2.582909 6.359261
v 14.167776 -2.582909 6.552239
v 14.203373 -3.065989 6.359261
v 14.167776 -3.065989 6.552239
v 14.036135 -3.035871 6.527957
v 14.071732 -3.035871 6.334978
v 14.071732 -2.582909 6.334978
v 14.036135 -2.582909 6.527957
v 14.071732 -3.035871 6.334978
v 14.036135 -3.035871 6.527957
v 13.937403 -2.932125 6.509745
v 13.973000 -2.932125 6.316766
v 15.908829 -0.960463 6.873396
v 15.944426 -0.960463 6.680418
v 16.376921 -0.960463 6.959742
v 16.273243 -0.960463 6.940617
v 16.337429 -1.352010 6.952456
v 16.373026 -1.352010 6.759478
v 16.412518 -0.960463 6.766763
v 16.376921 -0.960463 6.959742
v 15.908829 -0.652579 6.873396
v 15.944426 -0.652579 6.680418
v 16.452616 -0.652579 6.973704
v 16.325903 -0.652579 6.950331
v 16.376921 -0.960463 6.959742
v 16.412518 -0.960463 6.766763
v 16.488213 -0.652579 6.780725
v 16.452616 -0.652579 6.973704
v 15.908829 -0.532103 6.873396
v 15.944426 -0.532103 6.680418
v 16.422997 -0.532103 6.968241
v 16.306156 -0.532103 6.946688
v 16.452616 -0.652579 6.973704
v 16.488213 -0.652579 6.780725
v 16.458593 -0.532103 6.775262
v 16.422997 -0.532103 6.968241
v 15.908829 -0.224220 6.873396
v 15.944426 -0.224220 6.680418
v 16.446032 -0.224220 6.972490
v 16.325903 -0.224220 6.950331
v 16.422997 -0.532103 6.968241
v 16.458593 -0.532103 6.775262
v 16.481628 -0.224220 6.779511
v 16.446032 -0.224220 6.972490
v 15.908829 -0.083664 6.873396
v 15.944426 -0.083664 6.680418
v 16.409830 -0.083664 6.965812
v 16.276537 -0.083664 6.941225
v 16.446032 -0.224220 6.972490
v 16.481628 -0.224220 6.779511
v 16.445427 -0.083664 6.772833
v 16.409830 -0.083664 6.965812
v 15.908829 -0.000000 6.873396
v 15.944426 -0.000000 6.680418
v 16.409830 -0.083664 6.965812
v 16.327555 -0.000000 6.950635
v 16.194260 -0.000000 6.926046
v 16.409830 -0.083664 6.965812
v 16.445427 -0.083664 6.772833
v 16.363152 -0.000000 6.757657
v 16.327555 -0.000000 6.950635
v 16.367039 1.751106 6.758374
v 16.414780 2.180583 6.767180
v 16.379183 2.180583 6.960159
v 16.331442 1.751106 6.951353
v 15.944426 2.318575 6.680418
v 15.944426 1.817572 6.680418
v 15.908829 1.817572 6.873396
v 15.908829 2.318575 6.873396
v 16.373026 1.352010 6.759478
v 16.337429 1.352010 6.952456
v 15.944426 1.352010 6.680418
v 15.908829 1.352010 6.873396
v 16.414780 2.180583 6.767180
v 16.329899 2.205488 6.751523
v 16.294300 2.205488 6.944501
v 16.379183 2.180583 6.960159
v 16.331442 1.751106 6.951353
v 16.379183 2.180583 6.960159
v 16.294300 2.205488 6.944501
v 16.255178 1.763098 6.937284
v 16.337429 1.352010 6.952456
v 16.260080 1.352010 6.938189
v 16.329899 2.205488 6.751523
v 16.496092 2.535971 6.782179
v 16.460495 2.535971 6.975158
v 16.294300 2.205488 6.944501
v 16.496092 2.535971 6.782179
v 16.536716 2.701213 6.789673
v 16.501120 2.701213 6.982651
v 16.460495 2.535971 6.975158
v 16.536716 2.701213 6.789673
v 16.434696 2.818343 6.770854
v 16.399097 2.818343 6.963832
v 16.501120 2.701213 6.982651
v 16.452986 3.044064 6.774228
v 16.237232 3.116188 6.734430
v 16.201635 3.116188 6.927408
v 16.417198 3.044236 6.967171
v 16.210903 3.015791 6.729573
v 16.112173 3.129573 6.711361
v 16.076576 3.129573 6.904339
v 16.175306 3.015791 6.922552
v 16.112173 3.129573 6.711361
v 15.839016 3.035871 6.660974
v 15.803419 3.035871 6.853952
v 16.076576 3.129573 6.904339
v 15.908829 2.582912 6.873396
v 15.803419 2.582912 6.853952
v 15.839016 2.582912 6.660974
v 15.944699 2.582927 6.680469
v 16.434696 2.818343 6.770854
v 16.530132 2.851808 6.788458
v 16.494535 2.851808 6.981437
v 16.399097 2.818343 6.963832
v 16.417198 3.044236 6.967171
v 16.201635 3.116188 6.927408
v 16.175306 3.015791 6.922552
v 16.308388 2.948377 6.947100
v 16.175306 3.015791 6.922552
v 16.201635 3.116188 6.927408
v 16.237232 3.116188 6.734430
v 16.210903 3.015791 6.729573
v 15.908829 2.318575 6.873396
v 15.908829 2.582912 6.873396
v 15.944699 2.582927 6.680469
v 15.944426 2.318575 6.680418
v 16.530132 2.851808 6.788458
v 16.494535 2.851808 6.981437
v 16.399097 2.818343 6.963832
v 16.494535 2.851808 6.981437
v 15.839016 3.035871 6.660974
v 15.611935 2.962247 6.619086
v 15.576338 2.962247 6.812065
v 15.803419 3.035871 6.853952
v 15.803419 2.582912 6.853952
v 15.576338 2.582912 6.812065
v 15.611935 2.582912 6.619086
v 15.839016 2.582912 6.660974
v 15.576653 3.009097 6.612578
v 15.203848 2.962247 6.543810
v 15.168250 2.962247 6.736788
v 15.541056 3.009097 6.805557
v 15.534472 2.582912 6.804342
v 15.168250 2.582912 6.736788
v 15.203848 2.582912 6.543810
v 15.570069 2.582912 6.611364
v 15.611935 2.962247 6.619086
v 15.576338 2.962247 6.812065
v 15.203848 2.962247 6.543810
v 14.779305 3.009097 6.465498
v 14.743707 3.009097 6.658476
v 15.168250 2.962247 6.736788
v 14.743707 2.582912 6.658476
v 14.779305 2.582912 6.465498
v 14.779305 3.009097 6.465498
v 14.618041 3.069335 6.435751
v 14.582444 3.069335 6.628730
v 14.743707 3.009097 6.658476
v 14.582444 2.582912 6.628730
v 14.618041 2.582912 6.435751
v 14.618041 3.069335 6.435751
v 14.450199 3.035871 6.404791
v 14.414601 3.035871 6.597769
v 14.582444 3.069335 6.628730
v 14.414601 2.582912 6.597769
v 14.450199 2.582912 6.404791
v 14.450199 3.035871 6.404791
v 14.203373 3.065989 6.359261
v 14.167776 3.065989 6.552239
v 14.414601 3.035871 6.597769
v 14.167776 2.582912 6.552239
v 14.203373 2.582912 6.359261
v 14.203373 3.065989 6.359261
v 14.071732 3.035871 6.334978
v 14.036135 3.035871 6.527957
v 14.167776 3.065989 6.552239
v 14.036135 2.582912 6.527957
v 14.071732 2.582912 6.334978
v 14.071732 3.035871 6.334978
v 13.973000 2.932125 6.316766
v 13.937403 2.932125 6.509745
v 14.036135 3.035871 6.527957
v 13.937403 2.582912 6.509745
v 13.973000 2.582912 6.316766
v 15.944426 0.960463 6.680418
v 15.908829 0.960463 6.873396
v 16.273243 0.960463 6.940617
v 16.376921 0.960463 6.959742
v 16.337429 1.352010 6.952456
v 16.376921 0.960463 6.959742
v 16.412518 0.960463 6.766763
v 16.373026 1.352010 6.759478
v 15.944426 0.652579 6.680418
v 15.908829 0.652579 6.873396
v 16.325903 0.652579 6.950331
v 16.452616 0.652579 6.973704
v 16.376921 0.960463 6.959742
v 16.452616 0.652579 6.973704
v 16.488213 0.652579 6.780725
v 16.412518 0.960463 6.766763
v 15.944426 0.532103 6.680418
v 15.908829 0.532103 6.873396
v 16.306156 0.532103 6.946688
v 16.422997 0.532103 6.968241
v 16.452616 0.652579 6.973704
v 16.422997 0.532103 6.968241
v 16.458593 0.532103 6.775262
v 16.488213 0.652579 6.780725
v 15.944426 0.224220 6.680418
v 15.908829 0.224220 6.873396
v 16.325903 0.224220 6.950331
v 16.446032 0.224220 6.972490
v 16.422997 0.532103 6.968241
v 16.446032 0.224220 6.972490
v 16.481628 0.224220 6.779511
v 16.458593 0.532103 6.775262
v 15.944426 0.083664 6.680418
v 15.908829 0.083664 6.873396
v 16.276537 0.083664 6.941225
v 16.409830 0.083664 6.965812
v 16.446032 0.224220 6.972490
v 16.409830 0.083664 6.965812
v 16.445427 0.083664 6.772833
v 16.481628 0.224220 6.779511
v 16.194260 -0.000000 6.926046
v 16.327555 -0.000000 6.950635
v 16.409830 0.083664 6.965812
v 16.409830 0.083664 6.965812
v 16.327555 -0.000000 6.950635
v 16.363152 -0.000000 6.757657
v 16.445427 0.083664 6.772833
v 11.578960 1.751106 5.875158
v 11.543364 1.751106 6.068137
v 11.495623 2.180583 6.059330
v 11.531219 2.180583 5.866352
v 12.001574 2.318575 5.953114
v 11.965977 2.318575 6.146092
v 11.965977 1.817572 6.146092
v 12.001574 1.817572 5.953114
v 11.572974 1.352010 5.874054
v 11.537377 1.352010 6.067032
v 11.965977 1.352010 6.146092
v 12.001574 1.352010 5.953114
v 11.531219 2.180583 5.866352
v 11.495623 2.180583 6.059330
v 11.580504 2.205488 6.074988
v 11.616101 2.205488 5.882009
v 11.543364 1.751106 6.068137
v 11.619631 1.763098 6.082205
v 11.580504 2.205488 6.074988
v 11.495623 2.180583 6.059330
v 11.537377 1.352010 6.067032
v 11.614725 1.352010 6.081300
v 11.616101 2.205488 5.882009
v 11.580504 2.205488 6.074988
v 11.414311 2.535971 6.044332
v 11.449908 2.535971 5.851353
v 11.449908 2.535971 5.851353
v 11.414311 2.535971 6.044332
v 11.373687 2.701213 6.036838
v 11.409284 2.701213 5.843859
v 11.409284 2.701213 5.843859
v 11.373687 2.701213 6.036838
v 11.475710 2.818343 6.055657
v 11.511308 2.818343 5.862679
v 11.493013 3.044064 5.859304
v 11.457607 3.044236 6.052318
v 11.673172 3.116188 6.092082
v 11.708770 3.116188 5.899103
v 11.735096 3.015791 5.903959
v 11.699499 3.015791 6.096938
v 11.798229 3.129573 6.115149
v 11.833827 3.129573 5.922171
v 11.833827 3.129573 5.922171
v 11.798229 3.129573 6.115149
v 12.071386 3.035871 6.165536
v 12.106983 3.035871 5.972558
v 11.965977 2.582912 6.146092
v 12.001300 2.582927 5.953063
v 12.106983 2.582912 5.972558
v 12.071386 2.582912 6.165536
v 11.511308 2.818343 5.862679
v 11.475710 2.818343 6.055657
v 11.380270 2.851808 6.038052
v 11.415867 2.851808 5.845074
v 11.457607 3.044236 6.052318
v 11.566418 2.948377 6.072390
v 11.699499 3.015791 6.096938
v 11.673172 3.116188 6.092082
v 11.699499 3.015791 6.096938
v 11.735096 3.015791 5.903959
v 11.708770 3.116188 5.899103
v 11.673172 3.116188 6.092082
v 11.965977 2.318575 6.146092
v 12.001574 2.318575 5.953114
v 12.001300 2.582927 5.953063
v 11.965977 2.582912 6.146092
v 11.415867 2.851808 5.845074
v 11.380270 2.851808 6.038052
v 11.475710 2.818343 6.055657
v 11.380270 2.851808 6.038052
v 12.106983 3.035871 5.972558
v 12.071386 3.035871 6.165536
v 12.298468 2.962247 6.207424
v 12.334064 2.962247 6.014446
v 12.071386 2.582912 6.165536
v 12.106983 2.582912 5.972558
v 12.334064 2.582912 6.014446
v 12.298468 2.582912 6.207424
v 12.369347 3.009097 6.020954
v 12.333750 3.009097 6.213933
v 12.706554 2.962247 6.282701
v 12.742152 2.962247 6.089722
v 12.340333 2.582912 6.215147
v 12.375930 2.582912 6.022168
v 12.742152 2.582912 6.089722
v 12.706554 2.582912 6.282701
v 12.334064 2.962247 6.014446
v 12.298468 2.962247 6.207424
v 12.742152 2.962247 6.089722
v 12.706554 2.962247 6.282701
v 13.131099 3.009097 6.361012
v 13.166696 3.009097 6.168034
v 13.166696 2.582912 6.168034
v 13.131099 2.582912 6.361012
v 13.166696 3.009097 6.168034
v 13.131099 3.009097 6.361012
v 13.292361 3.069335 6.390759
v 13.327958 3.069335 6.197781
v 13.327958 2.582912 6.197781
v 13.292361 2.582912 6.390759
v 13.327958 3.069335 6.197781
v 13.292361 3.069335 6.390759
v 13.460204 3.035871 6.421720
v 13.495801 3.035871 6.228741
v 13.495801 2.582912 6.228741
v 13.460204 2.582912 6.421720
v 13.495801 3.035871 6.228741
v 13.460204 3.035871 6.421720
v 13.707030 3.065989 6.467250
v 13.742627 3.065989 6.274271
v 13.742627 2.582912 6.274271
v 13.707030 2.582912 6.467250
v 13.742627 3.065989 6.274271
v 13.707030 3.065989 6.467250
v 13.838672 3.035871 6.491532
v 13.874269 3.035871 6.298554
v 13.874269 2.582912 6.298554
v 13.838672 2.582912 6.491532
v 13.874269 3.035871 6.298554
v 13.838672 3.035871 6.491532
v 13.937403 2.932125 6.509745
v 13.973000 2.932125 6.316766
v 11.965977 0.960463 6.146092
v 12.001574 0.960463 5.953114
v 11.497885 0.960463 6.059748
v 11.601562 0.960463 6.078872
v 11.537377 1.352010 6.067032
v 11.572974 1.352010 5.874054
v 11.533482 0.960463 5.866769
v 11.497885 0.960463 6.059748
v 11.965977 0.652579 6.146092
v 12.001574 0.652579 5.953114
v 11.422194 0.652579 6.045785
v 11.548903 0.652579 6.069159
v 11.497885 0.960463 6.059748
v 11.533482 0.960463 5.866769
v 11.457790 0.652579 5.852807
v 11.422194 0.652579 6.045785
v 11.965977 0.532103 6.146092
v 12.001574 0.532103 5.953114
v 11.451813 0.532103 6.051249
v 11.568652 0.532103 6.072802
v 11.422194 0.652579 6.045785
v 11.457790 0.652579 5.852807
v 11.487410 0.532103 5.858271
v 11.451813 0.532103 6.051249
v 11.965977 0.224220 6.146092
v 12.001574 0.224220 5.953114
v 11.428773 0.224220 6.046999
v 11.548903 0.224220 6.069159
v 11.451813 0.532103 6.051249
v 11.487410 0.532103 5.858271
v 11.464371 0.224220 5.854021
v 11.428773 0.224220 6.046999
v 11.965977 0.083664 6.146092
v 12.001574 0.083664 5.953114
v 11.464975 0.083664 6.053677
v 11.598271 0.083664 6.078265
v 11.428773 0.224220 6.046999
v 11.464371 0.224220 5.854021
v 11.500572 0.083664 5.860699
v 11.464975 0.083664 6.053677
v 11.464975 0.083664 6.053677
v 11.500572 0.083664 5.860699
v 11.582848 -0.000000 5.875875
v 11.547251 -0.000000 6.068854
v 11.630580 2.645657 6.059543
v 11.726782 2.646508 6.076977
v 11.742522 2.716538 6.079937
v 11.648091 2.723608 6.062257
v 11.706638 2.311309 6.075933
v 11.799230 2.353120 6.092634
v 11.715883 1.852757 6.079713
v 11.810171 1.854131 6.094443
v 11.713285 1.381159 6.079662
v 11.807722 1.385894 6.093863
v 11.708479 0.993668 6.078242
v 11.802734 0.989709 6.092834
v 11.686783 0.674154 6.072782
v 11.781167 0.674013 6.088263
v 11.694963 0.548830 6.074532
v 11.789216 0.550764 6.089951
v 11.686751 0.230110 6.072624
v 11.781164 0.234953 6.088263
v 11.706089 0.086072 6.077806
v 11.801459 0.099974 6.092568
v 11.737200 0.000450 6.088454
v 11.839165 0.000621 6.101401
v 11.706755 -0.084894 6.077804
v 11.800192 -0.097893 6.092157
v 11.686808 -0.228832 6.072626
v 11.781096 -0.233220 6.088241
v 11.694961 -0.547103 6.074545
v 11.789219 -0.549037 6.089952
v 11.686785 -0.672423 6.072770
v 11.781164 -0.672285 6.088263
v 11.708479 -0.991940 6.078238
v 11.802734 -0.987981 6.092834
v 11.713352 -1.380023 6.079662
v 11.807734 -1.384548 6.093867
v 11.715884 -1.851030 6.079722
v 11.810171 -1.852404 6.094443
v 11.708828 -2.311822 6.075950
v 11.796285 -2.350985 6.091690
v 11.631224 -2.641109 6.059673
v 11.726131 -2.647600 6.076891
v 11.639023 -2.723377 6.060682
v 11.733601 -2.721608 6.078240
v 16.361729 -2.603533 6.936639
v 16.262085 -2.612045 6.913327
v 16.219887 -2.720895 6.905070
v 16.317284 -2.733447 6.925375
v 16.245508 -2.275112 6.917629
v 16.155699 -2.331914 6.894887
v 16.223694 -1.799968 6.917344
v 16.131699 -1.841741 6.890923
v 16.234320 -1.367896 6.922191
v 16.143339 -1.386689 6.892104
v 16.242092 -0.973063 6.922206
v 16.149136 -0.986789 6.893269
v 16.275673 -0.663257 6.925049
v 16.184313 -0.672251 6.898998
v 16.263559 -0.540055 6.924054
v 16.171629 -0.549553 6.896876
v 16.276508 -0.227525 6.925470
v 16.184250 -0.234638 6.898993
v 16.246422 -0.084387 6.923633
v 16.153564 -0.104621 6.893809
v 16.194260 -0.000000 6.926046
v 16.091757 0.000652 6.884772
v 16.245066 0.085152 6.922841
v 16.156338 0.105258 6.894040
v 16.276432 0.228450 6.925432
v 16.184347 0.236357 6.899002
v 16.263052 0.541022 6.923785
v 16.172064 0.551268 6.896915
v 16.276491 0.664002 6.925462
v 16.183228 0.673975 6.898897
v 16.241261 0.974158 6.921714
v 16.149828 0.988560 6.893326
v 16.234222 1.368612 6.922131
v 16.143503 1.388144 6.892117
v 16.222651 1.802040 6.916684
v 16.132811 1.843447 6.891009
v 16.242136 2.281036 6.915773
v 16.161261 2.332596 6.895372
v 16.362518 2.604165 6.936947
v 16.259020 2.607532 6.913402
v 16.302483 2.732518 6.922510
v 16.200678 2.717743 6.901891
v 16.050472 2.938760 6.875798
v 16.042351 2.842554 6.872601
v 16.090761 2.829525 6.881403
v 16.127340 2.917253 6.892938
v 15.856816 2.899312 6.841390
v 15.872955 2.805183 6.842314
v 15.612083 2.871718 6.799514
v 15.609291 2.772423 6.795379
v 15.577158 2.888414 6.790880
v 15.580909 2.793075 6.788786
v 15.208834 2.869424 6.724325
v 15.209813 2.773969 6.720753
v 14.775627 2.888646 6.643290
v 14.767317 2.793573 6.638653
v 14.600790 2.913717 6.609394
v 14.603902 2.818240 6.608048
v 14.431174 2.900013 6.578779
v 14.433016 2.804435 6.576783
v 14.176371 2.912490 6.531200
v 14.178693 2.816879 6.529636
v 14.041031 2.901127 6.507081
v 14.053554 2.803857 6.506851
v 13.939476 2.860471 6.492785
v 13.940134 2.757448 6.487408
v 13.838985 2.900213 6.469662
v 13.826891 2.805584 6.464849
v 13.703015 2.912487 6.443899
v 13.701406 2.816879 6.441596
v 13.448015 2.900016 6.397396
v 13.447001 2.804439 6.394901
v 13.279509 2.914421 6.365771
v 13.276217 2.817448 6.363224
v 13.103204 2.888643 6.334812
v 13.112628 2.793570 6.333427
v 12.669604 2.869427 6.255907
v 12.669958 2.773972 6.252248
v 12.303491 2.891303 6.187526
v 12.300117 2.786716 6.184337
v 12.267580 2.872529 6.182753
v 12.271392 2.771300 6.178822
v 12.022506 2.899315 6.134065
v 12.007092 2.805187 6.129213
v 11.829417 2.942309 6.097618
v 11.856715 2.845890 6.100624
v 11.756905 2.901459 6.085936
v 11.807261 2.820346 6.091365
v 11.814049 -2.999840 6.097139
v 11.841271 -2.894232 6.097638
v 11.797526 -2.856086 6.089323
v 11.741287 -2.934200 6.085321
v 12.023471 -2.943808 6.136268
v 12.005806 -2.850293 6.128279
v 12.273690 -2.909470 6.187633
v 12.278270 -2.807944 6.180700
v 12.308187 -2.935787 6.191896
v 12.318650 -2.833919 6.186273
v 12.686882 -2.905058 6.262579
v 12.670007 -2.808789 6.251728
v 13.117526 -2.931487 6.340171
v 13.114066 -2.833819 6.333118
v 13.280638 -2.961737 6.367966
v 13.276728 -2.866442 6.362525
v 13.452604 -2.944709 6.400795
v 13.446939 -2.848866 6.394188
v 13.704448 -2.960266 6.446289
v 13.701288 -2.864821 6.440853
v 13.838946 -2.946174 6.472373
v 13.823772 -2.848678 6.463717
v 13.938873 -2.895547 6.497723
v 13.940202 -2.788844 6.486855
v 14.040505 -2.945097 6.509323
v 14.055868 -2.850882 6.506322
v 14.175248 -2.960398 6.533158
v 14.179070 -2.864742 6.528992
v 14.426908 -2.944446 6.580460
v 14.433327 -2.849263 6.576101
v 14.598914 -2.962951 6.611370
v 14.603572 -2.865343 6.607374
v 14.761879 -2.930570 6.643274
v 14.766244 -2.835030 6.637762
v 15.208219 -2.906322 6.727451
v 15.209991 -2.811042 6.720016
v 15.571224 -2.934644 6.793530
v 15.562902 -2.835212 6.785559
v 15.603974 -2.910926 6.802361
v 15.601790 -2.806683 6.792414
v 15.855124 -2.943799 6.843129
v 15.874488 -2.850290 6.841891
v 16.065527 -2.997045 6.880923
v 16.042015 -2.899928 6.872047
v 16.148018 -2.952558 6.899722
v 16.105181 -2.868798 6.883578
v 11.649687 -2.803059 6.065012
v 11.740946 -2.775021 6.079082
v 11.681619 -2.871196 6.071671
v 11.760746 -2.817148 6.082483
v 16.194181 -2.787223 6.899951
v 16.272766 -2.838720 6.920694
v 16.153969 -2.833093 6.892685
v 16.227991 -2.896479 6.912471
v 16.135910 2.808923 6.889524
v 16.201750 2.876215 6.905677
v 16.174463 2.773465 6.896539
v 16.246613 2.834711 6.914473
v 11.700097 2.857081 6.074217
v 11.773563 2.796345 6.085108
v 11.666040 2.803688 6.067773
v 11.753596 2.764812 6.081528
v 11.810171 -1.852404 6.094443
v 11.796285 -2.350985 6.091690
v 11.965977 -2.318575 6.146092
v 11.965977 -1.817572 6.146092
v 11.807734 -1.384548 6.093867
v 11.965977 -1.352010 6.146092
v 11.726131 -2.647600 6.076891
v 11.965977 -2.582909 6.146092
v 11.733601 -2.721608 6.078240
v 11.740946 -2.775021 6.079082
v 11.760746 -2.817148 6.082483
v 11.797526 -2.856086 6.089323
v 11.841271 -2.894232 6.097638
v 12.005806 -2.850293 6.128279
v 12.071386 -2.582909 6.165536
v 12.278270 -2.807944 6.180700
v 12.298468 -2.582909 6.207424
v 12.318650 -2.833919 6.186273
v 12.670007 -2.808789 6.251728
v 12.706554 -2.582909 6.282701
v 12.340333 -2.582909 6.215147
v 13.114066 -2.833819 6.333118
v 13.131099 -2.582909 6.361012
v 13.276728 -2.866442 6.362525
v 13.292361 -2.582909 6.390759
v 13.446939 -2.848866 6.394188
v 13.460204 -2.582909 6.421720
v 13.701288 -2.864821 6.440853
v 13.707030 -2.582909 6.467250
v 13.823772 -2.848678 6.463717
v 13.838672 -2.582909 6.491532
v 13.940202 -2.788844 6.486855
v 13.937403 -2.582909 6.509745
v 11.965977 -0.960463 6.146092
v 11.802734 -0.987981 6.092834
v 11.965977 -0.652579 6.146092
v 11.781164 -0.672285 6.088263
v 11.965977 -0.532103 6.146092
v 11.789219 -0.549037 6.089952
v 11.965977 -0.224220 6.146092
v 11.781096 -0.233220 6.088241
v 11.965977 -0.083664 6.146092
v 11.800192 -0.097893 6.092157
v 11.965977 -0.000000 6.146092
v 11.839165 0.000621 6.101401
v 16.155699 -2.331914 6.894887
v 16.131699 -1.841741 6.890923
v 15.908829 -1.817572 6.873396
v 15.908829 -2.318575 6.873396
v 16.143339 -1.386689 6.892104
v 15.908829 -1.352010 6.873396
v 16.262085 -2.612045 6.913327
v 15.908829 -2.582909 6.873396
v 16.460495 -2.535971 6.975158
v 16.361729 -2.603533 6.936639
v 16.317284 -2.733447 6.925375
v 16.501120 -2.701213 6.982651
v 16.272766 -2.838720 6.920694
v 16.227991 -2.896479 6.912471
v 16.148018 -2.952558 6.899722
v 16.065527 -2.997045 6.880923
v 16.076576 -3.129573 6.904339
v 15.874488 -2.850290 6.841891
v 16.042015 -2.899928 6.872047
v 15.803419 -2.582909 6.853952
v 15.601790 -2.806683 6.792414
v 15.576338 -2.582909 6.812065
v 15.209991 -2.811042 6.720016
v 15.562902 -2.835212 6.785559
v 15.534472 -2.582909 6.804342
v 15.168250 -2.582909 6.736788
v 14.766244 -2.835030 6.637762
v 14.743707 -2.582909 6.658476
v 14.603572 -2.865343 6.607374
v 14.582444 -2.582909 6.628730
v 14.433327 -2.849263 6.576101
v 14.414601 -2.582909 6.597769
v 14.179070 -2.864742 6.528992
v 14.167776 -2.582909 6.552239
v 14.055868 -2.850882 6.506322
v 14.036135 -2.582909 6.527957
v 16.149136 -0.986789 6.893269
v 15.908829 -0.960463 6.873396
v 16.184313 -0.672251 6.898998
v 15.908829 -0.652579 6.873396
v 16.171629 -0.549553 6.896876
v 15.908829 -0.532103 6.873396
v 16.184250 -0.234638 6.898993
v 15.908829 -0.224220 6.873396
v 16.153564 -0.104621 6.893809
v 15.908829 -0.083664 6.873396
v 16.091757 0.000652 6.884772
v 15.908829 -0.000000 6.873396
v 16.132811 1.843447 6.891009
v 16.161261 2.332596 6.895372
v 15.908829 2.318575 6.873396
v 15.908829 1.817572 6.873396
v 16.143503 1.388144 6.892117
v 15.908829 1.352010 6.873396
v 16.259020 2.607532 6.913402
v 15.908829 2.582912 6.873396
v 16.460495 2.535971 6.975158
v 16.501120 2.701213 6.982651
v 16.302483 2.732518 6.922510
v 16.362518 2.604165 6.936947
v 16.246613 2.834711 6.914473
v 16.127340 2.917253 6.892938
v 16.201750 2.876215 6.905677
v 16.076576 3.129573 6.904339
v 16.050472 2.938760 6.875798
v 16.042351 2.842554 6.872601
v 15.872955 2.805183 6.842314
v 15.803419 2.582912 6.853952
v 15.609291 2.772423 6.795379
v 15.576338 2.582912 6.812065
v 15.580909 2.793075 6.788786
v 15.209813 2.773969 6.720753
v 15.168250 2.582912 6.736788
v 15.534472 2.582912 6.804342
v 14.767317 2.793573 6.638653
v 14.743707 2.582912 6.658476
v 14.603902 2.818240 6.608048
v 14.582444 2.582912 6.628730
v 14.433016 2.804435 6.576783
v 14.414601 2.582912 6.597769
v 14.178693 2.816879 6.529636
v 14.167776 2.582912 6.552239
v 14.053554 2.803857 6.506851
v 14.036135 2.582912 6.527957
v 13.940134 2.757448 6.487408
v 13.937403 2.582912 6.509745
v 15.908829 0.960463 6.873396
v 16.149828 0.988560 6.893326
v 15.908829 0.652579 6.873396
v 16.183228 0.673975 6.898897
v 15.908829 0.532103 6.873396
v 16.172064 0.551268 6.896915
v 15.908829 0.224220 6.873396
v 16.184347 0.236357 6.899002
v 15.908829 0.083664 6.873396
v 16.156338 0.105258 6.894040
v 11.799230 2.353120 6.092634
v 11.810171 1.854131 6.094443
v 11.965977 1.817572 6.146092
v 11.965977 2.318575 6.146092
v 11.807722 1.385894 6.093863
v 11.965977 1.352010 6.146092
v 11.726782 2.646508 6.076977
v 11.965977 2.582912 6.146092
v 11.742522 2.716538 6.079937
v 11.753596 2.764812 6.081528
v 11.807261 2.820346 6.091365
v 11.773563 2.796345 6.085108
v 11.856715 2.845890 6.100624
v 12.007092 2.805187 6.129213
v 12.071386 2.582912 6.165536
v 12.271392 2.771300 6.178822
v 12.298468 2.582912 6.207424
v 12.669958 2.773972 6.252248
v 12.300117 2.786716 6.184337
v 12.340333 2.582912 6.215147
v 12.706554 2.582912 6.282701
v 13.112628 2.793570 6.333427
v 13.131099 2.582912 6.361012
v 13.276217 2.817448 6.363224
v 13.292361 2.582912 6.390759
v 13.447001 2.804439 6.394901
v 13.460204 2.582912 6.421720
v 13.701406 2.816879 6.441596
v 13.707030 2.582912 6.467250
v 13.826891 2.805584 6.464849
v 13.838672 2.582912 6.491532
v 11.802734 0.989709 6.092834
v 11.965977 0.960463 6.146092
v 11.781167 0.674013 6.088263
v 11.965977 0.652579 6.146092
v 11.789216 0.550764 6.089951
v 11.965977 0.532103 6.146092
v 11.781164 0.234953 6.088263
v 11.965977 0.224220 6.146092
v 11.801459 0.099974 6.092568
v 11.965977 0.083664 6.146092
v 11.706638 2.311309 6.075933
v 11.630580 2.645657 6.059543
v 11.414311 2.535971 6.044332
v 11.715883 1.852757 6.079713
v 11.713285 1.381159 6.079662
v 11.708479 0.993668 6.078242
v 11.686783 0.674154 6.072782
v 11.694963 0.548830 6.074532
v 11.686751 0.230110 6.072624
v 11.706089 0.086072 6.077806
v 11.737200 0.000450 6.088454
v 11.706755 -0.084894 6.077804
v 11.686808 -0.228832 6.072626
v 11.694961 -0.547103 6.074545
v 11.686785 -0.672423 6.072770
v 11.708479 -0.991940 6.078238
v 11.713352 -1.380023 6.079662
v 11.715884 -1.851030 6.079722
v 11.708828 -2.311822 6.075950
v 11.414311 -2.535971 6.044332
v 11.631224 -2.641109 6.059673
v 16.245508 -2.275112 6.917629
v 16.223694 -1.799968 6.917344
v 16.234320 -1.367896 6.922191
v 16.242092 -0.973063 6.922206
v 16.275673 -0.663257 6.925049
v 16.263559 -0.540055 6.924054
v 16.276508 -0.227525 6.925470
v 16.246422 -0.084387 6.923633
v 16.245066 0.085152 6.922841
v 16.276432 0.228450 6.925432
v 16.263052 0.541022 6.923785
v 16.276491 0.664002 6.925462
v 16.241261 0.974158 6.921714
v 16.234222 1.368612 6.922131
v 16.222651 1.802040 6.916684
v 16.242136 2.281036 6.915773
v 15.803419 3.035871 6.853952
v 15.856816 2.899312 6.841390
v 15.576338 2.962247 6.812065
v 15.612083 2.871718 6.799514
v 15.541056 3.009097 6.805557
v 15.577158 2.888414 6.790880
v 15.168250 2.962247 6.736788
v 15.208834 2.869424 6.724325
v 14.743707 3.009097 6.658476
v 14.775627 2.888646 6.643290
v 14.582444 3.069335 6.628730
v 14.600790 2.913717 6.609394
v 14.414601 3.035871 6.597769
v 14.431174 2.900013 6.578779
v 14.167776 3.065989 6.552239
v 14.176371 2.912490 6.531200
v 14.036135 3.035871 6.527957
v 14.041031 2.901127 6.507081
v 13.937403 2.932125 6.509745
v 13.939476 2.860471 6.492785
v 13.838672 3.035871 6.491532
v 13.838985 2.900213 6.469662
v 13.707030 3.065989 6.467250
v 13.703015 2.912487 6.443899
v 13.460204 3.035871 6.421720
v 13.448015 2.900016 6.397396
v 13.292361 3.069335 6.390759
v 13.279509 2.914421 6.365771
v 13.131099 3.009097 6.361012
v 13.103204 2.888643 6.334812
v 12.706554 2.962247 6.282701
v 12.669604 2.869427 6.255907
v 12.333750 3.009097 6.213933
v 12.303491 2.891303 6.187526
v 12.298468 2.962247 6.207424
v 12.267580 2.872529 6.182753
v 12.071386 3.035871 6.165536
v 12.022506 2.899315 6.134065
v 11.798229 3.129573 6.115149
v 11.829417 2.942309 6.097618
v 11.798229 -3.129573 6.115149
v 12.071386 -3.035871 6.165536
v 12.023471 -2.943808 6.136268
v 11.814049 -2.999840 6.097139
v 12.298468 -2.962247 6.207424
v 12.273690 -2.909470 6.187633
v 12.298468 -2.962247 6.207424
v 12.333750 -3.009097 6.213933
v 12.308187 -2.935787 6.191896
v 12.273690 -2.909470 6.187633
v 12.333750 -3.009097 6.213933
v 12.706554 -2.962247 6.282701
v 12.686882 -2.905058 6.262579
v 12.308187 -2.935787 6.191896
v 13.131099 -3.009097 6.361012
v 13.117526 -2.931487 6.340171
v 13.292361 -3.069335 6.390759
v 13.280638 -2.961737 6.367966
v 13.460204 -3.035871 6.421720
v 13.452604 -2.944709 6.400795
v 13.707030 -3.065989 6.467250
v 13.704448 -2.960266 6.446289
v 13.838672 -3.035871 6.491532
v 13.838946 -2.946174 6.472373
v 13.937403 -2.932125 6.509745
v 13.938873 -2.895547 6.497723
v 14.036135 -3.035871 6.527957
v 14.040505 -2.945097 6.509323
v 14.167776 -3.065989 6.552239
v 14.175248 -2.960398 6.533158
v 14.414601 -3.035871 6.597769
v 14.426908 -2.944446 6.580460
v 14.582444 -3.069335 6.628730
v 14.598914 -2.962951 6.611370
v 14.743707 -3.009097 6.658476
v 14.761879 -2.930570 6.643274
v 15.168250 -2.962247 6.736788
v 15.208219 -2.906322 6.727451
v 15.541056 -3.009097 6.805557
v 15.571224 -2.934644 6.793530
v 15.576338 -2.962247 6.812065
v 15.603974 -2.910926 6.802361
v 15.803419 -3.035871 6.853952
v 15.855124 -2.943799 6.843129
v 15.603974 -2.910926 6.802361
v 15.576338 -2.962247 6.812065
v 11.373687 -2.701213 6.036838
v 11.639023 -2.723377 6.060682
v 11.649687 -2.803059 6.065012
v 11.681619 -2.871196 6.071671
v 11.741287 -2.934200 6.085321
v 16.219887 -2.720895 6.905070
v 16.194181 -2.787223 6.899951
v 16.153969 -2.833093 6.892685
v 16.105181 -2.868798 6.883578
v 16.090761 2.829525 6.881403
v 16.135910 2.808923 6.889524
v 16.174463 2.773465 6.896539
v 16.200678 2.717743 6.901891
v 11.756905 2.901459 6.085936
v 11.700097 2.857081 6.074217
v 11.666040 2.803688 6.067773
v 11.373687 2.701213 6.036838
v 11.648091 2.723608 6.062257
v 12.175690 -2.367218 6.135600
v 15.737679 -2.367218 6.792650
v 15.737679 2.318575 6.792650
v 12.175690 2.318575 6.135600
v 12.162455 -2.367218 6.207350
v 12.147395 -2.380147 6.217719
v 15.734812 -2.380147 6.879458
v 15.724443 -2.367218 6.864399
v 12.147395 -2.380147 6.217719
v 12.162455 -2.367218 6.207350
v 12.162455 2.318575 6.207350
v 12.147395 2.331504 6.217719
v 12.147395 2.331504 6.217719
v 12.162455 2.318575 6.207350
v 15.724443 2.318575 6.864399
v 15.734812 2.331504 6.879458
v 15.734812 2.331504 6.879458
v 15.724443 2.318575 6.864399
v 15.724443 -2.367218 6.864399
v 15.734812 -2.380147 6.879458
v 12.100103 -2.433816 6.261583
v 12.085048 -2.446741 6.271950
v 15.773707 -2.446741 6.952365
v 15.763338 -2.433816 6.937308
v 12.085048 -2.446741 6.271950
v 12.100103 -2.433816 6.261583
v 12.100103 2.385170 6.261583
v 12.085048 2.398098 6.271950
v 12.085048 2.398098 6.271950
v 12.100103 2.385170 6.261583
v 15.763338 2.385170 6.937308
v 15.773707 2.398098 6.952365
v 15.773707 2.398098 6.952365
v 15.763338 2.385170 6.937308
v 15.763338 -2.433816 6.937308
v 15.773707 -2.446741 6.952365
v 12.037537 -2.500407 6.317006
v 12.022478 -2.513335 6.327373
v 15.812386 -2.513335 7.026464
v 15.802016 -2.500407 7.011407
v 12.022478 -2.513335 6.327373
v 12.037537 -2.500407 6.317006
v 12.037537 2.451764 6.317006
v 12.022478 2.464692 6.327373
v 12.022478 2.464692 6.327373
v 12.037537 2.451764 6.317006
v 15.802016 2.451764 7.011407
v 15.812386 2.464692 7.026464
v 15.812386 2.464692 7.026464
v 15.802016 2.451764 7.011407
v 15.802016 -2.500407 7.011407
v 15.812386 -2.513335 7.026464
v 12.002344 -2.547416 6.323658
v 11.991975 -2.560341 6.308601
v 15.847578 -2.560341 7.019811
v 15.832520 -2.547416 7.030178
v 11.991975 -2.560341 6.308601
v 12.002344 -2.547416 6.323658
v 12.002344 2.498773 6.323658
v 11.991975 2.511698 6.308601
v 11.991975 2.511698 6.308601
v 12.002344 2.498773 6.323658
v 15.832520 2.498773 7.030178
v 15.847578 2.511698 7.019811
v 15.847578 2.511698 7.019811
v 15.832520 2.498773 7.030178
v 15.832520 -2.547416 7.030178
v 15.847578 -2.560341 7.019811
v 11.966325 -2.618627 6.215475
v 11.955956 -2.631555 6.200417
v 15.919825 -2.631555 6.931598
v 15.904766 -2.618627 6.941965
v 11.955956 -2.631555 6.200417
v 11.966325 -2.618627 6.215475
v 11.966325 2.569983 6.215475
v 11.955956 2.582912 6.200417
v 11.955956 2.582912 6.200417
v 11.966325 2.569983 6.215475
v 15.904766 2.569983 6.941965
v 15.919825 2.582912 6.931598
v 15.919825 2.582912 6.931598
v 15.904766 2.569983 6.941965
v 15.904766 -2.618627 6.941965
v 15.919825 -2.631555 6.931598
v 12.175690 -2.367218 6.135600
v 12.175690 2.318575 6.135600
v 12.162455 2.318575 6.207350
v 12.162455 -2.367218 6.207350
v 12.175690 2.318575 6.135600
v 15.737679 2.318575 6.792650
v 15.724443 2.318575 6.864399
v 12.162455 2.318575 6.207350
v 15.737679 2.318575 6.792650
v 15.737679 -2.367218 6.792650
v 15.724443 -2.367218 6.864399
v 15.724443 2.318575 6.864399
v 15.737679 -2.367218 6.792650
v 12.175690 -2.367218 6.135600
v 12.162455 -2.367218 6.207350
v 15.724443 -2.367218 6.864399
v 12.147395 -2.380147 6.217719
v 12.147395 2.331504 6.217719
v 12.109485 2.385170 6.210725
v 12.109485 -2.433816 6.210725
v 12.147395 2.331504 6.217719
v 15.734812 2.331504 6.879458
v 15.772719 2.385170 6.886451
v 12.109485 2.385170 6.210725
v 15.734812 2.331504 6.879458
v 15.734812 -2.380147 6.879458
v 15.772719 -2.433816 6.886451
v 15.772719 2.385170 6.886451
v 15.734812 -2.380147 6.879458
v 12.147395 -2.380147 6.217719
v 12.109485 -2.433816 6.210725
v 15.772719 -2.433816 6.886451
v 12.109485 -2.433816 6.210725
v 12.109485 2.385170 6.210725
v 12.100103 2.385170 6.261583
v 12.100103 -2.433816 6.261583
v 12.109485 2.385170 6.210725
v 15.772719 2.385170 6.886451
v 15.763338 2.385170 6.937308
v 12.100103 2.385170 6.261583
v 15.772719 2.385170 6.886451
v 15.772719 -2.433816 6.886451
v 15.763338 -2.433816 6.937308
v 15.763338 2.385170 6.937308
v 15.772719 -2.433816 6.886451
v 12.109485 -2.433816 6.210725
v 12.100103 -2.433816 6.261583
v 15.763338 -2.433816 6.937308
v 12.085048 -2.446741 6.271950
v 12.085048 2.398098 6.271950
v 12.047137 2.451764 6.264957
v 12.047137 -2.500407 6.264957
v 12.085048 2.398098 6.271950
v 15.773707 2.398098 6.952365
v 15.811618 2.451764 6.959358
v 12.047137 2.451764 6.264957
v 15.773707 2.398098 6.952365
v 15.773707 -2.446741 6.952365
v 15.811618 -2.500407 6.959358
v 15.811618 2.451764 6.959358
v 15.773707 -2.446741 6.952365
v 12.085048 -2.446741 6.271950
v 12.047137 -2.500407 6.264957
v 15.811618 -2.500407 6.959358
v 12.047137 -2.500407 6.264957
v 12.047137 2.451764 6.264957
v 12.037537 2.451764 6.317006
v 12.037537 -2.500407 6.317006
v 12.047137 2.451764 6.264957
v 15.811618 2.451764 6.959358
v 15.802016 2.451764 7.011407
v 12.037537 2.451764 6.317006
v 15.811618 2.451764 6.959358
v 15.811618 -2.500407 6.959358
v 15.802016 -2.500407 7.011407
v 15.802016 2.451764 7.011407
v 15.811618 -2.500407 6.959358
v 12.047137 -2.500407 6.264957
v 12.037537 -2.500407 6.317006
v 15.802016 -2.500407 7.011407
v 12.022478 -2.513335 6.327373
v 12.022478 2.464692 6.327373
v 12.002344 2.498773 6.323658
v 12.002344 -2.547416 6.323658
v 12.022478 2.464692 6.327373
v 15.812386 2.464692 7.026464
v 15.832520 2.498773 7.030178
v 12.002344 2.498773 6.323658
v 15.812386 2.464692 7.026464
v 15.812386 -2.513335 7.026464
v 15.832520 -2.547416 7.030178
v 15.832520 2.498773 7.030178
v 15.812386 -2.513335 7.026464
v 12.022478 -2.513335 6.327373
v 12.002344 -2.547416 6.323658
v 15.832520 -2.547416 7.030178
v 11.991975 -2.560341 6.308601
v 11.991975 2.511698 6.308601
v 12.007744 2.511698 6.223115
v 12.007744 -2.560341 6.223115
v 11.991975 2.511698 6.308601
v 15.847578 2.511698 7.019811
v 15.863347 2.511698 6.934325
v 12.007744 2.511698 6.223115
v 15.847578 2.511698 7.019811
v 15.847578 -2.560341 7.019811
v 15.863347 -2.560341 6.934325
v 15.863347 2.511698 6.934325
v 15.847578 -2.560341 7.019811
v 11.991975 -2.560341 6.308601
v 12.007744 -2.560341 6.223115
v 15.863347 -2.560341 6.934325
v 12.007744 -2.560341 6.223115
v 12.007744 2.511698 6.223115
v 11.966325 2.569983 6.215475
v 11.966325 -2.618627 6.215475
v 12.007744 2.511698 6.223115
v 15.863347 2.511698 6.934325
v 15.904766 2.569983 6.941965
v 11.966325 2.569983 6.215475
v 15.863347 2.511698 6.934325
v 15.863347 -2.560341 6.934325
v 15.904766 -2.618627 6.941965
v 15.904766 2.569983 6.941965
v 15.863347 -2.560341 6.934325
v 12.007744 -2.560341 6.223115
v 11.966325 -2.618627 6.215475
v 15.904766 -2.618627 6.941965
v 11.955956 -2.631555 6.200417
v 11.955956 2.582912 6.200417
v 11.965977 2.582912 6.146092
v 11.965977 -2.631555 6.146092
v 11.955956 2.582912 6.200417
v 15.919825 2.582912 6.931598
v 15.929846 2.582912 6.877274
v 11.965977 2.582912 6.146092
v 15.919825 2.582912 6.931598
v 15.919825 -2.631555 6.931598
v 15.929846 -2.631555 6.877274
v 15.929846 2.582912 6.877274
v 15.919825 -2.631555 6.931598
v 11.955956 -2.631555 6.200417
v 11.965977 -2.631555 6.146092
v 15.929846 -2.631555 6.877274
vn -0.9821 0.0512 -0.1812
vn -0.9772 0.1123 -0.1803
vn 0.9834 -0.0000 0.1814
vn -0.9833 -0.0153 -0.1814
vn -0.2726 -0.9608 -0.0503
vn -0.0673 -0.0018 0.9977
vn -0.1814 -0.0000 0.9834
vn -0.0637 -0.0212 0.9977
vn -0.0726 0.0020 0.9974
vn -0.8756 0.4553 -0.1615
vn -0.9540 0.2425 -0.1760
vn -0.7362 -0.6630 -0.1358
vn -0.6526 -0.7481 -0.1204
vn -0.6531 -0.7476 -0.1206
vn -0.3068 -0.9501 -0.0568
vn -0.3067 -0.9501 -0.0566
vn -0.7374 -0.6616 -0.1360
vn 0.3143 -0.9475 0.0580
vn -0.0000 1.0000 -0.0001
vn -0.0002 1.0000 -0.0000
vn -0.3206 0.9454 -0.0591
vn -0.1428 0.0370 0.9891
vn -0.1140 0.0803 0.9902
vn 0.9502 -0.2576 0.1753
vn 0.9835 -0.0004 0.1808
vn 0.9835 -0.0005 0.1807
vn 0.9836 -0.0006 0.1806
vn -0.9105 -0.3780 -0.1677
vn -0.9105 -0.3782 -0.1675
vn -0.1128 0.0472 0.9925
vn 0.2987 -0.9527 0.0551
vn -0.0000 1.0000 -0.0000
vn -0.0000 -1.0000 -0.0000
vn -0.0001 -1.0000 -0.0000
vn 0.1206 -0.9924 0.0222
vn -0.7808 -0.6080 -0.1440
vn -0.1061 -0.9942 -0.0196
vn -0.3391 -0.9387 -0.0625
vn 0.1892 -0.9813 0.0349
vn -0.1172 -0.9929 -0.0216
vn 0.2159 -0.9756 0.0398
vn 0.7067 -0.6954 0.1304
vn -0.0840 0.0087 0.9964
vn -0.9783 -0.1020 -0.1805
vn -0.1059 0.0037 0.9944
vn -0.9540 -0.2425 -0.1760
vn -0.0909 0.0003 0.9959
vn -0.1055 -0.0032 0.9944
vn -0.9806 -0.0759 -0.1809
vn -0.1042 -0.0292 0.9941
vn -0.9513 0.2534 -0.1755
vn -0.0442 -0.0005 0.9990
vn -0.6954 0.7071 -0.1283
vn 0.9772 0.1123 0.1803
vn 0.9821 0.0512 0.1812
vn -0.9834 -0.0000 -0.1814
vn 0.9833 -0.0153 0.1814
vn 0.2726 -0.9608 0.0503
vn -0.2979 -0.0023 0.9546
vn -0.3412 -0.0311 0.9395
vn -0.2838 0.0025 0.9589
vn 0.8756 0.4553 0.1615
vn 0.9540 0.2425 0.1760
vn 0.7362 -0.6630 0.1358
vn 0.3069 -0.9501 0.0564
vn 0.6531 -0.7476 0.1205
vn 0.6525 -0.7481 0.1205
vn 0.3067 -0.9501 0.0566
vn 0.7374 -0.6616 0.1360
vn -0.3143 -0.9475 -0.0580
vn 0.0002 1.0000 -0.0000
vn 0.3206 0.9454 0.0591
vn -0.2180 0.0393 0.9751
vn -0.2448 0.0866 0.9657
vn -0.9502 -0.2577 -0.1753
vn -0.9833 -0.0006 -0.1822
vn -0.9833 -0.0005 -0.1821
vn -0.9833 -0.0004 -0.1820
vn 0.9103 -0.3782 0.1683
vn 0.9104 -0.3780 0.1682
vn -0.2608 0.0624 0.9634
vn -0.2987 -0.9527 -0.0551
vn -0.1206 -0.9924 -0.0222
vn -0.0000 -1.0000 0.0001
vn 0.7808 -0.6080 0.1440
vn 0.1061 -0.9942 0.0196
vn 0.3391 -0.9387 0.0625
vn -0.1892 -0.9813 -0.0349
vn 0.1172 -0.9929 0.0216
vn -0.2159 -0.9756 -0.0398
vn -0.7067 -0.6954 -0.1304
vn -0.2760 0.0106 0.9611
vn 0.9783 -0.1020 0.1805
vn -0.2517 0.0035 0.9678
vn 0.9540 -0.2425 0.1760
vn -0.2771 0.0005 0.9609
vn -0.2533 -0.0033 0.9674
vn 0.9806 -0.0759 0.1809
vn -0.2453 -0.0259 0.9691
vn 0.9513 0.2534 0.1755
vn -0.1956 -0.0144 0.9806
vn 0.6954 0.7071 0.1283
vn 0.9821 -0.0512 0.1812
vn 0.9772 -0.1123 0.1803
vn 0.9833 0.0153 0.1814
vn 0.2726 0.9608 0.0503
vn -0.3002 0.0024 0.9539
vn -0.3442 0.0311 0.9384
vn -0.2850 -0.0026 0.9585
vn 0.8756 -0.4553 0.1615
vn 0.7362 0.6630 0.1358
vn 0.6526 0.7481 0.1204
vn 0.6531 0.7476 0.1203
vn 0.3069 0.9501 0.0564
vn 0.3067 0.9501 0.0566
vn 0.7374 0.6616 0.1360
vn -0.3143 0.9475 -0.0580
vn -0.0000 -1.0000 -0.0001
vn 0.0001 -1.0000 -0.0000
vn 0.3206 -0.9454 0.0591
vn -0.2155 -0.0397 0.9757
vn -0.2342 -0.0790 0.9690
vn -0.9502 0.2577 -0.1753
vn -0.9833 0.0004 -0.1820
vn -0.9833 0.0005 -0.1821
vn -0.9833 0.0006 -0.1822
vn 0.9104 0.3780 0.1682
vn 0.9103 0.3782 0.1683
vn -0.2557 -0.0612 0.9648
vn -0.2987 0.9527 -0.0551
vn 0.0001 1.0000 -0.0000
vn -0.1206 0.9924 -0.0222
vn 0.7808 0.6080 0.1440
vn 0.1061 0.9942 0.0196
vn 0.3391 0.9387 0.0625
vn -0.1892 0.9813 -0.0349
vn 0.1172 0.9929 0.0216
vn -0.2159 0.9756 -0.0398
vn -0.7067 0.6954 -0.1304
vn -0.2766 -0.0107 0.9609
vn 0.9783 0.1020 0.1805
vn -0.2515 -0.0034 0.9679
vn -0.2776 -0.0006 0.9607
vn -0.2536 0.0036 0.9673
vn 0.9806 0.0759 0.1809
vn -0.2460 0.0263 0.9689
vn 0.9513 -0.2534 0.1755
vn -0.1970 0.0159 0.9803
vn 0.6954 -0.7071 0.1283
vn -0.9772 -0.1123 -0.1803
vn -0.9821 -0.0512 -0.1812
vn -0.9833 0.0153 -0.1814
vn -0.2726 0.9608 -0.0503
vn -0.0674 0.0018 0.9977
vn -0.0641 0.0211 0.9977
vn -0.0726 -0.0020 0.9974
vn -0.8756 -0.4553 -0.1615
vn -0.7362 0.6630 -0.1358
vn -0.3068 0.9501 -0.0568
vn -0.6531 0.7476 -0.1205
vn -0.6526 0.7481 -0.1202
vn -0.3067 0.9501 -0.0566
vn -0.7374 0.6616 -0.1360
vn 0.3143 0.9475 0.0580
vn -0.3206 -0.9454 -0.0591
vn -0.1459 -0.0367 0.9886
vn -0.1248 -0.0743 0.9894
vn 0.9502 0.2576 0.1753
vn 0.9836 0.0006 0.1806
vn 0.9835 0.0005 0.1807
vn 0.9835 0.0004 0.1808
vn -0.9105 0.3782 -0.1675
vn -0.9105 0.3780 -0.1677
vn -0.1157 -0.0476 0.9921
vn 0.2987 0.9527 0.0551
vn 0.1206 0.9924 0.0222
vn -0.0001 1.0000 0.0001
vn -0.7808 0.6080 -0.1440
vn -0.1061 0.9942 -0.0196
vn -0.3391 0.9387 -0.0625
vn 0.1892 0.9813 0.0349
vn -0.1172 0.9929 -0.0216
vn 0.2159 0.9756 0.0398
vn 0.7067 0.6954 0.1304
vn -0.0840 -0.0088 0.9964
vn -0.9783 0.1020 -0.1805
vn -0.1061 -0.0036 0.9944
vn -0.0908 -0.0004 0.9959
vn -0.1056 0.0032 0.9944
vn -0.9806 0.0759 -0.1809
vn -0.1045 0.0292 0.9941
vn -0.9513 -0.2534 -0.1755
vn -0.6954 -0.7071 -0.1283
vn -0.1781 -0.0046 0.9840
vn -0.1798 0.0069 0.9837
vn -0.1799 0.0069 0.9837
vn -0.1774 -0.0063 0.9841
vn -0.1731 0.0050 0.9849
vn -0.1707 0.0040 0.9853
vn -0.1590 0.0012 0.9873
vn -0.1513 -0.0004 0.9885
vn -0.1512 -0.0005 0.9885
vn -0.1538 -0.0028 0.9881
vn -0.1539 -0.0030 0.9881
vn -0.1588 -0.0026 0.9873
vn -0.1587 -0.0026 0.9873
vn -0.1622 -0.0001 0.9868
vn -0.1614 0.0025 0.9869
vn -0.1518 0.0288 0.9880
vn -0.1530 0.0260 0.9879
vn -0.1422 -0.0003 0.9898
vn -0.1422 -0.0007 0.9898
vn -0.1510 -0.0294 0.9881
vn -0.1523 -0.0262 0.9880
vn -0.1611 -0.0021 0.9869
vn -0.1612 -0.0020 0.9869
vn -0.1621 0.0001 0.9868
vn -0.1588 0.0026 0.9873
vn -0.1539 0.0029 0.9881
vn -0.1539 0.0028 0.9881
vn -0.1513 0.0005 0.9885
vn -0.1512 0.0005 0.9885
vn -0.1588 -0.0016 0.9873
vn -0.1587 -0.0016 0.9873
vn -0.1728 -0.0048 0.9850
vn -0.1704 -0.0042 0.9854
vn -0.1796 -0.0058 0.9837
vn -0.1754 0.0061 0.9845
vn -0.1761 0.0051 0.9844
vn -0.2160 0.0104 0.9763
vn -0.2255 -0.0183 0.9741
vn -0.2249 -0.0173 0.9742
vn -0.2160 0.0157 0.9763
vn -0.2416 -0.0164 0.9702
vn -0.2479 -0.0130 0.9687
vn -0.2704 -0.0049 0.9627
vn -0.2801 -0.0026 0.9600
vn -0.2998 0.0021 0.9540
vn -0.3013 0.0025 0.9535
vn -0.2994 0.0093 0.9541
vn -0.2971 0.0111 0.9548
vn -0.2852 0.0095 0.9584
vn -0.2847 0.0078 0.9586
vn -0.2793 -0.0006 0.9602
vn -0.2795 0.0002 0.9602
vn -0.2819 -0.0083 0.9594
vn -0.2819 -0.0079 0.9594
vn -0.3045 -0.0989 0.9474
vn -0.3005 -0.0860 0.9499
vn -0.3277 0.0007 0.9448
vn -0.3282 0.0005 0.9446
vn -0.3052 0.0995 0.9471
vn -0.3016 0.0868 0.9495
vn -0.2822 0.0072 0.9593
vn -0.2822 0.0071 0.9593
vn -0.2792 0.0002 0.9602
vn -0.2846 -0.0093 0.9586
vn -0.2841 -0.0076 0.9588
vn -0.2990 -0.0091 0.9542
vn -0.2965 -0.0108 0.9550
vn -0.2994 -0.0019 0.9541
vn -0.3010 -0.0025 0.9536
vn -0.2698 0.0058 0.9629
vn -0.2799 0.0033 0.9600
vn -0.2399 0.0144 0.9707
vn -0.2465 0.0123 0.9691
vn -0.2215 0.0135 0.9751
vn -0.2222 0.0143 0.9749
vn -0.2083 -0.0113 0.9780
vn -0.2091 -0.0059 0.9779
vn -0.2024 -0.0369 0.9786
vn -0.1822 -0.0213 0.9830
vn -0.1811 -0.0210 0.9832
vn -0.2027 -0.0364 0.9786
vn -0.1699 -0.0243 0.9852
vn -0.1756 -0.0283 0.9841
vn -0.1793 -0.0285 0.9834
vn -0.1855 -0.0335 0.9821
vn -0.1817 -0.0335 0.9828
vn -0.1812 -0.0345 0.9828
vn -0.1864 -0.0325 0.9819
vn -0.1863 -0.0325 0.9820
vn -0.1842 -0.0238 0.9826
vn -0.1837 -0.0236 0.9827
vn -0.1812 -0.0221 0.9832
vn -0.1811 -0.0221 0.9832
vn -0.1809 -0.0224 0.9832
vn -0.1578 -0.0298 0.9870
vn -0.1602 -0.0288 0.9867
vn -0.1818 -0.0371 0.9826
vn -0.2048 -0.0303 0.9783
vn -0.2024 -0.0294 0.9789
vn -0.1815 -0.0225 0.9831
vn -0.1814 -0.0226 0.9832
vn -0.1814 -0.0220 0.9832
vn -0.1784 -0.0237 0.9837
vn -0.1790 -0.0235 0.9836
vn -0.1764 -0.0325 0.9838
vn -0.1765 -0.0325 0.9838
vn -0.1806 -0.0332 0.9830
vn -0.1787 -0.0312 0.9834
vn -0.1809 -0.0311 0.9830
vn -0.1881 -0.0328 0.9816
vn -0.1859 -0.0329 0.9820
vn -0.1923 -0.0283 0.9809
vn -0.1824 -0.0216 0.9830
vn -0.1797 -0.0216 0.9835
vn -0.1627 -0.0275 0.9863
vn -0.1455 0.0431 0.9884
vn -0.1782 0.0438 0.9830
vn -0.1788 0.0439 0.9829
vn -0.1472 0.0442 0.9881
vn -0.1998 0.0550 0.9783
vn -0.1997 0.0549 0.9783
vn -0.1908 0.0619 0.9797
vn -0.1839 0.0622 0.9810
vn -0.1765 0.0745 0.9815
vn -0.1807 0.0748 0.9807
vn -0.1816 0.0739 0.9806
vn -0.1800 0.0736 0.9809
vn -0.1714 0.0690 0.9828
vn -0.1704 0.0678 0.9830
vn -0.1756 0.0550 0.9829
vn -0.1773 0.0547 0.9826
vn -0.1817 0.0531 0.9819
vn -0.1813 0.0532 0.9820
vn -0.1815 0.0536 0.9819
vn -0.1816 0.0536 0.9819
vn -0.2249 0.0645 0.9723
vn -0.2202 0.0629 0.9734
vn -0.1812 0.0762 0.9805
vn -0.1799 0.0762 0.9807
vn -0.1355 0.0661 0.9886
vn -0.1415 0.0642 0.9879
vn -0.1813 0.0540 0.9819
vn -0.1812 0.0540 0.9820
vn -0.1809 0.0533 0.9821
vn -0.1812 0.0533 0.9820
vn -0.1861 0.0550 0.9810
vn -0.1847 0.0548 0.9813
vn -0.1897 0.0690 0.9794
vn -0.1905 0.0679 0.9793
vn -0.1818 0.0722 0.9807
vn -0.1857 0.0717 0.9800
vn -0.1821 0.0718 0.9806
vn -0.1694 0.0697 0.9831
vn -0.1755 0.0699 0.9820
vn -0.1613 0.0612 0.9850
vn -0.1816 0.0492 0.9821
vn -0.1870 0.0494 0.9811
vn -0.2214 0.0593 0.9734
vn -0.2218 0.0588 0.9733
vn -0.1621 0.0167 0.9866
vn -0.1620 0.0167 0.9866
vn -0.1551 0.0353 0.9873
vn -0.1551 0.0352 0.9873
vn -0.2209 0.0363 0.9746
vn -0.2207 0.0362 0.9747
vn -0.2208 0.0544 0.9738
vn -0.2198 0.0566 0.9739
vn -0.2043 -0.0379 0.9782
vn -0.2022 -0.0398 0.9785
vn -0.2089 -0.0266 0.9776
vn -0.2088 -0.0265 0.9776
vn -0.1653 -0.0257 0.9859
vn -0.1649 -0.0248 0.9860
vn -0.1680 -0.0150 0.9857
vn -0.1679 -0.0150 0.9857
vn -0.3122 0.0007 0.9500
vn -0.3117 0.0009 0.9502
vn -0.3008 0.0064 0.9537
vn -0.3035 0.0050 0.9528
vn -0.3128 -0.0005 0.9498
vn -0.3129 -0.0004 0.9498
vn -0.2879 0.0068 0.9576
vn -0.2418 -0.0308 0.9698
vn -0.2711 -0.0165 0.9624
vn -0.2585 -0.0340 0.9654
vn -0.2436 -0.0496 0.9686
vn -0.2360 -0.0561 0.9701
vn -0.1847 -0.0819 0.9794
vn -0.1719 -0.0933 0.9807
vn -0.1740 -0.0946 0.9802
vn -0.1786 -0.0966 0.9792
vn -0.1787 -0.0966 0.9792
vn -0.1789 -0.1007 0.9787
vn -0.1788 -0.1008 0.9787
vn -0.1803 -0.1007 0.9784
vn -0.1808 -0.1006 0.9784
vn -0.1843 -0.0975 0.9780
vn -0.1843 -0.0974 0.9780
vn -0.1822 -0.0906 0.9791
vn -0.1819 -0.0906 0.9791
vn -0.1804 -0.0901 0.9795
vn -0.1807 -0.0901 0.9794
vn -0.1808 -0.0901 0.9794
vn -0.1805 -0.0901 0.9794
vn -0.1715 -0.0937 0.9807
vn -0.1692 -0.0953 0.9810
vn -0.1806 -0.1013 0.9783
vn -0.3076 -0.0021 0.9515
vn -0.3083 -0.0019 0.9513
vn -0.3027 -0.0014 0.9531
vn -0.3029 -0.0017 0.9530
vn -0.3007 -0.0001 0.9537
vn -0.3007 0.0001 0.9537
vn -0.3017 0.0014 0.9534
vn -0.3015 0.0011 0.9535
vn -0.3103 0.0124 0.9506
vn -0.3083 0.0108 0.9512
vn -0.3204 0.0001 0.9473
vn -0.0898 0.0067 0.9959
vn -0.0915 0.0078 0.9958
vn -0.0810 0.0010 0.9967
vn -0.0808 0.0008 0.9967
vn -0.0799 -0.0007 0.9968
vn -0.0800 -0.0005 0.9968
vn -0.1339 -0.0248 0.9907
vn -0.1039 0.0042 0.9946
vn -0.3202 0.0232 0.9471
vn -0.3361 -0.0554 0.9402
vn -0.3306 -0.0405 0.9429
vn -0.3220 0.0650 0.9445
vn -0.3300 0.1156 0.9369
vn -0.3063 0.1643 0.9377
vn -0.3046 0.1802 0.9353
vn -0.1709 0.1689 0.9707
vn -0.1822 0.1682 0.9688
vn -0.1894 -0.0969 0.9771
vn -0.1908 -0.0948 0.9770
vn -0.1777 -0.0818 0.9807
vn -0.1806 -0.0993 0.9785
vn -0.1805 -0.0993 0.9786
vn -0.1807 -0.0999 0.9785
vn -0.1813 -0.0998 0.9784
vn -0.1811 -0.0990 0.9785
vn -0.1806 -0.0990 0.9786
vn -0.1768 -0.0975 0.9794
vn -0.1793 -0.0907 0.9796
vn -0.1791 -0.0907 0.9796
vn -0.1809 -0.0901 0.9794
vn -0.1806 -0.0901 0.9794
vn -0.1919 -0.0950 0.9768
vn -0.1898 -0.0935 0.9774
vn -0.0846 -0.0025 0.9964
vn -0.0842 -0.0023 0.9964
vn -0.0889 -0.0017 0.9960
vn -0.0888 -0.0020 0.9960
vn -0.0908 -0.0001 0.9959
vn -0.0908 0.0001 0.9959
vn -0.0898 0.0017 0.9960
vn -0.0900 0.0012 0.9959
vn -0.0819 0.0148 0.9965
vn -0.0843 0.0124 0.9964
vn -0.0730 -0.0001 0.9973
vn -0.0729 -0.0003 0.9973
vn -0.0807 -0.0009 0.9967
vn -0.0811 -0.0010 0.9967
vn -0.0917 -0.0082 0.9958
vn -0.0900 -0.0070 0.9959
vn -0.0800 0.0005 0.9968
vn -0.0798 0.0005 0.9968
vn -0.1044 -0.0036 0.9945
vn -0.1308 0.0265 0.9911
vn -0.3283 0.0365 0.9439
vn -0.3350 0.0535 0.9407
vn -0.3132 -0.0288 0.9493
vn -0.3114 -0.0691 0.9478
vn -0.3090 -0.1046 0.9453
vn -0.2773 -0.1404 0.9505
vn -0.2719 -0.1382 0.9524
vn -0.1755 -0.1311 0.9757
vn -0.1771 -0.1310 0.9754
vn -0.1802 0.0987 0.9787
vn -0.1878 0.1091 0.9761
vn -0.1863 0.1108 0.9762
vn -0.1818 0.1129 0.9768
vn -0.1816 0.1129 0.9769
vn -0.1814 0.1166 0.9765
vn -0.1813 0.1165 0.9765
vn -0.1804 0.1166 0.9767
vn -0.1799 0.1165 0.9768
vn -0.1769 0.1133 0.9777
vn -0.1768 0.1130 0.9777
vn -0.1789 0.1058 0.9782
vn -0.1792 0.1058 0.9781
vn -0.1807 0.1052 0.9779
vn -0.1804 0.1052 0.9780
vn -0.1803 0.1052 0.9780
vn -0.1804 0.1052 0.9779
vn -0.1889 0.1091 0.9759
vn -0.1905 0.1104 0.9755
vn -0.1799 0.1171 0.9767
vn -0.1802 0.1171 0.9766
vn -0.0846 0.0025 0.9964
vn -0.0843 0.0024 0.9964
vn -0.0889 0.0017 0.9960
vn -0.0888 0.0020 0.9960
vn -0.0908 -0.0002 0.9959
vn -0.0899 -0.0017 0.9960
vn -0.0900 -0.0012 0.9959
vn -0.0819 -0.0149 0.9965
vn -0.0843 -0.0124 0.9964
vn -0.3037 -0.0049 0.9527
vn -0.3008 -0.0064 0.9537
vn -0.3118 -0.0009 0.9502
vn -0.3123 -0.0006 0.9500
vn -0.3131 0.0002 0.9497
vn -0.3127 0.0005 0.9498
vn -0.2476 0.0317 0.9684
vn -0.2878 -0.0049 0.9577
vn -0.2699 0.0252 0.9626
vn -0.2585 0.0407 0.9651
vn -0.2252 0.0734 0.9715
vn -0.2397 0.0608 0.9689
vn -0.1844 0.0962 0.9781
vn -0.1722 0.1129 0.9786
vn -0.1706 0.1104 0.9791
vn -0.1791 0.1153 0.9771
vn -0.1783 0.1154 0.9772
vn -0.1805 0.1164 0.9767
vn -0.1799 0.1166 0.9768
vn -0.1804 0.1165 0.9767
vn -0.1798 0.1166 0.9768
vn -0.1837 0.1129 0.9765
vn -0.1835 0.1133 0.9765
vn -0.1815 0.1058 0.9777
vn -0.1820 0.1058 0.9776
vn -0.1804 0.1051 0.9780
vn -0.1801 0.1051 0.9780
vn -0.1805 0.1052 0.9779
vn -0.1699 0.1106 0.9792
vn -0.1718 0.1091 0.9791
vn -0.3075 0.0022 0.9515
vn -0.3080 0.0019 0.9514
vn -0.3028 0.0013 0.9531
vn -0.3029 0.0017 0.9530
vn -0.3006 0.0001 0.9537
vn -0.3017 -0.0015 0.9534
vn -0.3015 -0.0011 0.9535
vn -0.3105 -0.0125 0.9505
vn -0.3084 -0.0108 0.9512
vn -0.0774 0.0347 0.9964
vn -0.0570 0.0357 0.9977
vn -0.0792 0.0298 0.9964
vn 0.0021 0.0090 1.0000
vn 0.0183 -0.0028 0.9998
vn 0.0053 -0.0121 0.9999
vn -0.0113 -0.0119 0.9999
vn -0.0203 0.0007 0.9998
vn -0.0174 0.0086 0.9998
vn 0.0012 0.0895 0.9960
vn 0.0311 0.0004 0.9995
vn 0.0023 -0.0903 0.9959
vn -0.0173 -0.0088 0.9998
vn -0.0203 -0.0006 0.9998
vn -0.0114 0.0118 0.9999
vn 0.0051 0.0121 0.9999
vn 0.0182 0.0028 0.9998
vn 0.0021 -0.0090 1.0000
vn -0.0563 -0.0357 0.9978
vn -0.0769 -0.0356 0.9964
vn -0.0783 -0.0319 0.9964
vn -0.3677 -0.0677 0.9275
vn -0.4886 -0.0198 0.8723
vn -0.5299 0.0065 0.8480
vn -0.5070 0.0262 0.8616
vn -0.4752 0.0248 0.8795
vn -0.4577 -0.0024 0.8891
vn -0.4623 -0.0162 0.8866
vn -0.4693 -0.1533 0.8696
vn -0.4674 0.1520 0.8709
vn -0.4623 0.0161 0.8866
vn -0.4577 0.0025 0.8891
vn -0.4763 -0.0252 0.8789
vn -0.5080 -0.0258 0.8610
vn -0.5304 -0.0063 0.8477
vn -0.4875 0.0198 0.8729
vn -0.3683 0.0675 0.9273
vn -0.1392 -0.1469 0.9793
vn -0.1393 -0.1449 0.9796
vn -0.1825 -0.1777 0.9670
vn -0.1510 -0.1668 0.9744
vn -0.1655 -0.1825 0.9692
vn -0.1885 -0.1895 0.9636
vn -0.1816 -0.1871 0.9654
vn -0.1740 -0.1850 0.9672
vn -0.2072 -0.1768 0.9622
vn -0.2007 -0.1833 0.9624
vn -0.1844 -0.1529 0.9709
vn -0.1910 -0.1543 0.9694
vn -0.1790 -0.1495 0.9724
vn -0.1776 -0.1494 0.9727
vn -0.1795 -0.1503 0.9722
vn -0.1794 -0.1503 0.9722
vn -0.1299 -0.1556 0.9792
vn -0.1027 -0.1627 0.9813
vn -0.1778 -0.1815 0.9672
vn -0.1809 -0.1815 0.9666
vn -0.2282 -0.1548 0.9612
vn -0.2527 -0.1609 0.9541
vn -0.1795 -0.1504 0.9722
vn -0.1791 -0.1504 0.9723
vn -0.1795 -0.1496 0.9723
vn -0.1814 -0.1494 0.9720
vn -0.1745 -0.1529 0.9727
vn -0.1671 -0.1547 0.9737
vn -0.1494 -0.1773 0.9727
vn -0.1560 -0.1842 0.9704
vn -0.1744 -0.1875 0.9666
vn -0.1828 -0.1850 0.9656
vn -0.1914 -0.1824 0.9644
vn -0.1668 -0.1903 0.9675
vn -0.1742 -0.1778 0.9685
vn -0.2078 -0.1657 0.9640
vn -0.2192 -0.1465 0.9646
vn -0.2192 -0.1441 0.9650
vn -0.1827 -0.1296 0.9746
vn -0.1759 -0.1287 0.9760
vn -0.1656 0.1634 0.9726
vn -0.1846 0.1656 0.9688
vn -0.2314 0.1872 0.9547
vn -0.2312 0.1816 0.9558
vn -0.2322 0.2055 0.9507
vn 0.2890 0.4034 0.8682
vn -0.2009 0.2374 0.9504
vn -0.1704 0.2472 0.9539
vn -0.1814 0.2437 0.9527
vn -0.1342 0.2346 0.9628
vn -0.1428 0.2431 0.9594
vn -0.1730 0.1993 0.9646
vn -0.1599 0.2024 0.9661
vn -0.1780 0.1950 0.9645
vn -0.1809 0.1946 0.9641
vn -0.1780 0.1964 0.9642
vn -0.1772 0.1965 0.9644
vn -0.2449 0.2009 0.9485
vn -0.2783 0.2080 0.9377
vn -0.1740 0.2349 0.9563
vn -0.1784 0.2349 0.9555
vn -0.1102 0.2023 0.9731
vn -0.0718 0.2109 0.9749
vn -0.1781 0.1965 0.9642
vn -0.1775 0.1950 0.9646
vn -0.1755 0.1947 0.9650
vn -0.1834 0.1996 0.9626
vn -0.1948 0.2020 0.9598
vn -0.2171 0.2373 0.9469
vn -0.2084 0.2466 0.9465
vn -0.1835 0.2522 0.9501
vn -0.1672 0.2453 0.9549
vn -0.1565 0.2407 0.9579
vn -0.1948 0.2561 0.9468
vn -0.5645 0.3856 0.7298
vn -0.5645 0.3855 0.7298
vn -0.1218 0.2064 0.9708
vn -0.1241 0.1876 0.9744
vn -0.1247 0.1826 0.9752
vn -0.0820 0.0097 0.9966
vn -0.0798 0.0274 0.9964
vn -0.0650 0.0787 0.9948
vn -0.0690 0.1167 0.9908
vn -0.0616 0.1550 0.9860
vn -0.1150 -0.0314 0.9929
vn -0.1205 -0.0393 0.9919
vn -0.1326 -0.0536 0.9897
vn -0.1436 -0.0634 0.9876
vn -0.1489 0.0778 0.9858
vn -0.1339 0.0639 0.9889
vn -0.1210 0.0483 0.9915
vn -0.1161 0.0415 0.9924
vn -0.0881 -0.1284 0.9878
vn -0.0866 -0.1100 0.9901
vn -0.0734 -0.0769 0.9943
vn -0.0838 -0.0134 0.9964
vn -0.0822 -0.0337 0.9960
vn -0.1283 0.7071 0.6954
vn 0.5671 -0.0000 0.8236
vn -0.1283 -0.7071 0.6954
vn -0.8236 -0.0000 0.5671
vn -0.1283 0.7071 0.6953
vn -0.1283 0.7072 0.6953
vn 0.5672 -0.0000 0.8236
vn -0.8236 -0.0000 0.5672
vn 0.5671 -0.0000 0.8237
vn -0.1283 -0.7071 0.6953
vn -0.1283 -0.7072 0.6953
vt 0.035289 0.785875
vt 0.010465 0.783876
vt 0.007731 0.838762
vt 0.031507 0.839636
vt 0.091539 0.861934
vt 0.114572 0.857874
vt 0.115227 0.795097
vt 0.090168 0.795640
vt 0.034899 0.733597
vt 0.009883 0.733591
vt 0.115860 0.735394
vt 0.090873 0.735245
vt 0.010899 0.849631
vt 0.039136 0.848216
vt 0.045280 0.788084
vt 0.044933 0.734063
vt 0.004531 0.891298
vt 0.027933 0.894541
vt 0.002000 0.912673
vt 0.025369 0.913691
vt 0.004675 0.931619
vt 0.032050 0.929732
vt 0.033328 0.955918
vt 0.014665 0.970194
vt 0.041768 0.987833
vt 0.052517 0.966107
vt 0.061959 0.960737
vt 0.056509 0.989120
vt 0.074558 0.992723
vt 0.077849 0.969883
vt 0.113561 0.990777
vt 0.112157 0.964822
vt 0.117730 0.884817
vt 0.101400 0.900801
vt 0.117619 0.906747
vt 0.127433 0.887762
vt 0.004403 0.943092
vt 0.025197 0.938916
vt 0.047676 0.945210
vt 0.143897 0.988730
vt 0.145110 0.962582
vt 0.149671 0.913362
vt 0.153666 0.889520
vt 0.152110 0.966457
vt 0.150950 0.990050
vt 0.202236 0.990461
vt 0.202573 0.964842
vt 0.158806 0.889747
vt 0.155423 0.913930
vt 0.204368 0.915655
vt 0.205476 0.890393
vt 0.257972 0.995442
vt 0.260303 0.970523
vt 0.260538 0.915559
vt 0.260979 0.890510
vt 0.280225 0.998956
vt 0.281912 0.975281
vt 0.281872 0.915358
vt 0.282001 0.890461
vt 0.303193 0.999058
vt 0.303297 0.973459
vt 0.304127 0.915377
vt 0.303944 0.890424
vt 0.334877 1.000000
vt 0.334819 0.975949
vt 0.336939 0.915801
vt 0.336436 0.890442
vt 0.352341 0.998354
vt 0.351133 0.973908
vt 0.354352 0.916304
vt 0.353761 0.890438
vt 0.369137 0.994943
vt 0.368405 0.967066
vt 0.367289 0.916411
vt 0.366764 0.890429
vt 0.116348 0.685273
vt 0.091588 0.684983
vt 0.044161 0.683677
vt 0.030641 0.682926
vt 0.005304 0.684698
vt 0.116668 0.646032
vt 0.092160 0.645538
vt 0.039365 0.644403
vt 0.024027 0.644260
vt 0.000014 0.644499
vt 0.116784 0.630710
vt 0.092244 0.630087
vt 0.041219 0.629260
vt 0.025804 0.629211
vt 0.000279 0.629007
vt 0.117098 0.591464
vt 0.092152 0.590682
vt 0.038877 0.590592
vt 0.024148 0.591598
vt 0.000000 0.590074
vt 0.117253 0.573512
vt 0.092046 0.572745
vt 0.042647 0.571452
vt 0.026694 0.574601
vt 0.002903 0.572130
vt 0.117348 0.562820
vt 0.092094 0.562089
vt 0.053113 0.560959
vt 0.032708 0.560375
vt 0.004612 0.559587
vt 0.726653 0.842320
vt 0.725945 0.788518
vt 0.701088 0.789066
vt 0.702951 0.842084
vt 0.621618 0.794443
vt 0.620864 0.857792
vt 0.643340 0.862537
vt 0.646229 0.796190
vt 0.727606 0.738702
vt 0.702648 0.737271
vt 0.622162 0.734747
vt 0.646915 0.735928
vt 0.723226 0.852512
vt 0.695079 0.850214
vt 0.691067 0.790698
vt 0.692644 0.737209
vt 0.729678 0.892815
vt 0.706493 0.896063
vt 0.732252 0.913772
vt 0.708734 0.914513
vt 0.729703 0.932424
vt 0.702442 0.930501
vt 0.692820 0.988151
vt 0.719924 0.970702
vt 0.701242 0.956458
vt 0.682056 0.966436
vt 0.660248 0.992698
vt 0.678133 0.989296
vt 0.672637 0.960953
vt 0.656859 0.969912
vt 0.621527 0.990417
vt 0.622742 0.964498
vt 0.617061 0.906586
vt 0.633186 0.900816
vt 0.617563 0.884796
vt 0.608131 0.887769
vt 0.730082 0.943744
vt 0.709344 0.939596
vt 0.686826 0.945718
vt 0.591485 0.988000
vt 0.589956 0.961907
vt 0.584436 0.913009
vt 0.579541 0.889643
vt 0.533974 0.989217
vt 0.584544 0.989230
vt 0.583047 0.965680
vt 0.532971 0.963660
vt 0.529671 0.914864
vt 0.578616 0.913525
vt 0.574261 0.889662
vt 0.527706 0.889890
vt 0.479369 0.994122
vt 0.476061 0.969353
vt 0.473748 0.914863
vt 0.472369 0.890094
vt 0.457638 0.997803
vt 0.454855 0.974267
vt 0.452483 0.914780
vt 0.451362 0.890182
vt 0.434966 0.998227
vt 0.433576 0.972697
vt 0.430293 0.914977
vt 0.429461 0.890274
vt 0.403572 0.999593
vt 0.402351 0.975584
vt 0.397579 0.915636
vt 0.397072 0.890373
vt 0.386095 0.998214
vt 0.385991 0.973792
vt 0.380214 0.916242
vt 0.379764 0.890412
vt 0.622519 0.684705
vt 0.647127 0.685746
vt 0.694453 0.687045
vt 0.707933 0.687059
vt 0.733143 0.690306
vt 0.622750 0.645517
vt 0.647203 0.646341
vt 0.700027 0.648146
vt 0.715330 0.648845
vt 0.739312 0.650436
vt 0.622832 0.630223
vt 0.647356 0.630925
vt 0.698469 0.632917
vt 0.713852 0.633713
vt 0.739359 0.634903
vt 0.623079 0.591027
vt 0.648073 0.591610
vt 0.701437 0.594440
vt 0.716138 0.596226
vt 0.740323 0.595942
vt 0.623199 0.573107
vt 0.648472 0.573714
vt 0.697894 0.575132
vt 0.713831 0.579103
vt 0.737670 0.577866
vt 0.623272 0.562434
vt 0.648584 0.563085
vt 0.687516 0.564083
vt 0.707964 0.564599
vt 0.736070 0.565299
vt 0.704984 0.339798
vt 0.729840 0.341413
vt 0.731751 0.287086
vt 0.707995 0.286476
vt 0.648494 0.264263
vt 0.625414 0.268417
vt 0.624773 0.330847
vt 0.649793 0.330334
vt 0.705492 0.391766
vt 0.730520 0.391526
vt 0.624339 0.390303
vt 0.649357 0.390398
vt 0.728527 0.276590
vt 0.700302 0.278016
vt 0.694971 0.337742
vt 0.695447 0.391353
vt 0.735604 0.235625
vt 0.712429 0.231871
vt 0.738410 0.214402
vt 0.714907 0.213240
vt 0.736007 0.195461
vt 0.708684 0.197024
vt 0.707599 0.170859
vt 0.726387 0.156759
vt 0.699307 0.138916
vt 0.688436 0.160590
vt 0.678933 0.165927
vt 0.684541 0.137582
vt 0.666563 0.134003
vt 0.663215 0.156810
vt 0.627621 0.135842
vt 0.628692 0.161740
vt 0.622469 0.241498
vt 0.638866 0.225646
vt 0.622681 0.219539
vt 0.612802 0.238538
vt 0.736431 0.183998
vt 0.715627 0.187932
vt 0.693089 0.181424
vt 0.597625 0.138055
vt 0.595563 0.164132
vt 0.590892 0.212888
vt 0.586742 0.236718
vt 0.589007 0.159977
vt 0.590776 0.136545
vt 0.539448 0.135399
vt 0.538666 0.161053
vt 0.581639 0.236481
vt 0.585176 0.212314
vt 0.536431 0.210358
vt 0.535168 0.235674
vt 0.483570 0.130295
vt 0.481065 0.155248
vt 0.480437 0.210286
vt 0.479836 0.235395
vt 0.461343 0.126840
vt 0.459525 0.150539
vt 0.459120 0.210423
vt 0.458864 0.235384
vt 0.438452 0.126669
vt 0.438119 0.152267
vt 0.436913 0.210339
vt 0.436964 0.235355
vt 0.406781 0.125611
vt 0.406697 0.149680
vt 0.404169 0.209824
vt 0.404517 0.235232
vt 0.389312 0.127137
vt 0.390315 0.151656
vt 0.386800 0.209306
vt 0.387214 0.235181
vt 0.372459 0.130341
vt 0.373061 0.158217
vt 0.373872 0.209163
vt 0.374227 0.235147
vt 0.623996 0.440249
vt 0.648786 0.440477
vt 0.696385 0.441568
vt 0.709915 0.442225
vt 0.735252 0.440235
vt 0.623769 0.479388
vt 0.648314 0.479824
vt 0.701304 0.480711
vt 0.716667 0.480778
vt 0.740692 0.480387
vt 0.623688 0.494675
vt 0.648258 0.495233
vt 0.699501 0.495841
vt 0.714916 0.495821
vt 0.740458 0.495907
vt 0.623460 0.533841
vt 0.648446 0.534548
vt 0.701852 0.534441
vt 0.716593 0.533394
vt 0.740735 0.534883
vt 0.623344 0.551761
vt 0.648611 0.552455
vt 0.698015 0.553561
vt 0.713999 0.550392
vt 0.737781 0.552816
vt 0.013893 0.281286
vt 0.015120 0.335761
vt 0.039980 0.335204
vt 0.037616 0.281679
vt 0.119469 0.330377
vt 0.120390 0.266892
vt 0.097881 0.262090
vt 0.094730 0.328424
vt 0.013356 0.385808
vt 0.038318 0.387306
vt 0.118816 0.390180
vt 0.094022 0.388890
vt 0.017351 0.270739
vt 0.045492 0.273565
vt 0.050007 0.333556
vt 0.048325 0.387427
vt 0.011857 0.229499
vt 0.035294 0.227292
vt 0.009849 0.208248
vt 0.033182 0.208192
vt 0.013006 0.189576
vt 0.040234 0.192590
vt 0.051438 0.135131
vt 0.024067 0.151616
vt 0.042189 0.166599
vt 0.061444 0.157242
vt 0.083728 0.131556
vt 0.066017 0.134422
vt 0.070626 0.162972
vt 0.086375 0.154471
vt 0.121796 0.134659
vt 0.120176 0.160502
vt 0.124534 0.218141
vt 0.108185 0.223847
vt 0.123741 0.239959
vt 0.133177 0.236999
vt 0.013046 0.178172
vt 0.033665 0.183181
vt 0.056133 0.177791
vt 0.150972 0.137577
vt 0.152772 0.163620
vt 0.157181 0.211981
vt 0.161789 0.235300
vt 0.207896 0.135752
vt 0.157628 0.136188
vt 0.159265 0.159582
vt 0.208928 0.161338
vt 0.211809 0.210213
vt 0.162992 0.211497
vt 0.167056 0.235296
vt 0.213544 0.235193
vt 0.262530 0.131027
vt 0.265648 0.155857
vt 0.267558 0.210372
vt 0.268760 0.235149
vt 0.284224 0.127534
vt 0.286802 0.151115
vt 0.288811 0.210502
vt 0.289735 0.235123
vt 0.306770 0.127216
vt 0.308068 0.152744
vt 0.310959 0.210377
vt 0.311605 0.235099
vt 0.338070 0.125913
vt 0.339168 0.149930
vt 0.343618 0.209823
vt 0.343955 0.235103
vt 0.355500 0.127247
vt 0.355581 0.151736
vt 0.360952 0.209301
vt 0.361242 0.235121
vt 0.118353 0.440332
vt 0.093727 0.439193
vt 0.046489 0.437744
vt 0.033008 0.437702
vt 0.007802 0.434430
vt 0.118042 0.479590
vt 0.093588 0.478666
vt 0.040904 0.476739
vt 0.025615 0.475995
vt 0.001642 0.474362
vt 0.117928 0.494912
vt 0.093406 0.494118
vt 0.042449 0.491990
vt 0.027063 0.491150
vt 0.001571 0.489891
vt 0.117600 0.534180
vt 0.092634 0.533510
vt 0.039375 0.530519
vt 0.024686 0.528675
vt 0.000489 0.528835
vt 0.117443 0.552130
vt 0.092225 0.551435
vt 0.042791 0.549871
vt 0.026896 0.545813
vt 0.003040 0.546946
vt 0.065160 0.204478
vt 0.062961 0.214827
vt 0.075198 0.215071
vt 0.077652 0.205760
vt 0.077209 0.255071
vt 0.064334 0.260166
vt 0.074115 0.322329
vt 0.062119 0.322021
vt 0.072977 0.383648
vt 0.060883 0.383932
vt 0.072099 0.434625
vt 0.060047 0.433769
vt 0.069569 0.474976
vt 0.057741 0.474548
vt 0.070308 0.490847
vt 0.058397 0.490625
vt 0.068203 0.531305
vt 0.056216 0.531294
vt 0.069887 0.548709
vt 0.057147 0.550017
vt 0.074590 0.561502
vt 0.060902 0.561128
vt 0.069506 0.573903
vt 0.057059 0.571982
vt 0.067690 0.591246
vt 0.055729 0.590621
vt 0.069073 0.631795
vt 0.057151 0.631327
vt 0.068038 0.647609
vt 0.056185 0.647350
vt 0.069793 0.688066
vt 0.057682 0.688220
vt 0.069594 0.739092
vt 0.057462 0.738140
vt 0.069200 0.800396
vt 0.057135 0.800083
vt 0.070119 0.867968
vt 0.057985 0.862656
vt 0.067673 0.908635
vt 0.055451 0.907654
vt 0.068833 0.918568
vt 0.056201 0.918672
vt 0.687812 0.920404
vt 0.692711 0.903529
vt 0.680395 0.904392
vt 0.674704 0.918687
vt 0.673614 0.866840
vt 0.686648 0.859590
vt 0.674282 0.800772
vt 0.686380 0.795458
vt 0.676605 0.741413
vt 0.688770 0.739205
vt 0.677521 0.690087
vt 0.689853 0.688571
vt 0.681520 0.650081
vt 0.693198 0.649293
vt 0.680277 0.634352
vt 0.692317 0.633632
vt 0.682898 0.594220
vt 0.694767 0.594202
vt 0.680184 0.577299
vt 0.693216 0.575224
vt 0.672536 0.563614
vt 0.680711 0.550416
vt 0.693134 0.553129
vt 0.683313 0.533501
vt 0.695163 0.534225
vt 0.681338 0.493278
vt 0.693278 0.494692
vt 0.682668 0.477615
vt 0.694589 0.479134
vt 0.679514 0.437459
vt 0.691671 0.439670
vt 0.679420 0.386200
vt 0.691578 0.389080
vt 0.678432 0.326752
vt 0.690212 0.332499
vt 0.679775 0.260534
vt 0.691454 0.267478
vt 0.686069 0.223517
vt 0.698785 0.223976
vt 0.678268 0.208735
vt 0.692034 0.206934
vt 0.670147 0.181181
vt 0.660026 0.178755
vt 0.657882 0.191008
vt 0.664197 0.193119
vt 0.634847 0.193027
vt 0.633591 0.180400
vt 0.597936 0.189877
vt 0.599520 0.177096
vt 0.594216 0.186760
vt 0.594785 0.174679
vt 0.542812 0.185835
vt 0.543321 0.173644
vt 0.483598 0.183172
vt 0.484955 0.170938
vt 0.461904 0.180690
vt 0.461612 0.168990
vt 0.439161 0.182158
vt 0.439251 0.170056
vt 0.405231 0.179967
vt 0.405666 0.168275
vt 0.388263 0.179982
vt 0.387007 0.167057
vt 0.373340 0.185358
vt 0.373133 0.170333
vt 0.358202 0.179836
vt 0.359103 0.167291
vt 0.341226 0.180128
vt 0.340421 0.168481
vt 0.307486 0.182456
vt 0.307045 0.170443
vt 0.284838 0.181180
vt 0.284931 0.169385
vt 0.263333 0.183539
vt 0.261714 0.171417
vt 0.204626 0.185918
vt 0.203983 0.173829
vt 0.153657 0.186964
vt 0.153189 0.173772
vt 0.149822 0.189354
vt 0.148450 0.176374
vt 0.112849 0.191564
vt 0.114428 0.179011
vt 0.092667 0.188209
vt 0.088384 0.176045
vt 0.086235 0.191805
vt 0.079128 0.180754
vt 0.068601 0.947693
vt 0.078178 0.955293
vt 0.082504 0.942339
vt 0.076905 0.936984
vt 0.104843 0.939209
vt 0.106488 0.951715
vt 0.143207 0.941048
vt 0.141823 0.954342
vt 0.148530 0.944949
vt 0.146583 0.957812
vt 0.197468 0.944558
vt 0.199582 0.956987
vt 0.257174 0.947746
vt 0.257832 0.960278
vt 0.278859 0.951028
vt 0.279584 0.962573
vt 0.301489 0.949115
vt 0.302138 0.961319
vt 0.335339 0.951519
vt 0.335019 0.963090
vt 0.352097 0.951260
vt 0.353270 0.963804
vt 0.367704 0.944477
vt 0.368154 0.960627
vt 0.383411 0.951496
vt 0.383026 0.963640
vt 0.400209 0.951244
vt 0.401213 0.962786
vt 0.433831 0.948520
vt 0.433871 0.960573
vt 0.456396 0.949999
vt 0.456287 0.961749
vt 0.477858 0.946877
vt 0.477848 0.959051
vt 0.537016 0.943807
vt 0.537686 0.955947
vt 0.586013 0.944488
vt 0.588194 0.956982
vt 0.591073 0.940359
vt 0.592782 0.953966
vt 0.629398 0.939082
vt 0.627833 0.951542
vt 0.652074 0.943123
vt 0.656053 0.955022
vt 0.660211 0.938765
vt 0.667184 0.950567
vt 0.069800 0.925686
vt 0.057422 0.928681
vt 0.072281 0.931461
vt 0.061754 0.938162
vt 0.682415 0.933340
vt 0.671410 0.927401
vt 0.676372 0.941462
vt 0.666325 0.933714
vt 0.679072 0.187700
vt 0.669984 0.196228
vt 0.684980 0.194005
vt 0.674901 0.201255
vt 0.081886 0.195125
vt 0.072256 0.187081
vt 0.079268 0.199386
vt 0.067606 0.194484
vt 0.134652 0.294703
vt 0.134731 0.888247
vt 0.593536 0.888186
vt 0.593457 0.294642
vt 0.956845 0.974122
vt 0.956874 0.515317
vt 0.954559 0.513679
vt 0.954530 0.975759
vt 0.803369 0.371341
vt 0.803301 0.968160
vt 0.805617 0.966523
vt 0.805685 0.372979
vt 0.900282 0.486327
vt 0.900264 0.024247
vt 0.897948 0.025885
vt 0.897966 0.484690
vt 0.828449 0.968152
vt 0.828479 0.371333
vt 0.826163 0.372970
vt 0.826133 0.966514
vt 0.941181 0.980641
vt 0.941211 0.508796
vt 0.938895 0.507158
vt 0.938865 0.982279
vt 0.789620 0.362904
vt 0.789551 0.976594
vt 0.791867 0.974957
vt 0.791936 0.364542
vt 0.915947 0.492847
vt 0.915928 0.017726
vt 0.913612 0.019364
vt 0.913631 0.491209
vt 0.842198 0.976588
vt 0.842229 0.362898
vt 0.839913 0.364535
vt 0.839883 0.974950
vt 0.925362 0.987161
vt 0.925393 0.502274
vt 0.923078 0.500636
vt 0.923047 0.988798
vt 0.775719 0.354467
vt 0.775647 0.985028
vt 0.777963 0.983391
vt 0.778034 0.356105
vt 0.931765 0.499367
vt 0.931746 0.011205
vt 0.929430 0.012842
vt 0.929449 0.497729
vt 0.856101 0.985024
vt 0.856133 0.354463
vt 0.853817 0.356100
vt 0.853785 0.983386
vt 0.918730 0.991391
vt 0.918761 0.498042
vt 0.916445 0.496405
vt 0.916414 0.993029
vt 0.770810 0.348512
vt 0.770737 0.990982
vt 0.773053 0.989345
vt 0.773126 0.350150
vt 0.938397 0.503597
vt 0.938378 0.006974
vt 0.936062 0.008611
vt 0.936082 0.501960
vt 0.861010 0.990978
vt 0.861042 0.348509
vt 0.858726 0.350146
vt 0.858694 0.989341
vt 0.898019 0.998363
vt 0.898052 0.491069
vt 0.895736 0.489431
vt 0.895704 1.000000
vt 0.752149 0.339490
vt 0.752074 1.000000
vt 0.754390 0.998363
vt 0.754465 0.341128
vt 0.959107 0.510569
vt 0.959087 0.000000
vt 0.956772 0.001638
vt 0.956791 0.508932
vt 0.879671 1.000000
vt 0.879704 0.339490
vt 0.877389 0.341127
vt 0.877355 0.998362
vt 0.814859 0.966524
vt 0.814926 0.372980
vt 0.888706 0.025885
vt 0.888724 0.484690
vt 0.816922 0.372969
vt 0.816892 0.966514
vt 0.966087 0.974122
vt 0.966116 0.515317
vt 0.798418 0.974958
vt 0.798487 0.364543
vt 0.907062 0.019364
vt 0.907080 0.491210
vt 0.833363 0.364535
vt 0.833332 0.974950
vt 0.947731 0.980642
vt 0.947761 0.508796
vt 0.784667 0.983392
vt 0.784738 0.356106
vt 0.922726 0.012843
vt 0.922745 0.497730
vt 0.847113 0.356100
vt 0.847081 0.983386
vt 0.932066 0.987161
vt 0.932097 0.502274
vt 0.759726 0.990981
vt 0.759799 0.348511
vt 0.949389 0.006973
vt 0.949409 0.503597
vt 0.872053 0.348509
vt 0.872021 0.990979
vt 0.905403 0.993028
vt 0.905434 0.496404
vt 0.745077 0.999999
vt 0.745152 0.339489
vt 0.966085 0.000000
vt 0.966105 0.510569
vt 0.886702 0.339490
vt 0.886668 1.000000
vt 0.888706 1.000000
vt 0.888739 0.489430
s 1
usemtl initialShadingGroup.001
f 4/1/1 1/2/1 2/3/2
f 2/3/2 3/4/2 4/1/1
s 0
f 8/5/3 5/6/3 6/7/3
f 6/7/3 7/8/3 8/5/3
s 1
f 10/9/4 9/10/4 1/2/1
f 1/2/1 4/1/1 10/9/4
s 0
f 7/8/3 6/7/3 11/11/3
f 11/11/3 12/12/3 7/8/3
f 16/4/5 13/3/5 14/13/5
s 1
f 14/13/5 15/14/5 16/4/5
f 20/15/6 17/1/7 18/4/7
f 18/4/7 19/14/8 20/15/6
f 22/16/9 21/9/7 17/1/7
f 17/1/7 20/15/6 22/16/9
s 0
f 26/14/10 23/13/10 24/17/10
f 24/17/10 25/18/10 26/14/10
f 30/18/11 27/17/11 28/19/11
f 28/19/11 29/20/11 30/18/11
f 34/20/12 31/19/12 32/21/12
f 32/21/12 33/22/12 34/20/12
s 1
f 38/23/13 35/24/14 36/25/15
f 36/25/15 37/26/16 38/23/13
s 0
f 42/27/17 39/28/17 40/29/17
f 40/29/17 41/30/17 42/27/17
f 46/30/18 43/29/18 44/31/18
f 44/31/18 45/32/18 46/30/18
f 50/33/19 47/34/19 48/35/19
f 48/35/20 49/36/20 50/33/20
f 54/22/21 51/21/21 52/37/21
f 52/37/21 53/38/21 54/22/21
s 1
f 58/39/22 55/23/7 56/26/7
f 56/26/7 57/27/23 58/39/22
s 0
f 62/28/24 59/27/24 60/26/24
f 60/26/24 61/25/24 62/28/24
s 1
f 66/6/25 63/5/26 64/34/27
f 64/34/27 65/33/26 66/6/25
f 68/38/28 67/37/29 35/24/14
f 35/24/14 38/23/13 68/38/28
f 58/39/22 69/22/30 70/38/7
f 70/38/7 55/23/7 58/39/22
s 0
f 74/32/31 71/31/31 72/40/31
f 72/40/31 73/41/31 74/32/31
f 78/36/32 75/35/32 76/42/32
f 76/42/32 77/43/32 78/36/32
s 1
f 82/44/33 79/45/34 80/46/35
f 80/46/35 81/47/35 82/44/33
s 0
f 86/48/32 83/49/32 84/50/32
f 84/50/32 85/51/32 86/48/32
s 1
f 88/41/36 87/40/36 79/45/34
f 79/45/34 82/44/33 88/41/36
s 0
f 77/43/32 76/42/32 83/49/32
f 83/49/32 86/48/32 77/43/32
f 92/47/37 89/46/37 90/52/37
f 90/52/37 91/53/37 92/47/37
f 85/51/32 84/50/32 93/54/32
f 93/54/32 94/55/32 85/51/32
f 98/53/38 95/52/38 96/56/38
f 96/56/38 97/57/38 98/53/38
f 94/55/32 93/54/32 99/58/32
f 99/58/32 100/59/32 94/55/32
f 104/57/39 101/56/39 102/60/39
f 102/60/39 103/61/39 104/57/39
f 100/59/32 99/58/32 105/62/32
f 105/62/32 106/63/32 100/59/32
f 110/61/40 107/60/40 108/64/40
f 108/64/40 109/65/40 110/61/40
f 106/63/32 105/62/32 111/66/32
f 111/66/32 112/67/32 106/63/32
f 116/65/41 113/64/41 114/68/41
f 114/68/41 115/69/41 116/65/41
f 112/67/32 111/66/32 117/70/32
f 117/70/32 118/71/32 112/67/32
f 122/69/42 119/68/42 120/72/42
f 120/72/42 121/73/42 122/69/42
f 118/71/32 117/70/32 123/74/32
f 123/74/32 124/75/32 118/71/32
f 12/12/3 11/11/3 125/76/3
f 125/76/3 126/77/3 12/12/3
s 1
f 21/9/7 22/16/9 127/78/43
f 127/78/43 128/79/7 21/9/7
s 0
f 132/10/44 129/9/44 130/79/44
f 130/79/44 131/80/44 132/10/44
f 126/77/3 125/76/3 133/81/3
f 133/81/3 134/82/3 126/77/3
s 1
f 128/79/7 127/78/43 135/83/45
f 135/83/45 136/84/7 128/79/7
s 0
f 140/80/46 137/79/46 138/84/46
f 138/84/46 139/85/46 140/80/46
f 134/82/3 133/81/3 141/86/3
f 141/86/3 142/87/3 134/82/3
s 1
f 136/84/7 135/83/45 143/88/47
f 143/88/47 144/89/7 136/84/7
s 0
f 148/85/11 145/84/11 146/89/11
f 146/89/11 147/90/11 148/85/11
f 142/87/3 141/86/3 149/91/3
f 149/91/3 150/92/3 142/87/3
s 1
f 144/89/7 143/88/47 151/93/48
f 151/93/48 152/94/7 144/89/7
s 0
f 156/90/49 153/89/49 154/94/49
f 154/94/49 155/95/49 156/90/49
f 150/92/3 149/91/3 157/96/3
f 157/96/3 158/97/3 150/92/3
s 1
f 152/94/7 151/93/48 159/98/50
f 159/98/50 160/99/7 152/94/7
s 0
f 164/95/51 161/94/51 162/99/51
f 162/99/51 163/100/51 164/95/51
f 158/97/3 157/96/3 165/101/3
f 165/101/3 166/102/3 158/97/3
s 1
f 160/99/7 159/98/50 167/103/52
f 167/103/52 168/104/7 160/99/7
s 0
f 172/100/53 169/99/53 170/104/53
f 170/104/53 171/105/53 172/100/53
s 1
f 176/106/54 173/107/55 174/108/55
f 174/108/55 175/109/54 176/106/54
s 0
f 180/110/56 177/111/56 178/112/56
f 178/112/56 179/113/56 180/110/56
s 1
f 173/107/55 181/114/57 182/115/57
f 182/115/57 174/108/55 173/107/55
s 0
f 184/116/56 180/110/56 179/113/56
f 179/113/56 183/117/56 184/116/56
f 188/118/58 185/106/58 186/109/58
s 1
f 186/109/58 187/119/58 188/118/58
f 192/109/7 189/108/7 190/120/59
f 190/120/59 191/119/60 192/109/7
f 189/108/7 193/115/7 194/121/61
f 194/121/61 190/120/59 189/108/7
s 0
f 198/122/62 195/118/62 196/119/62
f 196/119/62 197/123/62 198/122/62
f 202/124/63 199/122/63 200/123/63
f 200/123/63 201/125/63 202/124/63
f 206/126/64 203/124/64 204/125/64
f 204/125/64 205/127/64 206/126/64
s 1
f 210/128/65 207/129/66 208/130/67
f 208/130/67 209/131/68 210/128/65
s 0
f 214/132/69 211/133/69 212/134/69
f 212/134/69 213/135/69 214/132/69
f 218/136/70 215/132/70 216/135/70
f 216/135/70 217/137/70 218/136/70
f 222/138/19 219/139/19 220/140/19
f 220/140/71 221/141/71 222/138/71
f 226/142/72 223/126/72 224/127/72
f 224/127/72 225/143/72 226/142/72
s 1
f 230/131/7 227/130/7 228/144/73
f 228/144/73 229/134/74 230/131/7
s 0
f 234/131/75 231/134/75 232/133/75
f 232/133/75 233/128/75 234/131/75
s 1
f 238/139/76 235/112/77 236/111/78
f 236/111/78 237/140/77 238/139/76
f 207/129/66 239/142/79 240/143/80
f 240/143/80 208/130/67 207/129/66
f 242/143/7 241/127/81 228/144/73
f 228/144/73 227/130/7 242/143/7
s 0
f 246/145/82 243/136/82 244/137/82
f 244/137/82 245/146/82 246/145/82
f 250/147/32 247/138/32 248/141/32
f 248/141/32 249/148/32 250/147/32
s 1
f 254/149/83 251/150/84 252/151/33
f 252/151/33 253/152/83 254/149/83
s 0
f 258/153/32 255/154/32 256/155/32
f 256/155/32 257/156/32 258/153/32
s 1
f 251/150/84 259/145/85 260/146/85
f 260/146/85 252/151/33 251/150/84
s 0
f 255/154/32 250/147/32 249/148/32
f 249/148/32 256/155/32 255/154/32
f 264/157/86 261/149/86 262/152/86
f 262/152/86 263/158/86 264/157/86
f 266/159/32 258/153/32 257/156/32
f 257/156/32 265/160/32 266/159/32
f 270/161/87 267/157/87 268/158/87
f 268/158/87 269/162/87 270/161/87
f 272/163/32 266/159/32 265/160/32
f 265/160/32 271/164/32 272/163/32
f 276/165/88 273/161/88 274/162/88
f 274/162/88 275/166/88 276/165/88
f 278/167/32 272/163/32 271/164/32
f 271/164/32 277/168/32 278/167/32
f 282/169/89 279/165/89 280/166/89
f 280/166/89 281/170/89 282/169/89
f 284/171/32 278/167/32 277/168/32
f 277/168/32 283/172/32 284/171/32
f 288/173/90 285/169/90 286/170/90
f 286/170/90 287/174/90 288/173/90
f 290/175/32 284/171/32 283/172/32
f 283/172/32 289/176/32 290/175/32
f 294/72/91 291/173/91 292/174/91
f 292/174/91 293/73/91 294/72/91
f 123/74/32 290/175/32 289/176/32
f 289/176/32 124/75/32 123/74/32
f 296/177/56 184/116/56 183/117/56
f 183/117/56 295/178/56 296/177/56
s 1
f 298/179/92 194/121/61 193/115/7
f 193/115/7 297/180/7 298/179/92
s 0
f 302/180/93 299/115/93 300/114/93
f 300/114/93 301/181/93 302/180/93
f 304/182/56 296/177/56 295/178/56
f 295/178/56 303/183/56 304/182/56
s 1
f 306/184/94 298/179/92 297/180/7
f 297/180/7 305/185/7 306/184/94
s 0
f 310/185/95 307/180/95 308/181/95
f 308/181/95 309/186/95 310/185/95
f 312/187/56 304/182/56 303/183/56
f 303/183/56 311/188/56 312/187/56
s 1
f 314/189/96 306/184/94 305/185/7
f 305/185/7 313/190/7 314/189/96
s 0
f 318/190/63 315/185/63 316/186/63
f 316/186/63 317/191/63 318/190/63
f 320/192/56 312/187/56 311/188/56
f 311/188/56 319/193/56 320/192/56
s 1
f 322/194/97 314/189/96 313/190/7
f 313/190/7 321/195/7 322/194/97
f 326/195/98 323/190/98 324/191/98
s 0
f 324/191/98 325/196/98 326/195/98
f 328/197/56 320/192/56 319/193/56
f 319/193/56 327/198/56 328/197/56
s 1
f 330/199/99 322/194/97 321/195/7
f 321/195/7 329/200/7 330/199/99
s 0
f 334/200/100 331/195/100 332/196/100
f 332/196/100 333/201/100 334/200/100
f 336/202/56 328/197/56 327/198/56
f 327/198/56 335/203/56 336/202/56
s 1
f 339/204/101 330/199/99 337/200/7
f 337/200/7 338/205/7 339/204/101
s 0
f 343/205/102 340/200/102 341/201/102
f 341/201/102 342/206/102 343/205/102
s 1
f 347/207/103 344/208/103 345/209/104
f 345/209/104 346/210/104 347/207/103
s 0
f 351/211/56 348/212/56 349/213/56
f 349/213/56 350/214/56 351/211/56
s 1
f 353/215/105 352/216/105 344/208/103
f 344/208/103 347/207/103 353/215/105
s 0
f 350/214/56 349/213/56 354/217/56
f 354/217/56 355/218/56 350/214/56
f 359/210/106 356/209/106 357/219/106
f 357/219/106 358/220/106 359/210/106
s 1
f 363/221/107 360/207/7 361/210/7
f 361/210/7 362/220/108 363/221/107
f 365/222/109 364/215/7 360/207/7
f 360/207/7 363/221/107 365/222/109
s 0
f 369/220/110 366/219/110 367/223/110
f 367/223/110 368/224/110 369/220/110
f 373/224/95 370/223/95 371/225/95
f 371/225/95 372/226/95 373/224/95
f 377/226/111 374/225/111 375/227/111
f 375/227/111 376/228/111 377/226/111
s 1
f 381/229/112 378/230/113 379/231/114
f 379/231/114 380/232/115 381/229/112
s 0
f 385/233/116 382/234/116 383/235/116
f 383/235/116 384/236/116 385/233/116
f 389/236/117 386/235/117 387/237/117
f 387/237/117 388/238/117 389/236/117
f 393/239/118 390/240/118 391/241/118
f 391/241/119 392/242/119 393/239/119
f 397/228/120 394/227/120 395/243/120
f 395/243/120 396/244/120 397/228/120
s 1
f 401/245/121 398/229/7 399/232/7
f 399/232/7 400/233/122 401/245/121
s 0
f 405/234/123 402/233/123 403/232/123
f 403/232/123 404/231/123 405/234/123
s 1
f 409/212/124 406/211/125 407/240/126
f 407/240/126 408/239/125 409/212/124
f 411/244/127 410/243/128 378/230/113
f 378/230/113 381/229/112 411/244/127
f 401/245/121 412/228/129 413/244/7
f 413/244/7 398/229/7 401/245/121
s 0
f 417/238/130 414/237/130 415/246/130
f 415/246/130 416/247/130 417/238/130
f 421/242/33 418/241/33 419/248/33
f 419/248/33 420/249/33 421/242/33
s 1
f 425/250/32 422/251/131 423/252/132
f 423/252/132 424/253/132 425/250/32
s 0
f 429/254/33 426/255/33 427/256/33
f 427/256/33 428/257/33 429/254/33
s 1
f 431/247/133 430/246/133 422/251/131
f 422/251/131 425/250/32 431/247/133
s 0
f 420/249/33 419/248/33 426/255/33
f 426/255/33 429/254/33 420/249/33
f 435/253/134 432/252/134 433/258/134
f 433/258/134 434/259/134 435/253/134
f 428/257/33 427/256/33 436/260/33
f 436/260/33 437/261/33 428/257/33
f 441/259/135 438/258/135 439/262/135
f 439/262/135 440/263/135 441/259/135
f 437/261/33 436/260/33 442/264/33
f 442/264/33 443/265/33 437/261/33
f 447/263/136 444/262/136 445/266/136
f 445/266/136 446/267/136 447/263/136
f 443/265/33 442/264/33 448/268/33
f 448/268/33 449/269/33 443/265/33
f 453/267/137 450/266/137 451/270/137
f 451/270/137 452/271/137 453/267/137
f 449/269/33 448/268/33 454/272/33
f 454/272/33 455/273/33 449/269/33
f 459/271/138 456/270/138 457/274/138
f 457/274/138 458/275/138 459/271/138
f 455/273/33 454/272/33 460/276/33
f 460/276/33 461/277/33 455/273/33
f 465/275/139 462/274/139 463/278/139
f 463/278/139 464/279/139 465/275/139
f 461/277/33 460/276/33 466/280/33
f 466/280/33 467/281/33 461/277/33
f 355/218/56 354/217/56 468/282/56
f 468/282/56 469/283/56 355/218/56
s 1
f 364/215/7 365/222/109 470/284/140
f 470/284/140 471/285/7 364/215/7
s 0
f 475/216/141 472/215/141 473/285/141
f 473/285/141 474/286/141 475/216/141
f 469/283/56 468/282/56 476/287/56
f 476/287/56 477/288/56 469/283/56
s 1
f 471/285/7 470/284/140 478/289/142
f 478/289/142 479/290/7 471/285/7
s 0
f 483/286/63 480/285/63 481/290/63
f 481/290/63 482/291/63 483/286/63
f 477/288/56 476/287/56 484/292/56
f 484/292/56 485/293/56 477/288/56
s 1
f 479/290/7 478/289/142 486/294/143
f 486/294/143 487/295/7 479/290/7
s 0
f 491/291/95 488/290/95 489/295/95
f 489/295/95 490/296/95 491/291/95
f 485/293/56 484/292/56 492/297/56
f 492/297/56 493/298/56 485/293/56
s 1
f 487/295/7 486/294/143 494/299/144
f 494/299/144 495/300/7 487/295/7
s 0
f 499/296/145 496/295/145 497/300/145
f 497/300/145 498/301/145 499/296/145
f 493/298/56 492/297/56 500/302/56
f 500/302/56 501/303/56 493/298/56
s 1
f 495/300/7 494/299/144 502/304/146
f 502/304/146 503/305/7 495/300/7
s 0
f 507/301/147 504/300/147 505/305/147
f 505/305/147 506/306/147 507/301/147
f 501/303/56 500/302/56 336/202/56
f 336/202/56 335/203/56 501/303/56
s 1
f 510/305/7 502/304/146 508/204/148
f 508/204/148 509/205/7 510/305/7
s 0
f 514/306/149 511/305/149 512/205/149
f 512/205/149 513/206/149 514/306/149
s 1
f 518/307/150 515/308/151 516/309/151
f 516/309/151 517/310/150 518/307/150
s 0
f 522/311/3 519/312/3 520/313/3
f 520/313/3 521/314/3 522/311/3
s 1
f 515/308/151 523/315/152 524/316/152
f 524/316/152 516/309/151 515/308/151
s 0
f 526/317/3 522/311/3 521/314/3
f 521/314/3 525/318/3 526/317/3
f 530/319/153 527/307/153 528/310/153
f 528/310/153 529/320/153 530/319/153
s 1
f 534/310/7 531/309/7 532/321/154
f 532/321/154 533/320/155 534/310/7
f 531/309/7 535/316/7 536/322/156
f 536/322/156 532/321/154 531/309/7
s 0
f 540/323/157 537/319/157 538/320/157
f 538/320/157 539/324/157 540/323/157
f 544/325/46 541/323/46 542/324/46
f 542/324/46 543/326/46 544/325/46
f 548/327/158 545/325/158 546/326/158
f 546/326/158 547/328/158 548/327/158
s 1
f 552/329/159 549/330/160 550/331/161
f 550/331/161 551/332/162 552/329/159
s 0
f 556/333/163 553/334/163 554/335/163
f 554/335/163 555/336/163 556/333/163
f 560/337/164 557/333/164 558/336/164
f 558/336/164 559/338/164 560/337/164
f 564/339/118 561/340/118 562/341/118
f 562/341/34 563/342/34 564/339/34
f 568/343/165 565/327/165 566/328/165
f 566/328/165 567/344/165 568/343/165
s 1
f 572/332/7 569/331/7 570/345/166
f 570/345/166 571/335/167 572/332/7
s 0
f 576/332/168 573/335/168 574/334/168
f 574/334/168 575/329/168 576/332/168
s 1
f 580/340/169 577/313/170 578/312/171
f 578/312/171 579/341/170 580/340/169
f 549/330/160 581/343/172 582/344/173
f 582/344/173 550/331/161 549/330/160
f 584/344/7 583/328/174 570/345/166
f 570/345/166 569/331/7 584/344/7
s 0
f 588/346/175 585/337/175 586/338/175
f 586/338/175 587/347/175 588/346/175
f 592/348/33 589/339/33 590/342/33
f 590/342/33 591/349/33 592/348/33
s 1
f 596/350/176 593/351/177 594/352/32
f 594/352/32 595/353/176 596/350/176
s 0
f 600/354/33 597/355/33 598/356/33
f 598/356/33 599/357/33 600/354/33
s 1
f 593/351/177 601/346/178 602/347/178
f 602/347/178 594/352/32 593/351/177
s 0
f 597/355/33 592/348/33 591/349/33
f 591/349/33 598/356/33 597/355/33
f 606/358/179 603/350/179 604/353/179
f 604/353/179 605/359/179 606/358/179
f 608/360/33 600/354/33 599/357/33
f 599/357/33 607/361/33 608/360/33
f 612/362/180 609/358/180 610/359/180
f 610/359/180 611/363/180 612/362/180
f 614/364/33 608/360/33 607/361/33
f 607/361/33 613/365/33 614/364/33
f 618/366/181 615/362/181 616/363/181
f 616/363/181 617/367/181 618/366/181
f 620/368/33 614/364/33 613/365/33
f 613/365/33 619/369/33 620/368/33
f 624/370/182 621/366/182 622/367/182
f 622/367/182 623/371/182 624/370/182
f 626/372/33 620/368/33 619/369/33
f 619/369/33 625/373/33 626/372/33
f 630/374/183 627/370/183 628/371/183
f 628/371/183 629/375/183 630/374/183
f 632/376/33 626/372/33 625/373/33
f 625/373/33 631/377/33 632/376/33
f 636/278/184 633/374/184 634/375/184
f 634/375/184 635/279/184 636/278/184
f 466/280/33 632/376/33 631/377/33
f 631/377/33 467/281/33 466/280/33
f 638/378/3 526/317/3 525/318/3
f 525/318/3 637/379/3 638/378/3
s 1
f 640/380/185 536/322/156 535/316/7
f 535/316/7 639/381/7 640/380/185
s 0
f 644/381/186 641/316/186 642/315/186
f 642/315/186 643/382/186 644/381/186
f 646/383/3 638/378/3 637/379/3
f 637/379/3 645/384/3 646/383/3
s 1
f 648/385/187 640/380/185 639/381/7
f 639/381/7 647/386/7 648/385/187
s 0
f 652/386/11 649/381/11 650/382/11
f 650/382/11 651/387/11 652/386/11
f 654/388/3 646/383/3 645/384/3
f 645/384/3 653/389/3 654/388/3
s 1
f 656/390/188 648/385/187 647/386/7
f 647/386/7 655/391/7 656/390/188
s 0
f 660/391/46 657/386/46 658/387/46
f 658/387/46 659/392/46 660/391/46
f 662/393/3 654/388/3 653/389/3
f 653/389/3 661/394/3 662/393/3
s 1
f 664/395/189 656/390/188 655/391/7
f 655/391/7 663/396/7 664/395/189
s 0
f 668/396/190 665/391/190 666/392/190
f 666/392/190 667/397/190 668/396/190
f 670/398/3 662/393/3 661/394/3
f 661/394/3 669/399/3 670/398/3
s 1
f 672/400/191 664/395/189 663/396/7
f 663/396/7 671/401/7 672/400/191
s 0
f 676/401/192 673/396/192 674/397/192
f 674/397/192 675/402/192 676/401/192
f 165/101/3 670/398/3 669/399/3
f 669/399/3 166/102/3 165/101/3
s 1
f 167/103/52 672/400/191 671/401/7
f 671/401/7 168/104/7 167/103/52
s 0
f 680/104/193 677/401/193 678/402/193
f 678/402/193 679/105/193 680/104/193
s 1
f 684/403/194 681/404/195 682/405/196
f 682/405/196 683/406/197 684/403/194
f 686/407/198 682/405/196 681/404/195
f 681/404/195 685/408/199 686/407/198
f 688/409/200 686/407/198 685/408/199
f 685/408/199 687/410/200 688/409/200
f 690/411/201 688/409/200 687/410/200
f 687/410/200 689/412/202 690/411/201
f 692/413/203 690/411/201 689/412/202
f 689/412/202 691/414/204 692/413/203
f 694/415/205 692/413/203 691/414/204
f 691/414/204 693/416/206 694/415/205
f 696/417/207 694/415/205 693/416/206
f 693/416/206 695/418/207 696/417/207
f 698/419/208 696/417/207 695/418/207
f 695/418/207 697/420/208 698/419/208
f 700/421/209 698/419/208 697/420/208
f 697/420/208 699/422/210 700/421/209
f 702/423/211 700/421/209 699/422/210
f 699/422/210 701/424/212 702/423/211
f 704/425/213 702/423/211 701/424/212
f 701/424/212 703/426/214 704/425/213
f 706/427/215 704/425/213 703/426/214
f 703/426/214 705/428/216 706/427/215
f 708/429/217 706/427/215 705/428/216
f 705/428/216 707/430/217 708/429/217
f 710/431/218 708/429/217 707/430/217
f 707/430/217 709/432/218 710/431/218
f 712/433/219 710/431/218 709/432/218
f 709/432/218 711/434/220 712/433/219
f 714/435/221 712/433/219 711/434/220
f 711/434/220 713/436/222 714/435/221
f 716/437/223 714/435/221 713/436/222
f 713/436/222 715/438/224 716/437/223
f 718/439/225 716/437/223 715/438/224
f 715/438/224 717/440/226 718/439/225
f 720/441/227 718/439/225 717/440/226
f 717/440/226 719/442/227 720/441/227
f 722/443/228 720/441/227 719/442/227
f 719/442/227 721/444/229 722/443/228
f 726/445/230 723/446/231 724/447/232
f 724/447/232 725/448/233 726/445/230
f 728/449/234 724/447/232 723/446/231
f 723/446/231 727/450/235 728/449/234
f 730/451/236 728/449/234 727/450/235
f 727/450/235 729/452/237 730/451/236
f 732/453/238 730/451/236 729/452/237
f 729/452/237 731/454/239 732/453/238
f 734/455/240 732/453/238 731/454/239
f 731/454/239 733/456/241 734/455/240
f 736/457/242 734/455/240 733/456/241
f 733/456/241 735/458/243 736/457/242
f 738/459/244 736/457/242 735/458/243
f 735/458/243 737/460/245 738/459/244
f 740/461/246 738/459/244 737/460/245
f 737/460/245 739/462/247 740/461/246
f 742/463/248 740/461/246 739/462/247
f 739/462/247 741/464/249 742/463/248
f 744/465/250 742/463/248 741/464/249
f 741/464/249 743/204/251 744/465/250
f 746/466/252 744/465/250 743/204/251
f 743/204/251 745/467/253 746/466/252
f 748/468/254 746/466/252 745/467/253
f 745/467/253 747/469/255 748/468/254
f 750/470/256 748/468/254 747/469/255
f 747/469/255 749/471/244 750/470/256
f 752/472/257 750/470/256 749/471/244
f 749/471/244 751/473/258 752/472/257
f 754/474/259 752/472/257 751/473/258
f 751/473/258 753/475/260 754/474/259
f 756/476/261 754/474/259 753/475/260
f 753/475/260 755/477/262 756/476/261
f 758/478/263 756/476/261 755/477/262
f 755/477/262 757/479/264 758/478/263
f 760/480/265 758/478/263 757/479/264
f 757/479/264 759/481/266 760/480/265
f 762/482/267 760/480/265 759/481/266
f 759/481/266 761/483/268 762/482/267
f 764/484/269 762/482/267 761/483/268
f 761/483/268 763/485/270 764/484/269
f 768/486/271 765/487/272 766/488/273
f 766/488/273 767/489/274 768/486/271
f 770/490/275 766/488/273 765/487/272
f 765/487/272 769/491/275 770/490/275
f 772/492/276 770/490/275 769/491/275
f 769/491/275 771/493/277 772/492/276
f 774/494/278 772/492/276 771/493/277
f 771/493/277 773/495/279 774/494/278
f 776/496/280 774/494/278 773/495/279
f 773/495/279 775/497/280 776/496/280
f 778/498/281 776/496/280 775/497/280
f 775/497/280 777/499/282 778/498/281
f 780/500/283 778/498/281 777/499/282
f 777/499/282 779/501/284 780/500/283
f 782/502/285 780/500/283 779/501/284
f 779/501/284 781/503/286 782/502/285
f 784/504/287 782/502/285 781/503/286
f 781/503/286 783/505/287 784/504/287
f 786/506/288 784/504/287 783/505/287
f 783/505/287 785/507/289 786/506/288
f 788/508/290 786/506/288 785/507/289
f 785/507/289 787/509/290 788/508/290
f 790/510/291 788/508/290 787/509/290
f 787/509/290 789/511/292 790/510/291
f 792/512/293 790/510/291 789/511/292
f 789/511/292 791/513/294 792/512/293
f 794/514/295 792/512/293 791/513/294
f 791/513/294 793/515/295 794/514/295
f 796/516/296 794/514/295 793/515/295
f 793/515/295 795/517/297 796/516/296
f 798/518/298 796/516/296 795/517/297
f 795/517/297 797/519/299 798/518/298
f 800/520/300 798/518/298 797/519/299
f 797/519/299 799/521/300 800/520/300
f 802/522/301 800/520/300 799/521/300
f 799/521/300 801/523/302 802/522/301
f 804/524/303 802/522/301 801/523/302
f 801/523/302 803/525/304 804/524/303
f 806/526/305 804/524/303 803/525/304
f 803/525/304 805/527/305 806/526/305
f 808/528/306 806/526/305 805/527/305
f 805/527/305 807/529/307 808/528/306
f 810/530/308 808/528/306 807/529/307
f 807/529/307 809/531/308 810/530/308
f 814/532/309 811/533/310 812/534/311
f 812/534/311 813/535/312 814/532/309
f 816/536/313 812/534/311 811/533/310
f 811/533/310 815/537/314 816/536/313
f 818/538/315 816/536/313 815/537/314
f 815/537/314 817/539/316 818/538/315
f 820/540/317 818/538/315 817/539/316
f 817/539/316 819/541/318 820/540/317
f 822/542/319 820/540/317 819/541/318
f 819/541/318 821/543/320 822/542/319
f 824/544/321 822/542/319 821/543/320
f 821/543/320 823/545/322 824/544/321
f 826/546/323 824/544/321 823/545/322
f 823/545/322 825/547/324 826/546/323
f 828/548/325 826/546/323 825/547/324
f 825/547/324 827/549/326 828/548/325
f 830/550/327 828/548/325 827/549/326
f 827/549/326 829/551/328 830/550/327
f 832/552/329 830/550/327 829/551/328
f 829/551/328 831/553/330 832/552/329
f 834/554/331 832/552/329 831/553/330
f 831/553/330 833/555/332 834/554/331
f 836/556/333 834/554/331 833/555/332
f 833/555/332 835/557/334 836/556/333
f 838/558/335 836/556/333 835/557/334
f 835/557/334 837/559/336 838/558/335
f 840/560/337 838/558/335 837/559/336
f 837/559/336 839/561/338 840/560/337
f 842/562/339 840/560/337 839/561/338
f 839/561/338 841/563/340 842/562/339
f 844/564/341 842/562/339 841/563/340
f 841/563/340 843/565/342 844/564/341
f 846/566/343 844/564/341 843/565/342
f 843/565/342 845/567/343 846/566/343
f 848/568/344 846/566/343 845/567/343
f 845/567/343 847/569/345 848/568/344
f 850/570/346 848/568/344 847/569/345
f 847/569/345 849/571/347 850/570/346
f 852/572/348 850/570/346 849/571/347
f 849/571/347 851/573/348 852/572/348
f 854/574/349 852/572/348 851/573/348
f 851/573/348 853/575/350 854/574/349
f 856/576/351 854/574/349 853/575/350
f 853/575/350 855/577/352 856/576/351
f 858/578/353 722/443/228 721/444/229
f 721/444/229 857/579/354 858/578/353
f 860/580/355 858/578/353 857/579/354
f 857/579/354 859/581/356 860/580/355
f 813/535/312 860/580/355 859/581/356
f 859/581/356 814/532/309 813/535/312
f 862/582/357 726/445/230 725/448/233
f 725/448/233 861/583/358 862/582/357
f 864/584/359 862/582/357 861/583/358
f 861/583/358 863/585/360 864/584/359
f 855/577/352 864/584/359 863/585/360
f 863/585/360 856/576/351 855/577/352
f 866/586/361 768/486/271 767/489/274
f 767/489/274 865/587/362 866/586/361
f 868/588/363 866/586/361 865/587/362
f 865/587/362 867/589/364 868/588/363
f 763/485/270 868/588/363 867/589/364
f 867/589/364 764/484/269 763/485/270
f 870/590/365 810/530/308 809/531/308
f 809/531/308 869/591/366 870/590/365
f 872/592/367 870/590/365 869/591/366
f 869/591/366 871/593/368 872/592/367
f 683/406/197 872/592/367 871/593/368
f 871/593/368 684/403/194 683/406/197
f 876/8/369 873/437/370 874/439/371
f 874/439/371 875/5/372 876/8/369
f 878/12/373 877/435/374 873/437/370
f 873/437/370 876/8/369 878/12/373
f 875/5/372 874/439/371 879/441/375
f 879/441/375 880/34/376 875/5/372
f 879/441/375 881/443/377 880/34/376
f 881/443/377 882/578/378 880/34/376
f 883/580/379 884/535/380 880/34/376
f 884/535/380 885/534/381 880/34/376
f 880/34/376 885/534/381 886/536/382
f 886/536/382 887/35/383 880/34/376
f 882/578/378 883/580/379 880/34/376
f 887/35/383 886/536/382 888/538/384
f 888/538/384 889/42/385 887/35/383
f 893/49/386 890/540/387 891/542/388
f 891/542/388 892/50/389 893/49/386
f 889/42/385 888/538/384 890/540/387
f 890/540/387 893/49/386 889/42/385
f 892/50/389 891/542/388 894/544/390
f 894/544/390 895/54/391 892/50/389
f 895/54/391 894/544/390 896/546/392
f 896/546/392 897/58/393 895/54/391
f 897/58/393 896/546/392 898/548/394
f 898/548/394 899/62/395 897/58/393
f 899/62/395 898/548/394 900/550/396
f 900/550/396 901/66/397 899/62/395
f 901/66/397 900/550/396 902/552/398
f 902/552/398 903/70/399 901/66/397
f 903/70/399 902/552/398 904/554/400
f 904/554/400 905/74/400 903/70/399
f 877/435/374 878/12/373 906/77/401
f 906/77/401 907/433/402 877/435/374
f 907/433/402 906/77/401 908/82/403
f 908/82/403 909/431/404 907/433/402
f 909/431/404 908/82/403 910/87/405
f 910/87/405 911/429/406 909/431/404
f 911/429/406 910/87/405 912/92/407
f 912/92/407 913/427/408 911/429/406
f 913/427/408 912/92/407 914/97/409
f 914/97/409 915/425/410 913/427/408
f 915/425/410 914/97/409 916/102/411
f 916/102/411 917/423/411 915/425/410
f 921/112/412 918/449/413 919/451/414
f 919/451/414 920/113/415 921/112/412
f 920/113/415 919/451/414 922/453/416
f 922/453/416 923/117/417 920/113/415
f 925/139/418 924/447/419 918/449/413
f 918/449/413 921/112/412 925/139/418
f 929/125/420 926/123/421 927/446/422
f 927/446/422 928/445/423 929/125/420
f 241/127/81 929/125/420 928/445/423
f 928/445/423 930/582/424 241/127/81
f 229/134/74 228/144/73 931/584/425
f 931/584/425 932/577/426 229/134/74
f 934/135/427 229/134/74 932/577/426
f 932/577/426 933/575/428 934/135/427
f 937/138/429 935/572/430 936/574/431
f 936/574/431 925/139/418 937/138/429
f 228/144/73 241/127/81 930/582/424
f 930/582/424 931/584/425 228/144/73
f 939/147/432 938/570/433 935/572/430
f 935/572/430 937/138/429 939/147/432
f 943/153/434 940/566/435 941/568/436
f 941/568/436 942/154/437 943/153/434
f 942/154/437 941/568/436 938/570/433
f 938/570/433 939/147/432 942/154/437
f 945/159/438 944/564/438 940/566/435
f 940/566/435 943/153/434 945/159/438
f 947/163/439 946/562/440 944/564/438
f 944/564/438 945/159/438 947/163/439
f 949/167/396 948/560/441 946/562/440
f 946/562/440 947/163/439 949/167/396
f 951/171/395 950/558/442 948/560/441
f 948/560/441 949/167/396 951/171/395
f 953/175/443 952/556/444 950/558/442
f 950/558/442 951/171/395 953/175/443
f 905/74/400 904/554/400 952/556/444
f 952/556/444 953/175/443 905/74/400
f 955/178/445 923/117/417 922/453/416
f 922/453/416 954/455/446 955/178/445
f 957/183/447 955/178/445 954/455/446
f 954/455/446 956/457/448 957/183/447
f 959/188/449 957/183/447 956/457/448
f 956/457/448 958/459/450 959/188/449
f 961/193/451 959/188/449 958/459/450
f 958/459/450 960/461/452 961/193/451
f 963/198/453 961/193/451 960/461/452
f 960/461/452 962/463/454 963/198/453
f 965/203/455 963/198/453 962/463/454
f 962/463/454 964/465/456 965/203/455
f 969/214/457 966/478/458 967/480/459
f 967/480/459 968/211/460 969/214/457
f 971/218/461 970/476/462 966/478/458
f 966/478/458 969/214/457 971/218/461
f 968/211/460 967/480/459 972/482/463
f 972/482/463 973/240/464 968/211/460
f 977/483/465 974/224/466 975/226/467
f 975/226/467 976/485/468 977/483/465
f 976/485/468 975/226/467 412/228/129
f 412/228/129 978/588/469 976/485/468
f 980/586/470 401/245/121 400/233/122
f 400/233/122 979/486/471 980/586/470
f 979/486/471 400/233/122 981/236/472
f 981/236/472 982/487/473 979/486/471
f 973/240/464 983/488/474 984/490/475
f 984/490/475 985/241/476 973/240/464
f 978/588/469 412/228/129 401/245/121
f 401/245/121 980/586/470 978/588/469
f 985/241/476 984/490/475 986/492/477
f 986/492/477 987/248/478 985/241/476
f 991/255/479 988/494/480 989/496/481
f 989/496/481 990/256/482 991/255/479
f 987/248/478 986/492/477 988/494/480
f 988/494/480 991/255/479 987/248/478
f 990/256/482 989/496/481 992/498/483
f 992/498/483 993/260/484 990/256/482
f 993/260/484 992/498/483 994/500/485
f 994/500/485 995/264/486 993/260/484
f 995/264/486 994/500/485 996/502/487
f 996/502/487 997/268/488 995/264/486
f 997/268/488 996/502/487 998/504/489
f 998/504/489 999/272/490 997/268/488
f 999/272/490 998/504/489 1000/506/491
f 1000/506/491 1001/276/492 999/272/490
f 1001/276/492 1000/506/491 1002/508/493
f 1002/508/493 1003/280/494 1001/276/492
f 970/476/462 971/218/461 1004/283/495
f 1004/283/495 1005/474/496 970/476/462
f 1005/474/496 1004/283/495 1006/288/497
f 1006/288/497 1007/472/498 1005/474/496
f 1007/472/498 1006/288/497 1008/293/450
f 1008/293/450 1009/470/499 1007/472/498
f 1009/470/499 1008/293/450 1010/298/500
f 1010/298/500 1011/468/501 1009/470/499
f 1011/468/501 1010/298/500 1012/303/502
f 1012/303/502 1013/466/503 1011/468/501
f 1013/466/503 1012/303/502 965/203/455
f 965/203/455 964/465/456 1013/466/503
f 1017/313/504 1014/407/505 1015/409/506
f 1015/409/506 1016/314/507 1017/313/504
f 1016/314/507 1015/409/506 1018/411/508
f 1018/411/508 1019/318/509 1016/314/507
f 1021/340/510 1020/405/511 1014/407/505
f 1014/407/505 1017/313/504 1021/340/510
f 1022/406/512 1020/405/511 1021/340/510
f 1023/592/513 1022/406/512 1021/340/510
f 1024/530/514 1025/590/515 1021/340/510
f 1026/528/516 1024/530/514 1021/340/510
f 1028/339/517 1027/526/518 1026/528/516
f 1026/528/516 1021/340/510 1028/339/517
f 1025/590/515 1023/592/513 1021/340/510
f 1030/348/519 1029/524/520 1027/526/518
f 1027/526/518 1028/339/517 1030/348/519
f 1034/354/521 1031/520/522 1032/522/523
f 1032/522/523 1033/355/524 1034/354/521
f 1033/355/524 1032/522/523 1029/524/520
f 1029/524/520 1030/348/519 1033/355/524
f 1036/360/525 1035/518/526 1031/520/522
f 1031/520/522 1034/354/521 1036/360/525
f 1038/364/527 1037/516/528 1035/518/526
f 1035/518/526 1036/360/525 1038/364/527
f 1040/368/529 1039/514/530 1037/516/528
f 1037/516/528 1038/364/527 1040/368/529
f 1042/372/489 1041/512/531 1039/514/530
f 1039/514/530 1040/368/529 1042/372/489
f 1044/376/532 1043/510/533 1041/512/531
f 1041/512/531 1042/372/489 1044/376/532
f 1003/280/494 1002/508/493 1043/510/533
f 1043/510/533 1044/376/532 1003/280/494
f 1046/379/534 1019/318/509 1018/411/508
f 1018/411/508 1045/413/535 1046/379/534
f 1048/384/536 1046/379/534 1045/413/535
f 1045/413/535 1047/415/537 1048/384/536
f 1050/389/538 1048/384/536 1047/415/537
f 1047/415/537 1049/417/405 1050/389/538
f 1052/394/539 1050/389/538 1049/417/405
f 1049/417/405 1051/419/540 1052/394/539
f 1054/399/541 1052/394/539 1051/419/540
f 1051/419/540 1053/421/542 1054/399/541
f 916/102/411 1054/399/541 1053/421/542
f 1053/421/542 917/423/411 916/102/411
f 1057/324/543 533/320/155 1055/408/544
f 1055/408/544 1056/404/545 1057/324/543
f 1055/408/544 533/320/155 532/321/154
f 532/321/154 1058/410/546 1055/408/544
f 1058/410/546 532/321/154 536/322/156
f 536/322/156 1059/412/547 1058/410/546
f 640/380/185 1060/414/548 1059/412/547
f 1059/412/547 536/322/156 640/380/185
f 648/385/187 1061/416/549 1060/414/548
f 1060/414/548 640/380/185 648/385/187
f 656/390/188 1062/418/550 1061/416/549
f 1061/416/549 648/385/187 656/390/188
f 664/395/189 1063/420/551 1062/418/550
f 1062/418/550 656/390/188 664/395/189
f 672/400/191 1064/422/552 1063/420/551
f 1063/420/551 664/395/189 672/400/191
f 167/103/52 1065/424/553 1064/422/552
f 1064/422/552 672/400/191 167/103/52
f 159/98/50 1066/426/554 1065/424/553
f 1065/424/553 167/103/52 159/98/50
f 151/93/48 1067/428/555 1066/426/554
f 1066/426/554 159/98/50 151/93/48
f 143/88/47 1068/430/556 1067/428/555
f 1067/428/555 151/93/48 143/88/47
f 135/83/45 1069/432/557 1068/430/556
f 1068/430/556 143/88/47 135/83/45
f 127/78/43 1070/434/558 1069/432/557
f 1069/432/557 135/83/45 127/78/43
f 22/16/9 1071/436/559 1070/434/558
f 1070/434/558 127/78/43 22/16/9
f 22/16/9 20/15/6 1072/438/560
f 1072/438/560 1071/436/559 22/16/9
f 20/15/6 19/14/8 1073/440/561
f 1073/440/561 1072/438/560 20/15/6
f 1073/440/561 19/14/8 1074/18/562
f 1074/18/562 1075/442/563 1073/440/561
f 926/123/421 191/119/60 1076/450/564
f 1076/450/564 927/446/422 926/123/421
f 1076/450/564 191/119/60 190/120/59
f 190/120/59 1077/452/565 1076/450/564
f 1077/452/565 190/120/59 194/121/61
f 194/121/61 1078/454/566 1077/452/565
f 298/179/92 1079/456/567 1078/454/566
f 1078/454/566 194/121/61 298/179/92
f 306/184/94 1080/458/568 1079/456/567
f 1079/456/567 298/179/92 306/184/94
f 314/189/96 1081/460/569 1080/458/568
f 1080/458/568 306/184/94 314/189/96
f 322/194/97 1082/462/570 1081/460/569
f 1081/460/569 314/189/96 322/194/97
f 330/199/99 1083/464/571 1082/462/570
f 1082/462/570 322/194/97 330/199/99
f 339/204/101 1083/464/571 330/199/99
f 1084/467/572 508/204/148 502/304/146
f 494/299/144 1085/469/573 1084/467/572
f 1084/467/572 502/304/146 494/299/144
f 486/294/143 1086/471/574 1085/469/573
f 1085/469/573 494/299/144 486/294/143
f 478/289/142 1087/473/575 1086/471/574
f 1086/471/574 486/294/143 478/289/142
f 470/284/140 1088/475/576 1087/473/575
f 1087/473/575 478/289/142 470/284/140
f 365/222/109 1089/477/577 1088/475/576
f 1088/475/576 470/284/140 365/222/109
f 365/222/109 363/221/107 1090/479/578
f 1090/479/578 1089/477/577 365/222/109
f 363/221/107 362/220/108 1091/481/579
f 1091/481/579 1090/479/578 363/221/107
f 1091/481/579 362/220/108 974/224/466
f 974/224/466 977/483/465 1091/481/579
f 982/487/473 981/236/472 1092/238/580
f 1092/238/580 1093/491/581 982/487/473
f 1093/491/581 1092/238/580 1094/247/582
f 1094/247/582 1095/493/583 1093/491/581
f 1095/493/583 1094/247/582 1096/250/584
f 1096/250/584 1097/495/585 1095/493/583
f 1097/495/585 1096/250/584 1098/253/586
f 1098/253/586 1099/497/587 1097/495/585
f 1099/497/587 1098/253/586 1100/259/588
f 1100/259/588 1101/499/589 1099/497/587
f 1101/499/589 1100/259/588 1102/263/590
f 1102/263/590 1103/501/591 1101/499/589
f 1103/501/591 1102/263/590 1104/267/592
f 1104/267/592 1105/503/593 1103/501/591
f 1105/503/593 1104/267/592 1106/271/594
f 1106/271/594 1107/505/595 1105/503/593
f 1107/505/595 1106/271/594 1108/275/596
f 1108/275/596 1109/507/597 1107/505/595
f 1109/507/597 1108/275/596 1110/279/598
f 1110/279/598 1111/509/599 1109/507/597
f 1110/279/598 1112/375/600 1113/511/601
f 1113/511/601 1111/509/599 1110/279/598
f 1112/375/600 1114/371/602 1115/513/603
f 1115/513/603 1113/511/601 1112/375/600
f 1114/371/602 1116/367/604 1117/515/605
f 1117/515/605 1115/513/603 1114/371/602
f 1116/367/604 1118/363/606 1119/517/607
f 1119/517/607 1117/515/605 1116/367/604
f 1118/363/606 1120/359/608 1121/519/609
f 1121/519/609 1119/517/607 1118/363/606
f 1120/359/608 1122/353/610 1123/521/611
f 1123/521/611 1121/519/609 1120/359/608
f 1122/353/610 1124/352/612 1125/523/613
f 1125/523/613 1123/521/611 1122/353/610
f 1124/352/612 1126/347/614 1127/525/615
f 1127/525/615 1125/523/613 1124/352/612
f 1126/347/614 1128/338/616 1129/527/617
f 1129/527/617 1127/525/615 1126/347/614
f 1128/338/616 1130/336/618 1131/529/619
f 1131/529/619 1129/527/617 1128/338/616
f 1135/533/620 1132/30/621 1133/32/622
f 1133/32/622 1134/537/623 1135/533/620
f 1134/537/623 1133/32/622 1136/41/624
f 1136/41/624 1137/539/624 1134/537/623
f 1141/539/625 1138/41/625 1139/44/625
f 1139/44/625 1140/541/625 1141/539/625
f 1145/541/626 1142/44/626 1143/47/627
f 1143/47/627 1144/543/628 1145/541/626
f 1144/543/628 1143/47/627 1146/53/629
f 1146/53/629 1147/545/630 1144/543/628
f 1147/545/630 1146/53/629 1148/57/631
f 1148/57/631 1149/547/632 1147/545/630
f 1149/547/632 1148/57/631 1150/61/633
f 1150/61/633 1151/549/634 1149/547/632
f 1151/549/634 1150/61/633 1152/65/635
f 1152/65/635 1153/551/636 1151/549/634
f 1153/551/636 1152/65/635 1154/69/637
f 1154/69/637 1155/553/638 1153/551/636
f 1155/553/638 1154/69/637 1156/73/639
f 1156/73/639 1157/555/640 1155/553/638
f 1156/73/639 1158/174/641 1159/557/642
f 1159/557/642 1157/555/640 1156/73/639
f 1158/174/641 1160/170/643 1161/559/643
f 1161/559/643 1159/557/642 1158/174/641
f 1160/170/643 1162/166/644 1163/561/645
f 1163/561/645 1161/559/643 1160/170/643
f 1162/166/644 1164/162/646 1165/563/647
f 1165/563/647 1163/561/645 1162/166/644
f 1164/162/646 1166/158/648 1167/565/649
f 1167/565/649 1165/563/647 1164/162/646
f 1166/158/648 1168/152/650 1169/567/651
f 1169/567/651 1167/565/649 1166/158/648
f 1168/152/650 1170/151/652 1171/569/653
f 1171/569/653 1169/567/651 1168/152/650
f 1170/151/652 1172/146/654 1173/571/655
f 1173/571/655 1171/569/653 1170/151/652
f 1177/146/656 1174/137/657 1175/573/658
f 1175/573/658 1176/571/656 1177/146/656
f 1174/137/657 934/135/427 933/575/428
f 933/575/428 1175/573/658 1174/137/657
f 1075/442/563 1074/18/562 1178/20/659
f 1178/20/659 1179/444/660 1075/442/563
f 1179/444/660 1178/20/659 69/22/30
f 69/22/30 1180/579/661 1179/444/660
f 1180/579/661 69/22/30 58/39/22
f 58/39/22 1181/581/662 1180/579/661
f 1181/581/662 58/39/22 57/27/23
f 57/27/23 1182/532/663 1181/581/662
f 1182/532/663 57/27/23 1132/30/621
f 1132/30/621 1135/533/620 1182/532/663
f 1183/448/664 924/447/419 925/139/418
f 1184/583/665 1183/448/664 925/139/418
f 1185/585/666 1184/583/665 925/139/418
f 1186/576/667 1185/585/666 925/139/418
f 936/574/431 1186/576/667 925/139/418
f 1187/489/668 983/488/474 973/240/464
f 1188/587/669 1187/489/668 973/240/464
f 1189/589/670 1188/587/669 973/240/464
f 1190/484/671 1189/589/670 973/240/464
f 972/482/463 1190/484/671 973/240/464
f 1130/336/618 571/335/167 1191/531/672
f 1191/531/672 1131/529/619 1130/336/618
f 571/335/167 570/345/166 1192/591/673
f 1192/591/673 1191/531/672 571/335/167
f 570/345/166 583/328/174 1193/593/674
f 1193/593/674 1192/591/673 570/345/166
f 583/328/174 1194/326/675 1195/403/676
f 1195/403/676 1193/593/674 583/328/174
f 1194/326/675 1057/324/543 1056/404/545
f 1056/404/545 1195/403/676 1194/326/675
s 0
f 1199/594/7 1196/595/7 1197/596/7
f 1197/596/7 1198/597/7 1199/594/7
f 1203/598/677 1200/599/677 1201/600/677
f 1201/600/677 1202/601/677 1203/598/677
f 1207/602/678 1204/603/678 1205/604/678
f 1205/604/678 1206/605/678 1207/602/678
f 1211/606/679 1208/607/679 1209/608/679
f 1209/608/679 1210/609/679 1211/606/679
f 1215/610/680 1212/611/680 1213/612/680
f 1213/612/680 1214/613/680 1215/610/680
f 1219/614/681 1216/615/681 1217/616/681
f 1217/616/682 1218/617/682 1219/614/682
f 1223/618/683 1220/619/683 1221/620/683
f 1221/620/683 1222/621/683 1223/618/683
f 1227/622/679 1224/623/679 1225/624/679
f 1225/624/679 1226/625/679 1227/622/679
f 1231/626/684 1228/627/684 1229/628/684
f 1229/628/684 1230/629/684 1231/626/684
f 1235/630/677 1232/631/677 1233/632/677
f 1233/632/677 1234/633/677 1235/630/677
f 1239/634/685 1236/635/685 1237/636/685
f 1237/636/685 1238/637/685 1239/634/685
f 1243/638/679 1240/639/679 1241/640/679
f 1241/640/679 1242/641/679 1243/638/679
f 1247/642/684 1244/643/684 1245/644/684
f 1245/644/684 1246/645/684 1247/642/684
f 1251/646/686 1248/647/686 1249/648/686
f 1249/648/687 1250/649/687 1251/646/687
f 1255/650/684 1252/651/684 1253/652/684
f 1253/652/684 1254/653/684 1255/650/684
f 1259/654/682 1256/655/682 1257/656/682
f 1257/656/682 1258/657/682 1259/654/682
f 1263/658/685 1260/659/685 1261/660/685
f 1261/660/685 1262/661/685 1263/658/685
f 1267/662/679 1264/663/679 1265/664/679
f 1265/664/679 1266/665/679 1267/662/679
f 1271/666/680 1268/667/680 1269/668/680
f 1269/668/680 1270/669/680 1271/666/680
f 1275/670/677 1272/671/677 1273/672/677
f 1273/672/677 1274/673/677 1275/670/677
f 1279/674/685 1276/675/685 1277/676/685
f 1277/676/685 1278/677/685 1279/674/685
f 1283/604/3 1280/678/3 1281/679/3
f 1281/679/3 1282/605/3 1283/604/3
f 1287/608/33 1284/680/33 1285/681/33
f 1285/681/33 1286/609/33 1287/608/33
f 1291/612/56 1288/682/56 1289/683/56
f 1289/683/56 1290/613/56 1291/612/56
f 1295/598/32 1292/684/32 1293/685/32
f 1293/685/32 1294/599/32 1295/598/32
f 1299/686/7 1296/603/7 1297/602/7
f 1297/602/7 1298/687/7 1299/686/7
f 1303/688/7 1300/607/7 1301/606/7
f 1301/606/7 1302/689/7 1303/688/7
f 1307/690/7 1304/611/7 1305/610/7
f 1305/610/7 1306/691/7 1307/690/7
f 1311/692/7 1308/601/7 1309/600/7
f 1309/600/7 1310/693/7 1311/692/7
f 1315/620/3 1312/686/3 1313/687/3
f 1313/687/3 1314/621/3 1315/620/3
f 1319/624/33 1316/688/33 1317/689/33
f 1317/689/33 1318/625/33 1319/624/33
f 1323/628/56 1320/690/56 1321/691/56
f 1321/691/56 1322/629/56 1323/628/56
f 1327/614/32 1324/692/32 1325/693/32
f 1325/693/32 1326/615/32 1327/614/32
f 1331/694/7 1328/619/7 1329/618/7
f 1329/618/7 1330/695/7 1331/694/7
f 1335/696/7 1332/623/7 1333/622/7
f 1333/622/7 1334/697/7 1335/696/7
f 1339/698/7 1336/627/7 1337/626/7
f 1337/626/7 1338/699/7 1339/698/7
f 1343/700/7 1340/617/7 1341/616/7
f 1341/616/7 1342/701/7 1343/700/7
f 1347/636/3 1344/694/3 1345/695/3
f 1345/695/3 1346/637/3 1347/636/3
f 1351/640/33 1348/696/33 1349/697/33
f 1349/697/33 1350/641/33 1351/640/33
f 1355/644/56 1352/698/56 1353/699/56
f 1353/699/56 1354/645/56 1355/644/56
f 1359/630/32 1356/700/32 1357/701/32
f 1357/701/32 1358/631/32 1359/630/32
f 1363/652/7 1360/635/7 1361/634/7
f 1361/634/7 1362/653/7 1363/652/7
f 1367/656/7 1364/639/7 1365/638/7
f 1365/638/7 1366/657/7 1367/656/7
f 1371/660/7 1368/643/7 1369/642/7
f 1369/642/7 1370/661/7 1371/660/7
f 1375/646/7 1372/633/7 1373/632/7
f 1373/632/7 1374/647/7 1375/646/7
f 1379/702/56 1376/651/56 1377/650/56
f 1377/650/56 1378/703/56 1379/702/56
f 1383/704/32 1380/655/32 1381/654/32
f 1381/654/32 1382/705/32 1383/704/32
f 1387/706/3 1384/659/3 1385/658/3
f 1385/658/3 1386/707/3 1387/706/3
f 1391/708/33 1388/649/33 1389/648/33
f 1389/648/33 1390/709/33 1391/708/33
f 1395/668/7 1392/702/7 1393/703/7
f 1393/703/7 1394/669/7 1395/668/7
f 1399/672/7 1396/704/7 1397/705/7
f 1397/705/7 1398/673/7 1399/672/7
f 1403/676/7 1400/706/7 1401/707/7
f 1401/707/7 1402/677/7 1403/676/7
f 1407/662/7 1404/708/7 1405/709/7
f 1405/709/7 1406/663/7 1407/662/7
f 1411/710/56 1408/667/56 1409/666/56
f 1409/666/56 1410/711/56 1411/710/56
f 1415/712/32 1412/671/32 1413/670/32
f 1413/670/32 1414/713/32 1415/712/32
f 1419/714/3 1416/675/3 1417/674/3
f 1417/674/3 1418/715/3 1419/714/3
f 1423/716/33 1420/665/33 1421/664/33
f 1421/664/33 1422/717/33 1423/716/33
o painting2
v 25.976706 -1.751106 3.022700
v 26.007608 -2.180583 3.060139
v 26.158949 -2.180583 2.935222
v 26.128046 -1.751106 2.897782
v 25.703144 -2.318575 2.691274
v 25.703144 -1.817572 2.691274
v 25.854483 -1.817572 2.566357
v 25.854483 -2.318575 2.566357
v 25.980581 -1.352010 3.027394
v 26.131920 -1.352010 2.902477
v 25.703144 -1.352010 2.691274
v 25.854483 -1.352010 2.566357
v 26.007608 -2.180583 3.060139
v 25.952663 -2.205488 2.993573
v 26.104004 -2.205488 2.868655
v 26.158949 -2.180583 2.935222
v 26.128046 -1.751106 2.897782
v 26.158949 -2.180583 2.935222
v 26.104004 -2.205488 2.868655
v 26.078676 -1.763098 2.837971
v 26.131920 -1.352010 2.902477
v 26.081852 -1.352010 2.841819
v 25.952663 -2.205488 2.993573
v 26.060244 -2.535971 3.123906
v 26.211582 -2.535971 2.998989
v 26.104004 -2.205488 2.868655
v 26.060244 -2.535971 3.123906
v 26.086540 -2.701213 3.155765
v 26.237879 -2.701213 3.030848
v 26.211582 -2.535971 2.998989
v 26.086540 -2.701213 3.155765
v 26.020498 -2.818343 3.075755
v 26.171837 -2.818343 2.950838
v 26.237879 -2.701213 3.030848
v 26.032341 -3.044064 3.090101
v 25.892679 -3.116188 2.920900
v 26.044018 -3.116188 2.795982
v 26.183556 -3.044236 2.965034
v 25.875637 -3.015791 2.900254
v 25.811728 -3.129573 2.822826
v 25.963068 -3.129573 2.697909
v 26.026978 -3.015791 2.775337
v 25.811728 -3.129573 2.822826
v 25.634911 -3.035871 2.608609
v 25.786249 -3.035871 2.483692
v 25.963068 -3.129573 2.697909
v 25.854483 -2.582909 2.566357
v 25.786249 -2.582909 2.483692
v 25.634911 -2.582909 2.608609
v 25.703321 -2.582927 2.691489
v 26.020498 -2.818343 3.075755
v 26.082279 -2.851808 3.150602
v 26.233618 -2.851808 3.025685
v 26.171837 -2.818343 2.950838
v 26.183556 -3.044236 2.965034
v 26.044018 -3.116188 2.795982
v 26.026978 -3.015791 2.775337
v 26.113121 -2.948377 2.879702
v 26.026978 -3.015791 2.775337
v 26.044018 -3.116188 2.795982
v 25.892679 -3.116188 2.920900
v 25.875637 -3.015791 2.900254
v 25.854483 -2.318575 2.566357
v 25.854483 -2.582909 2.566357
v 25.703321 -2.582927 2.691489
v 25.703144 -2.318575 2.691274
v 26.082279 -2.851808 3.150602
v 26.233618 -2.851808 3.025685
v 26.171837 -2.818343 2.950838
v 26.233618 -2.851808 3.025685
v 25.634911 -3.035871 2.608609
v 25.487919 -2.962247 2.430525
v 25.639257 -2.962247 2.305608
v 25.786249 -3.035871 2.483692
v 25.786249 -2.582909 2.483692
v 25.639257 -2.582909 2.305608
v 25.487919 -2.582909 2.430525
v 25.634911 -2.582909 2.608609
v 25.465080 -3.009097 2.402856
v 25.223759 -2.962247 2.110492
v 25.375097 -2.962247 1.985575
v 25.616419 -3.009097 2.277939
v 25.612158 -2.582909 2.272776
v 25.375097 -2.582909 1.985575
v 25.223759 -2.582909 2.110492
v 25.460817 -2.582909 2.397694
v 25.487919 -2.962247 2.430525
v 25.639257 -2.962247 2.305608
v 25.223759 -2.962247 2.110492
v 24.948946 -3.009097 1.777553
v 25.100285 -3.009097 1.652636
v 25.375097 -2.962247 1.985575
v 25.100285 -2.582909 1.652636
v 24.948946 -2.582909 1.777553
v 24.948946 -3.009097 1.777553
v 24.844559 -3.069335 1.651087
v 24.995897 -3.069335 1.526169
v 25.100285 -3.009097 1.652636
v 24.995897 -2.582909 1.526169
v 24.844559 -2.582909 1.651087
v 24.844559 -3.069335 1.651087
v 24.735912 -3.035871 1.519460
v 24.887251 -3.035871 1.394542
v 24.995897 -3.069335 1.526169
v 24.887251 -2.582909 1.394542
v 24.735912 -2.582909 1.519460
v 24.735912 -3.035871 1.519460
v 24.576139 -3.065989 1.325892
v 24.727478 -3.065989 1.200974
v 24.887251 -3.035871 1.394542
v 24.727478 -2.582909 1.200974
v 24.576139 -2.582909 1.325892
v 24.576139 -3.065989 1.325892
v 24.490925 -3.035871 1.222654
v 24.642263 -3.035871 1.097737
v 24.727478 -3.065989 1.200974
v 24.642263 -2.582909 1.097737
v 24.490925 -2.582909 1.222654
v 24.490925 -3.035871 1.222654
v 24.427015 -2.932125 1.145227
v 24.578354 -2.932125 1.020310
v 24.642263 -3.035871 1.097737
v 24.578354 -2.582909 1.020310
v 24.427015 -2.582909 1.145227
v 25.703144 -0.960463 2.691274
v 25.854483 -0.960463 2.566357
v 26.090372 -0.960463 2.852141
v 26.157484 -0.960463 2.933448
v 26.131920 -1.352010 2.902477
v 26.157484 -0.960463 2.933448
v 26.006145 -0.960463 3.058365
v 25.980581 -1.352010 3.027394
v 25.703144 -0.652579 2.691274
v 25.854483 -0.652579 2.566357
v 26.124458 -0.652579 2.893438
v 26.206480 -0.652579 2.992807
v 26.157484 -0.960463 2.933448
v 26.206480 -0.652579 2.992807
v 26.055141 -0.652579 3.117725
v 26.006145 -0.960463 3.058365
v 25.703144 -0.532103 2.691274
v 25.854483 -0.532103 2.566357
v 26.111675 -0.532103 2.877950
v 26.187307 -0.532103 2.969579
v 26.206480 -0.652579 2.992807
v 26.187307 -0.532103 2.969579
v 26.035969 -0.532103 3.094496
v 26.055141 -0.652579 3.117725
v 25.703144 -0.224220 2.691274
v 25.854483 -0.224220 2.566357
v 26.124458 -0.224220 2.893438
v 26.202221 -0.224220 2.987647
v 26.187307 -0.532103 2.969579
v 26.202221 -0.224220 2.987647
v 26.050882 -0.224220 3.112565
v 26.035969 -0.532103 3.094496
v 25.703144 -0.083664 2.691274
v 25.854483 -0.083664 2.566357
v 26.092503 -0.083664 2.854722
v 26.178787 -0.083664 2.959256
v 26.202221 -0.224220 2.987647
v 26.178787 -0.083664 2.959256
v 26.027447 -0.083664 3.084174
v 26.050882 -0.224220 3.112565
v 25.703144 -0.000000 2.691274
v 25.854483 -0.000000 2.566357
v 26.039246 -0.000000 2.790199
v 26.125528 -0.000000 2.894734
v 26.178787 -0.083664 2.959256
v 26.125528 -0.000000 2.894734
v 25.974190 -0.000000 3.019651
v 26.027447 -0.083664 3.084174
v 22.877325 -1.751106 -0.732246
v 23.028664 -1.751106 -0.857163
v 22.997761 -2.180583 -0.894602
v 22.846422 -2.180583 -0.769685
v 23.150888 -2.318575 -0.400820
v 23.302227 -2.318575 -0.525737
v 23.302227 -1.817572 -0.525737
v 23.150888 -1.817572 -0.400820
v 22.873451 -1.352010 -0.736940
v 23.024790 -1.352010 -0.861857
v 23.302227 -1.352010 -0.525737
v 23.150888 -1.352010 -0.400820
v 22.846422 -2.180583 -0.769685
v 22.997761 -2.180583 -0.894602
v 23.052706 -2.205488 -0.828036
v 22.901367 -2.205488 -0.703119
v 23.028664 -1.751106 -0.857163
v 23.078032 -1.763098 -0.797354
v 23.052706 -2.205488 -0.828036
v 22.997761 -2.180583 -0.894602
v 23.024790 -1.352010 -0.861857
v 23.074858 -1.352010 -0.801199
v 22.901367 -2.205488 -0.703119
v 23.052706 -2.205488 -0.828036
v 22.945127 -2.535971 -0.958369
v 22.793789 -2.535971 -0.833452
v 22.793789 -2.535971 -0.833452
v 22.945127 -2.535971 -0.958369
v 22.918831 -2.701213 -0.990228
v 22.767490 -2.701213 -0.865311
v 22.767490 -2.701213 -0.865311
v 22.918831 -2.701213 -0.990228
v 22.984869 -2.818343 -0.910221
v 22.833530 -2.818343 -0.785303
v 22.821692 -3.044064 -0.799647
v 22.973154 -3.044236 -0.924415
v 23.112690 -3.116188 -0.755365
v 22.961349 -3.116188 -0.630448
v 22.978394 -3.015791 -0.609800
v 23.129732 -3.015791 -0.734717
v 23.193642 -3.129573 -0.657290
v 23.042303 -3.129573 -0.532372
v 23.042303 -3.129573 -0.532372
v 23.193642 -3.129573 -0.657290
v 23.370461 -3.035871 -0.443072
v 23.219120 -3.035871 -0.318155
v 23.302227 -2.582909 -0.525737
v 23.150711 -2.582927 -0.401035
v 23.219120 -2.582909 -0.318155
v 23.370461 -2.582909 -0.443072
v 22.833530 -2.818343 -0.785303
v 22.984869 -2.818343 -0.910221
v 22.923092 -2.851808 -0.985066
v 22.771753 -2.851808 -0.860148
v 22.973154 -3.044236 -0.924415
v 23.043587 -2.948377 -0.839083
v 23.129732 -3.015791 -0.734717
v 23.112690 -3.116188 -0.755365
v 23.129732 -3.015791 -0.734717
v 22.978394 -3.015791 -0.609800
v 22.961349 -3.116188 -0.630448
v 23.112690 -3.116188 -0.755365
v 23.302227 -2.318575 -0.525737
v 23.150888 -2.318575 -0.400820
v 23.150711 -2.582927 -0.401035
v 23.302227 -2.582909 -0.525737
v 22.771753 -2.851808 -0.860148
v 22.923092 -2.851808 -0.985066
v 22.984869 -2.818343 -0.910221
v 22.923092 -2.851808 -0.985066
v 23.219120 -3.035871 -0.318155
v 23.370461 -3.035871 -0.443072
v 23.517452 -2.962247 -0.264989
v 23.366114 -2.962247 -0.140072
v 23.370461 -2.582909 -0.443072
v 23.219120 -2.582909 -0.318155
v 23.366114 -2.582909 -0.140072
v 23.517452 -2.582909 -0.264989
v 23.388952 -3.009097 -0.112402
v 23.540291 -3.009097 -0.237319
v 23.781612 -2.962247 0.055044
v 23.630274 -2.962247 0.179962
v 23.544552 -2.582909 -0.232157
v 23.393213 -2.582909 -0.107240
v 23.630274 -2.582909 0.179962
v 23.781612 -2.582909 0.055044
v 23.366114 -2.962247 -0.140072
v 23.517452 -2.962247 -0.264989
v 23.630274 -2.962247 0.179962
v 23.781612 -2.962247 0.055044
v 24.056425 -3.009097 0.387983
v 23.905085 -3.009097 0.512901
v 23.905085 -2.582909 0.512901
v 24.056425 -2.582909 0.387983
v 23.905085 -3.009097 0.512901
v 24.056425 -3.009097 0.387983
v 24.160812 -3.069335 0.514450
v 24.009472 -3.069335 0.639367
v 24.009472 -2.582909 0.639367
v 24.160812 -2.582909 0.514450
v 24.009472 -3.069335 0.639367
v 24.160812 -3.069335 0.514450
v 24.269459 -3.035871 0.646077
v 24.118118 -3.035871 0.770994
v 24.118118 -2.582909 0.770994
v 24.269459 -2.582909 0.646077
v 24.118118 -3.035871 0.770994
v 24.269459 -3.035871 0.646077
v 24.429232 -3.065989 0.839645
v 24.277893 -3.065989 0.964562
v 24.277893 -2.582909 0.964562
v 24.429232 -2.582909 0.839645
v 24.277893 -3.065989 0.964562
v 24.429232 -3.065989 0.839645
v 24.514444 -3.035871 0.942882
v 24.363106 -3.035871 1.067799
v 24.363106 -2.582909 1.067799
v 24.514444 -2.582909 0.942882
v 24.363106 -3.035871 1.067799
v 24.514444 -3.035871 0.942882
v 24.578354 -2.932125 1.020310
v 24.427015 -2.932125 1.145227
v 23.302227 -0.960463 -0.525737
v 23.150888 -0.960463 -0.400820
v 22.999226 -0.960463 -0.892828
v 23.066338 -0.960463 -0.811522
v 23.024790 -1.352010 -0.861857
v 22.873451 -1.352010 -0.736940
v 22.847887 -0.960463 -0.767911
v 22.999226 -0.960463 -0.892828
v 23.302227 -0.652579 -0.525737
v 23.150888 -0.652579 -0.400820
v 22.950228 -0.652579 -0.952190
v 23.032249 -0.652579 -0.852818
v 22.999226 -0.960463 -0.892828
v 22.847887 -0.960463 -0.767911
v 22.798889 -0.652579 -0.827273
v 22.950228 -0.652579 -0.952190
v 23.302227 -0.532103 -0.525737
v 23.150888 -0.532103 -0.400820
v 22.969400 -0.532103 -0.928962
v 23.045033 -0.532103 -0.837333
v 22.950228 -0.652579 -0.952190
v 22.798889 -0.652579 -0.827273
v 22.818062 -0.532103 -0.804045
v 22.969400 -0.532103 -0.928962
v 23.302227 -0.224220 -0.525737
v 23.150888 -0.224220 -0.400820
v 22.954489 -0.224220 -0.947028
v 23.032249 -0.224220 -0.852818
v 22.969400 -0.532103 -0.928962
v 22.818062 -0.532103 -0.804045
v 22.803150 -0.224220 -0.822110
v 22.954489 -0.224220 -0.947028
v 23.302227 -0.083664 -0.525737
v 23.150888 -0.083664 -0.400820
v 22.977922 -0.083664 -0.918637
v 23.064205 -0.083664 -0.814105
v 22.954489 -0.224220 -0.947028
v 22.803150 -0.224220 -0.822110
v 22.826584 -0.083664 -0.793720
v 22.977922 -0.083664 -0.918637
v 23.302227 -0.000000 -0.525737
v 23.150888 -0.000000 -0.400820
v 22.977922 -0.083664 -0.918637
v 23.031181 -0.000000 -0.854115
v 23.117464 -0.000000 -0.749579
v 22.977922 -0.083664 -0.918637
v 22.826584 -0.083664 -0.793720
v 22.879841 -0.000000 -0.729197
v 23.031181 -0.000000 -0.854115
v 22.877325 1.751106 -0.732246
v 22.846422 2.180583 -0.769685
v 22.997761 2.180583 -0.894602
v 23.028664 1.751106 -0.857163
v 23.150888 2.318575 -0.400820
v 23.150888 1.817572 -0.400820
v 23.302227 1.817572 -0.525737
v 23.302227 2.318575 -0.525737
v 22.873451 1.352010 -0.736940
v 23.024790 1.352010 -0.861857
v 23.150888 1.352010 -0.400820
v 23.302227 1.352010 -0.525737
v 22.846422 2.180583 -0.769685
v 22.901367 2.205488 -0.703119
v 23.052706 2.205488 -0.828036
v 22.997761 2.180583 -0.894602
v 23.028664 1.751106 -0.857163
v 22.997761 2.180583 -0.894602
v 23.052706 2.205488 -0.828036
v 23.078032 1.763098 -0.797354
v 23.024790 1.352010 -0.861857
v 23.074858 1.352010 -0.801199
v 22.901367 2.205488 -0.703119
v 22.793789 2.535971 -0.833452
v 22.945127 2.535971 -0.958369
v 23.052706 2.205488 -0.828036
v 22.793789 2.535971 -0.833452
v 22.767490 2.701213 -0.865311
v 22.918831 2.701213 -0.990228
v 22.945127 2.535971 -0.958369
v 22.767490 2.701213 -0.865311
v 22.833530 2.818343 -0.785303
v 22.984869 2.818343 -0.910221
v 22.918831 2.701213 -0.990228
v 22.821692 3.044064 -0.799647
v 22.961349 3.116188 -0.630448
v 23.112690 3.116188 -0.755365
v 22.973154 3.044236 -0.924415
v 22.978394 3.015791 -0.609800
v 23.042303 3.129573 -0.532372
v 23.193642 3.129573 -0.657290
v 23.129732 3.015791 -0.734717
v 23.042303 3.129573 -0.532372
v 23.219120 3.035871 -0.318155
v 23.370461 3.035871 -0.443072
v 23.193642 3.129573 -0.657290
v 23.302227 2.582912 -0.525737
v 23.370461 2.582912 -0.443072
v 23.219120 2.582912 -0.318155
v 23.150711 2.582927 -0.401035
v 22.833530 2.818343 -0.785303
v 22.771753 2.851808 -0.860148
v 22.923092 2.851808 -0.985066
v 22.984869 2.818343 -0.910221
v 22.973154 3.044236 -0.924415
v 23.112690 3.116188 -0.755365
v 23.129732 3.015791 -0.734717
v 23.043587 2.948377 -0.839083
v 23.129732 3.015791 -0.734717
v 23.112690 3.116188 -0.755365
v 22.961349 3.116188 -0.630448
v 22.978394 3.015791 -0.609800
v 23.302227 2.318575 -0.525737
v 23.302227 2.582912 -0.525737
v 23.150711 2.582927 -0.401035
v 23.150888 2.318575 -0.400820
v 22.771753 2.851808 -0.860148
v 22.923092 2.851808 -0.985066
v 22.984869 2.818343 -0.910221
v 22.923092 2.851808 -0.985066
v 23.219120 3.035871 -0.318155
v 23.366114 2.962247 -0.140072
v 23.517452 2.962247 -0.264989
v 23.370461 3.035871 -0.443072
v 23.370461 2.582912 -0.443072
v 23.517452 2.582912 -0.264989
v 23.366114 2.582912 -0.140072
v 23.219120 2.582912 -0.318155
v 23.388952 3.009097 -0.112402
v 23.630274 2.962247 0.179962
v 23.781612 2.962247 0.055044
v 23.540291 3.009097 -0.237319
v 23.544552 2.582912 -0.232157
v 23.781612 2.582912 0.055044
v 23.630274 2.582912 0.179962
v 23.393213 2.582912 -0.107240
v 23.366114 2.962247 -0.140072
v 23.517452 2.962247 -0.264989
v 23.630274 2.962247 0.179962
v 23.905085 3.009097 0.512901
v 24.056425 3.009097 0.387983
v 23.781612 2.962247 0.055044
v 24.056425 2.582912 0.387983
v 23.905085 2.582912 0.512901
v 23.905085 3.009097 0.512901
v 24.009472 3.069335 0.639367
v 24.160812 3.069335 0.514450
v 24.056425 3.009097 0.387983
v 24.160812 2.582912 0.514450
v 24.009472 2.582912 0.639367
v 24.009472 3.069335 0.639367
v 24.118118 3.035871 0.770994
v 24.269459 3.035871 0.646077
v 24.160812 3.069335 0.514450
v 24.269459 2.582912 0.646077
v 24.118118 2.582912 0.770994
v 24.118118 3.035871 0.770994
v 24.277893 3.065989 0.964562
v 24.429232 3.065989 0.839645
v 24.269459 3.035871 0.646077
v 24.429232 2.582912 0.839645
v 24.277893 2.582912 0.964562
v 24.277893 3.065989 0.964562
v 24.363106 3.035871 1.067799
v 24.514444 3.035871 0.942882
v 24.429232 3.065989 0.839645
v 24.514444 2.582912 0.942882
v 24.363106 2.582912 1.067799
v 24.363106 3.035871 1.067799
v 24.427015 2.932125 1.145227
v 24.578354 2.932125 1.020310
v 24.514444 3.035871 0.942882
v 24.578354 2.582912 1.020310
v 24.427015 2.582912 1.145227
v 23.150888 0.960463 -0.400820
v 23.302227 0.960463 -0.525737
v 23.066338 0.960463 -0.811522
v 22.999226 0.960463 -0.892828
v 23.024790 1.352010 -0.861857
v 22.999226 0.960463 -0.892828
v 22.847887 0.960463 -0.767911
v 22.873451 1.352010 -0.736940
v 23.150888 0.652579 -0.400820
v 23.302227 0.652579 -0.525737
v 23.032249 0.652579 -0.852818
v 22.950228 0.652579 -0.952190
v 22.999226 0.960463 -0.892828
v 22.950228 0.652579 -0.952190
v 22.798889 0.652579 -0.827273
v 22.847887 0.960463 -0.767911
v 23.150888 0.532103 -0.400820
v 23.302227 0.532103 -0.525737
v 23.045033 0.532103 -0.837333
v 22.969400 0.532103 -0.928962
v 22.950228 0.652579 -0.952190
v 22.969400 0.532103 -0.928962
v 22.818062 0.532103 -0.804045
v 22.798889 0.652579 -0.827273
v 23.150888 0.224220 -0.400820
v 23.302227 0.224220 -0.525737
v 23.032249 0.224220 -0.852818
v 22.954489 0.224220 -0.947028
v 22.969400 0.532103 -0.928962
v 22.954489 0.224220 -0.947028
v 22.803150 0.224220 -0.822110
v 22.818062 0.532103 -0.804045
v 23.150888 0.083664 -0.400820
v 23.302227 0.083664 -0.525737
v 23.064205 0.083664 -0.814105
v 22.977922 0.083664 -0.918637
v 22.954489 0.224220 -0.947028
v 22.977922 0.083664 -0.918637
v 22.826584 0.083664 -0.793720
v 22.803150 0.224220 -0.822110
v 23.117464 -0.000000 -0.749579
v 23.031181 -0.000000 -0.854115
v 22.977922 0.083664 -0.918637
v 22.977922 0.083664 -0.918637
v 23.031181 -0.000000 -0.854115
v 22.879841 -0.000000 -0.729197
v 22.826584 0.083664 -0.793720
v 25.976706 1.751106 3.022700
v 26.128046 1.751106 2.897782
v 26.158949 2.180583 2.935222
v 26.007608 2.180583 3.060139
v 25.703144 2.318575 2.691274
v 25.854483 2.318575 2.566357
v 25.854483 1.817572 2.566357
v 25.703144 1.817572 2.691274
v 25.980581 1.352010 3.027394
v 26.131920 1.352010 2.902477
v 25.854483 1.352010 2.566357
v 25.703144 1.352010 2.691274
v 26.007608 2.180583 3.060139
v 26.158949 2.180583 2.935222
v 26.104004 2.205488 2.868655
v 25.952663 2.205488 2.993573
v 26.128046 1.751106 2.897782
v 26.078676 1.763098 2.837971
v 26.104004 2.205488 2.868655
v 26.158949 2.180583 2.935222
v 26.131920 1.352010 2.902477
v 26.081852 1.352010 2.841819
v 25.952663 2.205488 2.993573
v 26.104004 2.205488 2.868655
v 26.211582 2.535971 2.998989
v 26.060244 2.535971 3.123906
v 26.060244 2.535971 3.123906
v 26.211582 2.535971 2.998989
v 26.237879 2.701213 3.030848
v 26.086540 2.701213 3.155765
v 26.086540 2.701213 3.155765
v 26.237879 2.701213 3.030848
v 26.171837 2.818343 2.950838
v 26.020498 2.818343 3.075755
v 26.032341 3.044064 3.090101
v 26.183556 3.044236 2.965034
v 26.044018 3.116188 2.795982
v 25.892679 3.116188 2.920900
v 25.875637 3.015791 2.900254
v 26.026978 3.015791 2.775337
v 25.963068 3.129573 2.697909
v 25.811728 3.129573 2.822826
v 25.811728 3.129573 2.822826
v 25.963068 3.129573 2.697909
v 25.786249 3.035871 2.483692
v 25.634911 3.035871 2.608609
v 25.854483 2.582912 2.566357
v 25.703321 2.582927 2.691489
v 25.634911 2.582912 2.608609
v 25.786249 2.582912 2.483692
v 26.020498 2.818343 3.075755
v 26.171837 2.818343 2.950838
v 26.233618 2.851808 3.025685
v 26.082279 2.851808 3.150602
v 26.183556 3.044236 2.965034
v 26.113121 2.948377 2.879702
v 26.026978 3.015791 2.775337
v 26.044018 3.116188 2.795982
v 26.026978 3.015791 2.775337
v 25.875637 3.015791 2.900254
v 25.892679 3.116188 2.920900
v 26.044018 3.116188 2.795982
v 25.854483 2.318575 2.566357
v 25.703144 2.318575 2.691274
v 25.703321 2.582927 2.691489
v 25.854483 2.582912 2.566357
v 26.082279 2.851808 3.150602
v 26.233618 2.851808 3.025685
v 26.171837 2.818343 2.950838
v 26.233618 2.851808 3.025685
v 25.634911 3.035871 2.608609
v 25.786249 3.035871 2.483692
v 25.639257 2.962247 2.305608
v 25.487919 2.962247 2.430525
v 25.786249 2.582912 2.483692
v 25.634911 2.582912 2.608609
v 25.487919 2.582912 2.430525
v 25.639257 2.582912 2.305608
v 25.465080 3.009097 2.402856
v 25.616419 3.009097 2.277939
v 25.375097 2.962247 1.985575
v 25.223759 2.962247 2.110492
v 25.612158 2.582912 2.272776
v 25.460817 2.582912 2.397694
v 25.223759 2.582912 2.110492
v 25.375097 2.582912 1.985575
v 25.487919 2.962247 2.430525
v 25.639257 2.962247 2.305608
v 25.223759 2.962247 2.110492
v 25.375097 2.962247 1.985575
v 25.100285 3.009097 1.652636
v 24.948946 3.009097 1.777553
v 24.948946 2.582912 1.777553
v 25.100285 2.582912 1.652636
v 24.948946 3.009097 1.777553
v 25.100285 3.009097 1.652636
v 24.995897 3.069335 1.526169
v 24.844559 3.069335 1.651087
v 24.844559 2.582912 1.651087
v 24.995897 2.582912 1.526169
v 24.844559 3.069335 1.651087
v 24.995897 3.069335 1.526169
v 24.887251 3.035871 1.394542
v 24.735912 3.035871 1.519460
v 24.735912 2.582912 1.519460
v 24.887251 2.582912 1.394542
v 24.735912 3.035871 1.519460
v 24.887251 3.035871 1.394542
v 24.727478 3.065989 1.200974
v 24.576139 3.065989 1.325892
v 24.576139 2.582912 1.325892
v 24.727478 2.582912 1.200974
v 24.576139 3.065989 1.325892
v 24.727478 3.065989 1.200974
v 24.642263 3.035871 1.097737
v 24.490925 3.035871 1.222654
v 24.490925 2.582912 1.222654
v 24.642263 2.582912 1.097737
v 24.490925 3.035871 1.222654
v 24.642263 3.035871 1.097737
v 24.578354 2.932125 1.020310
v 24.427015 2.932125 1.145227
v 25.854483 0.960463 2.566357
v 25.703144 0.960463 2.691274
v 26.157484 0.960463 2.933448
v 26.090372 0.960463 2.852141
v 26.131920 1.352010 2.902477
v 25.980581 1.352010 3.027394
v 26.006145 0.960463 3.058365
v 26.157484 0.960463 2.933448
v 25.854483 0.652579 2.566357
v 25.703144 0.652579 2.691274
v 26.206480 0.652579 2.992807
v 26.124458 0.652579 2.893438
v 26.157484 0.960463 2.933448
v 26.006145 0.960463 3.058365
v 26.055141 0.652579 3.117725
v 26.206480 0.652579 2.992807
v 25.854483 0.532103 2.566357
v 25.703144 0.532103 2.691274
v 26.187307 0.532103 2.969579
v 26.111675 0.532103 2.877950
v 26.206480 0.652579 2.992807
v 26.055141 0.652579 3.117725
v 26.035969 0.532103 3.094496
v 26.187307 0.532103 2.969579
v 25.854483 0.224220 2.566357
v 25.703144 0.224220 2.691274
v 26.202221 0.224220 2.987647
v 26.124458 0.224220 2.893438
v 26.187307 0.532103 2.969579
v 26.035969 0.532103 3.094496
v 26.050882 0.224220 3.112565
v 26.202221 0.224220 2.987647
v 25.854483 0.083664 2.566357
v 25.703144 0.083664 2.691274
v 26.178787 0.083664 2.959256
v 26.092503 0.083664 2.854722
v 26.202221 0.224220 2.987647
v 26.050882 0.224220 3.112565
v 26.027447 0.083664 3.084174
v 26.178787 0.083664 2.959256
v 26.178787 0.083664 2.959256
v 26.027447 0.083664 3.084174
v 25.974190 -0.000000 3.019651
v 26.125528 -0.000000 2.894734
v 26.055719 2.645657 2.848289
v 25.993248 2.646508 2.773084
v 25.983093 2.716538 2.760696
v 26.044052 2.723608 2.834951
v 26.008005 2.311309 2.786834
v 25.947824 2.353120 2.714511
v 26.003353 1.852757 2.777995
v 25.940609 1.854131 2.706091
v 26.005310 1.381159 2.779704
v 25.942110 1.385894 2.708109
v 26.008080 0.993668 2.783883
v 25.945269 0.989709 2.712104
v 26.021185 0.674154 2.802013
v 25.958849 0.674013 2.729472
v 26.016045 0.548830 2.795413
v 25.953770 0.550764 2.723004
v 26.021109 0.230110 2.802155
v 25.958851 0.234953 2.729475
v 26.009628 0.086072 2.785752
v 25.946075 0.099974 2.713128
v 25.992647 0.000450 2.757595
v 25.922874 0.000621 2.682121
v 26.009117 -0.084894 2.785326
v 25.946781 -0.097893 2.714258
v 26.021065 -0.228832 2.802117
v 25.958889 -0.233220 2.729536
v 26.016056 -0.547103 2.795405
v 25.953768 -0.549037 2.723001
v 26.021175 -0.672423 2.802022
v 25.958851 -0.672285 2.729475
v 26.008076 -0.991940 2.783885
v 25.945269 -0.987981 2.712104
v 26.005259 -1.380023 2.779661
v 25.942104 -1.384548 2.708098
v 26.003359 -1.851030 2.777987
v 25.940609 -1.852404 2.706091
v 26.006338 -2.311822 2.785413
v 25.949472 -2.350985 2.717128
v 26.055311 -2.641109 2.847775
v 25.993690 -2.647600 2.773567
v 26.049986 -2.723377 2.841988
v 25.988836 -2.721608 2.767732
v 22.996008 -2.603533 -0.865366
v 23.057337 -2.612045 -0.783447
v 23.084349 -2.720895 -0.749991
v 23.022806 -2.733447 -0.828163
v 23.072800 -2.275112 -0.776083
v 23.126965 -2.331914 -0.700922
v 23.089325 -1.799968 -0.761840
v 23.142796 -1.841741 -0.682455
v 23.084301 -1.367896 -0.772384
v 23.134640 -1.386689 -0.690843
v 23.078360 -0.973063 -0.777392
v 23.130951 -0.986789 -0.695463
v 23.054466 -0.663257 -0.801161
v 23.107691 -0.672251 -0.722468
v 23.063105 -0.540055 -0.792610
v 23.116041 -0.549553 -0.712688
v 23.054096 -0.227525 -0.802020
v 23.107735 -0.234638 -0.722424
v 23.075960 -0.084387 -0.781268
v 23.127905 -0.104621 -0.698724
v 23.117464 -0.000000 -0.749579
v 23.169436 0.000652 -0.652063
v 23.076490 0.085152 -0.779789
v 23.125929 0.105258 -0.700684
v 23.054131 0.228450 -0.801942
v 23.107666 0.236357 -0.722493
v 23.063320 0.541022 -0.792078
v 23.115734 0.551268 -0.712997
v 23.054106 0.664002 -0.802002
v 23.108458 0.673975 -0.721693
v 23.078680 0.974158 -0.776480
v 23.130457 0.988560 -0.695952
v 23.084337 1.368612 -0.772275
v 23.134523 1.388144 -0.690959
v 23.089699 1.802040 -0.760663
v 23.142002 1.843447 -0.683236
v 23.074188 2.281036 -0.772493
v 23.123014 2.332596 -0.704870
v 22.995602 2.604165 -0.866110
v 23.059732 2.607532 -0.781533
v 23.032301 2.732518 -0.816452
v 23.097017 2.717743 -0.735206
v 23.195284 2.938760 -0.618646
v 23.199448 2.842554 -0.610976
v 23.168032 2.829525 -0.648843
v 23.147430 2.917253 -0.681196
v 23.321486 2.899312 -0.467782
v 23.309717 2.805183 -0.478867
v 23.482004 2.871718 -0.278359
v 23.481485 2.772423 -0.273397
v 23.503202 2.888414 -0.249291
v 23.498985 2.793075 -0.250098
v 23.742516 2.869424 0.038498
v 23.739470 2.773969 0.040603
v 24.022213 2.888646 0.379092
v 24.025595 2.793573 0.387986
v 24.134329 2.913717 0.517464
v 24.131079 2.818240 0.516494
v 24.244555 2.900013 0.649967
v 24.241861 2.804435 0.650311
v 24.409121 2.912490 0.850233
v 24.406338 2.816879 0.849938
v 24.497272 2.901127 0.955723
v 24.487534 2.803857 0.947847
v 24.565863 2.860471 1.031966
v 24.561901 2.757448 1.035661
v 24.627964 2.900213 1.114286
v 24.634132 2.805584 1.125748
v 24.715540 2.912487 1.221440
v 24.715290 2.816879 1.224239
v 24.880947 2.900016 1.421009
v 24.880119 2.804439 1.423571
v 24.989676 2.914421 1.553572
v 24.990559 2.817448 1.557639
v 25.104805 2.888643 1.690638
v 25.096695 2.793570 1.685640
v 25.386171 2.869427 2.029854
v 25.383547 2.773972 2.032429
v 25.622616 2.891303 2.317619
v 25.623150 2.786716 2.322231
v 25.647053 2.872529 2.344363
v 25.641605 2.771300 2.344923
v 25.803453 2.899315 2.539224
v 25.812140 2.805187 2.552851
v 25.927908 2.942309 2.691285
v 25.908934 2.845890 2.671431
v 25.975935 2.901459 2.746854
v 25.940859 2.820346 2.710320
v 25.939371 -2.999840 2.701532
v 25.918842 -2.894232 2.683648
v 25.947001 -2.856086 2.718142
v 25.987501 -2.934200 2.757366
v 25.804131 -2.943808 2.536916
v 25.812523 -2.850293 2.554392
v 25.645510 -2.909470 2.336697
v 25.637545 -2.807944 2.339063
v 25.621830 -2.935787 2.311253
v 25.610199 -2.833919 2.308832
v 25.377228 -2.905058 2.013634
v 25.383177 -2.808789 2.032796
v 25.097281 -2.931487 1.677325
v 25.095396 -2.833819 1.684952
v 24.990223 -2.961737 1.551164
v 24.989717 -2.866442 1.557846
v 24.879620 -2.944709 1.415455
v 24.879709 -2.848866 1.424158
v 24.715979 -2.960266 1.218689
v 24.714903 -2.864821 1.224883
v 24.629736 -2.946174 1.112235
v 24.635792 -2.848678 1.128621
v 24.569500 -2.895547 1.028572
v 24.561495 -2.788844 1.036042
v 24.499117 -2.945097 0.954343
v 24.485420 -2.850882 0.946764
v 24.411240 -2.960398 0.849455
v 24.405636 -2.864742 0.850189
v 24.248903 -2.944446 0.651422
v 24.241184 -2.849263 0.650634
v 24.137035 -2.962951 0.517157
v 24.130899 -2.865343 0.517223
v 24.032732 -2.930570 0.387944
v 24.025845 -2.835030 0.389359
v 23.744997 -2.906322 0.036499
v 23.738859 -2.811042 0.041054
v 23.509451 -2.934644 -0.247506
v 23.510700 -2.835212 -0.236050
v 23.490046 -2.910926 -0.275326
v 23.485323 -2.806683 -0.266303
v 23.323900 -2.943799 -0.468026
v 23.308271 -2.850290 -0.479528
v 23.187048 -2.997045 -0.632251
v 23.199350 -2.899928 -0.610335
v 23.135954 -2.952558 -0.699687
v 23.158386 -2.868798 -0.659780
v 26.044601 -2.803059 2.831815
v 25.983753 -2.775021 2.762364
v 26.024427 -2.871196 2.806184
v 25.970774 -2.817148 2.747028
v 23.100746 -2.787223 -0.729543
v 23.053894 -2.838720 -0.795956
v 23.126873 -2.833093 -0.698124
v 23.082899 -2.896479 -0.760870
v 23.138672 2.808923 -0.684091
v 23.098631 2.876215 -0.738794
v 23.113655 2.773465 -0.714252
v 23.069925 2.834711 -0.774375
v 26.011911 2.857081 2.792354
v 25.962645 2.796345 2.736777
v 26.033852 2.803688 2.819186
v 25.975636 2.764812 2.752357
v 25.940609 -1.852404 2.706091
v 25.949472 -2.350985 2.717128
v 25.854483 -2.318575 2.566357
v 25.854483 -1.817572 2.566357
v 25.942104 -1.384548 2.708098
v 25.854483 -1.352010 2.566357
v 25.993690 -2.647600 2.773567
v 25.854483 -2.582909 2.566357
v 25.988836 -2.721608 2.767732
v 25.983753 -2.775021 2.762364
v 25.970774 -2.817148 2.747028
v 25.947001 -2.856086 2.718142
v 25.918842 -2.894232 2.683648
v 25.812523 -2.850293 2.554392
v 25.786249 -2.582909 2.483692
v 25.637545 -2.807944 2.339063
v 25.639257 -2.582909 2.305608
v 25.610199 -2.833919 2.308832
v 25.383177 -2.808789 2.032796
v 25.375097 -2.582909 1.985575
v 25.612158 -2.582909 2.272776
v 25.095396 -2.833819 1.684952
v 25.100285 -2.582909 1.652636
v 24.989717 -2.866442 1.557846
v 24.995897 -2.582909 1.526169
v 24.879709 -2.848866 1.424158
v 24.887251 -2.582909 1.394542
v 24.714903 -2.864821 1.224883
v 24.727478 -2.582909 1.200974
v 24.635792 -2.848678 1.128621
v 24.642263 -2.582909 1.097737
v 24.561495 -2.788844 1.036042
v 24.578354 -2.582909 1.020310
v 25.854483 -0.960463 2.566357
v 25.945269 -0.987981 2.712104
v 25.854483 -0.652579 2.566357
v 25.958851 -0.672285 2.729475
v 25.854483 -0.532103 2.566357
v 25.953768 -0.549037 2.723001
v 25.854483 -0.224220 2.566357
v 25.958889 -0.233220 2.729536
v 25.854483 -0.083664 2.566357
v 25.946781 -0.097893 2.714258
v 25.854483 -0.000000 2.566357
v 25.922874 0.000621 2.682121
v 23.126965 -2.331914 -0.700922
v 23.142796 -1.841741 -0.682455
v 23.302227 -1.817572 -0.525737
v 23.302227 -2.318575 -0.525737
v 23.134640 -1.386689 -0.690843
v 23.302227 -1.352010 -0.525737
v 23.057337 -2.612045 -0.783447
v 23.302227 -2.582909 -0.525737
v 22.945127 -2.535971 -0.958369
v 22.996008 -2.603533 -0.865366
v 23.022806 -2.733447 -0.828163
v 22.918831 -2.701213 -0.990228
v 23.053894 -2.838720 -0.795956
v 23.082899 -2.896479 -0.760870
v 23.135954 -2.952558 -0.699687
v 23.187048 -2.997045 -0.632251
v 23.193642 -3.129573 -0.657290
v 23.308271 -2.850290 -0.479528
v 23.199350 -2.899928 -0.610335
v 23.370461 -2.582909 -0.443072
v 23.485323 -2.806683 -0.266303
v 23.517452 -2.582909 -0.264989
v 23.738859 -2.811042 0.041054
v 23.510700 -2.835212 -0.236050
v 23.544552 -2.582909 -0.232157
v 23.781612 -2.582909 0.055044
v 24.025845 -2.835030 0.389359
v 24.056425 -2.582909 0.387983
v 24.130899 -2.865343 0.517223
v 24.160812 -2.582909 0.514450
v 24.241184 -2.849263 0.650634
v 24.269459 -2.582909 0.646077
v 24.405636 -2.864742 0.850189
v 24.429232 -2.582909 0.839645
v 24.485420 -2.850882 0.946764
v 24.514444 -2.582909 0.942882
v 23.130951 -0.986789 -0.695463
v 23.302227 -0.960463 -0.525737
v 23.107691 -0.672251 -0.722468
v 23.302227 -0.652579 -0.525737
v 23.116041 -0.549553 -0.712688
v 23.302227 -0.532103 -0.525737
v 23.107735 -0.234638 -0.722424
v 23.302227 -0.224220 -0.525737
v 23.127905 -0.104621 -0.698724
v 23.302227 -0.083664 -0.525737
v 23.169436 0.000652 -0.652063
v 23.302227 -0.000000 -0.525737
v 23.142002 1.843447 -0.683236
v 23.123014 2.332596 -0.704870
v 23.302227 2.318575 -0.525737
v 23.302227 1.817572 -0.525737
v 23.134523 1.388144 -0.690959
v 23.302227 1.352010 -0.525737
v 23.059732 2.607532 -0.781533
v 23.302227 2.582912 -0.525737
v 22.945127 2.535971 -0.958369
v 22.918831 2.701213 -0.990228
v 23.032301 2.732518 -0.816452
v 22.995602 2.604165 -0.866110
v 23.069925 2.834711 -0.774375
v 23.147430 2.917253 -0.681196
v 23.098631 2.876215 -0.738794
v 23.193642 3.129573 -0.657290
v 23.195284 2.938760 -0.618646
v 23.199448 2.842554 -0.610976
v 23.309717 2.805183 -0.478867
v 23.370461 2.582912 -0.443072
v 23.481485 2.772423 -0.273397
v 23.517452 2.582912 -0.264989
v 23.498985 2.793075 -0.250098
v 23.739470 2.773969 0.040603
v 23.781612 2.582912 0.055044
v 23.544552 2.582912 -0.232157
v 24.025595 2.793573 0.387986
v 24.056425 2.582912 0.387983
v 24.131079 2.818240 0.516494
v 24.160812 2.582912 0.514450
v 24.241861 2.804435 0.650311
v 24.269459 2.582912 0.646077
v 24.406338 2.816879 0.849938
v 24.429232 2.582912 0.839645
v 24.487534 2.803857 0.947847
v 24.514444 2.582912 0.942882
v 24.561901 2.757448 1.035661
v 24.578354 2.582912 1.020310
v 23.302227 0.960463 -0.525737
v 23.130457 0.988560 -0.695952
v 23.302227 0.652579 -0.525737
v 23.108458 0.673975 -0.721693
v 23.302227 0.532103 -0.525737
v 23.115734 0.551268 -0.712997
v 23.302227 0.224220 -0.525737
v 23.107666 0.236357 -0.722493
v 23.302227 0.083664 -0.525737
v 23.125929 0.105258 -0.700684
v 25.947824 2.353120 2.714511
v 25.940609 1.854131 2.706091
v 25.854483 1.817572 2.566357
v 25.854483 2.318575 2.566357
v 25.942110 1.385894 2.708109
v 25.854483 1.352010 2.566357
v 25.993248 2.646508 2.773084
v 25.854483 2.582912 2.566357
v 25.983093 2.716538 2.760696
v 25.975636 2.764812 2.752357
v 25.940859 2.820346 2.710320
v 25.962645 2.796345 2.736777
v 25.908934 2.845890 2.671431
v 25.812140 2.805187 2.552851
v 25.786249 2.582912 2.483692
v 25.641605 2.771300 2.344923
v 25.639257 2.582912 2.305608
v 25.383547 2.773972 2.032429
v 25.623150 2.786716 2.322231
v 25.612158 2.582912 2.272776
v 25.375097 2.582912 1.985575
v 25.096695 2.793570 1.685640
v 25.100285 2.582912 1.652636
v 24.990559 2.817448 1.557639
v 24.995897 2.582912 1.526169
v 24.880119 2.804439 1.423571
v 24.887251 2.582912 1.394542
v 24.715290 2.816879 1.224239
v 24.727478 2.582912 1.200974
v 24.634132 2.805584 1.125748
v 24.642263 2.582912 1.097737
v 25.945269 0.989709 2.712104
v 25.854483 0.960463 2.566357
v 25.958849 0.674013 2.729472
v 25.854483 0.652579 2.566357
v 25.953770 0.550764 2.723004
v 25.854483 0.532103 2.566357
v 25.958851 0.234953 2.729475
v 25.854483 0.224220 2.566357
v 25.946075 0.099974 2.713128
v 25.854483 0.083664 2.566357
v 26.008005 2.311309 2.786834
v 26.055719 2.645657 2.848289
v 26.211582 2.535971 2.998989
v 26.003353 1.852757 2.777995
v 26.005310 1.381159 2.779704
v 26.008080 0.993668 2.783883
v 26.021185 0.674154 2.802013
v 26.016045 0.548830 2.795413
v 26.021109 0.230110 2.802155
v 26.009628 0.086072 2.785752
v 25.992647 0.000450 2.757595
v 26.009117 -0.084894 2.785326
v 26.021065 -0.228832 2.802117
v 26.016056 -0.547103 2.795405
v 26.021175 -0.672423 2.802022
v 26.008076 -0.991940 2.783885
v 26.005259 -1.380023 2.779661
v 26.003359 -1.851030 2.777987
v 26.006338 -2.311822 2.785413
v 26.211582 -2.535971 2.998989
v 26.055311 -2.641109 2.847775
v 23.072800 -2.275112 -0.776083
v 23.089325 -1.799968 -0.761840
v 23.084301 -1.367896 -0.772384
v 23.078360 -0.973063 -0.777392
v 23.054466 -0.663257 -0.801161
v 23.063105 -0.540055 -0.792610
v 23.054096 -0.227525 -0.802020
v 23.075960 -0.084387 -0.781268
v 23.076490 0.085152 -0.779789
v 23.054131 0.228450 -0.801942
v 23.063320 0.541022 -0.792078
v 23.054106 0.664002 -0.802002
v 23.078680 0.974158 -0.776480
v 23.084337 1.368612 -0.772275
v 23.089699 1.802040 -0.760663
v 23.074188 2.281036 -0.772493
v 23.370461 3.035871 -0.443072
v 23.321486 2.899312 -0.467782
v 23.517452 2.962247 -0.264989
v 23.482004 2.871718 -0.278359
v 23.540291 3.009097 -0.237319
v 23.503202 2.888414 -0.249291
v 23.781612 2.962247 0.055044
v 23.742516 2.869424 0.038498
v 24.056425 3.009097 0.387983
v 24.022213 2.888646 0.379092
v 24.160812 3.069335 0.514450
v 24.134329 2.913717 0.517464
v 24.269459 3.035871 0.646077
v 24.244555 2.900013 0.649967
v 24.429232 3.065989 0.839645
v 24.409121 2.912490 0.850233
v 24.514444 3.035871 0.942882
v 24.497272 2.901127 0.955723
v 24.578354 2.932125 1.020310
v 24.565863 2.860471 1.031966
v 24.642263 3.035871 1.097737
v 24.627964 2.900213 1.114286
v 24.727478 3.065989 1.200974
v 24.715540 2.912487 1.221440
v 24.887251 3.035871 1.394542
v 24.880947 2.900016 1.421009
v 24.995897 3.069335 1.526169
v 24.989676 2.914421 1.553572
v 25.100285 3.009097 1.652636
v 25.104805 2.888643 1.690638
v 25.375097 2.962247 1.985575
v 25.386171 2.869427 2.029854
v 25.616419 3.009097 2.277939
v 25.622616 2.891303 2.317619
v 25.639257 2.962247 2.305608
v 25.647053 2.872529 2.344363
v 25.786249 3.035871 2.483692
v 25.803453 2.899315 2.539224
v 25.963068 3.129573 2.697909
v 25.927908 2.942309 2.691285
v 25.963068 -3.129573 2.697909
v 25.786249 -3.035871 2.483692
v 25.804131 -2.943808 2.536916
v 25.939371 -2.999840 2.701532
v 25.639257 -2.962247 2.305608
v 25.645510 -2.909470 2.336697
v 25.639257 -2.962247 2.305608
v 25.616419 -3.009097 2.277939
v 25.621830 -2.935787 2.311253
v 25.645510 -2.909470 2.336697
v 25.616419 -3.009097 2.277939
v 25.375097 -2.962247 1.985575
v 25.377228 -2.905058 2.013634
v 25.621830 -2.935787 2.311253
v 25.100285 -3.009097 1.652636
v 25.097281 -2.931487 1.677325
v 24.995897 -3.069335 1.526169
v 24.990223 -2.961737 1.551164
v 24.887251 -3.035871 1.394542
v 24.879620 -2.944709 1.415455
v 24.727478 -3.065989 1.200974
v 24.715979 -2.960266 1.218689
v 24.642263 -3.035871 1.097737
v 24.629736 -2.946174 1.112235
v 24.578354 -2.932125 1.020310
v 24.569500 -2.895547 1.028572
v 24.514444 -3.035871 0.942882
v 24.499117 -2.945097 0.954343
v 24.429232 -3.065989 0.839645
v 24.411240 -2.960398 0.849455
v 24.269459 -3.035871 0.646077
v 24.248903 -2.944446 0.651422
v 24.160812 -3.069335 0.514450
v 24.137035 -2.962951 0.517157
v 24.056425 -3.009097 0.387983
v 24.032732 -2.930570 0.387944
v 23.781612 -2.962247 0.055044
v 23.744997 -2.906322 0.036499
v 23.540291 -3.009097 -0.237319
v 23.509451 -2.934644 -0.247506
v 23.517452 -2.962247 -0.264989
v 23.490046 -2.910926 -0.275326
v 23.370461 -3.035871 -0.443072
v 23.323900 -2.943799 -0.468026
v 23.490046 -2.910926 -0.275326
v 23.517452 -2.962247 -0.264989
v 26.237879 -2.701213 3.030848
v 26.049986 -2.723377 2.841988
v 26.044601 -2.803059 2.831815
v 26.024427 -2.871196 2.806184
v 25.987501 -2.934200 2.757366
v 23.084349 -2.720895 -0.749991
v 23.100746 -2.787223 -0.729543
v 23.126873 -2.833093 -0.698124
v 23.158386 -2.868798 -0.659780
v 23.168032 2.829525 -0.648843
v 23.138672 2.808923 -0.684091
v 23.113655 2.773465 -0.714252
v 23.097017 2.717743 -0.735206
v 25.975935 2.901459 2.746854
v 26.011911 2.857081 2.792354
v 26.033852 2.803688 2.819186
v 26.237879 2.701213 3.030848
v 26.044052 2.723608 2.834951
v 25.687115 -2.367218 2.439559
v 23.381397 -2.367218 -0.353852
v 23.381397 2.318575 -0.353852
v 25.687115 2.318575 2.439559
v 25.743383 -2.367218 2.393115
v 25.761583 -2.380147 2.394855
v 23.439405 -2.380147 -0.418497
v 23.437664 -2.367218 -0.400297
v 25.761583 -2.380147 2.394855
v 25.743383 -2.367218 2.393115
v 25.743383 2.318575 2.393115
v 25.761583 2.331504 2.394855
v 25.761583 2.331504 2.394855
v 25.743383 2.318575 2.393115
v 23.437664 2.318575 -0.400297
v 23.439405 2.331504 -0.418497
v 23.439405 2.331504 -0.418497
v 23.437664 2.318575 -0.400297
v 23.437664 -2.367218 -0.400297
v 23.439405 -2.380147 -0.418497
v 25.826008 -2.433816 2.391665
v 25.844204 -2.446741 2.393405
v 23.456491 -2.446741 -0.499345
v 23.454752 -2.433816 -0.481146
v 25.844204 -2.446741 2.393405
v 25.826008 -2.433816 2.391665
v 25.826008 2.385170 2.391665
v 25.844204 2.398098 2.393405
v 25.844204 2.398098 2.393405
v 25.826008 2.385170 2.391665
v 23.454752 2.385170 -0.481146
v 23.456491 2.398098 -0.499345
v 23.456491 2.398098 -0.499345
v 23.454752 2.385170 -0.481146
v 23.454752 -2.433816 -0.481146
v 23.456491 -2.446741 -0.499345
v 25.909561 -2.500407 2.389444
v 25.927761 -2.513335 2.391185
v 23.474508 -2.513335 -0.580966
v 23.472769 -2.500407 -0.562767
v 25.927761 -2.513335 2.391185
v 25.909561 -2.500407 2.389444
v 25.909561 2.451764 2.389444
v 25.927761 2.464692 2.391185
v 25.927761 2.464692 2.391185
v 25.909561 2.451764 2.389444
v 23.472769 2.451764 -0.562767
v 23.474508 2.464692 -0.580966
v 23.474508 2.464692 -0.580966
v 23.472769 2.451764 -0.562767
v 23.472769 -2.500407 -0.562767
v 23.474508 -2.513335 -0.580966
v 25.940794 -2.547416 2.406975
v 25.939054 -2.560341 2.425174
v 23.443275 -2.560341 -0.598497
v 23.461475 -2.547416 -0.596756
v 25.939054 -2.560341 2.425174
v 25.940794 -2.547416 2.406975
v 25.940794 2.498773 2.406975
v 25.939054 2.511698 2.425174
v 25.939054 2.511698 2.425174
v 25.940794 2.498773 2.406975
v 23.461475 2.498773 -0.596756
v 23.443275 2.511698 -0.598497
v 23.443275 2.511698 -0.598497
v 23.461475 2.498773 -0.596756
v 23.461475 -2.547416 -0.596756
v 23.443275 -2.560341 -0.598497
v 25.898825 -2.618627 2.512992
v 25.897085 -2.631555 2.531192
v 23.331224 -2.631555 -0.577385
v 23.349424 -2.618627 -0.575643
v 25.897085 -2.631555 2.531192
v 25.898825 -2.618627 2.512992
v 25.898825 2.569983 2.512992
v 25.897085 2.582912 2.531192
v 25.897085 2.582912 2.531192
v 25.898825 2.569983 2.512992
v 23.349424 2.569983 -0.575643
v 23.331224 2.582912 -0.577385
v 23.331224 2.582912 -0.577385
v 23.349424 2.569983 -0.575643
v 23.349424 -2.618627 -0.575643
v 23.331224 -2.631555 -0.577385
v 25.687115 -2.367218 2.439559
v 25.687115 2.318575 2.439559
v 25.743383 2.318575 2.393115
v 25.743383 -2.367218 2.393115
v 25.687115 2.318575 2.439559
v 23.381397 2.318575 -0.353852
v 23.437664 2.318575 -0.400297
v 25.743383 2.318575 2.393115
v 23.381397 2.318575 -0.353852
v 23.381397 -2.367218 -0.353852
v 23.437664 -2.367218 -0.400297
v 23.437664 2.318575 -0.400297
v 23.381397 -2.367218 -0.353852
v 25.687115 -2.367218 2.439559
v 25.743383 -2.367218 2.393115
v 23.437664 -2.367218 -0.400297
v 25.761583 -2.380147 2.394855
v 25.761583 2.331504 2.394855
v 25.786123 2.385170 2.424586
v 25.786123 -2.433816 2.424586
v 25.761583 2.331504 2.394855
v 23.439405 2.331504 -0.418497
v 23.414867 2.385170 -0.448225
v 25.786123 2.385170 2.424586
v 23.439405 2.331504 -0.418497
v 23.439405 -2.380147 -0.418497
v 23.414867 -2.433816 -0.448225
v 23.414867 2.385170 -0.448225
v 23.439405 -2.380147 -0.418497
v 25.761583 -2.380147 2.394855
v 25.786123 -2.433816 2.424586
v 23.414867 -2.433816 -0.448225
v 25.786123 -2.433816 2.424586
v 25.786123 2.385170 2.424586
v 25.826008 2.385170 2.391665
v 25.826008 -2.433816 2.391665
v 25.786123 2.385170 2.424586
v 23.414867 2.385170 -0.448225
v 23.454752 2.385170 -0.481146
v 25.826008 2.385170 2.391665
v 23.414867 2.385170 -0.448225
v 23.414867 -2.433816 -0.448225
v 23.454752 -2.433816 -0.481146
v 23.454752 2.385170 -0.481146
v 23.414867 -2.433816 -0.448225
v 25.786123 -2.433816 2.424586
v 25.826008 -2.433816 2.391665
v 23.454752 -2.433816 -0.481146
v 25.844204 -2.446741 2.393405
v 25.844204 2.398098 2.393405
v 25.868744 2.451764 2.423135
v 25.868744 -2.500407 2.423135
v 25.844204 2.398098 2.393405
v 23.456491 2.398098 -0.499345
v 23.431952 2.451764 -0.529075
v 25.868744 2.451764 2.423135
v 23.456491 2.398098 -0.499345
v 23.456491 -2.446741 -0.499345
v 23.431952 -2.500407 -0.529075
v 23.431952 2.451764 -0.529075
v 23.456491 -2.446741 -0.499345
v 25.844204 -2.446741 2.393405
v 25.868744 -2.500407 2.423135
v 23.431952 -2.500407 -0.529075
v 25.868744 -2.500407 2.423135
v 25.868744 2.451764 2.423135
v 25.909561 2.451764 2.389444
v 25.909561 -2.500407 2.389444
v 25.868744 2.451764 2.423135
v 23.431952 2.451764 -0.529075
v 23.472769 2.451764 -0.562767
v 25.909561 2.451764 2.389444
v 23.431952 2.451764 -0.529075
v 23.431952 -2.500407 -0.529075
v 23.472769 -2.500407 -0.562767
v 23.472769 2.451764 -0.562767
v 23.431952 -2.500407 -0.529075
v 25.868744 -2.500407 2.423135
v 25.909561 -2.500407 2.389444
v 23.472769 -2.500407 -0.562767
v 25.927761 -2.513335 2.391185
v 25.927761 2.464692 2.391185
v 25.940794 2.498773 2.406975
v 25.940794 -2.547416 2.406975
v 25.927761 2.464692 2.391185
v 23.474508 2.464692 -0.580966
v 23.461475 2.498773 -0.596756
v 25.940794 2.498773 2.406975
v 23.474508 2.464692 -0.580966
v 23.474508 -2.513335 -0.580966
v 23.461475 -2.547416 -0.596756
v 23.461475 2.498773 -0.596756
v 23.474508 -2.513335 -0.580966
v 25.927761 -2.513335 2.391185
v 25.940794 -2.547416 2.406975
v 23.461475 -2.547416 -0.596756
v 25.939054 -2.560341 2.425174
v 25.939054 2.511698 2.425174
v 25.872013 2.511698 2.480510
v 25.872013 -2.560341 2.480510
v 25.939054 2.511698 2.425174
v 23.443275 2.511698 -0.598497
v 23.376236 2.511698 -0.543161
v 25.872013 2.511698 2.480510
v 23.443275 2.511698 -0.598497
v 23.443275 -2.560341 -0.598497
v 23.376236 -2.560341 -0.543161
v 23.376236 2.511698 -0.543161
v 23.443275 -2.560341 -0.598497
v 25.939054 -2.560341 2.425174
v 25.872013 -2.560341 2.480510
v 23.376236 -2.560341 -0.543161
v 25.872013 -2.560341 2.480510
v 25.872013 2.511698 2.480510
v 25.898825 2.569983 2.512992
v 25.898825 -2.618627 2.512992
v 25.872013 2.511698 2.480510
v 23.376236 2.511698 -0.543161
v 23.349424 2.569983 -0.575643
v 25.898825 2.569983 2.512992
v 23.376236 2.511698 -0.543161
v 23.376236 -2.560341 -0.543161
v 23.349424 -2.618627 -0.575643
v 23.349424 2.569983 -0.575643
v 23.376236 -2.560341 -0.543161
v 25.872013 -2.560341 2.480510
v 25.898825 -2.618627 2.512992
v 23.349424 -2.618627 -0.575643
v 25.897085 -2.631555 2.531192
v 25.897085 2.582912 2.531192
v 25.854483 2.582912 2.566357
v 25.854483 -2.631555 2.566357
v 25.897085 2.582912 2.531192
v 23.331224 2.582912 -0.577385
v 23.288622 2.582912 -0.542220
v 25.854483 2.582912 2.566357
v 23.331224 2.582912 -0.577385
v 23.331224 -2.631555 -0.577385
v 23.288622 -2.631555 -0.542220
v 23.288622 2.582912 -0.542220
v 23.331224 -2.631555 -0.577385
v 25.897085 -2.631555 2.531192
v 25.854483 -2.631555 2.566357
v 23.288622 -2.631555 -0.542220
vn 0.6357 0.0512 0.7702
vn 0.6325 0.1123 0.7663
vn -0.6366 -0.0000 -0.7712
vn 0.6365 -0.0153 0.7711
vn 0.1765 -0.9608 0.2138
vn 0.6930 -0.0018 -0.7209
vn 0.7712 -0.0000 -0.6366
vn 0.6903 -0.0212 -0.7232
vn 0.6968 0.0020 -0.7172
vn 0.5668 0.4553 0.6866
vn 0.6176 0.2425 0.7482
vn 0.4765 -0.6630 0.5773
vn 0.4224 -0.7481 0.5118
vn 0.4227 -0.7476 0.5123
vn 0.1985 -0.9501 0.2408
vn 0.1985 -0.9501 0.2405
vn 0.4773 -0.6616 0.5783
vn -0.2035 -0.9475 -0.2465
vn -0.0001 1.0000 0.0001
vn 0.0001 1.0000 0.0001
vn 0.2075 0.9454 0.2514
vn 0.7453 0.0370 -0.6657
vn 0.7240 0.0803 -0.6851
vn -0.6151 -0.2576 -0.7452
vn -0.6370 -0.0004 -0.7708
vn -0.6371 -0.0005 -0.7708
vn -0.6372 -0.0006 -0.7707
vn 0.5895 -0.3780 0.7138
vn 0.5896 -0.3782 0.7137
vn 0.7245 0.0472 -0.6876
vn -0.1934 -0.9527 -0.2343
vn -0.0000 1.0000 -0.0000
vn -0.0000 -1.0000 -0.0000
vn -0.0781 -0.9924 -0.0946
vn 0.5054 -0.6080 0.6123
vn 0.0687 -0.9942 0.0832
vn 0.2195 -0.9387 0.2659
vn -0.1225 -0.9813 -0.1484
vn 0.0758 -0.9929 0.0919
vn -0.1397 -0.9756 -0.1693
vn -0.4574 -0.6954 -0.5542
vn 0.7050 0.0087 -0.7092
vn 0.6333 -0.1020 0.7672
vn 0.7204 0.0037 -0.6935
vn 0.6176 -0.2425 0.7482
vn 0.7099 0.0003 -0.7043
vn 0.7202 -0.0032 -0.6938
vn 0.6347 -0.0759 0.7690
vn 0.7189 -0.0292 -0.6945
vn 0.6158 0.2534 0.7461
vn 0.6762 -0.0005 -0.7368
vn 0.4501 0.7071 0.5453
vn -0.6325 0.1123 -0.7663
vn -0.6357 0.0512 -0.7702
vn 0.6366 -0.0000 0.7712
vn -0.6365 -0.0153 -0.7711
vn -0.1765 -0.9608 -0.2138
vn 0.8419 -0.0023 -0.5396
vn 0.8654 -0.0311 -0.5001
vn 0.8339 0.0025 -0.5519
vn -0.5668 0.4553 -0.6866
vn -0.6176 0.2425 -0.7482
vn -0.4765 -0.6630 -0.5773
vn -0.1988 -0.9501 -0.2405
vn -0.4228 -0.7476 -0.5122
vn -0.4223 -0.7481 -0.5119
vn -0.1985 -0.9501 -0.2405
vn -0.4773 -0.6616 -0.5783
vn 0.2035 -0.9475 0.2465
vn -0.0001 1.0000 -0.0001
vn -0.2075 0.9454 -0.2514
vn 0.7940 0.0393 -0.6067
vn 0.8084 0.0866 -0.5822
vn 0.6151 -0.2577 0.7452
vn 0.6359 -0.0006 0.7718
vn 0.6360 -0.0005 0.7717
vn 0.6361 -0.0004 0.7716
vn -0.5890 -0.3782 -0.7142
vn -0.5891 -0.3780 -0.7142
vn 0.8191 0.0624 -0.5702
vn 0.1934 -0.9527 0.2343
vn 0.0781 -0.9924 0.0946
vn 0.0001 -1.0000 -0.0001
vn -0.5054 -0.6080 -0.6123
vn -0.0687 -0.9942 -0.0832
vn -0.2195 -0.9387 -0.2659
vn 0.1225 -0.9813 0.1484
vn -0.0758 -0.9929 -0.0919
vn 0.1397 -0.9756 0.1693
vn 0.4574 -0.6954 0.5542
vn 0.8293 0.0106 -0.5586
vn -0.6333 -0.1020 -0.7672
vn 0.8150 0.0035 -0.5794
vn -0.6176 -0.2425 -0.7482
vn 0.8300 0.0005 -0.5578
vn 0.8160 -0.0033 -0.5780
vn -0.6347 -0.0759 -0.7690
vn 0.8110 -0.0259 -0.5845
vn -0.6158 0.2534 -0.7461
vn 0.7803 -0.0144 -0.6253
vn -0.4501 0.7071 -0.5453
vn -0.6357 -0.0512 -0.7702
vn -0.6325 -0.1123 -0.7663
vn -0.6365 0.0153 -0.7711
vn -0.1765 0.9608 -0.2138
vn 0.8432 0.0024 -0.5376
vn 0.8669 0.0311 -0.4974
vn 0.8346 -0.0026 -0.5509
vn -0.5668 -0.4553 -0.6866
vn -0.4765 0.6630 -0.5773
vn -0.4224 0.7481 -0.5118
vn -0.4228 0.7476 -0.5121
vn -0.1988 0.9501 -0.2405
vn -0.1985 0.9501 -0.2405
vn -0.4773 0.6616 -0.5783
vn 0.2035 0.9475 0.2465
vn -0.0001 -1.0000 -0.0000
vn -0.0001 -1.0000 -0.0001
vn -0.2075 -0.9454 -0.2514
vn 0.7924 -0.0397 -0.6088
vn 0.8024 -0.0790 -0.5916
vn 0.6151 0.2577 0.7452
vn 0.6361 0.0004 0.7716
vn 0.6360 0.0005 0.7717
vn 0.6359 0.0006 0.7718
vn -0.5891 0.3780 -0.7142
vn -0.5890 0.3782 -0.7142
vn 0.8162 -0.0612 -0.5746
vn 0.1934 0.9527 0.2343
vn 0.0781 0.9924 0.0946
vn -0.5054 0.6080 -0.6123
vn -0.0687 0.9942 -0.0832
vn -0.2195 0.9387 -0.2659
vn 0.1225 0.9813 0.1484
vn -0.0758 0.9929 -0.0919
vn 0.1397 0.9756 0.1693
vn 0.4574 0.6954 0.5542
vn 0.8297 -0.0107 -0.5581
vn -0.6333 0.1020 -0.7672
vn 0.8149 -0.0034 -0.5796
vn 0.8303 -0.0006 -0.5573
vn 0.8162 0.0036 -0.5778
vn -0.6347 0.0759 -0.7690
vn 0.8114 0.0263 -0.5839
vn -0.6158 -0.2534 -0.7461
vn 0.7812 0.0159 -0.6241
vn -0.4501 -0.7071 -0.5453
vn 0.6325 -0.1123 0.7663
vn 0.6357 -0.0512 0.7702
vn 0.6365 0.0153 0.7711
vn 0.1765 0.9608 0.2138
vn 0.6931 0.0018 -0.7209
vn 0.6906 0.0211 -0.7230
vn 0.6969 -0.0020 -0.7172
vn 0.5668 -0.4553 0.6866
vn 0.4765 0.6630 0.5773
vn 0.1985 0.9501 0.2408
vn 0.4228 0.7476 0.5122
vn 0.4225 0.7481 0.5116
vn 0.1985 0.9501 0.2405
vn 0.4773 0.6616 0.5783
vn -0.2035 0.9475 -0.2465
vn 0.0001 -1.0000 0.0001
vn 0.2075 -0.9454 0.2514
vn 0.7474 -0.0367 -0.6634
vn 0.7317 -0.0743 -0.6775
vn -0.6151 0.2576 -0.7452
vn -0.6372 0.0006 -0.7707
vn -0.6371 0.0005 -0.7708
vn -0.6370 0.0004 -0.7708
vn 0.5896 0.3782 0.7137
vn 0.5895 0.3780 0.7138
vn 0.7265 -0.0476 -0.6855
vn -0.1934 0.9527 -0.2343
vn -0.0781 0.9924 -0.0946
vn 0.0001 1.0000 -0.0000
vn 0.5054 0.6080 0.6123
vn 0.0687 0.9942 0.0832
vn 0.2195 0.9387 0.2659
vn -0.1225 0.9813 -0.1484
vn 0.0758 0.9929 0.0919
vn -0.1397 0.9756 -0.1693
vn -0.4574 0.6954 -0.5542
vn 0.7050 -0.0088 -0.7091
vn 0.6333 0.1020 0.7672
vn 0.7205 -0.0036 -0.6934
vn 0.7098 -0.0004 -0.7044
vn 0.7202 0.0032 -0.6937
vn 0.6347 0.0759 0.7690
vn 0.7192 0.0292 -0.6942
vn 0.6158 -0.2534 0.7461
vn 0.4501 -0.7071 0.5453
vn 0.7691 -0.0046 -0.6392
vn 0.7702 0.0069 -0.6378
vn 0.7686 -0.0063 -0.6397
vn 0.7658 0.0050 -0.6431
vn 0.7643 0.0040 -0.6449
vn 0.7566 0.0012 -0.6539
vn 0.7565 0.0012 -0.6540
vn 0.7514 -0.0004 -0.6598
vn 0.7514 -0.0005 -0.6599
vn 0.7531 -0.0028 -0.6579
vn 0.7532 -0.0030 -0.6578
vn 0.7564 -0.0026 -0.6541
vn 0.7564 -0.0026 -0.6542
vn 0.7586 -0.0001 -0.6515
vn 0.7582 0.0025 -0.6521
vn 0.7581 0.0025 -0.6521
vn 0.7515 0.0288 -0.6591
vn 0.7523 0.0260 -0.6583
vn 0.7453 -0.0003 -0.6667
vn 0.7453 -0.0007 -0.6667
vn 0.7510 -0.0294 -0.6597
vn 0.7518 -0.0262 -0.6588
vn 0.7580 -0.0021 -0.6523
vn 0.7580 -0.0020 -0.6523
vn 0.7586 0.0001 -0.6516
vn 0.7586 0.0001 -0.6515
vn 0.7564 0.0026 -0.6541
vn 0.7532 0.0029 -0.6578
vn 0.7532 0.0028 -0.6578
vn 0.7514 0.0005 -0.6598
vn 0.7514 0.0005 -0.6599
vn 0.7564 -0.0016 -0.6541
vn 0.7563 -0.0016 -0.6542
vn 0.7656 -0.0048 -0.6433
vn 0.7640 -0.0042 -0.6452
vn 0.7701 -0.0058 -0.6379
vn 0.7701 -0.0058 -0.6380
vn 0.7673 0.0061 -0.6412
vn 0.7678 0.0051 -0.6407
vn 0.7932 0.0104 -0.6089
vn 0.7990 -0.0183 -0.6011
vn 0.7987 -0.0173 -0.6015
vn 0.7931 0.0157 -0.6089
vn 0.8089 -0.0164 -0.5878
vn 0.8127 -0.0130 -0.5826
vn 0.8261 -0.0049 -0.5635
vn 0.8317 -0.0026 -0.5552
vn 0.8430 0.0021 -0.5379
vn 0.8438 0.0025 -0.5366
vn 0.8427 0.0093 -0.5383
vn 0.8414 0.0111 -0.5403
vn 0.8346 0.0095 -0.5507
vn 0.8344 0.0078 -0.5512
vn 0.8313 -0.0006 -0.5558
vn 0.8314 0.0002 -0.5557
vn 0.8328 -0.0083 -0.5536
vn 0.8328 -0.0079 -0.5536
vn 0.8423 -0.0989 -0.5298
vn 0.8409 -0.0860 -0.5343
vn 0.8584 0.0007 -0.5130
vn 0.8587 0.0005 -0.5125
vn 0.8427 0.0995 -0.5291
vn 0.8415 0.0868 -0.5333
vn 0.8330 0.0072 -0.5533
vn 0.8330 0.0071 -0.5533
vn 0.8312 0.0002 -0.5560
vn 0.8313 -0.0006 -0.5559
vn 0.8343 -0.0093 -0.5512
vn 0.8340 -0.0076 -0.5517
vn 0.8425 -0.0091 -0.5386
vn 0.8411 -0.0108 -0.5407
vn 0.8428 -0.0019 -0.5383
vn 0.8437 -0.0025 -0.5369
vn 0.8257 0.0058 -0.5640
vn 0.8316 0.0033 -0.5553
vn 0.8079 0.0144 -0.5892
vn 0.8118 0.0123 -0.5837
vn 0.7966 0.0135 -0.6044
vn 0.7970 0.0143 -0.6038
vn 0.7883 -0.0113 -0.6152
vn 0.7889 -0.0059 -0.6145
vn 0.7842 -0.0369 -0.6194
vn 0.7716 -0.0213 -0.6358
vn 0.7708 -0.0210 -0.6367
vn 0.7844 -0.0364 -0.6192
vn 0.7635 -0.0243 -0.6453
vn 0.7672 -0.0283 -0.6408
vn 0.7696 -0.0285 -0.6379
vn 0.7735 -0.0335 -0.6329
vn 0.7710 -0.0335 -0.6359
vn 0.7707 -0.0345 -0.6363
vn 0.7741 -0.0325 -0.6322
vn 0.7740 -0.0325 -0.6323
vn 0.7729 -0.0238 -0.6341
vn 0.7725 -0.0236 -0.6346
vn 0.7709 -0.0221 -0.6366
vn 0.7707 -0.0224 -0.6368
vn 0.7555 -0.0298 -0.6545
vn 0.7571 -0.0288 -0.6527
vn 0.7711 -0.0371 -0.6357
vn 0.7710 -0.0371 -0.6357
vn 0.7859 -0.0303 -0.6176
vn 0.7844 -0.0294 -0.6196
vn 0.7711 -0.0225 -0.6363
vn 0.7710 -0.0226 -0.6364
vn 0.7710 -0.0220 -0.6364
vn 0.7691 -0.0237 -0.6387
vn 0.7695 -0.0235 -0.6383
vn 0.7676 -0.0325 -0.6400
vn 0.7677 -0.0325 -0.6400
vn 0.7703 -0.0332 -0.6368
vn 0.7692 -0.0312 -0.6383
vn 0.7706 -0.0311 -0.6366
vn 0.7752 -0.0328 -0.6309
vn 0.7738 -0.0329 -0.6326
vn 0.7780 -0.0283 -0.6276
vn 0.7780 -0.0283 -0.6277
vn 0.7717 -0.0216 -0.6356
vn 0.7699 -0.0216 -0.6378
vn 0.7588 -0.0275 -0.6508
vn 0.7469 0.0431 -0.6635
vn 0.7685 0.0438 -0.6384
vn 0.7689 0.0439 -0.6379
vn 0.7480 0.0442 -0.6622
vn 0.7820 0.0550 -0.6209
vn 0.7820 0.0549 -0.6209
vn 0.7760 0.0619 -0.6276
vn 0.7716 0.0622 -0.6331
vn 0.7662 0.0745 -0.6382
vn 0.7690 0.0748 -0.6349
vn 0.7696 0.0739 -0.6343
vn 0.7685 0.0736 -0.6355
vn 0.7632 0.0690 -0.6425
vn 0.7625 0.0678 -0.6434
vn 0.7664 0.0550 -0.6399
vn 0.7676 0.0547 -0.6386
vn 0.7705 0.0531 -0.6352
vn 0.7702 0.0532 -0.6356
vn 0.7703 0.0536 -0.6354
vn 0.7704 0.0536 -0.6353
vn 0.7973 0.0645 -0.6001
vn 0.7945 0.0629 -0.6040
vn 0.7692 0.0762 -0.6345
vn 0.7684 0.0762 -0.6355
vn 0.7394 0.0661 -0.6700
vn 0.7435 0.0642 -0.6656
vn 0.7702 0.0540 -0.6355
vn 0.7701 0.0540 -0.6356
vn 0.7700 0.0533 -0.6358
vn 0.7702 0.0533 -0.6356
vn 0.7732 0.0550 -0.6317
vn 0.7724 0.0548 -0.6328
vn 0.7750 0.0690 -0.6282
vn 0.7756 0.0679 -0.6276
vn 0.7698 0.0722 -0.6342
vn 0.7697 0.0722 -0.6343
vn 0.7723 0.0717 -0.6312
vn 0.7700 0.0718 -0.6340
vn 0.7618 0.0697 -0.6440
vn 0.7658 0.0699 -0.6393
vn 0.7568 0.0612 -0.6508
vn 0.7568 0.0612 -0.6507
vn 0.7706 0.0492 -0.6355
vn 0.7740 0.0494 -0.6312
vn 0.7954 0.0593 -0.6032
vn 0.7957 0.0588 -0.6029
vn 0.7585 0.0167 -0.6515
vn 0.7535 0.0353 -0.6565
vn 0.7535 0.0352 -0.6565
vn 0.7958 0.0363 -0.6045
vn 0.7957 0.0362 -0.6046
vn 0.7952 0.0544 -0.6039
vn 0.7945 0.0566 -0.6046
vn 0.7854 -0.0379 -0.6178
vn 0.7840 -0.0398 -0.6195
vn 0.7885 -0.0266 -0.6144
vn 0.7884 -0.0265 -0.6145
vn 0.7605 -0.0257 -0.6488
vn 0.7603 -0.0248 -0.6491
vn 0.7624 -0.0150 -0.6469
vn 0.7623 -0.0150 -0.6470
vn 0.8499 0.0007 -0.5269
vn 0.8496 0.0009 -0.5274
vn 0.8435 0.0064 -0.5371
vn 0.8451 0.0050 -0.5346
vn 0.8503 -0.0005 -0.5263
vn 0.8503 -0.0004 -0.5262
vn 0.8362 0.0068 -0.5483
vn 0.8088 -0.0308 -0.5873
vn 0.8264 -0.0165 -0.5628
vn 0.8187 -0.0340 -0.5732
vn 0.8093 -0.0496 -0.5853
vn 0.8045 -0.0561 -0.5913
vn 0.7712 -0.0819 -0.6313
vn 0.7622 -0.0933 -0.6406
vn 0.7635 -0.0946 -0.6389
vn 0.7663 -0.0966 -0.6351
vn 0.7664 -0.0966 -0.6351
vn 0.7663 -0.1007 -0.6346
vn 0.7662 -0.1008 -0.6346
vn 0.7672 -0.1007 -0.6335
vn 0.7675 -0.1006 -0.6331
vn 0.7700 -0.0975 -0.6306
vn 0.7700 -0.0974 -0.6306
vn 0.7690 -0.0906 -0.6327
vn 0.7688 -0.0906 -0.6330
vn 0.7679 -0.0901 -0.6342
vn 0.7681 -0.0901 -0.6340
vn 0.7681 -0.0901 -0.6339
vn 0.7680 -0.0901 -0.6341
vn 0.7619 -0.0937 -0.6409
vn 0.7603 -0.0953 -0.6426
vn 0.7673 -0.1013 -0.6332
vn 0.7674 -0.1013 -0.6332
vn 0.8473 -0.0021 -0.5310
vn 0.8478 -0.0019 -0.5304
vn 0.8446 -0.0014 -0.5353
vn 0.8447 -0.0017 -0.5352
vn 0.8435 -0.0001 -0.5372
vn 0.8435 0.0001 -0.5372
vn 0.8440 0.0014 -0.5363
vn 0.8440 0.0011 -0.5364
vn 0.8488 0.0124 -0.5286
vn 0.8477 0.0108 -0.5304
vn 0.8544 0.0001 -0.5195
vn 0.8545 0.0001 -0.5195
vn 0.7091 0.0067 -0.7051
vn 0.7103 0.0078 -0.7039
vn 0.7029 0.0010 -0.7113
vn 0.7027 0.0008 -0.7115
vn 0.7021 -0.0007 -0.7121
vn 0.7021 -0.0005 -0.7120
vn 0.7395 -0.0248 -0.6727
vn 0.7190 0.0042 -0.6949
vn 0.8542 0.0232 -0.5195
vn 0.8619 -0.0554 -0.5040
vn 0.8594 -0.0405 -0.5097
vn 0.8539 0.0650 -0.5164
vn 0.8551 0.1156 -0.5054
vn 0.8375 0.1643 -0.5212
vn 0.8347 0.1802 -0.5205
vn 0.7550 0.1689 -0.6336
vn 0.7624 0.1682 -0.6248
vn 0.7733 -0.0969 -0.6266
vn 0.7744 -0.0948 -0.6256
vn 0.7666 -0.0818 -0.6368
vn 0.7675 -0.0993 -0.6334
vn 0.7674 -0.0993 -0.6335
vn 0.7675 -0.0999 -0.6332
vn 0.7679 -0.0998 -0.6328
vn 0.7678 -0.0990 -0.6330
vn 0.7675 -0.0990 -0.6334
vn 0.7651 -0.0975 -0.6365
vn 0.7672 -0.0907 -0.6350
vn 0.7670 -0.0907 -0.6352
vn 0.7682 -0.0901 -0.6339
vn 0.7683 -0.0901 -0.6338
vn 0.7750 -0.0950 -0.6248
vn 0.7737 -0.0935 -0.6266
vn 0.7055 -0.0025 -0.7087
vn 0.7052 -0.0023 -0.7090
vn 0.7085 -0.0017 -0.7057
vn 0.7084 -0.0020 -0.7058
vn 0.7098 -0.0001 -0.7044
vn 0.7098 0.0001 -0.7044
vn 0.7092 0.0017 -0.7050
vn 0.7093 0.0012 -0.7049
vn 0.7035 0.0148 -0.7106
vn 0.7052 0.0124 -0.7089
vn 0.6971 -0.0001 -0.7170
vn 0.6971 -0.0003 -0.7170
vn 0.7027 -0.0009 -0.7115
vn 0.7029 -0.0010 -0.7113
vn 0.7104 -0.0082 -0.7037
vn 0.7092 -0.0070 -0.7049
vn 0.7021 0.0005 -0.7120
vn 0.7020 0.0005 -0.7122
vn 0.7194 -0.0036 -0.6946
vn 0.7374 0.0265 -0.6750
vn 0.8583 0.0365 -0.5119
vn 0.8614 0.0535 -0.5051
vn 0.8502 -0.0288 -0.5257
vn 0.8479 -0.0691 -0.5257
vn 0.8444 -0.1046 -0.5253
vn 0.8235 -0.1404 -0.5497
vn 0.8206 -0.1382 -0.5546
vn 0.7617 -0.1311 -0.6345
vn 0.7628 -0.1310 -0.6332
vn 0.7673 0.0987 -0.6337
vn 0.7714 0.1091 -0.6269
vn 0.7704 0.1108 -0.6279
vn 0.7673 0.1129 -0.6313
vn 0.7672 0.1129 -0.6315
vn 0.7668 0.1166 -0.6313
vn 0.7667 0.1165 -0.6314
vn 0.7661 0.1166 -0.6320
vn 0.7658 0.1165 -0.6325
vn 0.7641 0.1133 -0.6351
vn 0.7640 0.1130 -0.6352
vn 0.7659 0.1058 -0.6342
vn 0.7662 0.1058 -0.6339
vn 0.7671 0.1052 -0.6328
vn 0.7669 0.1052 -0.6330
vn 0.7669 0.1052 -0.6331
vn 0.7670 0.1052 -0.6330
vn 0.7721 0.1091 -0.6260
vn 0.7731 0.1104 -0.6246
vn 0.7658 0.1171 -0.6324
vn 0.7659 0.1171 -0.6322
vn 0.7055 0.0025 -0.7087
vn 0.7052 0.0024 -0.7090
vn 0.7085 0.0017 -0.7057
vn 0.7085 0.0020 -0.7058
vn 0.7098 -0.0002 -0.7044
vn 0.7092 -0.0017 -0.7050
vn 0.7093 -0.0012 -0.7049
vn 0.7034 -0.0149 -0.7106
vn 0.7052 -0.0124 -0.7089
vn 0.8452 -0.0049 -0.5344
vn 0.8436 -0.0064 -0.5370
vn 0.8497 -0.0009 -0.5273
vn 0.8500 -0.0006 -0.5268
vn 0.8504 0.0002 -0.5261
vn 0.8502 0.0005 -0.5264
vn 0.8122 0.0317 -0.5825
vn 0.8362 -0.0049 -0.5484
vn 0.8256 0.0252 -0.5637
vn 0.8185 0.0407 -0.5730
vn 0.7971 0.0734 -0.5993
vn 0.8066 0.0608 -0.5880
vn 0.7701 0.0962 -0.6306
vn 0.7610 0.1129 -0.6388
vn 0.7602 0.1104 -0.6403
vn 0.7654 0.1153 -0.6332
vn 0.7648 0.1154 -0.6338
vn 0.7662 0.1164 -0.6320
vn 0.7658 0.1166 -0.6324
vn 0.7661 0.1165 -0.6321
vn 0.7657 0.1166 -0.6325
vn 0.7685 0.1129 -0.6298
vn 0.7684 0.1133 -0.6299
vn 0.7676 0.1058 -0.6321
vn 0.7679 0.1058 -0.6318
vn 0.7669 0.1051 -0.6330
vn 0.7668 0.1051 -0.6333
vn 0.7598 0.1106 -0.6407
vn 0.7611 0.1091 -0.6394
vn 0.8473 0.0022 -0.5311
vn 0.8476 0.0019 -0.5307
vn 0.8447 0.0013 -0.5353
vn 0.8447 0.0017 -0.5352
vn 0.8441 -0.0015 -0.5363
vn 0.8440 -0.0011 -0.5364
vn 0.8489 -0.0125 -0.5284
vn 0.8477 -0.0108 -0.5303
vn 0.6999 0.0347 -0.7134
vn 0.6851 0.0357 -0.7276
vn 0.7013 0.0298 -0.7123
vn 0.6413 0.0090 -0.7673
vn 0.6288 -0.0028 -0.7776
vn 0.6388 -0.0121 -0.7693
vn 0.6515 -0.0119 -0.7585
vn 0.6583 0.0007 -0.7527
vn 0.6562 0.0086 -0.7546
vn 0.6395 0.0895 -0.7636
vn 0.6188 0.0004 -0.7855
vn 0.6386 -0.0903 -0.7642
vn 0.6561 -0.0088 -0.7546
vn 0.6583 -0.0006 -0.7527
vn 0.6516 0.0118 -0.7584
vn 0.6390 0.0121 -0.7691
vn 0.6289 0.0028 -0.7775
vn 0.6413 -0.0090 -0.7673
vn 0.6846 -0.0357 -0.7280
vn 0.6995 -0.0356 -0.7137
vn 0.7006 -0.0319 -0.7128
vn 0.8780 -0.0677 -0.4739
vn 0.9350 -0.0198 -0.3540
vn 0.9511 0.0065 -0.3088
vn 0.9422 0.0262 -0.3339
vn 0.9295 0.0248 -0.3681
vn 0.9222 -0.0024 -0.3867
vn 0.9241 -0.0162 -0.3818
vn 0.9186 -0.1533 -0.3643
vn 0.9179 0.1520 -0.3664
vn 0.9241 0.0161 -0.3818
vn 0.9222 0.0025 -0.3867
vn 0.9299 -0.0252 -0.3670
vn 0.9426 -0.0258 -0.3328
vn 0.9513 -0.0063 -0.3082
vn 0.9346 0.0198 -0.3551
vn 0.8783 0.0675 -0.4734
vn 0.7363 -0.1469 -0.6605
vn 0.7365 -0.1449 -0.6607
vn 0.7615 -0.1777 -0.6233
vn 0.7421 -0.1668 -0.6492
vn 0.7499 -0.1825 -0.6359
vn 0.7639 -0.1895 -0.6169
vn 0.7598 -0.1871 -0.6227
vn 0.7552 -0.1850 -0.6289
vn 0.7773 -0.1768 -0.6038
vn 0.7725 -0.1833 -0.6080
vn 0.7654 -0.1529 -0.6251
vn 0.7695 -0.1543 -0.6197
vn 0.7623 -0.1495 -0.6297
vn 0.7614 -0.1494 -0.6308
vn 0.7626 -0.1503 -0.6292
vn 0.7625 -0.1503 -0.6293
vn 0.7291 -0.1556 -0.6665
vn 0.7096 -0.1627 -0.6856
vn 0.7580 -0.1815 -0.6265
vn 0.7600 -0.1815 -0.6240
vn 0.7928 -0.1548 -0.5895
vn 0.8069 -0.1609 -0.5683
vn 0.7625 -0.1504 -0.6292
vn 0.7623 -0.1504 -0.6295
vn 0.7626 -0.1496 -0.6293
vn 0.7639 -0.1494 -0.6278
vn 0.7591 -0.1529 -0.6328
vn 0.7540 -0.1547 -0.6384
vn 0.7399 -0.1773 -0.6490
vn 0.7434 -0.1842 -0.6430
vn 0.7551 -0.1875 -0.6282
vn 0.7608 -0.1850 -0.6221
vn 0.7667 -0.1824 -0.6156
vn 0.7497 -0.1903 -0.6338
vn 0.7562 -0.1778 -0.6298
vn 0.7790 -0.1657 -0.6048
vn 0.7881 -0.1465 -0.5979
vn 0.7883 -0.1441 -0.5981
vn 0.7665 -0.1296 -0.6290
vn 0.7622 -0.1287 -0.6344
vn 0.7522 0.1634 -0.6384
vn 0.7642 0.1656 -0.6233
vn 0.7911 0.1872 -0.5824
vn 0.7916 0.1816 -0.5834
vn 0.7891 0.2055 -0.5789
vn 0.3368 0.4034 -0.8508
vn 0.3369 0.4034 -0.8508
vn 0.7649 0.2374 -0.5988
vn 0.7438 0.2472 -0.6210
vn 0.7515 0.2437 -0.6131
vn 0.7218 0.2346 -0.6511
vn 0.7262 0.2431 -0.6430
vn 0.7526 0.1993 -0.6276
vn 0.7437 0.2024 -0.6371
vn 0.7565 0.1950 -0.6242
vn 0.7584 0.1946 -0.6221
vn 0.7562 0.1964 -0.6241
vn 0.7558 0.1965 -0.6247
vn 0.7974 0.2009 -0.5690
vn 0.8161 0.2080 -0.5392
vn 0.7481 0.2349 -0.6206
vn 0.7510 0.2349 -0.6171
vn 0.7100 0.2023 -0.6745
vn 0.6818 0.2109 -0.7005
vn 0.7564 0.1965 -0.6240
vn 0.7563 0.1965 -0.6240
vn 0.7561 0.1950 -0.6247
vn 0.7549 0.1947 -0.6263
vn 0.7593 0.1996 -0.6193
vn 0.7663 0.2020 -0.6099
vn 0.7750 0.2373 -0.5857
vn 0.7681 0.2466 -0.5909
vn 0.7514 0.2522 -0.6097
vn 0.7420 0.2453 -0.6239
vn 0.7357 0.2407 -0.6330
vn 0.7580 0.2561 -0.5999
vn 0.9016 0.3856 -0.1960
vn 0.9016 0.3855 -0.1960
vn 0.7175 0.2064 -0.6653
vn 0.7215 0.1876 -0.6665
vn 0.7225 0.1826 -0.6668
vn 0.7175 0.2064 -0.6652
vn 0.7035 0.0097 -0.7106
vn 0.7018 0.0274 -0.7119
vn 0.6894 0.0787 -0.7201
vn 0.6899 0.1167 -0.7145
vn 0.6811 0.1550 -0.7156
vn 0.7265 -0.0314 -0.6865
vn 0.7300 -0.0393 -0.6823
vn 0.7379 -0.0536 -0.6728
vn 0.7449 -0.0634 -0.6641
vn 0.7478 0.0778 -0.6593
vn 0.7384 0.0639 -0.6714
vn 0.7302 0.0483 -0.6816
vn 0.7269 0.0415 -0.6855
vn 0.7026 -0.1284 -0.6999
vn 0.7029 -0.1100 -0.7027
vn 0.6955 -0.0769 -0.7144
vn 0.7048 -0.0134 -0.7093
vn 0.7034 -0.0337 -0.7100
vn 0.5453 0.7071 -0.4501
vn 0.0952 -0.0000 -0.9955
vn 0.5453 -0.7071 -0.4501
vn 0.9955 -0.0000 0.0952
vn 0.5453 0.7072 -0.4501
vn 0.0951 -0.0000 -0.9955
vn 0.5454 -0.7071 -0.4502
vn 0.9955 -0.0000 0.0951
vn 0.5454 0.7071 -0.4502
vn 0.0953 -0.0000 -0.9955
vn 0.5453 -0.7072 -0.4501
vn 0.5454 -0.7071 -0.4501
vn 0.5454 0.7071 -0.4501
vt 0.035289 0.785875
vt 0.010465 0.783876
vt 0.007731 0.838762
vt 0.031507 0.839636
vt 0.091539 0.861934
vt 0.114572 0.857874
vt 0.115227 0.795097
vt 0.090168 0.795640
vt 0.034899 0.733597
vt 0.009883 0.733591
vt 0.115860 0.735394
vt 0.090873 0.735245
vt 0.010899 0.849631
vt 0.039136 0.848216
vt 0.045280 0.788084
vt 0.044933 0.734063
vt 0.004531 0.891298
vt 0.027933 0.894541
vt 0.002000 0.912673
vt 0.025369 0.913691
vt 0.004675 0.931619
vt 0.032050 0.929732
vt 0.033328 0.955918
vt 0.014665 0.970194
vt 0.041768 0.987833
vt 0.052517 0.966107
vt 0.061959 0.960737
vt 0.056509 0.989120
vt 0.074558 0.992723
vt 0.077849 0.969883
vt 0.113561 0.990777
vt 0.112157 0.964822
vt 0.117730 0.884817
vt 0.101400 0.900801
vt 0.117619 0.906747
vt 0.127433 0.887762
vt 0.004403 0.943092
vt 0.025197 0.938916
vt 0.047676 0.945210
vt 0.143897 0.988730
vt 0.145110 0.962582
vt 0.149671 0.913362
vt 0.153666 0.889520
vt 0.152110 0.966457
vt 0.150950 0.990050
vt 0.202236 0.990461
vt 0.202573 0.964842
vt 0.158806 0.889747
vt 0.155423 0.913930
vt 0.204368 0.915655
vt 0.205476 0.890393
vt 0.257972 0.995442
vt 0.260303 0.970523
vt 0.260538 0.915559
vt 0.260979 0.890510
vt 0.280225 0.998956
vt 0.281912 0.975281
vt 0.281872 0.915358
vt 0.282001 0.890461
vt 0.303193 0.999058
vt 0.303297 0.973459
vt 0.304127 0.915377
vt 0.303944 0.890424
vt 0.334877 1.000000
vt 0.334819 0.975949
vt 0.336939 0.915801
vt 0.336436 0.890442
vt 0.352341 0.998354
vt 0.351133 0.973908
vt 0.354352 0.916304
vt 0.353761 0.890438
vt 0.369137 0.994943
vt 0.368405 0.967066
vt 0.367289 0.916411
vt 0.366764 0.890429
vt 0.116348 0.685273
vt 0.091588 0.684983
vt 0.044161 0.683677
vt 0.030641 0.682926
vt 0.005304 0.684698
vt 0.116668 0.646032
vt 0.092160 0.645538
vt 0.039365 0.644403
vt 0.024027 0.644260
vt 0.000014 0.644499
vt 0.116784 0.630710
vt 0.092244 0.630087
vt 0.041219 0.629260
vt 0.025804 0.629211
vt 0.000279 0.629007
vt 0.117098 0.591464
vt 0.092152 0.590682
vt 0.038877 0.590592
vt 0.024148 0.591598
vt 0.000000 0.590074
vt 0.117253 0.573512
vt 0.092046 0.572745
vt 0.042647 0.571452
vt 0.026694 0.574601
vt 0.002903 0.572130
vt 0.117348 0.562820
vt 0.092094 0.562089
vt 0.053113 0.560959
vt 0.032708 0.560375
vt 0.004612 0.559587
vt 0.726653 0.842320
vt 0.725945 0.788518
vt 0.701088 0.789066
vt 0.702951 0.842084
vt 0.621618 0.794443
vt 0.620864 0.857792
vt 0.643340 0.862537
vt 0.646229 0.796190
vt 0.727606 0.738702
vt 0.702648 0.737271
vt 0.622162 0.734747
vt 0.646915 0.735928
vt 0.723226 0.852512
vt 0.695079 0.850214
vt 0.691067 0.790698
vt 0.692644 0.737209
vt 0.729678 0.892815
vt 0.706493 0.896063
vt 0.732252 0.913772
vt 0.708734 0.914513
vt 0.729703 0.932424
vt 0.702442 0.930501
vt 0.692820 0.988151
vt 0.719924 0.970702
vt 0.701242 0.956458
vt 0.682056 0.966436
vt 0.660248 0.992698
vt 0.678133 0.989296
vt 0.672637 0.960953
vt 0.656859 0.969912
vt 0.621527 0.990417
vt 0.622742 0.964498
vt 0.617061 0.906586
vt 0.633186 0.900816
vt 0.617563 0.884796
vt 0.608131 0.887769
vt 0.730082 0.943744
vt 0.709344 0.939596
vt 0.686826 0.945718
vt 0.591485 0.988000
vt 0.589956 0.961907
vt 0.584436 0.913009
vt 0.579541 0.889643
vt 0.533974 0.989217
vt 0.584544 0.989230
vt 0.583047 0.965680
vt 0.532971 0.963660
vt 0.529671 0.914864
vt 0.578616 0.913525
vt 0.574261 0.889662
vt 0.527706 0.889890
vt 0.479369 0.994122
vt 0.476061 0.969353
vt 0.473748 0.914863
vt 0.472369 0.890094
vt 0.457638 0.997803
vt 0.454855 0.974267
vt 0.452483 0.914780
vt 0.451362 0.890182
vt 0.434966 0.998227
vt 0.433576 0.972697
vt 0.430293 0.914977
vt 0.429461 0.890274
vt 0.403572 0.999593
vt 0.402351 0.975584
vt 0.397579 0.915636
vt 0.397072 0.890373
vt 0.386095 0.998214
vt 0.385991 0.973792
vt 0.380214 0.916242
vt 0.379764 0.890412
vt 0.622519 0.684705
vt 0.647127 0.685746
vt 0.694453 0.687045
vt 0.707933 0.687059
vt 0.733143 0.690306
vt 0.622750 0.645517
vt 0.647203 0.646341
vt 0.700027 0.648146
vt 0.715330 0.648845
vt 0.739312 0.650436
vt 0.622832 0.630223
vt 0.647356 0.630925
vt 0.698469 0.632917
vt 0.713852 0.633713
vt 0.739359 0.634903
vt 0.623079 0.591027
vt 0.648073 0.591610
vt 0.701437 0.594440
vt 0.716138 0.596226
vt 0.740323 0.595942
vt 0.623199 0.573107
vt 0.648472 0.573714
vt 0.697894 0.575132
vt 0.713831 0.579103
vt 0.737670 0.577866
vt 0.623272 0.562434
vt 0.648584 0.563085
vt 0.687516 0.564083
vt 0.707964 0.564599
vt 0.736070 0.565299
vt 0.704984 0.339798
vt 0.729840 0.341413
vt 0.731751 0.287086
vt 0.707995 0.286476
vt 0.648494 0.264263
vt 0.625414 0.268417
vt 0.624773 0.330847
vt 0.649793 0.330334
vt 0.705492 0.391766
vt 0.730520 0.391526
vt 0.624339 0.390303
vt 0.649357 0.390398
vt 0.728527 0.276590
vt 0.700302 0.278016
vt 0.694971 0.337742
vt 0.695447 0.391353
vt 0.735604 0.235625
vt 0.712429 0.231871
vt 0.738410 0.214402
vt 0.714907 0.213240
vt 0.736007 0.195461
vt 0.708684 0.197024
vt 0.707599 0.170859
vt 0.726387 0.156759
vt 0.699307 0.138916
vt 0.688436 0.160590
vt 0.678933 0.165927
vt 0.684541 0.137582
vt 0.666563 0.134003
vt 0.663215 0.156810
vt 0.627621 0.135842
vt 0.628692 0.161740
vt 0.622469 0.241498
vt 0.638866 0.225646
vt 0.622681 0.219539
vt 0.612802 0.238538
vt 0.736431 0.183998
vt 0.715627 0.187932
vt 0.693089 0.181424
vt 0.597625 0.138055
vt 0.595563 0.164132
vt 0.590892 0.212888
vt 0.586742 0.236718
vt 0.589007 0.159977
vt 0.590776 0.136545
vt 0.539448 0.135399
vt 0.538666 0.161053
vt 0.581639 0.236481
vt 0.585176 0.212314
vt 0.536431 0.210358
vt 0.535168 0.235674
vt 0.483570 0.130295
vt 0.481065 0.155248
vt 0.480437 0.210286
vt 0.479836 0.235395
vt 0.461343 0.126840
vt 0.459525 0.150539
vt 0.459120 0.210423
vt 0.458864 0.235384
vt 0.438452 0.126669
vt 0.438119 0.152267
vt 0.436913 0.210339
vt 0.436964 0.235355
vt 0.406781 0.125611
vt 0.406697 0.149680
vt 0.404169 0.209824
vt 0.404517 0.235232
vt 0.389312 0.127137
vt 0.390315 0.151656
vt 0.386800 0.209306
vt 0.387214 0.235181
vt 0.372459 0.130341
vt 0.373061 0.158217
vt 0.373872 0.209163
vt 0.374227 0.235147
vt 0.623996 0.440249
vt 0.648786 0.440477
vt 0.696385 0.441568
vt 0.709915 0.442225
vt 0.735252 0.440235
vt 0.623769 0.479388
vt 0.648314 0.479824
vt 0.701304 0.480711
vt 0.716667 0.480778
vt 0.740692 0.480387
vt 0.623688 0.494675
vt 0.648258 0.495233
vt 0.699501 0.495841
vt 0.714916 0.495821
vt 0.740458 0.495907
vt 0.623460 0.533841
vt 0.648446 0.534548
vt 0.701852 0.534441
vt 0.716593 0.533394
vt 0.740735 0.534883
vt 0.623344 0.551761
vt 0.648611 0.552455
vt 0.698015 0.553561
vt 0.713999 0.550392
vt 0.737781 0.552816
vt 0.013893 0.281286
vt 0.015120 0.335761
vt 0.039980 0.335204
vt 0.037616 0.281679
vt 0.119469 0.330377
vt 0.120390 0.266892
vt 0.097881 0.262090
vt 0.094730 0.328424
vt 0.013356 0.385808
vt 0.038318 0.387306
vt 0.118816 0.390180
vt 0.094022 0.388890
vt 0.017351 0.270739
vt 0.045492 0.273565
vt 0.050007 0.333556
vt 0.048325 0.387427
vt 0.011857 0.229499
vt 0.035294 0.227292
vt 0.009849 0.208248
vt 0.033182 0.208192
vt 0.013006 0.189576
vt 0.040234 0.192590
vt 0.051438 0.135131
vt 0.024067 0.151616
vt 0.042189 0.166599
vt 0.061444 0.157242
vt 0.083728 0.131556
vt 0.066017 0.134422
vt 0.070626 0.162972
vt 0.086375 0.154471
vt 0.121796 0.134659
vt 0.120176 0.160502
vt 0.124534 0.218141
vt 0.108185 0.223847
vt 0.123741 0.239959
vt 0.133177 0.236999
vt 0.013046 0.178172
vt 0.033665 0.183181
vt 0.056133 0.177791
vt 0.150972 0.137577
vt 0.152772 0.163620
vt 0.157181 0.211981
vt 0.161789 0.235300
vt 0.207896 0.135752
vt 0.157628 0.136188
vt 0.159265 0.159582
vt 0.208928 0.161338
vt 0.211809 0.210213
vt 0.162992 0.211497
vt 0.167056 0.235296
vt 0.213544 0.235193
vt 0.262530 0.131027
vt 0.265648 0.155857
vt 0.267558 0.210372
vt 0.268760 0.235149
vt 0.284224 0.127534
vt 0.286802 0.151115
vt 0.288811 0.210502
vt 0.289735 0.235123
vt 0.306770 0.127216
vt 0.308068 0.152744
vt 0.310959 0.210377
vt 0.311605 0.235099
vt 0.338070 0.125913
vt 0.339168 0.149930
vt 0.343618 0.209823
vt 0.343955 0.235103
vt 0.355500 0.127247
vt 0.355581 0.151736
vt 0.360952 0.209301
vt 0.361242 0.235121
vt 0.118353 0.440332
vt 0.093727 0.439193
vt 0.046489 0.437744
vt 0.033008 0.437702
vt 0.007802 0.434430
vt 0.118042 0.479590
vt 0.093588 0.478666
vt 0.040904 0.476739
vt 0.025615 0.475995
vt 0.001642 0.474362
vt 0.117928 0.494912
vt 0.093406 0.494118
vt 0.042449 0.491990
vt 0.027063 0.491150
vt 0.001571 0.489891
vt 0.117600 0.534180
vt 0.092634 0.533510
vt 0.039375 0.530519
vt 0.024686 0.528675
vt 0.000489 0.528835
vt 0.117443 0.552130
vt 0.092225 0.551435
vt 0.042791 0.549871
vt 0.026896 0.545813
vt 0.003040 0.546946
vt 0.065160 0.204478
vt 0.062961 0.214827
vt 0.075198 0.215071
vt 0.077652 0.205760
vt 0.077209 0.255071
vt 0.064334 0.260166
vt 0.074115 0.322329
vt 0.062119 0.322021
vt 0.072977 0.383648
vt 0.060883 0.383932
vt 0.072099 0.434625
vt 0.060047 0.433769
vt 0.069569 0.474976
vt 0.057741 0.474548
vt 0.070308 0.490847
vt 0.058397 0.490625
vt 0.068203 0.531305
vt 0.056216 0.531294
vt 0.069887 0.548709
vt 0.057147 0.550017
vt 0.074590 0.561502
vt 0.060902 0.561128
vt 0.069506 0.573903
vt 0.057059 0.571982
vt 0.067690 0.591246
vt 0.055729 0.590621
vt 0.069073 0.631795
vt 0.057151 0.631327
vt 0.068038 0.647609
vt 0.056185 0.647350
vt 0.069793 0.688066
vt 0.057682 0.688220
vt 0.069594 0.739092
vt 0.057462 0.738140
vt 0.069200 0.800396
vt 0.057135 0.800083
vt 0.070119 0.867968
vt 0.057985 0.862656
vt 0.067673 0.908635
vt 0.055451 0.907654
vt 0.068833 0.918568
vt 0.056201 0.918672
vt 0.687812 0.920404
vt 0.692711 0.903529
vt 0.680395 0.904392
vt 0.674704 0.918687
vt 0.673614 0.866840
vt 0.686648 0.859590
vt 0.674282 0.800772
vt 0.686380 0.795458
vt 0.676605 0.741413
vt 0.688770 0.739205
vt 0.677521 0.690087
vt 0.689853 0.688571
vt 0.681520 0.650081
vt 0.693198 0.649293
vt 0.680277 0.634352
vt 0.692317 0.633632
vt 0.682898 0.594220
vt 0.694767 0.594202
vt 0.680184 0.577299
vt 0.693216 0.575224
vt 0.672536 0.563614
vt 0.680711 0.550416
vt 0.693134 0.553129
vt 0.683313 0.533501
vt 0.695163 0.534225
vt 0.681338 0.493278
vt 0.693278 0.494692
vt 0.682668 0.477615
vt 0.694589 0.479134
vt 0.679514 0.437459
vt 0.691671 0.439670
vt 0.679420 0.386200
vt 0.691578 0.389080
vt 0.678432 0.326752
vt 0.690212 0.332499
vt 0.679775 0.260534
vt 0.691454 0.267478
vt 0.686069 0.223517
vt 0.698785 0.223976
vt 0.678268 0.208735
vt 0.692034 0.206934
vt 0.670147 0.181181
vt 0.660026 0.178755
vt 0.657882 0.191008
vt 0.664197 0.193119
vt 0.634847 0.193027
vt 0.633591 0.180400
vt 0.597936 0.189877
vt 0.599520 0.177096
vt 0.594216 0.186760
vt 0.594785 0.174679
vt 0.542812 0.185835
vt 0.543321 0.173644
vt 0.483598 0.183172
vt 0.484955 0.170938
vt 0.461904 0.180690
vt 0.461612 0.168990
vt 0.439161 0.182158
vt 0.439251 0.170056
vt 0.405231 0.179967
vt 0.405666 0.168275
vt 0.388263 0.179982
vt 0.387007 0.167057
vt 0.373340 0.185358
vt 0.373133 0.170333
vt 0.358202 0.179836
vt 0.359103 0.167291
vt 0.341226 0.180128
vt 0.340421 0.168481
vt 0.307486 0.182456
vt 0.307045 0.170443
vt 0.284838 0.181180
vt 0.284931 0.169385
vt 0.263333 0.183539
vt 0.261714 0.171417
vt 0.204626 0.185918
vt 0.203983 0.173829
vt 0.153657 0.186964
vt 0.153189 0.173772
vt 0.149822 0.189354
vt 0.148450 0.176374
vt 0.112849 0.191564
vt 0.114428 0.179011
vt 0.092667 0.188209
vt 0.088384 0.176045
vt 0.086235 0.191805
vt 0.079128 0.180754
vt 0.068601 0.947693
vt 0.078178 0.955293
vt 0.082504 0.942339
vt 0.076905 0.936984
vt 0.104843 0.939209
vt 0.106488 0.951715
vt 0.143207 0.941048
vt 0.141823 0.954342
vt 0.148530 0.944949
vt 0.146583 0.957812
vt 0.197468 0.944558
vt 0.199582 0.956987
vt 0.257174 0.947746
vt 0.257832 0.960278
vt 0.278859 0.951028
vt 0.279584 0.962573
vt 0.301489 0.949115
vt 0.302138 0.961319
vt 0.335339 0.951519
vt 0.335019 0.963090
vt 0.352097 0.951260
vt 0.353270 0.963804
vt 0.367704 0.944477
vt 0.368154 0.960627
vt 0.383411 0.951496
vt 0.383026 0.963640
vt 0.400209 0.951244
vt 0.401213 0.962786
vt 0.433831 0.948520
vt 0.433871 0.960573
vt 0.456396 0.949999
vt 0.456287 0.961749
vt 0.477858 0.946877
vt 0.477848 0.959051
vt 0.537016 0.943807
vt 0.537686 0.955947
vt 0.586013 0.944488
vt 0.588194 0.956982
vt 0.591073 0.940359
vt 0.592782 0.953966
vt 0.629398 0.939082
vt 0.627833 0.951542
vt 0.652074 0.943123
vt 0.656053 0.955022
vt 0.660211 0.938765
vt 0.667184 0.950567
vt 0.069800 0.925686
vt 0.057422 0.928681
vt 0.072281 0.931461
vt 0.061754 0.938162
vt 0.682415 0.933340
vt 0.671410 0.927401
vt 0.676372 0.941462
vt 0.666325 0.933714
vt 0.679072 0.187700
vt 0.669984 0.196228
vt 0.684980 0.194005
vt 0.674901 0.201255
vt 0.081886 0.195125
vt 0.072256 0.187081
vt 0.079268 0.199386
vt 0.067606 0.194484
vt 0.134652 0.294703
vt 0.134731 0.888247
vt 0.593536 0.888186
vt 0.593457 0.294642
vt 0.956845 0.974122
vt 0.956874 0.515317
vt 0.954559 0.513679
vt 0.954530 0.975759
vt 0.803369 0.371341
vt 0.803301 0.968160
vt 0.805617 0.966523
vt 0.805685 0.372979
vt 0.900282 0.486327
vt 0.900264 0.024247
vt 0.897948 0.025885
vt 0.897966 0.484690
vt 0.828449 0.968152
vt 0.828479 0.371333
vt 0.826163 0.372970
vt 0.826133 0.966514
vt 0.941181 0.980641
vt 0.941211 0.508796
vt 0.938895 0.507158
vt 0.938865 0.982279
vt 0.789620 0.362904
vt 0.789551 0.976594
vt 0.791867 0.974957
vt 0.791936 0.364542
vt 0.915947 0.492847
vt 0.915928 0.017726
vt 0.913612 0.019364
vt 0.913631 0.491209
vt 0.842198 0.976588
vt 0.842229 0.362898
vt 0.839913 0.364535
vt 0.839883 0.974950
vt 0.925362 0.987161
vt 0.925393 0.502274
vt 0.923078 0.500636
vt 0.923047 0.988798
vt 0.775719 0.354467
vt 0.775647 0.985028
vt 0.777963 0.983391
vt 0.778034 0.356105
vt 0.931765 0.499367
vt 0.931746 0.011205
vt 0.929430 0.012842
vt 0.929449 0.497729
vt 0.856101 0.985024
vt 0.856133 0.354463
vt 0.853817 0.356100
vt 0.853785 0.983386
vt 0.918730 0.991391
vt 0.918761 0.498042
vt 0.916445 0.496405
vt 0.916414 0.993029
vt 0.770810 0.348512
vt 0.770737 0.990982
vt 0.773053 0.989345
vt 0.773126 0.350150
vt 0.938397 0.503597
vt 0.938378 0.006974
vt 0.936062 0.008611
vt 0.936082 0.501960
vt 0.861010 0.990978
vt 0.861042 0.348509
vt 0.858726 0.350146
vt 0.858694 0.989341
vt 0.898019 0.998363
vt 0.898052 0.491069
vt 0.895736 0.489431
vt 0.895704 1.000000
vt 0.752149 0.339490
vt 0.752074 1.000000
vt 0.754390 0.998363
vt 0.754465 0.341128
vt 0.959107 0.510569
vt 0.959087 0.000000
vt 0.956772 0.001638
vt 0.956791 0.508932
vt 0.879671 1.000000
vt 0.879704 0.339490
vt 0.877389 0.341127
vt 0.877355 0.998362
vt 0.814859 0.966524
vt 0.814926 0.372980
vt 0.888706 0.025885
vt 0.888724 0.484690
vt 0.816922 0.372969
vt 0.816892 0.966514
vt 0.966087 0.974122
vt 0.966116 0.515317
vt 0.798418 0.974958
vt 0.798487 0.364543
vt 0.907062 0.019364
vt 0.907080 0.491210
vt 0.833363 0.364535
vt 0.833332 0.974950
vt 0.947731 0.980642
vt 0.947761 0.508796
vt 0.784667 0.983392
vt 0.784738 0.356106
vt 0.922726 0.012843
vt 0.922745 0.497730
vt 0.847113 0.356100
vt 0.847081 0.983386
vt 0.932066 0.987161
vt 0.932097 0.502274
vt 0.759726 0.990981
vt 0.759799 0.348511
vt 0.949389 0.006973
vt 0.949409 0.503597
vt 0.872053 0.348509
vt 0.872021 0.990979
vt 0.905403 0.993028
vt 0.905434 0.496404
vt 0.745077 0.999999
vt 0.745152 0.339489
vt 0.966085 0.000000
vt 0.966105 0.510569
vt 0.886702 0.339490
vt 0.886668 1.000000
vt 0.888706 1.000000
vt 0.888739 0.489430
s 1
usemtl initialShadingGroup.001
f 1427/718/688 1424/719/688 1425/720/689
f 1425/720/689 1426/721/689 1427/718/688
s 0
f 1431/722/690 1428/723/690 1429/724/690
f 1429/724/690 1430/725/690 1431/722/690
s 1
f 1433/726/691 1432/727/691 1424/719/688
f 1424/719/688 1427/718/688 1433/726/691
s 0
f 1430/725/690 1429/724/690 1434/728/690
f 1434/728/690 1435/729/690 1430/725/690
f 1439/721/692 1436/720/692 1437/730/692
s 1
f 1437/730/692 1438/731/692 1439/721/692
f 1443/732/693 1440/718/694 1441/721/694
f 1441/721/694 1442/731/695 1443/732/693
f 1445/733/696 1444/726/694 1440/718/694
f 1440/718/694 1443/732/693 1445/733/696
s 0
f 1449/731/697 1446/730/697 1447/734/697
f 1447/734/697 1448/735/697 1449/731/697
f 1453/735/698 1450/734/698 1451/736/698
f 1451/736/698 1452/737/698 1453/735/698
f 1457/737/699 1454/736/699 1455/738/699
f 1455/738/699 1456/739/699 1457/737/699
s 1
f 1461/740/700 1458/741/701 1459/742/702
f 1459/742/702 1460/743/703 1461/740/700
s 0
f 1465/744/704 1462/745/704 1463/746/704
f 1463/746/704 1464/747/704 1465/744/704
f 1469/747/705 1466/746/705 1467/748/705
f 1467/748/705 1468/749/705 1469/747/705
f 1473/750/706 1470/751/706 1471/752/706
f 1471/752/707 1472/753/707 1473/750/707
f 1477/739/708 1474/738/708 1475/754/708
f 1475/754/708 1476/755/708 1477/739/708
s 1
f 1481/756/709 1478/740/694 1479/743/694
f 1479/743/694 1480/744/710 1481/756/709
s 0
f 1485/745/711 1482/744/711 1483/743/711
f 1483/743/711 1484/742/711 1485/745/711
s 1
f 1489/723/712 1486/722/713 1487/751/714
f 1487/751/714 1488/750/713 1489/723/712
f 1491/755/715 1490/754/716 1458/741/701
f 1458/741/701 1461/740/700 1491/755/715
f 1481/756/709 1492/739/717 1493/755/694
f 1493/755/694 1478/740/694 1481/756/709
s 0
f 1497/749/718 1494/748/718 1495/757/718
f 1495/757/718 1496/758/718 1497/749/718
f 1501/753/719 1498/752/719 1499/759/719
f 1499/759/719 1500/760/719 1501/753/719
s 1
f 1505/761/720 1502/762/720 1503/763/721
f 1503/763/721 1504/764/721 1505/761/720
s 0
f 1509/765/719 1506/766/719 1507/767/719
f 1507/767/719 1508/768/719 1509/765/719
s 1
f 1511/758/722 1510/757/722 1502/762/720
f 1502/762/720 1505/761/720 1511/758/722
s 0
f 1500/760/719 1499/759/719 1506/766/719
f 1506/766/719 1509/765/719 1500/760/719
f 1515/764/723 1512/763/723 1513/769/723
f 1513/769/723 1514/770/723 1515/764/723
f 1508/768/719 1507/767/719 1516/771/719
f 1516/771/719 1517/772/719 1508/768/719
f 1521/770/724 1518/769/724 1519/773/724
f 1519/773/724 1520/774/724 1521/770/724
f 1517/772/719 1516/771/719 1522/775/719
f 1522/775/719 1523/776/719 1517/772/719
f 1527/774/725 1524/773/725 1525/777/725
f 1525/777/725 1526/778/725 1527/774/725
f 1523/776/719 1522/775/719 1528/779/719
f 1528/779/719 1529/780/719 1523/776/719
f 1533/778/726 1530/777/726 1531/781/726
f 1531/781/726 1532/782/726 1533/778/726
f 1529/780/719 1528/779/719 1534/783/719
f 1534/783/719 1535/784/719 1529/780/719
f 1539/782/727 1536/781/727 1537/785/727
f 1537/785/727 1538/786/727 1539/782/727
f 1535/784/719 1534/783/719 1540/787/719
f 1540/787/719 1541/788/719 1535/784/719
f 1545/786/728 1542/785/728 1543/789/728
f 1543/789/728 1544/790/728 1545/786/728
f 1541/788/719 1540/787/719 1546/791/719
f 1546/791/719 1547/792/719 1541/788/719
f 1435/729/690 1434/728/690 1548/793/690
f 1548/793/690 1549/794/690 1435/729/690
s 1
f 1444/726/694 1445/733/696 1550/795/729
f 1550/795/729 1551/796/694 1444/726/694
s 0
f 1555/727/730 1552/726/730 1553/796/730
f 1553/796/730 1554/797/730 1555/727/730
f 1549/794/690 1548/793/690 1556/798/690
f 1556/798/690 1557/799/690 1549/794/690
s 1
f 1551/796/694 1550/795/729 1558/800/731
f 1558/800/731 1559/801/694 1551/796/694
s 0
f 1563/797/732 1560/796/732 1561/801/732
f 1561/801/732 1562/802/732 1563/797/732
f 1557/799/690 1556/798/690 1564/803/690
f 1564/803/690 1565/804/690 1557/799/690
s 1
f 1559/801/694 1558/800/731 1566/805/733
f 1566/805/733 1567/806/694 1559/801/694
s 0
f 1571/802/698 1568/801/698 1569/806/698
f 1569/806/698 1570/807/698 1571/802/698
f 1565/804/690 1564/803/690 1572/808/690
f 1572/808/690 1573/809/690 1565/804/690
s 1
f 1567/806/694 1566/805/733 1574/810/734
f 1574/810/734 1575/811/694 1567/806/694
s 0
f 1579/807/735 1576/806/735 1577/811/735
f 1577/811/735 1578/812/735 1579/807/735
f 1573/809/690 1572/808/690 1580/813/690
f 1580/813/690 1581/814/690 1573/809/690
s 1
f 1575/811/694 1574/810/734 1582/815/736
f 1582/815/736 1583/816/694 1575/811/694
s 0
f 1587/812/737 1584/811/737 1585/816/737
f 1585/816/737 1586/817/737 1587/812/737
f 1581/814/690 1580/813/690 1588/818/690
f 1588/818/690 1589/819/690 1581/814/690
s 1
f 1583/816/694 1582/815/736 1590/820/738
f 1590/820/738 1591/821/694 1583/816/694
s 0
f 1595/817/739 1592/816/739 1593/821/739
f 1593/821/739 1594/822/739 1595/817/739
s 1
f 1599/823/740 1596/824/741 1597/825/741
f 1597/825/741 1598/826/740 1599/823/740
s 0
f 1603/827/742 1600/828/742 1601/829/742
f 1601/829/742 1602/830/742 1603/827/742
s 1
f 1596/824/741 1604/831/743 1605/832/743
f 1605/832/743 1597/825/741 1596/824/741
s 0
f 1607/833/742 1603/827/742 1602/830/742
f 1602/830/742 1606/834/742 1607/833/742
f 1611/835/744 1608/823/744 1609/826/744
s 1
f 1609/826/744 1610/836/744 1611/835/744
f 1615/826/694 1612/825/694 1613/837/745
f 1613/837/745 1614/836/746 1615/826/694
f 1612/825/694 1616/832/694 1617/838/747
f 1617/838/747 1613/837/745 1612/825/694
s 0
f 1621/839/748 1618/835/748 1619/836/748
f 1619/836/748 1620/840/748 1621/839/748
f 1625/841/749 1622/839/749 1623/840/749
f 1623/840/749 1624/842/749 1625/841/749
f 1629/843/750 1626/841/750 1627/842/750
f 1627/842/750 1628/844/750 1629/843/750
s 1
f 1633/845/751 1630/846/752 1631/847/753
f 1631/847/753 1632/848/754 1633/845/751
s 0
f 1637/849/755 1634/850/755 1635/851/755
f 1635/851/755 1636/852/755 1637/849/755
f 1641/853/756 1638/849/756 1639/852/756
f 1639/852/756 1640/854/756 1641/853/756
f 1645/855/706 1642/856/706 1643/857/706
f 1643/857/757 1644/858/757 1645/855/757
f 1649/859/758 1646/843/758 1647/844/758
f 1647/844/758 1648/860/758 1649/859/758
s 1
f 1653/848/694 1650/847/694 1651/861/759
f 1651/861/759 1652/851/760 1653/848/694
s 0
f 1657/848/761 1654/851/761 1655/850/761
f 1655/850/761 1656/845/761 1657/848/761
s 1
f 1661/856/762 1658/829/763 1659/828/764
f 1659/828/764 1660/857/763 1661/856/762
f 1630/846/752 1662/859/765 1663/860/766
f 1663/860/766 1631/847/753 1630/846/752
f 1665/860/694 1664/844/767 1651/861/759
f 1651/861/759 1650/847/694 1665/860/694
s 0
f 1669/862/768 1666/853/768 1667/854/768
f 1667/854/768 1668/863/768 1669/862/768
f 1673/864/719 1670/855/719 1671/858/719
f 1671/858/719 1672/865/719 1673/864/719
s 1
f 1677/866/769 1674/867/770 1675/868/720
f 1675/868/720 1676/869/769 1677/866/769
s 0
f 1681/870/719 1678/871/719 1679/872/719
f 1679/872/719 1680/873/719 1681/870/719
s 1
f 1674/867/770 1682/862/771 1683/863/771
f 1683/863/771 1675/868/720 1674/867/770
s 0
f 1678/871/719 1673/864/719 1672/865/719
f 1672/865/719 1679/872/719 1678/871/719
f 1687/874/772 1684/866/772 1685/869/772
f 1685/869/772 1686/875/772 1687/874/772
f 1689/876/719 1681/870/719 1680/873/719
f 1680/873/719 1688/877/719 1689/876/719
f 1693/878/773 1690/874/773 1691/875/773
f 1691/875/773 1692/879/773 1693/878/773
f 1695/880/719 1689/876/719 1688/877/719
f 1688/877/719 1694/881/719 1695/880/719
f 1699/882/774 1696/878/774 1697/879/774
f 1697/879/774 1698/883/774 1699/882/774
f 1701/884/719 1695/880/719 1694/881/719
f 1694/881/719 1700/885/719 1701/884/719
f 1705/886/775 1702/882/775 1703/883/775
f 1703/883/775 1704/887/775 1705/886/775
f 1707/888/719 1701/884/719 1700/885/719
f 1700/885/719 1706/889/719 1707/888/719
f 1711/890/776 1708/886/776 1709/887/776
f 1709/887/776 1710/891/776 1711/890/776
f 1713/892/719 1707/888/719 1706/889/719
f 1706/889/719 1712/893/719 1713/892/719
f 1717/789/777 1714/890/777 1715/891/777
f 1715/891/777 1716/790/777 1717/789/777
f 1546/791/719 1713/892/719 1712/893/719
f 1712/893/719 1547/792/719 1546/791/719
f 1719/894/742 1607/833/742 1606/834/742
f 1606/834/742 1718/895/742 1719/894/742
s 1
f 1721/896/778 1617/838/747 1616/832/694
f 1616/832/694 1720/897/694 1721/896/778
s 0
f 1725/897/779 1722/832/779 1723/831/779
f 1723/831/779 1724/898/779 1725/897/779
f 1727/899/742 1719/894/742 1718/895/742
f 1718/895/742 1726/900/742 1727/899/742
s 1
f 1729/901/780 1721/896/778 1720/897/694
f 1720/897/694 1728/902/694 1729/901/780
s 0
f 1733/902/781 1730/897/781 1731/898/781
f 1731/898/781 1732/903/781 1733/902/781
f 1735/904/742 1727/899/742 1726/900/742
f 1726/900/742 1734/905/742 1735/904/742
s 1
f 1737/906/782 1729/901/780 1728/902/694
f 1728/902/694 1736/907/694 1737/906/782
s 0
f 1741/907/749 1738/902/749 1739/903/749
f 1739/903/749 1740/908/749 1741/907/749
f 1743/909/742 1735/904/742 1734/905/742
f 1734/905/742 1742/910/742 1743/909/742
s 1
f 1745/911/783 1737/906/782 1736/907/694
f 1736/907/694 1744/912/694 1745/911/783
f 1749/912/784 1746/907/784 1747/908/784
s 0
f 1747/908/784 1748/913/784 1749/912/784
f 1751/914/742 1743/909/742 1742/910/742
f 1742/910/742 1750/915/742 1751/914/742
s 1
f 1753/916/785 1745/911/783 1744/912/694
f 1744/912/694 1752/917/694 1753/916/785
s 0
f 1757/917/786 1754/912/786 1755/913/786
f 1755/913/786 1756/918/786 1757/917/786
f 1759/919/742 1751/914/742 1750/915/742
f 1750/915/742 1758/920/742 1759/919/742
s 1
f 1762/921/787 1753/916/785 1760/917/694
f 1760/917/694 1761/922/694 1762/921/787
s 0
f 1766/922/788 1763/917/788 1764/918/788
f 1764/918/788 1765/923/788 1766/922/788
s 1
f 1770/924/789 1767/925/789 1768/926/790
f 1768/926/790 1769/927/790 1770/924/789
s 0
f 1774/928/742 1771/929/742 1772/930/742
f 1772/930/742 1773/931/742 1774/928/742
s 1
f 1776/932/791 1775/933/791 1767/925/789
f 1767/925/789 1770/924/789 1776/932/791
s 0
f 1773/931/742 1772/930/742 1777/934/742
f 1777/934/742 1778/935/742 1773/931/742
f 1782/927/792 1779/926/792 1780/936/792
f 1780/936/792 1781/937/792 1782/927/792
s 1
f 1786/938/793 1783/924/694 1784/927/694
f 1784/927/694 1785/937/794 1786/938/793
f 1788/939/795 1787/932/694 1783/924/694
f 1783/924/694 1786/938/793 1788/939/795
s 0
f 1792/937/796 1789/936/796 1790/940/796
f 1790/940/796 1791/941/796 1792/937/796
f 1796/941/781 1793/940/781 1794/942/781
f 1794/942/781 1795/943/781 1796/941/781
f 1800/943/797 1797/942/797 1798/944/797
f 1798/944/797 1799/945/797 1800/943/797
s 1
f 1804/946/798 1801/947/799 1802/948/800
f 1802/948/800 1803/949/801 1804/946/798
s 0
f 1808/950/802 1805/951/802 1806/952/802
f 1806/952/802 1807/953/802 1808/950/802
f 1812/953/803 1809/952/803 1810/954/803
f 1810/954/803 1811/955/803 1812/953/803
f 1816/956/804 1813/957/804 1814/958/804
f 1814/958/805 1815/959/805 1816/956/805
f 1820/945/806 1817/944/806 1818/960/806
f 1818/960/806 1819/961/806 1820/945/806
s 1
f 1824/962/807 1821/946/694 1822/949/694
f 1822/949/694 1823/950/808 1824/962/807
s 0
f 1828/951/809 1825/950/809 1826/949/809
f 1826/949/809 1827/948/809 1828/951/809
s 1
f 1832/929/810 1829/928/811 1830/957/812
f 1830/957/812 1831/956/811 1832/929/810
f 1834/961/813 1833/960/814 1801/947/799
f 1801/947/799 1804/946/798 1834/961/813
f 1824/962/807 1835/945/815 1836/961/694
f 1836/961/694 1821/946/694 1824/962/807
s 0
f 1840/955/816 1837/954/816 1838/963/816
f 1838/963/816 1839/964/816 1840/955/816
f 1844/959/720 1841/958/720 1842/965/720
f 1842/965/720 1843/966/720 1844/959/720
s 1
f 1848/967/719 1845/968/719 1846/969/817
f 1846/969/817 1847/970/817 1848/967/719
s 0
f 1852/971/720 1849/972/720 1850/973/720
f 1850/973/720 1851/974/720 1852/971/720
s 1
f 1854/964/818 1853/963/818 1845/968/719
f 1845/968/719 1848/967/719 1854/964/818
s 0
f 1843/966/720 1842/965/720 1849/972/720
f 1849/972/720 1852/971/720 1843/966/720
f 1858/970/819 1855/969/819 1856/975/819
f 1856/975/819 1857/976/819 1858/970/819
f 1851/974/720 1850/973/720 1859/977/720
f 1859/977/720 1860/978/720 1851/974/720
f 1864/976/820 1861/975/820 1862/979/820
f 1862/979/820 1863/980/820 1864/976/820
f 1860/978/720 1859/977/720 1865/981/720
f 1865/981/720 1866/982/720 1860/978/720
f 1870/980/821 1867/979/821 1868/983/821
f 1868/983/821 1869/984/821 1870/980/821
f 1866/982/720 1865/981/720 1871/985/720
f 1871/985/720 1872/986/720 1866/982/720
f 1876/984/822 1873/983/822 1874/987/822
f 1874/987/822 1875/988/822 1876/984/822
f 1872/986/720 1871/985/720 1877/989/720
f 1877/989/720 1878/990/720 1872/986/720
f 1882/988/823 1879/987/823 1880/991/823
f 1880/991/823 1881/992/823 1882/988/823
f 1878/990/720 1877/989/720 1883/993/720
f 1883/993/720 1884/994/720 1878/990/720
f 1888/992/824 1885/991/824 1886/995/824
f 1886/995/824 1887/996/824 1888/992/824
f 1884/994/720 1883/993/720 1889/997/720
f 1889/997/720 1890/998/720 1884/994/720
f 1778/935/742 1777/934/742 1891/999/742
f 1891/999/742 1892/1000/742 1778/935/742
s 1
f 1787/932/694 1788/939/795 1893/1001/825
f 1893/1001/825 1894/1002/694 1787/932/694
s 0
f 1898/933/826 1895/932/826 1896/1002/826
f 1896/1002/826 1897/1003/826 1898/933/826
f 1892/1000/742 1891/999/742 1899/1004/742
f 1899/1004/742 1900/1005/742 1892/1000/742
s 1
f 1894/1002/694 1893/1001/825 1901/1006/827
f 1901/1006/827 1902/1007/694 1894/1002/694
s 0
f 1906/1003/749 1903/1002/749 1904/1007/749
f 1904/1007/749 1905/1008/749 1906/1003/749
f 1900/1005/742 1899/1004/742 1907/1009/742
f 1907/1009/742 1908/1010/742 1900/1005/742
s 1
f 1902/1007/694 1901/1006/827 1909/1011/828
f 1909/1011/828 1910/1012/694 1902/1007/694
s 0
f 1914/1008/781 1911/1007/781 1912/1012/781
f 1912/1012/781 1913/1013/781 1914/1008/781
f 1908/1010/742 1907/1009/742 1915/1014/742
f 1915/1014/742 1916/1015/742 1908/1010/742
s 1
f 1910/1012/694 1909/1011/828 1917/1016/829
f 1917/1016/829 1918/1017/694 1910/1012/694
s 0
f 1922/1013/830 1919/1012/830 1920/1017/830
f 1920/1017/830 1921/1018/830 1922/1013/830
f 1916/1015/742 1915/1014/742 1923/1019/742
f 1923/1019/742 1924/1020/742 1916/1015/742
s 1
f 1918/1017/694 1917/1016/829 1925/1021/831
f 1925/1021/831 1926/1022/694 1918/1017/694
s 0
f 1930/1018/832 1927/1017/832 1928/1022/832
f 1928/1022/832 1929/1023/832 1930/1018/832
f 1924/1020/742 1923/1019/742 1759/919/742
f 1759/919/742 1758/920/742 1924/1020/742
s 1
f 1933/1022/694 1925/1021/831 1931/921/833
f 1931/921/833 1932/922/694 1933/1022/694
s 0
f 1937/1023/834 1934/1022/834 1935/922/834
f 1935/922/834 1936/923/834 1937/1023/834
s 1
f 1941/1024/835 1938/1025/836 1939/1026/836
f 1939/1026/836 1940/1027/835 1941/1024/835
s 0
f 1945/1028/690 1942/1029/690 1943/1030/690
f 1943/1030/690 1944/1031/690 1945/1028/690
s 1
f 1938/1025/836 1946/1032/837 1947/1033/837
f 1947/1033/837 1939/1026/836 1938/1025/836
s 0
f 1949/1034/690 1945/1028/690 1944/1031/690
f 1944/1031/690 1948/1035/690 1949/1034/690
f 1953/1036/838 1950/1024/838 1951/1027/838
f 1951/1027/838 1952/1037/838 1953/1036/838
s 1
f 1957/1027/694 1954/1026/694 1955/1038/839
f 1955/1038/839 1956/1037/840 1957/1027/694
f 1954/1026/694 1958/1033/694 1959/1039/841
f 1959/1039/841 1955/1038/839 1954/1026/694
s 0
f 1963/1040/842 1960/1036/842 1961/1037/842
f 1961/1037/842 1962/1041/842 1963/1040/842
f 1967/1042/732 1964/1040/732 1965/1041/732
f 1965/1041/732 1966/1043/732 1967/1042/732
f 1971/1044/843 1968/1042/843 1969/1043/843
f 1969/1043/843 1970/1045/843 1971/1044/843
s 1
f 1975/1046/844 1972/1047/845 1973/1048/846
f 1973/1048/846 1974/1049/847 1975/1046/844
s 0
f 1979/1050/848 1976/1051/848 1977/1052/848
f 1977/1052/848 1978/1053/848 1979/1050/848
f 1983/1054/849 1980/1050/849 1981/1053/849
f 1981/1053/849 1982/1055/849 1983/1054/849
f 1987/1056/804 1984/1057/804 1985/1058/804
f 1985/1058/850 1986/1059/850 1987/1056/850
f 1991/1060/851 1988/1044/851 1989/1045/851
f 1989/1045/851 1990/1061/851 1991/1060/851
s 1
f 1995/1049/694 1992/1048/694 1993/1062/852
f 1993/1062/852 1994/1052/853 1995/1049/694
s 0
f 1999/1049/854 1996/1052/854 1997/1051/854
f 1997/1051/854 1998/1046/854 1999/1049/854
s 1
f 2003/1057/855 2000/1030/856 2001/1029/857
f 2001/1029/857 2002/1058/856 2003/1057/855
f 1972/1047/845 2004/1060/858 2005/1061/859
f 2005/1061/859 1973/1048/846 1972/1047/845
f 2007/1061/694 2006/1045/860 1993/1062/852
f 1993/1062/852 1992/1048/694 2007/1061/694
s 0
f 2011/1063/861 2008/1054/861 2009/1055/861
f 2009/1055/861 2010/1064/861 2011/1063/861
f 2015/1065/720 2012/1056/720 2013/1059/720
f 2013/1059/720 2014/1066/720 2015/1065/720
s 1
f 2019/1067/862 2016/1068/863 2017/1069/719
f 2017/1069/719 2018/1070/862 2019/1067/862
s 0
f 2023/1071/720 2020/1072/720 2021/1073/720
f 2021/1073/720 2022/1074/720 2023/1071/720
s 1
f 2016/1068/863 2024/1063/864 2025/1064/864
f 2025/1064/864 2017/1069/719 2016/1068/863
s 0
f 2020/1072/720 2015/1065/720 2014/1066/720
f 2014/1066/720 2021/1073/720 2020/1072/720
f 2029/1075/865 2026/1067/865 2027/1070/865
f 2027/1070/865 2028/1076/865 2029/1075/865
f 2031/1077/720 2023/1071/720 2022/1074/720
f 2022/1074/720 2030/1078/720 2031/1077/720
f 2035/1079/866 2032/1075/866 2033/1076/866
f 2033/1076/866 2034/1080/866 2035/1079/866
f 2037/1081/720 2031/1077/720 2030/1078/720
f 2030/1078/720 2036/1082/720 2037/1081/720
f 2041/1083/867 2038/1079/867 2039/1080/867
f 2039/1080/867 2040/1084/867 2041/1083/867
f 2043/1085/720 2037/1081/720 2036/1082/720
f 2036/1082/720 2042/1086/720 2043/1085/720
f 2047/1087/868 2044/1083/868 2045/1084/868
f 2045/1084/868 2046/1088/868 2047/1087/868
f 2049/1089/720 2043/1085/720 2042/1086/720
f 2042/1086/720 2048/1090/720 2049/1089/720
f 2053/1091/869 2050/1087/869 2051/1088/869
f 2051/1088/869 2052/1092/869 2053/1091/869
f 2055/1093/720 2049/1089/720 2048/1090/720
f 2048/1090/720 2054/1094/720 2055/1093/720
f 2059/995/870 2056/1091/870 2057/1092/870
f 2057/1092/870 2058/996/870 2059/995/870
f 1889/997/720 2055/1093/720 2054/1094/720
f 2054/1094/720 1890/998/720 1889/997/720
f 2061/1095/690 1949/1034/690 1948/1035/690
f 1948/1035/690 2060/1096/690 2061/1095/690
s 1
f 2063/1097/871 1959/1039/841 1958/1033/694
f 1958/1033/694 2062/1098/694 2063/1097/871
s 0
f 2067/1098/872 2064/1033/872 2065/1032/872
f 2065/1032/872 2066/1099/872 2067/1098/872
f 2069/1100/690 2061/1095/690 2060/1096/690
f 2060/1096/690 2068/1101/690 2069/1100/690
s 1
f 2071/1102/873 2063/1097/871 2062/1098/694
f 2062/1098/694 2070/1103/694 2071/1102/873
s 0
f 2075/1103/698 2072/1098/698 2073/1099/698
f 2073/1099/698 2074/1104/698 2075/1103/698
f 2077/1105/690 2069/1100/690 2068/1101/690
f 2068/1101/690 2076/1106/690 2077/1105/690
s 1
f 2079/1107/874 2071/1102/873 2070/1103/694
f 2070/1103/694 2078/1108/694 2079/1107/874
s 0
f 2083/1108/732 2080/1103/732 2081/1104/732
f 2081/1104/732 2082/1109/732 2083/1108/732
f 2085/1110/690 2077/1105/690 2076/1106/690
f 2076/1106/690 2084/1111/690 2085/1110/690
s 1
f 2087/1112/875 2079/1107/874 2078/1108/694
f 2078/1108/694 2086/1113/694 2087/1112/875
s 0
f 2091/1113/876 2088/1108/876 2089/1109/876
f 2089/1109/876 2090/1114/876 2091/1113/876
f 2093/1115/690 2085/1110/690 2084/1111/690
f 2084/1111/690 2092/1116/690 2093/1115/690
s 1
f 2095/1117/877 2087/1112/875 2086/1113/694
f 2086/1113/694 2094/1118/694 2095/1117/877
s 0
f 2099/1118/878 2096/1113/878 2097/1114/878
f 2097/1114/878 2098/1119/878 2099/1118/878
f 1588/818/690 2093/1115/690 2092/1116/690
f 2092/1116/690 1589/819/690 1588/818/690
s 1
f 1590/820/738 2095/1117/877 2094/1118/694
f 2094/1118/694 1591/821/694 1590/820/738
s 0
f 2103/821/879 2100/1118/879 2101/1119/879
f 2101/1119/879 2102/822/879 2103/821/879
s 1
f 2107/1120/880 2104/1121/881 2105/1122/881
f 2105/1122/881 2106/1123/882 2107/1120/880
f 2109/1124/883 2105/1122/881 2104/1121/881
f 2104/1121/881 2108/1125/884 2109/1124/883
f 2111/1126/885 2109/1124/883 2108/1125/884
f 2108/1125/884 2110/1127/886 2111/1126/885
f 2113/1128/887 2111/1126/885 2110/1127/886
f 2110/1127/886 2112/1129/888 2113/1128/887
f 2115/1130/889 2113/1128/887 2112/1129/888
f 2112/1129/888 2114/1131/890 2115/1130/889
f 2117/1132/891 2115/1130/889 2114/1131/890
f 2114/1131/890 2116/1133/892 2117/1132/891
f 2119/1134/893 2117/1132/891 2116/1133/892
f 2116/1133/892 2118/1135/893 2119/1134/893
f 2121/1136/894 2119/1134/893 2118/1135/893
f 2118/1135/893 2120/1137/895 2121/1136/894
f 2123/1138/896 2121/1136/894 2120/1137/895
f 2120/1137/895 2122/1139/897 2123/1138/896
f 2125/1140/898 2123/1138/896 2122/1139/897
f 2122/1139/897 2124/1141/899 2125/1140/898
f 2127/1142/900 2125/1140/898 2124/1141/899
f 2124/1141/899 2126/1143/901 2127/1142/900
f 2129/1144/902 2127/1142/900 2126/1143/901
f 2126/1143/901 2128/1145/903 2129/1144/902
f 2131/1146/904 2129/1144/902 2128/1145/903
f 2128/1145/903 2130/1147/905 2131/1146/904
f 2133/1148/906 2131/1146/904 2130/1147/905
f 2130/1147/905 2132/1149/906 2133/1148/906
f 2135/1150/907 2133/1148/906 2132/1149/906
f 2132/1149/906 2134/1151/908 2135/1150/907
f 2137/1152/909 2135/1150/907 2134/1151/908
f 2134/1151/908 2136/1153/910 2137/1152/909
f 2139/1154/911 2137/1152/909 2136/1153/910
f 2136/1153/910 2138/1155/912 2139/1154/911
f 2141/1156/913 2139/1154/911 2138/1155/912
f 2138/1155/912 2140/1157/914 2141/1156/913
f 2143/1158/915 2141/1156/913 2140/1157/914
f 2140/1157/914 2142/1159/916 2143/1158/915
f 2145/1160/917 2143/1158/915 2142/1159/916
f 2142/1159/916 2144/1161/918 2145/1160/917
f 2149/1162/919 2146/1163/920 2147/1164/921
f 2147/1164/921 2148/1165/922 2149/1162/919
f 2151/1166/923 2147/1164/921 2146/1163/920
f 2146/1163/920 2150/1167/924 2151/1166/923
f 2153/1168/925 2151/1166/923 2150/1167/924
f 2150/1167/924 2152/1169/926 2153/1168/925
f 2155/1170/927 2153/1168/925 2152/1169/926
f 2152/1169/926 2154/1171/928 2155/1170/927
f 2157/1172/929 2155/1170/927 2154/1171/928
f 2154/1171/928 2156/1173/930 2157/1172/929
f 2159/1174/931 2157/1172/929 2156/1173/930
f 2156/1173/930 2158/1175/932 2159/1174/931
f 2161/1176/933 2159/1174/931 2158/1175/932
f 2158/1175/932 2160/1177/934 2161/1176/933
f 2163/1178/935 2161/1176/933 2160/1177/934
f 2160/1177/934 2162/1179/936 2163/1178/935
f 2165/1180/937 2163/1178/935 2162/1179/936
f 2162/1179/936 2164/1181/938 2165/1180/937
f 2167/1182/939 2165/1180/937 2164/1181/938
f 2164/1181/938 2166/921/940 2167/1182/939
f 2169/1183/941 2167/1182/939 2166/921/940
f 2166/921/940 2168/1184/942 2169/1183/941
f 2171/1185/943 2169/1183/941 2168/1184/942
f 2168/1184/942 2170/1186/944 2171/1185/943
f 2173/1187/945 2171/1185/943 2170/1186/944
f 2170/1186/944 2172/1188/946 2173/1187/945
f 2175/1189/947 2173/1187/945 2172/1188/946
f 2172/1188/946 2174/1190/948 2175/1189/947
f 2177/1191/949 2175/1189/947 2174/1190/948
f 2174/1190/948 2176/1192/950 2177/1191/949
f 2179/1193/951 2177/1191/949 2176/1192/950
f 2176/1192/950 2178/1194/952 2179/1193/951
f 2181/1195/953 2179/1193/951 2178/1194/952
f 2178/1194/952 2180/1196/954 2181/1195/953
f 2183/1197/955 2181/1195/953 2180/1196/954
f 2180/1196/954 2182/1198/956 2183/1197/955
f 2185/1199/957 2183/1197/955 2182/1198/956
f 2182/1198/956 2184/1200/958 2185/1199/957
f 2187/1201/959 2185/1199/957 2184/1200/958
f 2184/1200/958 2186/1202/960 2187/1201/959
f 2191/1203/961 2188/1204/962 2189/1205/963
f 2189/1205/963 2190/1206/964 2191/1203/961
f 2193/1207/965 2189/1205/963 2188/1204/962
f 2188/1204/962 2192/1208/965 2193/1207/965
f 2195/1209/966 2193/1207/965 2192/1208/965
f 2192/1208/965 2194/1210/967 2195/1209/966
f 2197/1211/968 2195/1209/966 2194/1210/967
f 2194/1210/967 2196/1212/969 2197/1211/968
f 2199/1213/970 2197/1211/968 2196/1212/969
f 2196/1212/969 2198/1214/970 2199/1213/970
f 2201/1215/971 2199/1213/970 2198/1214/970
f 2198/1214/970 2200/1216/972 2201/1215/971
f 2203/1217/973 2201/1215/971 2200/1216/972
f 2200/1216/972 2202/1218/974 2203/1217/973
f 2205/1219/975 2203/1217/973 2202/1218/974
f 2202/1218/974 2204/1220/975 2205/1219/975
f 2207/1221/976 2205/1219/975 2204/1220/975
f 2204/1220/975 2206/1222/976 2207/1221/976
f 2209/1223/977 2207/1221/976 2206/1222/976
f 2206/1222/976 2208/1224/978 2209/1223/977
f 2211/1225/979 2209/1223/977 2208/1224/978
f 2208/1224/978 2210/1226/980 2211/1225/979
f 2213/1227/981 2211/1225/979 2210/1226/980
f 2210/1226/980 2212/1228/982 2213/1227/981
f 2215/1229/983 2213/1227/981 2212/1228/982
f 2212/1228/982 2214/1230/984 2215/1229/983
f 2217/1231/985 2215/1229/983 2214/1230/984
f 2214/1230/984 2216/1232/985 2217/1231/985
f 2219/1233/986 2217/1231/985 2216/1232/985
f 2216/1232/985 2218/1234/987 2219/1233/986
f 2221/1235/988 2219/1233/986 2218/1234/987
f 2218/1234/987 2220/1236/989 2221/1235/988
f 2223/1237/990 2221/1235/988 2220/1236/989
f 2220/1236/989 2222/1238/990 2223/1237/990
f 2225/1239/991 2223/1237/990 2222/1238/990
f 2222/1238/990 2224/1240/992 2225/1239/991
f 2227/1241/993 2225/1239/991 2224/1240/992
f 2224/1240/992 2226/1242/994 2227/1241/993
f 2229/1243/995 2227/1241/993 2226/1242/994
f 2226/1242/994 2228/1244/996 2229/1243/995
f 2231/1245/997 2229/1243/995 2228/1244/996
f 2228/1244/996 2230/1246/998 2231/1245/997
f 2233/1247/999 2231/1245/997 2230/1246/998
f 2230/1246/998 2232/1248/999 2233/1247/999
f 2237/1249/1000 2234/1250/1001 2235/1251/1002
f 2235/1251/1002 2236/1252/1003 2237/1249/1000
f 2239/1253/1004 2235/1251/1002 2234/1250/1001
f 2234/1250/1001 2238/1254/1005 2239/1253/1004
f 2241/1255/1006 2239/1253/1004 2238/1254/1005
f 2238/1254/1005 2240/1256/1007 2241/1255/1006
f 2243/1257/1008 2241/1255/1006 2240/1256/1007
f 2240/1256/1007 2242/1258/1009 2243/1257/1008
f 2245/1259/1010 2243/1257/1008 2242/1258/1009
f 2242/1258/1009 2244/1260/1011 2245/1259/1010
f 2247/1261/1012 2245/1259/1010 2244/1260/1011
f 2244/1260/1011 2246/1262/1013 2247/1261/1012
f 2249/1263/1014 2247/1261/1012 2246/1262/1013
f 2246/1262/1013 2248/1264/1015 2249/1263/1014
f 2251/1265/1016 2249/1263/1014 2248/1264/1015
f 2248/1264/1015 2250/1266/1017 2251/1265/1016
f 2253/1267/1018 2251/1265/1016 2250/1266/1017
f 2250/1266/1017 2252/1268/1019 2253/1267/1018
f 2255/1269/1020 2253/1267/1018 2252/1268/1019
f 2252/1268/1019 2254/1270/1021 2255/1269/1020
f 2257/1271/1022 2255/1269/1020 2254/1270/1021
f 2254/1270/1021 2256/1272/1023 2257/1271/1022
f 2259/1273/1024 2257/1271/1022 2256/1272/1023
f 2256/1272/1023 2258/1274/1025 2259/1273/1024
f 2261/1275/1026 2259/1273/1024 2258/1274/1025
f 2258/1274/1025 2260/1276/1027 2261/1275/1026
f 2263/1277/1028 2261/1275/1026 2260/1276/1027
f 2260/1276/1027 2262/1278/1029 2263/1277/1028
f 2265/1279/1030 2263/1277/1028 2262/1278/1029
f 2262/1278/1029 2264/1280/1031 2265/1279/1030
f 2267/1281/1032 2265/1279/1030 2264/1280/1031
f 2264/1280/1031 2266/1282/1033 2267/1281/1032
f 2269/1283/1034 2267/1281/1032 2266/1282/1033
f 2266/1282/1033 2268/1284/1035 2269/1283/1034
f 2271/1285/1036 2269/1283/1034 2268/1284/1035
f 2268/1284/1035 2270/1286/1037 2271/1285/1036
f 2273/1287/1038 2271/1285/1036 2270/1286/1037
f 2270/1286/1037 2272/1288/1039 2273/1287/1038
f 2275/1289/1040 2273/1287/1038 2272/1288/1039
f 2272/1288/1039 2274/1290/1041 2275/1289/1040
f 2277/1291/1042 2275/1289/1040 2274/1290/1041
f 2274/1290/1041 2276/1292/1043 2277/1291/1042
f 2279/1293/1044 2277/1291/1042 2276/1292/1043
f 2276/1292/1043 2278/1294/1045 2279/1293/1044
f 2281/1295/1046 2145/1160/917 2144/1161/918
f 2144/1161/918 2280/1296/1046 2281/1295/1046
f 2283/1297/1047 2281/1295/1046 2280/1296/1046
f 2280/1296/1046 2282/1298/1048 2283/1297/1047
f 2236/1252/1003 2283/1297/1047 2282/1298/1048
f 2282/1298/1048 2237/1249/1000 2236/1252/1003
f 2285/1299/1049 2149/1162/919 2148/1165/922
f 2148/1165/922 2284/1300/1050 2285/1299/1049
f 2287/1301/1051 2285/1299/1049 2284/1300/1050
f 2284/1300/1050 2286/1302/1052 2287/1301/1051
f 2278/1294/1045 2287/1301/1051 2286/1302/1052
f 2286/1302/1052 2279/1293/1044 2278/1294/1045
f 2289/1303/1053 2191/1203/961 2190/1206/964
f 2190/1206/964 2288/1304/1054 2289/1303/1053
f 2291/1305/1055 2289/1303/1053 2288/1304/1054
f 2288/1304/1054 2290/1306/1056 2291/1305/1055
f 2186/1202/960 2291/1305/1055 2290/1306/1056
f 2290/1306/1056 2187/1201/959 2186/1202/960
f 2293/1307/1057 2233/1247/999 2232/1248/999
f 2232/1248/999 2292/1308/1058 2293/1307/1057
f 2295/1309/1059 2293/1307/1057 2292/1308/1058
f 2292/1308/1058 2294/1310/1060 2295/1309/1059
f 2106/1123/882 2295/1309/1059 2294/1310/1060
f 2294/1310/1060 2107/1120/880 2106/1123/882
f 2299/725/1061 2296/1154/1062 2297/1156/1063
f 2297/1156/1063 2298/722/1064 2299/725/1061
f 2301/729/1065 2300/1152/1066 2296/1154/1062
f 2296/1154/1062 2299/725/1061 2301/729/1065
f 2298/722/1064 2297/1156/1063 2302/1158/1067
f 2302/1158/1067 2303/751/1068 2298/722/1064
f 2302/1158/1067 2304/1160/1069 2303/751/1068
f 2304/1160/1069 2305/1295/1070 2303/751/1068
f 2306/1297/1071 2307/1252/1072 2303/751/1068
f 2307/1252/1072 2308/1251/1073 2303/751/1068
f 2303/751/1068 2308/1251/1073 2309/1253/1074
f 2309/1253/1074 2310/752/1075 2303/751/1068
f 2305/1295/1070 2306/1297/1071 2303/751/1068
f 2310/752/1075 2309/1253/1074 2311/1255/1076
f 2311/1255/1076 2312/759/1077 2310/752/1075
f 2316/766/1078 2313/1257/1079 2314/1259/1080
f 2314/1259/1080 2315/767/1081 2316/766/1078
f 2312/759/1077 2311/1255/1076 2313/1257/1079
f 2313/1257/1079 2316/766/1078 2312/759/1077
f 2315/767/1081 2314/1259/1080 2317/1261/1082
f 2317/1261/1082 2318/771/1083 2315/767/1081
f 2318/771/1083 2317/1261/1082 2319/1263/1084
f 2319/1263/1084 2320/775/1085 2318/771/1083
f 2320/775/1085 2319/1263/1084 2321/1265/1086
f 2321/1265/1086 2322/779/1087 2320/775/1085
f 2322/779/1087 2321/1265/1086 2323/1267/1088
f 2323/1267/1088 2324/783/1089 2322/779/1087
f 2324/783/1089 2323/1267/1088 2325/1269/1090
f 2325/1269/1090 2326/787/1091 2324/783/1089
f 2326/787/1091 2325/1269/1090 2327/1271/1092
f 2327/1271/1092 2328/791/1093 2326/787/1091
f 2300/1152/1066 2301/729/1065 2329/794/1094
f 2329/794/1094 2330/1150/1095 2300/1152/1066
f 2330/1150/1095 2329/794/1094 2331/799/1096
f 2331/799/1096 2332/1148/1097 2330/1150/1095
f 2332/1148/1097 2331/799/1096 2333/804/1098
f 2333/804/1098 2334/1146/1099 2332/1148/1097
f 2334/1146/1099 2333/804/1098 2335/809/1100
f 2335/809/1100 2336/1144/1101 2334/1146/1099
f 2336/1144/1101 2335/809/1100 2337/814/1102
f 2337/814/1102 2338/1142/1103 2336/1144/1101
f 2338/1142/1103 2337/814/1102 2339/819/1104
f 2339/819/1104 2340/1140/1105 2338/1142/1103
f 2344/829/1106 2341/1166/1107 2342/1168/1108
f 2342/1168/1108 2343/830/1109 2344/829/1106
f 2343/830/1109 2342/1168/1108 2345/1170/1110
f 2345/1170/1110 2346/834/1111 2343/830/1109
f 2348/856/1112 2347/1164/1113 2341/1166/1107
f 2341/1166/1107 2344/829/1106 2348/856/1112
f 2352/842/1114 2349/840/1115 2350/1163/1116
f 2350/1163/1116 2351/1162/1117 2352/842/1114
f 1664/844/767 2352/842/1114 2351/1162/1117
f 2351/1162/1117 2353/1299/1118 1664/844/767
f 1652/851/760 1651/861/759 2354/1301/1119
f 2354/1301/1119 2355/1294/1120 1652/851/760
f 2357/852/1121 1652/851/760 2355/1294/1120
f 2355/1294/1120 2356/1292/1122 2357/852/1121
f 2360/855/1123 2358/1289/1124 2359/1291/1125
f 2359/1291/1125 2348/856/1112 2360/855/1123
f 1651/861/759 1664/844/767 2353/1299/1118
f 2353/1299/1118 2354/1301/1119 1651/861/759
f 2362/864/1126 2361/1287/1127 2358/1289/1124
f 2358/1289/1124 2360/855/1123 2362/864/1126
f 2366/870/1128 2363/1283/1129 2364/1285/1130
f 2364/1285/1130 2365/871/1131 2366/870/1128
f 2365/871/1131 2364/1285/1130 2361/1287/1127
f 2361/1287/1127 2362/864/1126 2365/871/1131
f 2368/876/1132 2367/1281/1132 2363/1283/1129
f 2363/1283/1129 2366/870/1128 2368/876/1132
f 2370/880/1133 2369/1279/1134 2367/1281/1132
f 2367/1281/1132 2368/876/1132 2370/880/1133
f 2372/884/1135 2371/1277/1136 2369/1279/1134
f 2369/1279/1134 2370/880/1133 2372/884/1135
f 2374/888/1087 2373/1275/1087 2371/1277/1136
f 2371/1277/1136 2372/884/1135 2374/888/1087
f 2376/892/1137 2375/1273/1138 2373/1275/1087
f 2373/1275/1087 2374/888/1087 2376/892/1137
f 2328/791/1093 2327/1271/1092 2375/1273/1138
f 2375/1273/1138 2376/892/1137 2328/791/1093
f 2378/895/1139 2346/834/1111 2345/1170/1110
f 2345/1170/1110 2377/1172/1140 2378/895/1139
f 2380/900/1141 2378/895/1139 2377/1172/1140
f 2377/1172/1140 2379/1174/1142 2380/900/1141
f 2382/905/1143 2380/900/1141 2379/1174/1142
f 2379/1174/1142 2381/1176/1144 2382/905/1143
f 2384/910/1145 2382/905/1143 2381/1176/1144
f 2381/1176/1144 2383/1178/1146 2384/910/1145
f 2386/915/1147 2384/910/1145 2383/1178/1146
f 2383/1178/1146 2385/1180/1148 2386/915/1147
f 2388/920/1149 2386/915/1147 2385/1180/1148
f 2385/1180/1148 2387/1182/1150 2388/920/1149
f 2392/931/1151 2389/1195/1152 2390/1197/1153
f 2390/1197/1153 2391/928/1154 2392/931/1151
f 2394/935/1155 2393/1193/1156 2389/1195/1152
f 2389/1195/1152 2392/931/1151 2394/935/1155
f 2391/928/1154 2390/1197/1153 2395/1199/1157
f 2395/1199/1157 2396/957/1158 2391/928/1154
f 2400/1200/1159 2397/941/1160 2398/943/1161
f 2398/943/1161 2399/1202/1162 2400/1200/1159
f 2399/1202/1162 2398/943/1161 1835/945/815
f 1835/945/815 2401/1305/1163 2399/1202/1162
f 2403/1303/1164 1824/962/807 1823/950/808
f 1823/950/808 2402/1203/1165 2403/1303/1164
f 2402/1203/1165 1823/950/808 2404/953/1166
f 2404/953/1166 2405/1204/1167 2402/1203/1165
f 2396/957/1158 2406/1205/1168 2407/1207/1169
f 2407/1207/1169 2408/958/1170 2396/957/1158
f 2401/1305/1163 1835/945/815 1824/962/807
f 1824/962/807 2403/1303/1164 2401/1305/1163
f 2408/958/1170 2407/1207/1169 2409/1209/1171
f 2409/1209/1171 2410/965/1172 2408/958/1170
f 2414/972/1173 2411/1211/1174 2412/1213/1175
f 2412/1213/1175 2413/973/1176 2414/972/1173
f 2410/965/1172 2409/1209/1171 2411/1211/1174
f 2411/1211/1174 2414/972/1173 2410/965/1172
f 2413/973/1176 2412/1213/1175 2415/1215/1177
f 2415/1215/1177 2416/977/1178 2413/973/1176
f 2416/977/1178 2415/1215/1177 2417/1217/1179
f 2417/1217/1179 2418/981/1180 2416/977/1178
f 2418/981/1180 2417/1217/1179 2419/1219/1181
f 2419/1219/1181 2420/985/1182 2418/981/1180
f 2420/985/1182 2419/1219/1181 2421/1221/1183
f 2421/1221/1183 2422/989/1184 2420/985/1182
f 2422/989/1184 2421/1221/1183 2423/1223/1185
f 2423/1223/1185 2424/993/1186 2422/989/1184
f 2424/993/1186 2423/1223/1185 2425/1225/1187
f 2425/1225/1187 2426/997/1188 2424/993/1186
f 2393/1193/1156 2394/935/1155 2427/1000/1189
f 2427/1000/1189 2428/1191/1190 2393/1193/1156
f 2428/1191/1190 2427/1000/1189 2429/1005/1191
f 2429/1005/1191 2430/1189/1192 2428/1191/1190
f 2430/1189/1192 2429/1005/1191 2431/1010/1144
f 2431/1010/1144 2432/1187/1193 2430/1189/1192
f 2432/1187/1193 2431/1010/1144 2433/1015/1194
f 2433/1015/1194 2434/1185/1195 2432/1187/1193
f 2434/1185/1195 2433/1015/1194 2435/1020/1196
f 2435/1020/1196 2436/1183/1197 2434/1185/1195
f 2436/1183/1197 2435/1020/1196 2388/920/1149
f 2388/920/1149 2387/1182/1150 2436/1183/1197
f 2440/1030/1198 2437/1124/1199 2438/1126/1200
f 2438/1126/1200 2439/1031/1201 2440/1030/1198
f 2439/1031/1201 2438/1126/1200 2441/1128/1202
f 2441/1128/1202 2442/1035/1203 2439/1031/1201
f 2444/1057/1204 2443/1122/1205 2437/1124/1199
f 2437/1124/1199 2440/1030/1198 2444/1057/1204
f 2445/1123/1206 2443/1122/1205 2444/1057/1204
f 2446/1309/1207 2445/1123/1206 2444/1057/1204
f 2447/1247/1208 2448/1307/1209 2444/1057/1204
f 2449/1245/1210 2447/1247/1208 2444/1057/1204
f 2451/1056/1211 2450/1243/1212 2449/1245/1210
f 2449/1245/1210 2444/1057/1204 2451/1056/1211
f 2448/1307/1209 2446/1309/1207 2444/1057/1204
f 2453/1065/1213 2452/1241/1214 2450/1243/1212
f 2450/1243/1212 2451/1056/1211 2453/1065/1213
f 2457/1071/1215 2454/1237/1216 2455/1239/1217
f 2455/1239/1217 2456/1072/1218 2457/1071/1215
f 2456/1072/1218 2455/1239/1217 2452/1241/1214
f 2452/1241/1214 2453/1065/1213 2456/1072/1218
f 2459/1077/1219 2458/1235/1220 2454/1237/1216
f 2454/1237/1216 2457/1071/1215 2459/1077/1219
f 2461/1081/1221 2460/1233/1222 2458/1235/1220
f 2458/1235/1220 2459/1077/1219 2461/1081/1221
f 2463/1085/1223 2462/1231/1224 2460/1233/1222
f 2460/1233/1222 2461/1081/1221 2463/1085/1223
f 2465/1089/1183 2464/1229/1184 2462/1231/1224
f 2462/1231/1224 2463/1085/1223 2465/1089/1183
f 2467/1093/1225 2466/1227/1226 2464/1229/1184
f 2464/1229/1184 2465/1089/1183 2467/1093/1225
f 2426/997/1188 2425/1225/1187 2466/1227/1226
f 2466/1227/1226 2467/1093/1225 2426/997/1188
f 2469/1096/1227 2442/1035/1203 2441/1128/1202
f 2441/1128/1202 2468/1130/1228 2469/1096/1227
f 2471/1101/1229 2469/1096/1227 2468/1130/1228
f 2468/1130/1228 2470/1132/1230 2471/1101/1229
f 2473/1106/1099 2471/1101/1229 2470/1132/1230
f 2470/1132/1230 2472/1134/1098 2473/1106/1099
f 2475/1111/1231 2473/1106/1099 2472/1134/1098
f 2472/1134/1098 2474/1136/1232 2475/1111/1231
f 2477/1116/1233 2475/1111/1231 2474/1136/1232
f 2474/1136/1232 2476/1138/1234 2477/1116/1233
f 2339/819/1104 2477/1116/1233 2476/1138/1234
f 2476/1138/1234 2340/1140/1105 2339/819/1104
f 2480/1041/1235 1956/1037/840 2478/1125/1236
f 2478/1125/1236 2479/1121/1237 2480/1041/1235
f 2478/1125/1236 1956/1037/840 1955/1038/839
f 1955/1038/839 2481/1127/1238 2478/1125/1236
f 2481/1127/1238 1955/1038/839 1959/1039/841
f 1959/1039/841 2482/1129/1239 2481/1127/1238
f 2063/1097/871 2483/1131/1240 2482/1129/1239
f 2482/1129/1239 1959/1039/841 2063/1097/871
f 2071/1102/873 2484/1133/1241 2483/1131/1240
f 2483/1131/1240 2063/1097/871 2071/1102/873
f 2079/1107/874 2485/1135/1242 2484/1133/1241
f 2484/1133/1241 2071/1102/873 2079/1107/874
f 2087/1112/875 2486/1137/1243 2485/1135/1242
f 2485/1135/1242 2079/1107/874 2087/1112/875
f 2095/1117/877 2487/1139/1244 2486/1137/1243
f 2486/1137/1243 2087/1112/875 2095/1117/877
f 1590/820/738 2488/1141/1245 2487/1139/1244
f 2487/1139/1244 2095/1117/877 1590/820/738
f 1582/815/736 2489/1143/1246 2488/1141/1245
f 2488/1141/1245 1590/820/738 1582/815/736
f 1574/810/734 2490/1145/1247 2489/1143/1246
f 2489/1143/1246 1582/815/736 1574/810/734
f 1566/805/733 2491/1147/1248 2490/1145/1247
f 2490/1145/1247 1574/810/734 1566/805/733
f 1558/800/731 2492/1149/1249 2491/1147/1248
f 2491/1147/1248 1566/805/733 1558/800/731
f 1550/795/729 2493/1151/1250 2492/1149/1249
f 2492/1149/1249 1558/800/731 1550/795/729
f 1445/733/696 2494/1153/1251 2493/1151/1250
f 2493/1151/1250 1550/795/729 1445/733/696
f 1445/733/696 1443/732/693 2495/1155/1252
f 2495/1155/1252 2494/1153/1251 1445/733/696
f 1443/732/693 1442/731/695 2496/1157/1253
f 2496/1157/1253 2495/1155/1252 1443/732/693
f 2496/1157/1253 1442/731/695 2497/735/1254
f 2497/735/1254 2498/1159/1255 2496/1157/1253
f 2349/840/1115 1614/836/746 2499/1167/1256
f 2499/1167/1256 2350/1163/1116 2349/840/1115
f 2499/1167/1256 1614/836/746 1613/837/745
f 1613/837/745 2500/1169/1257 2499/1167/1256
f 2500/1169/1257 1613/837/745 1617/838/747
f 1617/838/747 2501/1171/1258 2500/1169/1257
f 1721/896/778 2502/1173/1259 2501/1171/1258
f 2501/1171/1258 1617/838/747 1721/896/778
f 1729/901/780 2503/1175/1260 2502/1173/1259
f 2502/1173/1259 1721/896/778 1729/901/780
f 1737/906/782 2504/1177/1261 2503/1175/1260
f 2503/1175/1260 1729/901/780 1737/906/782
f 1745/911/783 2505/1179/1262 2504/1177/1261
f 2504/1177/1261 1737/906/782 1745/911/783
f 1753/916/785 2506/1181/1263 2505/1179/1262
f 2505/1179/1262 1745/911/783 1753/916/785
f 1762/921/787 2506/1181/1263 1753/916/785
f 2507/1184/1264 1931/921/833 1925/1021/831
f 1917/1016/829 2508/1186/1265 2507/1184/1264
f 2507/1184/1264 1925/1021/831 1917/1016/829
f 1909/1011/828 2509/1188/1266 2508/1186/1265
f 2508/1186/1265 1917/1016/829 1909/1011/828
f 1901/1006/827 2510/1190/1267 2509/1188/1266
f 2509/1188/1266 1909/1011/828 1901/1006/827
f 1893/1001/825 2511/1192/1268 2510/1190/1267
f 2510/1190/1267 1901/1006/827 1893/1001/825
f 1788/939/795 2512/1194/1269 2511/1192/1268
f 2511/1192/1268 1893/1001/825 1788/939/795
f 1788/939/795 1786/938/793 2513/1196/1270
f 2513/1196/1270 2512/1194/1269 1788/939/795
f 1786/938/793 1785/937/794 2514/1198/1271
f 2514/1198/1271 2513/1196/1270 1786/938/793
f 2514/1198/1271 1785/937/794 2397/941/1160
f 2397/941/1160 2400/1200/1159 2514/1198/1271
f 2405/1204/1167 2404/953/1166 2515/955/1272
f 2515/955/1272 2516/1208/1273 2405/1204/1167
f 2516/1208/1273 2515/955/1272 2517/964/1274
f 2517/964/1274 2518/1210/1275 2516/1208/1273
f 2518/1210/1275 2517/964/1274 2519/967/1276
f 2519/967/1276 2520/1212/1277 2518/1210/1275
f 2520/1212/1277 2519/967/1276 2521/970/1278
f 2521/970/1278 2522/1214/1279 2520/1212/1277
f 2522/1214/1279 2521/970/1278 2523/976/1280
f 2523/976/1280 2524/1216/1281 2522/1214/1279
f 2524/1216/1281 2523/976/1280 2525/980/1282
f 2525/980/1282 2526/1218/1283 2524/1216/1281
f 2526/1218/1283 2525/980/1282 2527/984/1284
f 2527/984/1284 2528/1220/1285 2526/1218/1283
f 2528/1220/1285 2527/984/1284 2529/988/1286
f 2529/988/1286 2530/1222/1287 2528/1220/1285
f 2530/1222/1287 2529/988/1286 2531/992/1288
f 2531/992/1288 2532/1224/1289 2530/1222/1287
f 2532/1224/1289 2531/992/1288 2533/996/1290
f 2533/996/1290 2534/1226/1291 2532/1224/1289
f 2533/996/1290 2535/1092/1292 2536/1228/1293
f 2536/1228/1293 2534/1226/1291 2533/996/1290
f 2535/1092/1292 2537/1088/1294 2538/1230/1295
f 2538/1230/1295 2536/1228/1293 2535/1092/1292
f 2537/1088/1294 2539/1084/1296 2540/1232/1297
f 2540/1232/1297 2538/1230/1295 2537/1088/1294
f 2539/1084/1296 2541/1080/1298 2542/1234/1299
f 2542/1234/1299 2540/1232/1297 2539/1084/1296
f 2541/1080/1298 2543/1076/1300 2544/1236/1301
f 2544/1236/1301 2542/1234/1299 2541/1080/1298
f 2543/1076/1300 2545/1070/1302 2546/1238/1303
f 2546/1238/1303 2544/1236/1301 2543/1076/1300
f 2545/1070/1302 2547/1069/1304 2548/1240/1305
f 2548/1240/1305 2546/1238/1303 2545/1070/1302
f 2547/1069/1304 2549/1064/1306 2550/1242/1307
f 2550/1242/1307 2548/1240/1305 2547/1069/1304
f 2549/1064/1306 2551/1055/1308 2552/1244/1309
f 2552/1244/1309 2550/1242/1307 2549/1064/1306
f 2551/1055/1308 2553/1053/1310 2554/1246/1311
f 2554/1246/1311 2552/1244/1309 2551/1055/1308
f 2558/1250/1312 2555/747/1313 2556/749/1314
f 2556/749/1314 2557/1254/1315 2558/1250/1312
f 2557/1254/1315 2556/749/1314 2559/758/1316
f 2559/758/1316 2560/1256/1316 2557/1254/1315
f 2564/1256/1317 2561/758/1317 2562/761/1317
f 2562/761/1317 2563/1258/1318 2564/1256/1317
f 2568/1258/1319 2565/761/1319 2566/764/1320
f 2566/764/1320 2567/1260/1321 2568/1258/1319
f 2567/1260/1321 2566/764/1320 2569/770/1322
f 2569/770/1322 2570/1262/1323 2567/1260/1321
f 2570/1262/1323 2569/770/1322 2571/774/1324
f 2571/774/1324 2572/1264/1325 2570/1262/1323
f 2572/1264/1325 2571/774/1324 2573/778/1326
f 2573/778/1326 2574/1266/1327 2572/1264/1325
f 2574/1266/1327 2573/778/1326 2575/782/1328
f 2575/782/1328 2576/1268/1329 2574/1266/1327
f 2576/1268/1329 2575/782/1328 2577/786/1330
f 2577/786/1330 2578/1270/1331 2576/1268/1329
f 2578/1270/1331 2577/786/1330 2579/790/1332
f 2579/790/1332 2580/1272/1333 2578/1270/1331
f 2579/790/1332 2581/891/1334 2582/1274/1335
f 2582/1274/1335 2580/1272/1333 2579/790/1332
f 2581/891/1334 2583/887/1336 2584/1276/1337
f 2584/1276/1337 2582/1274/1335 2581/891/1334
f 2583/887/1336 2585/883/1338 2586/1278/1339
f 2586/1278/1339 2584/1276/1337 2583/887/1336
f 2585/883/1338 2587/879/1340 2588/1280/1341
f 2588/1280/1341 2586/1278/1339 2585/883/1338
f 2587/879/1340 2589/875/1342 2590/1282/1343
f 2590/1282/1343 2588/1280/1341 2587/879/1340
f 2589/875/1342 2591/869/1344 2592/1284/1345
f 2592/1284/1345 2590/1282/1343 2589/875/1342
f 2591/869/1344 2593/868/1346 2594/1286/1347
f 2594/1286/1347 2592/1284/1345 2591/869/1344
f 2593/868/1346 2595/863/1348 2596/1288/1349
f 2596/1288/1349 2594/1286/1347 2593/868/1346
f 2600/863/1350 2597/854/1351 2598/1290/1352
f 2598/1290/1352 2599/1288/1353 2600/863/1350
f 2597/854/1351 2357/852/1121 2356/1292/1122
f 2356/1292/1122 2598/1290/1352 2597/854/1351
f 2498/1159/1255 2497/735/1254 2601/737/1354
f 2601/737/1354 2602/1161/1355 2498/1159/1255
f 2602/1161/1355 2601/737/1354 1492/739/717
f 1492/739/717 2603/1296/1356 2602/1161/1355
f 2603/1296/1356 1492/739/717 1481/756/709
f 1481/756/709 2604/1298/1357 2603/1296/1356
f 2604/1298/1357 1481/756/709 1480/744/710
f 1480/744/710 2605/1249/1358 2604/1298/1357
f 2605/1249/1358 1480/744/710 2555/747/1313
f 2555/747/1313 2558/1250/1312 2605/1249/1358
f 2606/1165/1359 2347/1164/1113 2348/856/1112
f 2607/1300/1360 2606/1165/1359 2348/856/1112
f 2608/1302/1361 2607/1300/1360 2348/856/1112
f 2609/1293/1362 2608/1302/1361 2348/856/1112
f 2359/1291/1125 2609/1293/1362 2348/856/1112
f 2610/1206/1363 2406/1205/1168 2396/957/1158
f 2611/1304/1364 2610/1206/1363 2396/957/1158
f 2612/1306/1365 2611/1304/1364 2396/957/1158
f 2613/1201/1366 2612/1306/1365 2396/957/1158
f 2395/1199/1157 2613/1201/1366 2396/957/1158
f 2553/1053/1310 1994/1052/853 2614/1248/1367
f 2614/1248/1367 2554/1246/1311 2553/1053/1310
f 1994/1052/853 1993/1062/852 2615/1308/1368
f 2615/1308/1368 2614/1248/1367 1994/1052/853
f 1993/1062/852 2006/1045/860 2616/1310/1369
f 2616/1310/1369 2615/1308/1368 1993/1062/852
f 2006/1045/860 2617/1043/1370 2618/1120/1371
f 2618/1120/1371 2616/1310/1369 2006/1045/860
f 2617/1043/1370 2480/1041/1235 2479/1121/1237
f 2479/1121/1237 2618/1120/1371 2617/1043/1370
s 0
f 2622/1311/694 2619/1312/694 2620/1313/694
f 2620/1313/694 2621/1314/694 2622/1311/694
f 2626/1315/1372 2623/1316/1372 2624/1317/1372
f 2624/1317/1372 2625/1318/1372 2626/1315/1372
f 2630/1319/1373 2627/1320/1373 2628/1321/1373
f 2628/1321/1373 2629/1322/1373 2630/1319/1373
f 2634/1323/1374 2631/1324/1374 2632/1325/1374
f 2632/1325/1374 2633/1326/1374 2634/1323/1374
f 2638/1327/1375 2635/1328/1375 2636/1329/1375
f 2636/1329/1375 2637/1330/1375 2638/1327/1375
f 2642/1331/1372 2639/1332/1372 2640/1333/1372
f 2640/1333/1376 2641/1334/1376 2642/1331/1376
f 2646/1335/1377 2643/1336/1377 2644/1337/1377
f 2644/1337/1377 2645/1338/1377 2646/1335/1377
f 2650/1339/1378 2647/1340/1378 2648/1341/1378
f 2648/1341/1378 2649/1342/1378 2650/1339/1378
f 2654/1343/1379 2651/1344/1379 2652/1345/1379
f 2652/1345/1379 2653/1346/1379 2654/1343/1379
f 2658/1347/1380 2655/1348/1380 2656/1349/1380
f 2656/1349/1380 2657/1350/1380 2658/1347/1380
f 2662/1351/1381 2659/1352/1381 2660/1353/1381
f 2660/1353/1381 2661/1354/1381 2662/1351/1381
f 2666/1355/1378 2663/1356/1378 2664/1357/1378
f 2664/1357/1378 2665/1358/1378 2666/1355/1378
f 2670/1359/1379 2667/1360/1379 2668/1361/1379
f 2668/1361/1379 2669/1362/1379 2670/1359/1379
f 2674/1363/1374 2671/1364/1374 2672/1365/1374
f 2672/1365/1382 2673/1366/1382 2674/1363/1382
f 2678/1367/1379 2675/1368/1379 2676/1369/1379
f 2676/1369/1379 2677/1370/1379 2678/1367/1379
f 2682/1371/1376 2679/1372/1376 2680/1373/1376
f 2680/1373/1376 2681/1374/1376 2682/1371/1376
f 2686/1375/1381 2683/1376/1381 2684/1377/1381
f 2684/1377/1381 2685/1378/1381 2686/1375/1381
f 2690/1379/1383 2687/1380/1383 2688/1381/1383
f 2688/1381/1383 2689/1382/1383 2690/1379/1383
f 2694/1383/1375 2691/1384/1375 2692/1385/1375
f 2692/1385/1375 2693/1386/1375 2694/1383/1375
f 2698/1387/1384 2695/1388/1384 2696/1389/1384
f 2696/1389/1380 2697/1390/1380 2698/1387/1380
f 2702/1391/1381 2699/1392/1381 2700/1393/1381
f 2700/1393/1381 2701/1394/1381 2702/1391/1381
f 2706/1321/690 2703/1395/690 2704/1396/690
f 2704/1396/690 2705/1322/690 2706/1321/690
f 2710/1325/720 2707/1397/720 2708/1398/720
f 2708/1398/720 2709/1326/720 2710/1325/720
f 2714/1329/742 2711/1399/742 2712/1400/742
f 2712/1400/742 2713/1330/742 2714/1329/742
f 2718/1315/719 2715/1401/719 2716/1402/719
f 2716/1402/719 2717/1316/719 2718/1315/719
f 2722/1403/694 2719/1320/694 2720/1319/694
f 2720/1319/694 2721/1404/694 2722/1403/694
f 2726/1405/694 2723/1324/694 2724/1323/694
f 2724/1323/694 2725/1406/694 2726/1405/694
f 2730/1407/694 2727/1328/694 2728/1327/694
f 2728/1327/694 2729/1408/694 2730/1407/694
f 2734/1409/694 2731/1318/694 2732/1317/694
f 2732/1317/694 2733/1410/694 2734/1409/694
f 2738/1337/690 2735/1403/690 2736/1404/690
f 2736/1404/690 2737/1338/690 2738/1337/690
f 2742/1341/720 2739/1405/720 2740/1406/720
f 2740/1406/720 2741/1342/720 2742/1341/720
f 2746/1345/742 2743/1407/742 2744/1408/742
f 2744/1408/742 2745/1346/742 2746/1345/742
f 2750/1331/719 2747/1409/719 2748/1410/719
f 2748/1410/719 2749/1332/719 2750/1331/719
f 2754/1411/694 2751/1336/694 2752/1335/694
f 2752/1335/694 2753/1412/694 2754/1411/694
f 2758/1413/694 2755/1340/694 2756/1339/694
f 2756/1339/694 2757/1414/694 2758/1413/694
f 2762/1415/694 2759/1344/694 2760/1343/694
f 2760/1343/694 2761/1416/694 2762/1415/694
f 2766/1417/694 2763/1334/694 2764/1333/694
f 2764/1333/694 2765/1418/694 2766/1417/694
f 2770/1353/690 2767/1411/690 2768/1412/690
f 2768/1412/690 2769/1354/690 2770/1353/690
f 2774/1357/720 2771/1413/720 2772/1414/720
f 2772/1414/720 2773/1358/720 2774/1357/720
f 2778/1361/742 2775/1415/742 2776/1416/742
f 2776/1416/742 2777/1362/742 2778/1361/742
f 2782/1347/719 2779/1417/719 2780/1418/719
f 2780/1418/719 2781/1348/719 2782/1347/719
f 2786/1369/694 2783/1352/694 2784/1351/694
f 2784/1351/694 2785/1370/694 2786/1369/694
f 2790/1373/694 2787/1356/694 2788/1355/694
f 2788/1355/694 2789/1374/694 2790/1373/694
f 2794/1377/694 2791/1360/694 2792/1359/694
f 2792/1359/694 2793/1378/694 2794/1377/694
f 2798/1363/694 2795/1350/694 2796/1349/694
f 2796/1349/694 2797/1364/694 2798/1363/694
f 2802/1419/742 2799/1368/742 2800/1367/742
f 2800/1367/742 2801/1420/742 2802/1419/742
f 2806/1421/719 2803/1372/719 2804/1371/719
f 2804/1371/719 2805/1422/719 2806/1421/719
f 2810/1423/690 2807/1376/690 2808/1375/690
f 2808/1375/690 2809/1424/690 2810/1423/690
f 2814/1425/720 2811/1366/720 2812/1365/720
f 2812/1365/720 2813/1426/720 2814/1425/720
f 2818/1385/694 2815/1419/694 2816/1420/694
f 2816/1420/694 2817/1386/694 2818/1385/694
f 2822/1389/694 2819/1421/694 2820/1422/694
f 2820/1422/694 2821/1390/694 2822/1389/694
f 2826/1393/694 2823/1423/694 2824/1424/694
f 2824/1424/694 2825/1394/694 2826/1393/694
f 2830/1379/694 2827/1425/694 2828/1426/694
f 2828/1426/694 2829/1380/694 2830/1379/694
f 2834/1427/742 2831/1384/742 2832/1383/742
f 2832/1383/742 2833/1428/742 2834/1427/742
f 2838/1429/719 2835/1388/719 2836/1387/719
f 2836/1387/719 2837/1430/719 2838/1429/719
f 2842/1431/690 2839/1392/690 2840/1391/690
f 2840/1391/690 2841/1432/690 2842/1431/690
f 2846/1433/720 2843/1382/720 2844/1381/720
f 2844/1381/720 2845/1434/720 2846/1433/720
o painting3
v -51.722301 1.799309 -2.828933
v -51.722301 1.300233 -2.885346
v -51.950336 1.300233 -2.885346
v -51.950336 1.799309 -2.828933
v -51.722301 1.139879 -2.329549
v -51.722301 1.722072 -2.329549
v -51.950336 1.722072 -2.329549
v -51.950336 1.139879 -2.329549
v -51.722301 2.263078 -2.836007
v -51.950336 2.263078 -2.836007
v -51.722301 2.263078 -2.329549
v -51.950336 2.263078 -2.329549
v -51.722301 1.300233 -2.885346
v -51.722301 1.271292 -2.785045
v -51.950336 1.271292 -2.785045
v -51.950336 1.300233 -2.885346
v -51.950336 1.799309 -2.828933
v -51.950336 1.300233 -2.885346
v -51.950336 1.271292 -2.785045
v -51.950336 1.785372 -2.738811
v -51.950336 2.263078 -2.836007
v -51.950336 2.263078 -2.744609
v -51.722301 1.271292 -2.785045
v -51.722301 0.887254 -2.981428
v -51.950336 0.887254 -2.981428
v -51.950336 1.271292 -2.785045
v -51.722301 0.887254 -2.981428
v -51.722301 0.695235 -3.029433
v -51.950336 0.695235 -3.029433
v -51.950336 0.887254 -2.981428
v -51.722301 0.695235 -3.029433
v -51.722301 0.559123 -2.908876
v -51.950336 0.559123 -2.908876
v -51.950336 0.695235 -3.029433
v -51.722301 0.296824 -2.930493
v -51.722301 0.213012 -2.675544
v -51.950336 0.213012 -2.675544
v -51.950336 0.296624 -2.930267
v -51.722301 0.329678 -2.644435
v -51.722301 0.197458 -2.527769
v -51.950336 0.197458 -2.527769
v -51.950336 0.329678 -2.644435
v -51.722301 0.197458 -2.527769
v -51.722301 0.306345 -2.204991
v -51.950336 0.306345 -2.204991
v -51.950336 0.197458 -2.527769
v -51.950336 0.832710 -2.329549
v -51.950336 0.832710 -2.204991
v -51.722301 0.832710 -2.204991
v -51.722301 0.832688 -2.329873
v -51.722301 0.559123 -2.908876
v -51.722301 0.520236 -3.021654
v -51.950336 0.520236 -3.021654
v -51.950336 0.559123 -2.908876
v -51.950336 0.296624 -2.930267
v -51.950336 0.213012 -2.675544
v -51.950336 0.329678 -2.644435
v -51.950336 0.408017 -2.801691
v -51.950336 0.329678 -2.644435
v -51.950336 0.213012 -2.675544
v -51.722301 0.213012 -2.675544
v -51.722301 0.329678 -2.644435
v -51.950336 1.139879 -2.329549
v -51.950336 0.832710 -2.329549
v -51.722301 0.832688 -2.329873
v -51.722301 1.139879 -2.329549
v -51.722301 0.520236 -3.021654
v -51.950336 0.520236 -3.021654
v -51.950336 0.559123 -2.908876
v -51.950336 0.520236 -3.021654
v -51.722301 0.306345 -2.204991
v -51.722301 0.391899 -1.936659
v -51.950336 0.391899 -1.936659
v -51.950336 0.306345 -2.204991
v -51.950336 0.832710 -2.204991
v -51.950336 0.832710 -1.936659
v -51.722301 0.832710 -1.936659
v -51.722301 0.832710 -2.204991
v -51.722301 0.337457 -1.894967
v -51.722301 0.391899 -1.454440
v -51.950336 0.391899 -1.454440
v -51.950336 0.337457 -1.894967
v -51.950336 0.832710 -1.887188
v -51.950336 0.832710 -1.454440
v -51.722301 0.832710 -1.454440
v -51.722301 0.832710 -1.887188
v -51.722301 0.391899 -1.936659
v -51.950336 0.391899 -1.936659
v -51.722301 0.391899 -1.454440
v -51.722301 0.337457 -0.952775
v -51.950336 0.337457 -0.952775
v -51.950336 0.391899 -1.454440
v -51.950336 0.832710 -0.952775
v -51.722301 0.832710 -0.952775
v -51.722301 0.337457 -0.952775
v -51.722301 0.267457 -0.762218
v -51.950336 0.267457 -0.762218
v -51.950336 0.337457 -0.952775
v -51.950336 0.832710 -0.762218
v -51.722301 0.832710 -0.762218
v -51.722301 0.267457 -0.762218
v -51.722301 0.306345 -0.563885
v -51.950336 0.306345 -0.563885
v -51.950336 0.267457 -0.762218
v -51.950336 0.832710 -0.563885
v -51.722301 0.832710 -0.563885
v -51.722301 0.306345 -0.563885
v -51.722301 0.271345 -0.272221
v -51.950336 0.271345 -0.272221
v -51.950336 0.306345 -0.563885
v -51.950336 0.832710 -0.272221
v -51.722301 0.832710 -0.272221
v -51.722301 0.271345 -0.272221
v -51.722301 0.306345 -0.116666
v -51.950336 0.306345 -0.116666
v -51.950336 0.271345 -0.272221
v -51.950336 0.832710 -0.116666
v -51.722301 0.832710 -0.116666
v -51.722301 0.306345 -0.116666
v -51.722301 0.426903 -0.000000
v -51.950336 0.426903 -0.000000
v -51.950336 0.306345 -0.116666
v -51.950336 0.832710 -0.000000
v -51.722301 0.832710 -0.000000
v -51.722301 2.718077 -2.329549
v -51.950336 2.718077 -2.329549
v -51.950336 2.718077 -2.760163
v -51.950336 2.718077 -2.882673
v -51.950336 2.263078 -2.836007
v -51.950336 2.718077 -2.882673
v -51.722301 2.718077 -2.882673
v -51.722301 2.263078 -2.836007
v -51.722301 3.075854 -2.329549
v -51.950336 3.075854 -2.329549
v -51.950336 3.075854 -2.822387
v -51.950336 3.075854 -2.972115
v -51.950336 2.718077 -2.882673
v -51.950336 3.075854 -2.972115
v -51.722301 3.075854 -2.972115
v -51.722301 2.718077 -2.882673
v -51.722301 3.215854 -2.329549
v -51.950336 3.215854 -2.329549
v -51.950336 3.215854 -2.799050
v -51.950336 3.215854 -2.937115
v -51.950336 3.075854 -2.972115
v -51.950336 3.215854 -2.937115
v -51.722301 3.215854 -2.937115
v -51.722301 3.075854 -2.972115
v -51.722301 3.573630 -2.329549
v -51.950336 3.573630 -2.329549
v -51.950336 3.573630 -2.822387
v -51.950336 3.573630 -2.964339
v -51.950336 3.215854 -2.937115
v -51.950336 3.573630 -2.964339
v -51.722301 3.573630 -2.964339
v -51.722301 3.215854 -2.937115
v -51.722301 3.736963 -2.329549
v -51.950336 3.736963 -2.329549
v -51.950336 3.736963 -2.764050
v -51.950336 3.736963 -2.921561
v -51.950336 3.573630 -2.964339
v -51.950336 3.736963 -2.921561
v -51.722301 3.736963 -2.921561
v -51.722301 3.573630 -2.964339
v -51.722301 3.834184 -2.329549
v -51.950336 3.834184 -2.329549
v -51.950336 3.834184 -2.666830
v -51.950336 3.834184 -2.824340
v -51.950336 3.736963 -2.921561
v -51.950336 3.834184 -2.824340
v -51.722301 3.834184 -2.824340
v -51.722301 3.736963 -2.921561
v -51.722301 1.799309 2.828933
v -51.950336 1.799309 2.828933
v -51.950336 1.300233 2.885346
v -51.722301 1.300233 2.885346
v -51.722301 1.139879 2.329549
v -51.950336 1.139879 2.329549
v -51.950336 1.722072 2.329549
v -51.722301 1.722072 2.329549
v -51.722301 2.263078 2.836007
v -51.950336 2.263078 2.836007
v -51.950336 2.263078 2.329549
v -51.722301 2.263078 2.329549
v -51.722301 1.300233 2.885346
v -51.950336 1.300233 2.885346
v -51.950336 1.271292 2.785045
v -51.722301 1.271292 2.785045
v -51.950336 1.799309 2.828933
v -51.950336 1.785372 2.738815
v -51.950336 1.271292 2.785045
v -51.950336 1.300233 2.885346
v -51.950336 2.263078 2.836007
v -51.950336 2.263078 2.744609
v -51.722301 1.271292 2.785045
v -51.950336 1.271292 2.785045
v -51.950336 0.887254 2.981428
v -51.722301 0.887254 2.981428
v -51.722301 0.887254 2.981428
v -51.950336 0.887254 2.981428
v -51.950336 0.695235 3.029433
v -51.722301 0.695235 3.029433
v -51.722301 0.695235 3.029433
v -51.950336 0.695235 3.029433
v -51.950336 0.559123 2.908880
v -51.722301 0.559123 2.908880
v -51.722301 0.296824 2.930493
v -51.950336 0.296624 2.930267
v -51.950336 0.213012 2.675547
v -51.722301 0.213012 2.675547
v -51.722301 0.329678 2.644435
v -51.950336 0.329678 2.644435
v -51.950336 0.197458 2.527769
v -51.722301 0.197458 2.527769
v -51.722301 0.197458 2.527769
v -51.950336 0.197458 2.527769
v -51.950336 0.306345 2.204991
v -51.722301 0.306345 2.204991
v -51.950336 0.832710 2.329549
v -51.722301 0.832688 2.329873
v -51.722301 0.832710 2.204991
v -51.950336 0.832710 2.204991
v -51.722301 0.559123 2.908880
v -51.950336 0.559123 2.908880
v -51.950336 0.520236 3.021654
v -51.722301 0.520236 3.021654
v -51.950336 0.296624 2.930267
v -51.950336 0.408017 2.801691
v -51.950336 0.329678 2.644435
v -51.950336 0.213012 2.675547
v -51.950336 0.329678 2.644435
v -51.722301 0.329678 2.644435
v -51.722301 0.213012 2.675547
v -51.950336 0.213012 2.675547
v -51.950336 1.139879 2.329549
v -51.722301 1.139879 2.329549
v -51.722301 0.832688 2.329873
v -51.950336 0.832710 2.329549
v -51.722301 0.520236 3.021654
v -51.950336 0.520236 3.021654
v -51.950336 0.559123 2.908880
v -51.950336 0.520236 3.021654
v -51.722301 0.306345 2.204991
v -51.950336 0.306345 2.204991
v -51.950336 0.391899 1.936659
v -51.722301 0.391899 1.936659
v -51.950336 0.832710 2.204991
v -51.722301 0.832710 2.204991
v -51.722301 0.832710 1.936659
v -51.950336 0.832710 1.936659
v -51.722301 0.337457 1.894967
v -51.950336 0.337457 1.894967
v -51.950336 0.391899 1.454440
v -51.722301 0.391899 1.454440
v -51.950336 0.832710 1.887188
v -51.722301 0.832710 1.887188
v -51.722301 0.832710 1.454440
v -51.950336 0.832710 1.454440
v -51.722301 0.391899 1.936659
v -51.950336 0.391899 1.936659
v -51.722301 0.391899 1.454440
v -51.950336 0.391899 1.454440
v -51.950336 0.337457 0.952775
v -51.722301 0.337457 0.952775
v -51.722301 0.832710 0.952775
v -51.950336 0.832710 0.952775
v -51.722301 0.337457 0.952775
v -51.950336 0.337457 0.952775
v -51.950336 0.267457 0.762218
v -51.722301 0.267457 0.762218
v -51.722301 0.832710 0.762218
v -51.950336 0.832710 0.762218
v -51.722301 0.267457 0.762218
v -51.950336 0.267457 0.762218
v -51.950336 0.306345 0.563885
v -51.722301 0.306345 0.563885
v -51.722301 0.832710 0.563885
v -51.950336 0.832710 0.563885
v -51.722301 0.306345 0.563885
v -51.950336 0.306345 0.563885
v -51.950336 0.271345 0.272222
v -51.722301 0.271345 0.272222
v -51.722301 0.832710 0.272222
v -51.950336 0.832710 0.272222
v -51.722301 0.271345 0.272222
v -51.950336 0.271345 0.272222
v -51.950336 0.306345 0.116667
v -51.722301 0.306345 0.116667
v -51.722301 0.832710 0.116667
v -51.950336 0.832710 0.116667
v -51.722301 0.306345 0.116667
v -51.950336 0.306345 0.116667
v -51.950336 0.426903 -0.000000
v -51.722301 0.426903 -0.000000
v -51.950336 2.718077 2.329549
v -51.722301 2.718077 2.329549
v -51.950336 2.718077 2.882673
v -51.950336 2.718077 2.760163
v -51.950336 2.263078 2.836007
v -51.722301 2.263078 2.836007
v -51.722301 2.718077 2.882673
v -51.950336 2.718077 2.882673
v -51.950336 3.075854 2.329549
v -51.722301 3.075854 2.329549
v -51.950336 3.075854 2.972119
v -51.950336 3.075854 2.822387
v -51.950336 2.718077 2.882673
v -51.722301 2.718077 2.882673
v -51.722301 3.075854 2.972119
v -51.950336 3.075854 2.972119
v -51.950336 3.215854 2.329549
v -51.722301 3.215854 2.329549
v -51.950336 3.215854 2.937119
v -51.950336 3.215854 2.799054
v -51.950336 3.075854 2.972119
v -51.722301 3.075854 2.972119
v -51.722301 3.215854 2.937119
v -51.950336 3.215854 2.937119
v -51.950336 3.573630 2.329549
v -51.722301 3.573630 2.329549
v -51.950336 3.573630 2.964339
v -51.950336 3.573630 2.822387
v -51.950336 3.215854 2.937119
v -51.722301 3.215854 2.937119
v -51.722301 3.573630 2.964339
v -51.950336 3.573630 2.964339
v -51.950336 3.736963 2.329549
v -51.722301 3.736963 2.329549
v -51.950336 3.736963 2.921561
v -51.950336 3.736963 2.764054
v -51.950336 3.573630 2.964339
v -51.722301 3.573630 2.964339
v -51.722301 3.736963 2.921561
v -51.950336 3.736963 2.921561
v -51.950336 3.834184 2.329549
v -51.722301 3.834184 2.329549
v -51.950336 3.736963 2.921561
v -51.950336 3.834184 2.824340
v -51.950336 3.834184 2.666830
v -51.950336 3.736963 2.921561
v -51.722301 3.736963 2.921561
v -51.722301 3.834184 2.824340
v -51.950336 3.834184 2.824340
v -51.722301 5.869061 2.828933
v -51.722301 6.368135 2.885346
v -51.950336 6.368135 2.885346
v -51.950336 5.869061 2.828933
v -51.722301 6.528490 2.329549
v -51.722301 5.946297 2.329549
v -51.950336 5.946297 2.329549
v -51.950336 6.528490 2.329549
v -51.722301 5.405291 2.836007
v -51.950336 5.405291 2.836007
v -51.722301 5.405291 2.329549
v -51.950336 5.405291 2.329549
v -51.722301 6.368135 2.885346
v -51.722301 6.397077 2.785045
v -51.950336 6.397077 2.785045
v -51.950336 6.368135 2.885346
v -51.950336 5.869061 2.828933
v -51.950336 6.368135 2.885346
v -51.950336 6.397077 2.785045
v -51.950336 5.882997 2.738815
v -51.950336 5.405291 2.836007
v -51.950336 5.405291 2.744609
v -51.722301 6.397077 2.785045
v -51.722301 6.781115 2.981428
v -51.950336 6.781115 2.981428
v -51.950336 6.397077 2.785045
v -51.722301 6.781115 2.981428
v -51.722301 6.973134 3.029433
v -51.950336 6.973134 3.029433
v -51.950336 6.781115 2.981428
v -51.722301 6.973134 3.029433
v -51.722301 7.109246 2.908880
v -51.950336 7.109246 2.908880
v -51.950336 6.973134 3.029433
v -51.722301 7.371545 2.930493
v -51.722301 7.455357 2.675547
v -51.950336 7.455357 2.675547
v -51.950336 7.371745 2.930267
v -51.722301 7.338691 2.644435
v -51.722301 7.470911 2.527769
v -51.950336 7.470911 2.527769
v -51.950336 7.338691 2.644435
v -51.722301 7.470911 2.527769
v -51.722301 7.362024 2.204991
v -51.950336 7.362024 2.204991
v -51.950336 7.470911 2.527769
v -51.950336 6.835662 2.329549
v -51.950336 6.835662 2.204991
v -51.722301 6.835662 2.204991
v -51.722301 6.835680 2.329873
v -51.722301 7.109246 2.908880
v -51.722301 7.148133 3.021654
v -51.950336 7.148133 3.021654
v -51.950336 7.109246 2.908880
v -51.950336 7.371745 2.930267
v -51.950336 7.455357 2.675547
v -51.950336 7.338691 2.644435
v -51.950336 7.260352 2.801691
v -51.950336 7.338691 2.644435
v -51.950336 7.455357 2.675547
v -51.722301 7.455357 2.675547
v -51.722301 7.338691 2.644435
v -51.950336 6.528490 2.329549
v -51.950336 6.835662 2.329549
v -51.722301 6.835680 2.329873
v -51.722301 6.528490 2.329549
v -51.722301 7.148133 3.021654
v -51.950336 7.148133 3.021654
v -51.950336 7.109246 2.908880
v -51.950336 7.148133 3.021654
v -51.722301 7.362024 2.204991
v -51.722301 7.276470 1.936659
v -51.950336 7.276470 1.936659
v -51.950336 7.362024 2.204991
v -51.950336 6.835662 2.204991
v -51.950336 6.835662 1.936659
v -51.722301 6.835662 1.936659
v -51.722301 6.835662 2.204991
v -51.722301 7.330912 1.894967
v -51.722301 7.276470 1.454440
v -51.950336 7.276470 1.454440
v -51.950336 7.330912 1.894967
v -51.950336 6.835662 1.887188
v -51.950336 6.835662 1.454440
v -51.722301 6.835662 1.454440
v -51.722301 6.835662 1.887188
v -51.722301 7.276470 1.936659
v -51.950336 7.276470 1.936659
v -51.722301 7.276470 1.454440
v -51.722301 7.330912 0.952775
v -51.950336 7.330912 0.952775
v -51.950336 7.276470 1.454440
v -51.950336 6.835662 0.952775
v -51.722301 6.835662 0.952775
v -51.722301 7.330912 0.952775
v -51.722301 7.400911 0.762218
v -51.950336 7.400911 0.762218
v -51.950336 7.330912 0.952775
v -51.950336 6.835662 0.762218
v -51.722301 6.835662 0.762218
v -51.722301 7.400911 0.762218
v -51.722301 7.362024 0.563885
v -51.950336 7.362024 0.563885
v -51.950336 7.400911 0.762218
v -51.950336 6.835662 0.563885
v -51.722301 6.835662 0.563885
v -51.722301 7.362024 0.563885
v -51.722301 7.397024 0.272222
v -51.950336 7.397024 0.272222
v -51.950336 7.362024 0.563885
v -51.950336 6.835662 0.272222
v -51.722301 6.835662 0.272222
v -51.722301 7.397024 0.272222
v -51.722301 7.362024 0.116667
v -51.950336 7.362024 0.116667
v -51.950336 7.397024 0.272222
v -51.950336 6.835662 0.116667
v -51.722301 6.835662 0.116667
v -51.722301 7.362024 0.116667
v -51.722301 7.241467 -0.000000
v -51.950336 7.241467 -0.000000
v -51.950336 7.362024 0.116667
v -51.950336 6.835662 -0.000000
v -51.722301 6.835662 -0.000000
v -51.722301 4.950292 2.329549
v -51.950336 4.950292 2.329549
v -51.950336 4.950292 2.760163
v -51.950336 4.950292 2.882673
v -51.950336 5.405291 2.836007
v -51.950336 4.950292 2.882673
v -51.722301 4.950292 2.882673
v -51.722301 5.405291 2.836007
v -51.722301 4.592515 2.329549
v -51.950336 4.592515 2.329549
v -51.950336 4.592515 2.822387
v -51.950336 4.592515 2.972119
v -51.950336 4.950292 2.882673
v -51.950336 4.592515 2.972119
v -51.722301 4.592515 2.972119
v -51.722301 4.950292 2.882673
v -51.722301 4.452515 2.329549
v -51.950336 4.452515 2.329549
v -51.950336 4.452515 2.799054
v -51.950336 4.452515 2.937119
v -51.950336 4.592515 2.972119
v -51.950336 4.452515 2.937119
v -51.722301 4.452515 2.937119
v -51.722301 4.592515 2.972119
v -51.722301 4.094739 2.329549
v -51.950336 4.094739 2.329549
v -51.950336 4.094739 2.822387
v -51.950336 4.094739 2.964339
v -51.950336 4.452515 2.937119
v -51.950336 4.094739 2.964339
v -51.722301 4.094739 2.964339
v -51.722301 4.452515 2.937119
v -51.722301 3.931406 2.329549
v -51.950336 3.931406 2.329549
v -51.950336 3.931406 2.764054
v -51.950336 3.931406 2.921561
v -51.950336 4.094739 2.964339
v -51.950336 3.931406 2.921561
v -51.722301 3.931406 2.921561
v -51.722301 4.094739 2.964339
v -51.950336 3.834184 2.666830
v -51.950336 3.834184 2.824340
v -51.950336 3.931406 2.921561
v -51.950336 3.931406 2.921561
v -51.950336 3.834184 2.824340
v -51.722301 3.834184 2.824340
v -51.722301 3.931406 2.921561
v -51.722301 5.869061 -2.828933
v -51.950336 5.869061 -2.828933
v -51.950336 6.368135 -2.885346
v -51.722301 6.368135 -2.885346
v -51.722301 6.528490 -2.329549
v -51.950336 6.528490 -2.329549
v -51.950336 5.946297 -2.329549
v -51.722301 5.946297 -2.329549
v -51.722301 5.405291 -2.836007
v -51.950336 5.405291 -2.836007
v -51.950336 5.405291 -2.329549
v -51.722301 5.405291 -2.329549
v -51.722301 6.368135 -2.885346
v -51.950336 6.368135 -2.885346
v -51.950336 6.397077 -2.785045
v -51.722301 6.397077 -2.785045
v -51.950336 5.869061 -2.828933
v -51.950336 5.882997 -2.738811
v -51.950336 6.397077 -2.785045
v -51.950336 6.368135 -2.885346
v -51.950336 5.405291 -2.836007
v -51.950336 5.405291 -2.744609
v -51.722301 6.397077 -2.785045
v -51.950336 6.397077 -2.785045
v -51.950336 6.781115 -2.981428
v -51.722301 6.781115 -2.981428
v -51.722301 6.781115 -2.981428
v -51.950336 6.781115 -2.981428
v -51.950336 6.973134 -3.029433
v -51.722301 6.973134 -3.029433
v -51.722301 6.973134 -3.029433
v -51.950336 6.973134 -3.029433
v -51.950336 7.109246 -2.908876
v -51.722301 7.109246 -2.908876
v -51.722301 7.371545 -2.930493
v -51.950336 7.371745 -2.930267
v -51.950336 7.455357 -2.675544
v -51.722301 7.455357 -2.675544
v -51.722301 7.338691 -2.644435
v -51.950336 7.338691 -2.644435
v -51.950336 7.470911 -2.527769
v -51.722301 7.470911 -2.527769
v -51.722301 7.470911 -2.527769
v -51.950336 7.470911 -2.527769
v -51.950336 7.362024 -2.204991
v -51.722301 7.362024 -2.204991
v -51.950336 6.835662 -2.329549
v -51.722301 6.835680 -2.329873
v -51.722301 6.835662 -2.204991
v -51.950336 6.835662 -2.204991
v -51.722301 7.109246 -2.908876
v -51.950336 7.109246 -2.908876
v -51.950336 7.148133 -3.021654
v -51.722301 7.148133 -3.021654
v -51.950336 7.371745 -2.930267
v -51.950336 7.260352 -2.801691
v -51.950336 7.338691 -2.644435
v -51.950336 7.455357 -2.675544
v -51.950336 7.338691 -2.644435
v -51.722301 7.338691 -2.644435
v -51.722301 7.455357 -2.675544
v -51.950336 7.455357 -2.675544
v -51.950336 6.528490 -2.329549
v -51.722301 6.528490 -2.329549
v -51.722301 6.835680 -2.329873
v -51.950336 6.835662 -2.329549
v -51.722301 7.148133 -3.021654
v -51.950336 7.148133 -3.021654
v -51.950336 7.109246 -2.908876
v -51.950336 7.148133 -3.021654
v -51.722301 7.362024 -2.204991
v -51.950336 7.362024 -2.204991
v -51.950336 7.276470 -1.936659
v -51.722301 7.276470 -1.936659
v -51.950336 6.835662 -2.204991
v -51.722301 6.835662 -2.204991
v -51.722301 6.835662 -1.936659
v -51.950336 6.835662 -1.936659
v -51.722301 7.330912 -1.894967
v -51.950336 7.330912 -1.894967
v -51.950336 7.276470 -1.454440
v -51.722301 7.276470 -1.454440
v -51.950336 6.835662 -1.887188
v -51.722301 6.835662 -1.887188
v -51.722301 6.835662 -1.454440
v -51.950336 6.835662 -1.454440
v -51.722301 7.276470 -1.936659
v -51.950336 7.276470 -1.936659
v -51.722301 7.276470 -1.454440
v -51.950336 7.276470 -1.454440
v -51.950336 7.330912 -0.952775
v -51.722301 7.330912 -0.952775
v -51.722301 6.835662 -0.952775
v -51.950336 6.835662 -0.952775
v -51.722301 7.330912 -0.952775
v -51.950336 7.330912 -0.952775
v -51.950336 7.400911 -0.762218
v -51.722301 7.400911 -0.762218
v -51.722301 6.835662 -0.762218
v -51.950336 6.835662 -0.762218
v -51.722301 7.400911 -0.762218
v -51.950336 7.400911 -0.762218
v -51.950336 7.362024 -0.563885
v -51.722301 7.362024 -0.563885
v -51.722301 6.835662 -0.563885
v -51.950336 6.835662 -0.563885
v -51.722301 7.362024 -0.563885
v -51.950336 7.362024 -0.563885
v -51.950336 7.397024 -0.272221
v -51.722301 7.397024 -0.272221
v -51.722301 6.835662 -0.272221
v -51.950336 6.835662 -0.272221
v -51.722301 7.397024 -0.272221
v -51.950336 7.397024 -0.272221
v -51.950336 7.362024 -0.116666
v -51.722301 7.362024 -0.116666
v -51.722301 6.835662 -0.116666
v -51.950336 6.835662 -0.116666
v -51.722301 7.362024 -0.116666
v -51.950336 7.362024 -0.116666
v -51.950336 7.241467 -0.000000
v -51.722301 7.241467 -0.000000
v -51.950336 4.950292 -2.329549
v -51.722301 4.950292 -2.329549
v -51.950336 4.950292 -2.882673
v -51.950336 4.950292 -2.760163
v -51.950336 5.405291 -2.836007
v -51.722301 5.405291 -2.836007
v -51.722301 4.950292 -2.882673
v -51.950336 4.950292 -2.882673
v -51.950336 4.592515 -2.329549
v -51.722301 4.592515 -2.329549
v -51.950336 4.592515 -2.972115
v -51.950336 4.592515 -2.822387
v -51.950336 4.950292 -2.882673
v -51.722301 4.950292 -2.882673
v -51.722301 4.592515 -2.972115
v -51.950336 4.592515 -2.972115
v -51.950336 4.452515 -2.329549
v -51.722301 4.452515 -2.329549
v -51.950336 4.452515 -2.937115
v -51.950336 4.452515 -2.799050
v -51.950336 4.592515 -2.972115
v -51.722301 4.592515 -2.972115
v -51.722301 4.452515 -2.937115
v -51.950336 4.452515 -2.937115
v -51.950336 4.094739 -2.329549
v -51.722301 4.094739 -2.329549
v -51.950336 4.094739 -2.964339
v -51.950336 4.094739 -2.822387
v -51.950336 4.452515 -2.937115
v -51.722301 4.452515 -2.937115
v -51.722301 4.094739 -2.964339
v -51.950336 4.094739 -2.964339
v -51.950336 3.931406 -2.329549
v -51.722301 3.931406 -2.329549
v -51.950336 3.931406 -2.921561
v -51.950336 3.931406 -2.764050
v -51.950336 4.094739 -2.964339
v -51.722301 4.094739 -2.964339
v -51.722301 3.931406 -2.921561
v -51.950336 3.931406 -2.921561
v -51.950336 3.931406 -2.921561
v -51.722301 3.931406 -2.921561
v -51.722301 3.834184 -2.824340
v -51.950336 3.834184 -2.824340
v -51.922131 6.908575 -2.731076
v -51.921776 6.909564 -2.617465
v -51.921837 6.990943 -2.598852
v -51.921539 6.999158 -2.710492
v -51.924828 6.520045 -2.640704
v -51.924397 6.568632 -2.531373
v -51.927200 5.987185 -2.629343
v -51.924156 5.988781 -2.518488
v -51.927689 5.439163 -2.632321
v -51.924011 5.444665 -2.521408
v -51.927078 4.988878 -2.638114
v -51.923885 4.984277 -2.527325
v -51.925411 4.617586 -2.664059
v -51.923206 4.617423 -2.552935
v -51.925686 4.471953 -2.654341
v -51.923439 4.474201 -2.543381
v -51.925240 4.101584 -2.664128
v -51.923206 4.107212 -2.552938
v -51.927082 3.934205 -2.640936
v -51.923851 3.950359 -2.528838
v -51.932693 3.834707 -2.603140
v -51.925995 3.834906 -2.483888
v -51.926941 3.735533 -2.640176
v -51.923645 3.720427 -2.530373
v -51.925228 3.568269 -2.664062
v -51.923199 3.563171 -2.553022
v -51.925705 3.198423 -2.654341
v -51.923443 3.196175 -2.543377
v -51.925400 3.052794 -2.664059
v -51.923206 3.052954 -2.552938
v -51.927074 2.681499 -2.638114
v -51.923885 2.686099 -2.527325
v -51.927673 2.230526 -2.632245
v -51.924011 2.225267 -2.521394
v -51.927208 1.683192 -2.629339
v -51.924156 1.681595 -2.518488
v -51.924385 1.147727 -2.638198
v -51.923935 1.102217 -2.534937
v -51.922146 0.765078 -2.730312
v -51.921814 0.757535 -2.618225
v -51.921654 0.669479 -2.721188
v -51.921780 0.671534 -2.609406
v -51.927135 0.808744 2.860442
v -51.921501 0.798852 2.741659
v -51.920963 0.672364 2.691694
v -51.923634 0.657776 2.807277
v -51.929913 1.190386 2.723621
v -51.922855 1.124379 2.616196
v -51.934185 1.742528 2.698633
v -51.923382 1.693985 2.587934
v -51.937485 2.244618 2.711798
v -51.922279 2.222780 2.601485
v -51.935863 2.703435 2.720682
v -51.922390 2.687485 2.608355
v -51.932034 3.063446 2.759657
v -51.921520 3.052994 2.649763
v -51.933449 3.206613 2.745605
v -51.921772 3.195575 2.634819
v -51.932339 3.569788 2.760701
v -51.921528 3.561523 2.649690
v -51.936581 3.736123 2.725930
v -51.922073 3.712610 2.613530
v -51.950336 3.834184 2.666830
v -51.924774 3.834942 2.540992
v -51.935963 3.933136 2.724214
v -51.921753 3.956500 2.616748
v -51.932312 4.099656 2.760607
v -51.921516 4.108843 2.649802
v -51.933250 4.462880 2.744969
v -51.921722 4.474787 2.635325
v -51.932331 4.605789 2.760679
v -51.921635 4.617379 2.648501
v -51.935474 4.966207 2.719628
v -51.922310 4.982943 2.609159
v -51.937435 5.424583 2.711674
v -51.922260 5.447280 2.601674
v -51.933651 5.928248 2.697302
v -51.923248 5.976366 2.589222
v -51.928501 6.484867 2.719377
v -51.922237 6.544782 2.622655
v -51.927322 6.860359 2.861409
v -51.922234 6.864272 2.738172
v -51.923481 7.009512 2.789758
v -51.921379 6.992343 2.669074
v -51.923222 7.249176 2.491921
v -51.921280 7.137380 2.481968
v -51.921135 7.122240 2.539144
v -51.926605 7.224185 2.583378
v -51.924725 7.203335 2.263364
v -51.922379 7.093953 2.282002
v -51.928459 7.171270 1.974863
v -51.924320 7.055884 1.970800
v -51.925953 7.190672 1.933131
v -51.922771 7.079883 1.936975
v -51.927540 7.168604 1.498189
v -51.923248 7.057681 1.498557
v -51.926254 7.190941 0.986051
v -51.922707 7.080462 0.975577
v -51.924374 7.220075 0.779107
v -51.922180 7.109126 0.782380
v -51.925140 7.204150 0.578821
v -51.922470 7.093084 0.580505
v -51.924480 7.218649 0.277609
v -51.922203 7.107544 0.279933
v -51.925446 7.205444 0.117862
v -51.922546 7.092412 0.132124
v -51.930519 7.158200 -0.001205
v -51.924236 7.038483 -0.001587
v -51.925278 7.204382 -0.120918
v -51.922325 7.094419 -0.135754
v -51.924500 7.218646 -0.281731
v -51.922203 7.107544 -0.284055
v -51.925110 7.204153 -0.582942
v -51.922470 7.093088 -0.584626
v -51.924488 7.220893 -0.782173
v -51.922272 7.108206 -0.786471
v -51.926273 7.190938 -0.990175
v -51.922707 7.080458 -0.979698
v -51.927505 7.168608 -1.502314
v -51.923252 7.057684 -1.502681
v -51.926537 7.194029 -1.935113
v -51.923607 7.072493 -1.939641
v -51.928654 7.172212 -1.977157
v -51.923359 7.054579 -1.973630
v -51.924675 7.203339 -2.267484
v -51.922379 7.093957 -2.286123
v -51.923725 7.253300 -2.495824
v -51.921410 7.141256 -2.463995
v -51.925663 7.205830 -2.581152
v -51.921253 7.111573 -2.522463
v -51.926418 0.348215 -2.513487
v -51.921249 0.470936 -2.482273
v -51.920971 0.515264 -2.534016
v -51.928253 0.424491 -2.599128
v -51.926991 0.413327 -2.265917
v -51.921585 0.521996 -2.287788
v -51.932941 0.453229 -1.969146
v -51.924053 0.571208 -1.965374
v -51.930542 0.422647 -1.928825
v -51.921909 0.541023 -1.918053
v -51.931488 0.458356 -1.481162
v -51.922646 0.570226 -1.502735
v -51.929382 0.427644 -0.972679
v -51.922050 0.541139 -0.978119
v -51.926762 0.392492 -0.780420
v -51.921364 0.503230 -0.786035
v -51.928024 0.412279 -0.576981
v -51.921669 0.523654 -0.584847
v -51.926926 0.394201 -0.279590
v -51.921383 0.505114 -0.284347
v -51.928383 0.410577 -0.120391
v -51.921692 0.523872 -0.139556
v -51.936287 0.469409 -0.000854
v -51.923588 0.593403 -0.001626
v -51.928120 0.411828 0.117734
v -51.921452 0.521312 0.134658
v -51.926956 0.394048 0.276739
v -51.921391 0.505205 0.280227
v -51.927959 0.412585 0.574301
v -51.921627 0.523192 0.580716
v -51.927025 0.391081 0.777379
v -51.921478 0.504507 0.781860
v -51.929131 0.428710 0.970337
v -51.921913 0.539732 0.974163
v -51.931240 0.456887 1.498146
v -51.922371 0.567607 1.498604
v -51.930233 0.423975 1.926909
v -51.922878 0.539521 1.915718
v -51.933422 0.451538 1.966196
v -51.922516 0.572673 1.961603
v -51.927067 0.413337 2.261797
v -51.921570 0.521999 2.283664
v -51.925903 0.351462 2.510207
v -51.920719 0.464317 2.481466
v -51.930000 0.403158 2.608438
v -51.920582 0.500492 2.556081
v -51.924351 0.576885 -2.708088
v -51.921196 0.609466 -2.600834
v -51.925232 0.497706 -2.670194
v -51.920906 0.560512 -2.577490
v -51.920532 0.595287 2.661240
v -51.927670 0.535444 2.755417
v -51.920704 0.541983 2.613755
v -51.927711 0.468325 2.702517
v -51.920898 7.098299 2.592452
v -51.925480 7.176497 2.671096
v -51.920788 7.057095 2.637987
v -51.926071 7.128266 2.724217
v -51.924244 7.154262 -2.648541
v -51.921204 7.083683 -2.562289
v -51.924061 7.092215 -2.688817
v -51.921322 7.047040 -2.585862
v -51.924156 1.681595 -2.518488
v -51.923935 1.102217 -2.534937
v -51.950336 1.139879 -2.329549
v -51.950336 1.722072 -2.329549
v -51.924011 2.225267 -2.521394
v -51.950336 2.263078 -2.329549
v -51.921814 0.757535 -2.618225
v -51.950336 0.832710 -2.329549
v -51.921780 0.671534 -2.609406
v -51.921196 0.609466 -2.600834
v -51.920906 0.560512 -2.577490
v -51.920971 0.515264 -2.534016
v -51.921249 0.470936 -2.482273
v -51.921585 0.521996 -2.287788
v -51.950336 0.832710 -2.204991
v -51.924053 0.571208 -1.965374
v -51.950336 0.832710 -1.936659
v -51.921909 0.541023 -1.918053
v -51.922646 0.570226 -1.502735
v -51.950336 0.832710 -1.454440
v -51.950336 0.832710 -1.887188
v -51.922050 0.541139 -0.978119
v -51.950336 0.832710 -0.952775
v -51.921364 0.503230 -0.786035
v -51.950336 0.832710 -0.762218
v -51.921669 0.523654 -0.584847
v -51.950336 0.832710 -0.563885
v -51.921383 0.505114 -0.284347
v -51.950336 0.832710 -0.272221
v -51.921692 0.523872 -0.139556
v -51.950336 0.832710 -0.116666
v -51.923588 0.593403 -0.001626
v -51.950336 0.832710 -0.000000
v -51.950336 2.718077 -2.329549
v -51.923885 2.686099 -2.527325
v -51.950336 3.075854 -2.329549
v -51.923206 3.052954 -2.552938
v -51.950336 3.215854 -2.329549
v -51.923443 3.196175 -2.543377
v -51.950336 3.573630 -2.329549
v -51.923199 3.563171 -2.553022
v -51.950336 3.736963 -2.329549
v -51.923645 3.720427 -2.530373
v -51.950336 3.834184 -2.329549
v -51.925995 3.834906 -2.483888
v -51.922855 1.124379 2.616196
v -51.923382 1.693985 2.587934
v -51.950336 1.722072 2.329549
v -51.950336 1.139879 2.329549
v -51.922279 2.222780 2.601485
v -51.950336 2.263078 2.329549
v -51.921501 0.798852 2.741659
v -51.950336 0.832710 2.329549
v -51.950336 0.887254 2.981428
v -51.927135 0.808744 2.860442
v -51.923634 0.657776 2.807277
v -51.950336 0.695235 3.029433
v -51.927670 0.535444 2.755417
v -51.927711 0.468325 2.702517
v -51.930000 0.403158 2.608438
v -51.925903 0.351462 2.510207
v -51.950336 0.197458 2.527769
v -51.921570 0.521999 2.283664
v -51.920719 0.464317 2.481466
v -51.950336 0.832710 2.204991
v -51.922516 0.572673 1.961603
v -51.950336 0.832710 1.936659
v -51.922371 0.567607 1.498604
v -51.922878 0.539521 1.915718
v -51.950336 0.832710 1.887188
v -51.950336 0.832710 1.454440
v -51.921913 0.539732 0.974163
v -51.950336 0.832710 0.952775
v -51.921478 0.504507 0.781860
v -51.950336 0.832710 0.762218
v -51.921627 0.523192 0.580716
v -51.950336 0.832710 0.563885
v -51.921391 0.505205 0.280227
v -51.950336 0.832710 0.272222
v -51.921452 0.521312 0.134658
v -51.950336 0.832710 0.116667
v -51.922390 2.687485 2.608355
v -51.950336 2.718077 2.329549
v -51.921520 3.052994 2.649763
v -51.950336 3.075854 2.329549
v -51.921772 3.195575 2.634819
v -51.950336 3.215854 2.329549
v -51.921528 3.561523 2.649690
v -51.950336 3.573630 2.329549
v -51.922073 3.712610 2.613530
v -51.950336 3.736963 2.329549
v -51.924774 3.834942 2.540992
v -51.950336 3.834184 2.329549
v -51.923248 5.976366 2.589222
v -51.922237 6.544782 2.622655
v -51.950336 6.528490 2.329549
v -51.950336 5.946297 2.329549
v -51.922260 5.447280 2.601674
v -51.950336 5.405291 2.329549
v -51.922234 6.864272 2.738172
v -51.950336 6.835662 2.329549
v -51.950336 6.781115 2.981428
v -51.950336 6.973134 3.029433
v -51.923481 7.009512 2.789758
v -51.927322 6.860359 2.861409
v -51.926071 7.128266 2.724217
v -51.926605 7.224185 2.583378
v -51.925480 7.176497 2.671096
v -51.950336 7.470911 2.527769
v -51.923222 7.249176 2.491921
v -51.921280 7.137380 2.481968
v -51.922379 7.093953 2.282002
v -51.950336 6.835662 2.204991
v -51.924320 7.055884 1.970800
v -51.950336 6.835662 1.936659
v -51.922771 7.079883 1.936975
v -51.923248 7.057681 1.498557
v -51.950336 6.835662 1.454440
v -51.950336 6.835662 1.887188
v -51.922707 7.080462 0.975577
v -51.950336 6.835662 0.952775
v -51.922180 7.109126 0.782380
v -51.950336 6.835662 0.762218
v -51.922470 7.093084 0.580505
v -51.950336 6.835662 0.563885
v -51.922203 7.107544 0.279933
v -51.950336 6.835662 0.272222
v -51.922546 7.092412 0.132124
v -51.950336 6.835662 0.116667
v -51.924236 7.038483 -0.001587
v -51.950336 6.835662 -0.000000
v -51.950336 4.950292 2.329549
v -51.922310 4.982943 2.609159
v -51.950336 4.592515 2.329549
v -51.921635 4.617379 2.648501
v -51.950336 4.452515 2.329549
v -51.921722 4.474787 2.635325
v -51.950336 4.094739 2.329549
v -51.921516 4.108843 2.649802
v -51.950336 3.931406 2.329549
v -51.921753 3.956500 2.616748
v -51.924397 6.568632 -2.531373
v -51.924156 5.988781 -2.518488
v -51.950336 5.946297 -2.329549
v -51.950336 6.528490 -2.329549
v -51.924011 5.444665 -2.521408
v -51.950336 5.405291 -2.329549
v -51.921776 6.909564 -2.617465
v -51.950336 6.835662 -2.329549
v -51.921837 6.990943 -2.598852
v -51.921322 7.047040 -2.585862
v -51.921253 7.111573 -2.522463
v -51.921204 7.083683 -2.562289
v -51.921410 7.141256 -2.463995
v -51.922379 7.093957 -2.286123
v -51.950336 6.835662 -2.204991
v -51.923359 7.054579 -1.973630
v -51.950336 6.835662 -1.936659
v -51.923252 7.057684 -1.502681
v -51.923607 7.072493 -1.939641
v -51.950336 6.835662 -1.887188
v -51.950336 6.835662 -1.454440
v -51.922707 7.080458 -0.979698
v -51.950336 6.835662 -0.952775
v -51.922272 7.108206 -0.786471
v -51.950336 6.835662 -0.762218
v -51.922470 7.093088 -0.584626
v -51.950336 6.835662 -0.563885
v -51.922203 7.107544 -0.284055
v -51.950336 6.835662 -0.272221
v -51.922325 7.094419 -0.135754
v -51.950336 6.835662 -0.116666
v -51.923885 4.984277 -2.527325
v -51.950336 4.950292 -2.329549
v -51.923206 4.617423 -2.552935
v -51.950336 4.592515 -2.329549
v -51.923439 4.474201 -2.543381
v -51.950336 4.452515 -2.329549
v -51.923206 4.107212 -2.552938
v -51.950336 4.094739 -2.329549
v -51.923851 3.950359 -2.528838
v -51.950336 3.931406 -2.329549
v -51.924828 6.520045 -2.640704
v -51.922131 6.908575 -2.731076
v -51.950336 6.781115 -2.981428
v -51.927200 5.987185 -2.629343
v -51.927689 5.439163 -2.632321
v -51.927078 4.988878 -2.638114
v -51.925411 4.617586 -2.664059
v -51.925686 4.471953 -2.654341
v -51.925240 4.101584 -2.664128
v -51.927082 3.934205 -2.640936
v -51.932693 3.834707 -2.603140
v -51.926941 3.735533 -2.640176
v -51.925228 3.568269 -2.664062
v -51.925705 3.198423 -2.654341
v -51.925400 3.052794 -2.664059
v -51.927074 2.681499 -2.638114
v -51.927673 2.230526 -2.632245
v -51.927208 1.683192 -2.629339
v -51.924385 1.147727 -2.638198
v -51.950336 0.887254 -2.981428
v -51.922146 0.765078 -2.730312
v -51.929913 1.190386 2.723621
v -51.934185 1.742528 2.698633
v -51.937485 2.244618 2.711798
v -51.935863 2.703435 2.720682
v -51.932034 3.063446 2.759657
v -51.933449 3.206613 2.745605
v -51.932339 3.569788 2.760701
v -51.936581 3.736123 2.725930
v -51.935963 3.933136 2.724214
v -51.932312 4.099656 2.760607
v -51.933250 4.462880 2.744969
v -51.932331 4.605789 2.760679
v -51.935474 4.966207 2.719628
v -51.937435 5.424583 2.711674
v -51.933651 5.928248 2.697302
v -51.928501 6.484867 2.719377
v -51.950336 7.362024 2.204991
v -51.924725 7.203335 2.263364
v -51.950336 7.276470 1.936659
v -51.928459 7.171270 1.974863
v -51.950336 7.330912 1.894967
v -51.925953 7.190672 1.933131
v -51.950336 7.276470 1.454440
v -51.927540 7.168604 1.498189
v -51.950336 7.330912 0.952775
v -51.926254 7.190941 0.986051
v -51.950336 7.400911 0.762218
v -51.924374 7.220075 0.779107
v -51.950336 7.362024 0.563885
v -51.925140 7.204150 0.578821
v -51.950336 7.397024 0.272222
v -51.924480 7.218649 0.277609
v -51.950336 7.362024 0.116667
v -51.925446 7.205444 0.117862
v -51.950336 7.241467 -0.000000
v -51.930519 7.158200 -0.001205
v -51.950336 7.362024 -0.116666
v -51.925278 7.204382 -0.120918
v -51.950336 7.397024 -0.272221
v -51.924500 7.218646 -0.281731
v -51.950336 7.362024 -0.563885
v -51.925110 7.204153 -0.582942
v -51.950336 7.400911 -0.762218
v -51.924488 7.220893 -0.782173
v -51.950336 7.330912 -0.952775
v -51.926273 7.190938 -0.990175
v -51.950336 7.276470 -1.454440
v -51.927505 7.168608 -1.502314
v -51.950336 7.330912 -1.894967
v -51.926537 7.194029 -1.935113
v -51.950336 7.276470 -1.936659
v -51.928654 7.172212 -1.977157
v -51.950336 7.362024 -2.204991
v -51.924675 7.203339 -2.267484
v -51.950336 7.470911 -2.527769
v -51.923725 7.253300 -2.495824
v -51.950336 0.197458 -2.527769
v -51.950336 0.306345 -2.204991
v -51.926991 0.413327 -2.265917
v -51.926418 0.348215 -2.513487
v -51.950336 0.391899 -1.936659
v -51.932941 0.453229 -1.969146
v -51.950336 0.391899 -1.936659
v -51.950336 0.337457 -1.894967
v -51.930542 0.422647 -1.928825
v -51.932941 0.453229 -1.969146
v -51.950336 0.337457 -1.894967
v -51.950336 0.391899 -1.454440
v -51.931488 0.458356 -1.481162
v -51.930542 0.422647 -1.928825
v -51.950336 0.337457 -0.952775
v -51.929382 0.427644 -0.972679
v -51.950336 0.267457 -0.762218
v -51.926762 0.392492 -0.780420
v -51.950336 0.306345 -0.563885
v -51.928024 0.412279 -0.576981
v -51.950336 0.271345 -0.272221
v -51.926926 0.394201 -0.279590
v -51.950336 0.306345 -0.116666
v -51.928383 0.410577 -0.120391
v -51.950336 0.426903 -0.000000
v -51.936287 0.469409 -0.000854
v -51.950336 0.306345 0.116667
v -51.928120 0.411828 0.117734
v -51.950336 0.271345 0.272222
v -51.926956 0.394048 0.276739
v -51.950336 0.306345 0.563885
v -51.927959 0.412585 0.574301
v -51.950336 0.267457 0.762218
v -51.927025 0.391081 0.777379
v -51.950336 0.337457 0.952775
v -51.929131 0.428710 0.970337
v -51.950336 0.391899 1.454440
v -51.931240 0.456887 1.498146
v -51.950336 0.337457 1.894967
v -51.930233 0.423975 1.926909
v -51.950336 0.391899 1.936659
v -51.933422 0.451538 1.966196
v -51.950336 0.306345 2.204991
v -51.927067 0.413337 2.261797
v -51.933422 0.451538 1.966196
v -51.950336 0.391899 1.936659
v -51.950336 0.695235 -3.029433
v -51.921654 0.669479 -2.721188
v -51.924351 0.576885 -2.708088
v -51.925232 0.497706 -2.670194
v -51.928253 0.424491 -2.599128
v -51.920963 0.672364 2.691694
v -51.920532 0.595287 2.661240
v -51.920704 0.541983 2.613755
v -51.920582 0.500492 2.556081
v -51.921135 7.122240 2.539144
v -51.920898 7.098299 2.592452
v -51.920788 7.057095 2.637987
v -51.921379 6.992343 2.669074
v -51.925663 7.205830 -2.581152
v -51.924244 7.154262 -2.648541
v -51.924061 7.092215 -2.688817
v -51.950336 6.973134 -3.029433
v -51.921539 6.999158 -2.710492
v -51.894138 1.083353 -2.092107
v -51.894138 1.083353 2.116942
v -51.894138 6.528490 2.116942
v -51.894138 6.528490 -2.092107
v -51.978924 1.083353 -2.092107
v -51.993946 1.068330 -2.107130
v -51.993946 1.068330 2.131966
v -51.978924 1.083353 2.116942
v -51.993946 1.068330 -2.107130
v -51.978924 1.083353 -2.092107
v -51.978924 6.528490 -2.092107
v -51.993946 6.543513 -2.107130
v -51.993946 6.543513 -2.107130
v -51.978924 6.528490 -2.092107
v -51.978924 6.528490 2.116942
v -51.993946 6.543513 2.131966
v -51.993946 6.543513 2.131966
v -51.978924 6.528490 2.116942
v -51.978924 1.083353 2.116942
v -51.993946 1.068330 2.131966
v -52.054043 1.005964 -2.151927
v -52.069061 0.990944 -2.166947
v -52.069061 0.990944 2.191782
v -52.054043 1.005964 2.176759
v -52.069061 0.990944 -2.166947
v -52.054043 1.005964 -2.151927
v -52.054043 6.605876 -2.151927
v -52.069061 6.620899 -2.166947
v -52.069061 6.620899 -2.166947
v -52.054043 6.605876 -2.151927
v -52.054043 6.605876 2.176759
v -52.069061 6.620899 2.191782
v -52.069061 6.620899 2.191782
v -52.054043 6.605876 2.176759
v -52.054043 1.005964 2.176759
v -52.069061 0.990944 2.191782
v -52.130566 0.928582 -2.211745
v -52.145588 0.913558 -2.226768
v -52.145588 0.913558 2.251603
v -52.130566 0.928582 2.236579
v -52.145588 0.913558 -2.226768
v -52.130566 0.928582 -2.211745
v -52.130566 6.683261 -2.211745
v -52.145588 6.698285 -2.226768
v -52.145588 6.698285 -2.226768
v -52.130566 6.683261 -2.211745
v -52.130566 6.683261 2.236579
v -52.145588 6.698285 2.251603
v -52.145588 6.698285 2.251603
v -52.130566 6.683261 2.236579
v -52.130566 0.928582 2.236579
v -52.145588 0.913558 2.251603
v -52.145588 0.873954 -2.250559
v -52.130566 0.858935 -2.265583
v -52.130566 0.858935 2.290418
v -52.145588 0.873954 2.275394
v -52.130566 0.858935 -2.265583
v -52.145588 0.873954 -2.250559
v -52.145588 6.737889 -2.250559
v -52.130566 6.752909 -2.265583
v -52.130566 6.752909 -2.265583
v -52.145588 6.737889 -2.250559
v -52.145588 6.737889 2.275394
v -52.130566 6.752909 2.290418
v -52.130566 6.752909 2.290418
v -52.145588 6.737889 2.275394
v -52.145588 0.873954 2.275394
v -52.130566 0.858935 2.290418
v -52.029552 0.791204 -2.314525
v -52.014530 0.776181 -2.329549
v -52.014530 0.776181 2.354384
v -52.029552 0.791204 2.339361
v -52.014530 0.776181 -2.329549
v -52.029552 0.791204 -2.314525
v -52.029552 6.820639 -2.314525
v -52.014530 6.835662 -2.329549
v -52.014530 6.835662 -2.329549
v -52.029552 6.820639 -2.314525
v -52.029552 6.820639 2.339361
v -52.014530 6.835662 2.354384
v -52.014530 6.835662 2.354384
v -52.029552 6.820639 2.339361
v -52.029552 0.791204 2.339361
v -52.014530 0.776181 2.354384
v -51.894138 1.083353 -2.092107
v -51.894138 6.528490 -2.092107
v -51.978924 6.528490 -2.092107
v -51.978924 1.083353 -2.092107
v -51.894138 6.528490 -2.092107
v -51.894138 6.528490 2.116942
v -51.978924 6.528490 2.116942
v -51.978924 6.528490 -2.092107
v -51.894138 6.528490 2.116942
v -51.894138 1.083353 2.116942
v -51.978924 1.083353 2.116942
v -51.978924 6.528490 2.116942
v -51.894138 1.083353 2.116942
v -51.894138 1.083353 -2.092107
v -51.978924 1.083353 -2.092107
v -51.978924 1.083353 2.116942
v -51.993946 1.068330 -2.107130
v -51.993946 6.543513 -2.107130
v -51.993946 6.605876 -2.151927
v -51.993946 1.005964 -2.151927
v -51.993946 6.543513 -2.107130
v -51.993946 6.543513 2.131966
v -51.993946 6.605876 2.176759
v -51.993946 6.605876 -2.151927
v -51.993946 6.543513 2.131966
v -51.993946 1.068330 2.131966
v -51.993946 1.005964 2.176759
v -51.993946 6.605876 2.176759
v -51.993946 1.068330 2.131966
v -51.993946 1.068330 -2.107130
v -51.993946 1.005964 -2.151927
v -51.993946 1.005964 2.176759
v -51.993946 1.005964 -2.151927
v -51.993946 6.605876 -2.151927
v -52.054043 6.605876 -2.151927
v -52.054043 1.005964 -2.151927
v -51.993946 6.605876 -2.151927
v -51.993946 6.605876 2.176759
v -52.054043 6.605876 2.176759
v -52.054043 6.605876 -2.151927
v -51.993946 6.605876 2.176759
v -51.993946 1.005964 2.176759
v -52.054043 1.005964 2.176759
v -52.054043 6.605876 2.176759
v -51.993946 1.005964 2.176759
v -51.993946 1.005964 -2.151927
v -52.054043 1.005964 -2.151927
v -52.054043 1.005964 2.176759
v -52.069061 0.990944 -2.166947
v -52.069061 6.620899 -2.166947
v -52.069061 6.683261 -2.211745
v -52.069061 0.928582 -2.211745
v -52.069061 6.620899 -2.166947
v -52.069061 6.620899 2.191782
v -52.069061 6.683261 2.236579
v -52.069061 6.683261 -2.211745
v -52.069061 6.620899 2.191782
v -52.069061 0.990944 2.191782
v -52.069061 0.928582 2.236579
v -52.069061 6.683261 2.236579
v -52.069061 0.990944 2.191782
v -52.069061 0.990944 -2.166947
v -52.069061 0.928582 -2.211745
v -52.069061 0.928582 2.236579
v -52.069061 0.928582 -2.211745
v -52.069061 6.683261 -2.211745
v -52.130566 6.683261 -2.211745
v -52.130566 0.928582 -2.211745
v -52.069061 6.683261 -2.211745
v -52.069061 6.683261 2.236579
v -52.130566 6.683261 2.236579
v -52.130566 6.683261 -2.211745
v -52.069061 6.683261 2.236579
v -52.069061 0.928582 2.236579
v -52.130566 0.928582 2.236579
v -52.130566 6.683261 2.236579
v -52.069061 0.928582 2.236579
v -52.069061 0.928582 -2.211745
v -52.130566 0.928582 -2.211745
v -52.130566 0.928582 2.236579
v -52.145588 0.913558 -2.226768
v -52.145588 6.698285 -2.226768
v -52.145588 6.737889 -2.250559
v -52.145588 0.873954 -2.250559
v -52.145588 6.698285 -2.226768
v -52.145588 6.698285 2.251603
v -52.145588 6.737889 2.275394
v -52.145588 6.737889 -2.250559
v -52.145588 6.698285 2.251603
v -52.145588 0.913558 2.251603
v -52.145588 0.873954 2.275394
v -52.145588 6.737889 2.275394
v -52.145588 0.913558 2.251603
v -52.145588 0.913558 -2.226768
v -52.145588 0.873954 -2.250559
v -52.145588 0.873954 2.275394
v -52.130566 0.858935 -2.265583
v -52.130566 6.752909 -2.265583
v -52.029552 6.752909 -2.265583
v -52.029552 0.858935 -2.265583
v -52.130566 6.752909 -2.265583
v -52.130566 6.752909 2.290418
v -52.029552 6.752909 2.290418
v -52.029552 6.752909 -2.265583
v -52.130566 6.752909 2.290418
v -52.130566 0.858935 2.290418
v -52.029552 0.858935 2.290418
v -52.029552 6.752909 2.290418
v -52.130566 0.858935 2.290418
v -52.130566 0.858935 -2.265583
v -52.029552 0.858935 -2.265583
v -52.029552 0.858935 2.290418
v -52.029552 0.858935 -2.265583
v -52.029552 6.752909 -2.265583
v -52.029552 6.820639 -2.314525
v -52.029552 0.791204 -2.314525
v -52.029552 6.752909 -2.265583
v -52.029552 6.752909 2.290418
v -52.029552 6.820639 2.339361
v -52.029552 6.820639 -2.314525
v -52.029552 6.752909 2.290418
v -52.029552 0.858935 2.290418
v -52.029552 0.791204 2.339361
v -52.029552 6.820639 2.339361
v -52.029552 0.858935 2.290418
v -52.029552 0.858935 -2.265583
v -52.029552 0.791204 -2.314525
v -52.029552 0.791204 2.339361
v -52.014530 0.776181 -2.329549
v -52.014530 6.835662 -2.329549
v -51.950336 6.835662 -2.329549
v -51.950336 0.776181 -2.329549
v -52.014530 6.835662 -2.329549
v -52.014530 6.835662 2.354384
v -51.950336 6.835662 2.354384
v -51.950336 6.835662 -2.329549
v -52.014530 6.835662 2.354384
v -52.014530 0.776181 2.354384
v -51.950336 0.776181 2.354384
v -51.950336 6.835662 2.354384
v -52.014530 0.776181 2.354384
v -52.014530 0.776181 -2.329549
v -51.950336 0.776181 -2.329549
v -51.950336 0.776181 2.354384
vn -0.0000 0.0512 -0.9987
vn -0.0000 0.1123 -0.9937
vn -0.0000 -0.0000 1.0000
vn -0.0000 -0.0153 -0.9999
vn -0.0000 -0.9608 -0.2772
vn -0.9934 -0.0018 0.1148
vn -1.0000 -0.0000 -0.0000
vn -0.9927 -0.0212 0.1183
vn -0.9940 0.0020 0.1096
vn -0.0000 0.4553 -0.8903
vn -0.0000 0.2425 -0.9701
vn -0.0000 -0.6630 -0.7486
vn -0.0000 -0.7481 -0.6636
vn 0.0001 -0.7476 -0.6641
vn 0.0002 -0.9501 -0.3121
vn -0.0000 -0.9501 -0.3119
vn -0.0000 -0.6616 -0.7498
vn -0.0000 -0.9475 0.3196
vn 0.0001 1.0000 -0.0000
vn -0.0000 1.0000 -0.0002
vn -0.0000 0.9454 -0.3260
vn -0.9986 0.0370 0.0390
vn -0.9945 0.0803 0.0675
vn -0.0000 -0.2576 0.9662
vn 0.0006 -0.0004 1.0000
vn 0.0007 -0.0005 1.0000
vn 0.0008 -0.0006 1.0000
vn -0.0003 -0.3780 -0.9258
vn -0.0004 -0.3782 -0.9257
vn -0.9965 0.0472 0.0691
vn -0.0000 -0.9527 0.3038
vn -0.0000 1.0000 -0.0000
vn -0.0000 -1.0000 -0.0000
vn -0.0000 -1.0000 -0.0001
vn -0.0000 -0.9924 0.1227
vn -0.0000 -0.6080 -0.7939
vn -0.0000 -0.9942 -0.1079
vn -0.0000 -0.9387 -0.3448
vn -0.0000 -0.9813 0.1924
vn -0.0000 -0.9929 -0.1191
vn -0.0000 -0.9756 0.2195
vn -0.0000 -0.6954 0.7186
vn -0.9951 0.0087 0.0981
vn -0.0000 -0.1020 -0.9948
vn -0.9971 0.0037 0.0763
vn -0.0000 -0.2425 -0.9701
vn -0.9958 0.0003 0.0912
vn -0.9971 -0.0032 0.0766
vn -0.0000 -0.0759 -0.9971
vn -0.9965 -0.0292 0.0779
vn -0.0000 0.2534 -0.9674
vn -0.9905 -0.0005 0.1378
vn -0.0000 0.7071 -0.7071
vn -0.0000 0.1123 0.9937
vn -0.0000 0.0512 0.9987
vn -0.0000 -0.0000 -1.0000
vn -0.0000 -0.0153 0.9999
vn -0.0000 -0.9608 0.2772
vn -0.9928 -0.0023 -0.1198
vn -0.9858 -0.0311 -0.1652
vn -0.9945 0.0025 -0.1052
vn -0.0000 0.4553 0.8903
vn -0.0000 0.2425 0.9701
vn -0.0000 -0.6630 0.7486
vn 0.0002 -0.9501 0.3121
vn -0.0000 -0.7476 0.6641
vn -0.0002 -0.7481 0.6636
vn -0.0000 -0.9501 0.3119
vn -0.0000 -0.6616 0.7498
vn -0.0000 -0.9475 -0.3196
vn -0.0000 1.0000 0.0002
vn -0.0000 0.9454 0.3260
vn -0.9985 0.0393 -0.0375
vn -0.9941 0.0866 -0.0656
vn -0.0000 -0.2577 -0.9662
vn 0.0008 -0.0006 -1.0000
vn 0.0007 -0.0005 -1.0000
vn 0.0006 -0.0004 -1.0000
vn -0.0004 -0.3782 0.9257
vn -0.0003 -0.3780 0.9258
vn -0.9947 0.0624 -0.0817
vn -0.0000 -0.9527 -0.3038
vn -0.0000 -0.9924 -0.1227
vn -0.0001 -1.0000 0.0001
vn -0.0000 -0.6080 0.7939
vn -0.0000 -0.9942 0.1079
vn -0.0000 -0.9387 0.3448
vn -0.0000 -0.9813 -0.1924
vn -0.0000 -0.9929 0.1191
vn -0.0000 -0.9756 -0.2195
vn -0.0000 -0.6954 -0.7186
vn -0.9952 0.0106 -0.0971
vn -0.0000 -0.1020 0.9948
vn -0.9974 0.0035 -0.0720
vn -0.0000 -0.2425 0.9701
vn -0.9952 0.0005 -0.0982
vn -0.9973 -0.0033 -0.0736
vn -0.0000 -0.0759 0.9971
vn -0.9975 -0.0259 -0.0655
vn -0.0000 0.2534 0.9674
vn -0.9998 -0.0144 -0.0144
vn -0.0000 0.7071 0.7071
vn -0.0000 -0.0512 0.9987
vn -0.0000 -0.1123 0.9937
vn -0.0000 0.0153 0.9999
vn -0.0000 0.9608 0.2772
vn -0.9925 0.0024 -0.1222
vn -0.9853 0.0311 -0.1683
vn -0.9943 -0.0026 -0.1064
vn -0.0000 -0.4553 0.8903
vn -0.0000 0.6630 0.7486
vn -0.0000 0.7481 0.6636
vn 0.0001 0.7476 0.6641
vn 0.0002 0.9501 0.3121
vn -0.0000 0.9501 0.3119
vn -0.0000 0.6616 0.7498
vn -0.0000 0.9475 -0.3196
vn 0.0001 -1.0000 -0.0000
vn -0.0000 -1.0000 0.0001
vn -0.0000 -0.9454 0.3260
vn -0.9986 -0.0397 -0.0349
vn -0.9954 -0.0790 -0.0546
vn -0.0000 0.2577 -0.9662
vn 0.0006 0.0004 -1.0000
vn 0.0007 0.0005 -1.0000
vn 0.0008 0.0006 -1.0000
vn -0.0003 0.3780 0.9258
vn -0.0004 0.3782 0.9257
vn -0.9952 -0.0612 -0.0764
vn -0.0000 0.9527 -0.3038
vn -0.0000 1.0000 0.0001
vn -0.0000 0.9924 -0.1227
vn -0.0000 0.6080 0.7939
vn -0.0000 0.9942 0.1079
vn -0.0000 0.9387 0.3448
vn -0.0000 0.9813 -0.1924
vn -0.0000 0.9929 0.1191
vn -0.0000 0.9756 -0.2195
vn -0.0000 0.6954 -0.7186
vn -0.9952 -0.0107 -0.0977
vn -0.0000 0.1020 0.9948
vn -0.9974 -0.0034 -0.0718
vn -0.9951 -0.0006 -0.0988
vn -0.9973 0.0036 -0.0740
vn -0.0000 0.0759 0.9971
vn -0.9975 0.0263 -0.0662
vn -0.0000 -0.2534 0.9674
vn -0.9997 0.0159 -0.0160
vn -0.0000 -0.7071 0.7071
vn -0.0000 -0.1123 -0.9937
vn -0.0000 -0.0512 -0.9987
vn -0.0000 0.0153 -0.9999
vn -0.0000 0.9608 -0.2772
vn -0.9934 0.0018 0.1148
vn -0.9928 0.0211 0.1180
vn -0.9940 -0.0020 0.1095
vn -0.0000 -0.4553 -0.8903
vn -0.0000 0.6630 -0.7486
vn 0.0002 0.9501 -0.3121
vn -0.0000 0.7476 -0.6641
vn -0.0002 0.7481 -0.6636
vn -0.0000 0.9501 -0.3119
vn -0.0000 0.6616 -0.7498
vn -0.0000 0.9475 0.3196
vn -0.0000 -0.9454 -0.3260
vn -0.9987 -0.0367 0.0358
vn -0.9956 -0.0743 0.0567
vn -0.0000 0.2576 0.9662
vn 0.0008 0.0006 1.0000
vn 0.0007 0.0005 1.0000
vn 0.0006 0.0004 1.0000
vn -0.0004 0.3782 -0.9257
vn -0.0003 0.3780 -0.9258
vn -0.9967 -0.0476 0.0662
vn -0.0000 0.9527 0.3038
vn -0.0000 0.9924 0.1227
vn -0.0001 1.0000 -0.0001
vn -0.0000 0.6080 -0.7939
vn -0.0000 0.9942 -0.1079
vn -0.0000 0.9387 -0.3448
vn -0.0000 0.9813 0.1924
vn -0.0000 0.9929 -0.1191
vn -0.0000 0.9756 0.2195
vn -0.0000 0.6954 0.7186
vn -0.9951 -0.0088 0.0981
vn -0.0000 0.1020 -0.9948
vn -0.9971 -0.0036 0.0761
vn -0.9958 -0.0004 0.0914
vn -0.9971 0.0032 0.0765
vn -0.0000 0.0759 -0.9971
vn -0.9966 0.0292 0.0775
vn -0.0000 -0.2534 -0.9674
vn -0.0000 -0.7071 -0.7071
vn -1.0000 -0.0046 0.0034
vn -1.0000 0.0069 0.0016
vn -1.0000 -0.0063 0.0041
vn -1.0000 0.0050 0.0084
vn -0.9999 0.0040 0.0109
vn -0.9997 0.0012 0.0227
vn -0.9997 0.0012 0.0228
vn -0.9995 -0.0004 0.0306
vn -0.9995 -0.0005 0.0306
vn -0.9996 -0.0028 0.0280
vn -0.9996 -0.0030 0.0279
vn -0.9997 -0.0026 0.0230
vn -0.9998 -0.0001 0.0195
vn -0.9998 0.0025 0.0203
vn -0.9991 0.0288 0.0299
vn -0.9992 0.0260 0.0288
vn -0.9992 -0.0003 0.0397
vn -0.9992 -0.0007 0.0397
vn -0.9991 -0.0294 0.0307
vn -0.9992 -0.0262 0.0295
vn -0.9998 -0.0021 0.0206
vn -0.9998 -0.0020 0.0205
vn -0.9998 0.0001 0.0196
vn -0.9997 0.0026 0.0230
vn -0.9996 0.0029 0.0279
vn -0.9996 0.0028 0.0279
vn -0.9995 0.0005 0.0305
vn -0.9995 0.0005 0.0306
vn -0.9997 -0.0016 0.0230
vn -0.9999 -0.0048 0.0088
vn -0.9999 -0.0042 0.0112
vn -1.0000 -0.0058 0.0018
vn -1.0000 0.0061 0.0061
vn -1.0000 0.0051 0.0054
vn -0.9993 0.0104 -0.0354
vn -0.9988 -0.0183 -0.0450
vn -0.9989 -0.0173 -0.0445
vn -0.9993 0.0157 -0.0353
vn -0.9980 -0.0164 -0.0616
vn -0.9976 -0.0130 -0.0680
vn -0.9958 -0.0049 -0.0913
vn -0.9949 -0.0026 -0.1013
vn -0.9926 0.0021 -0.1218
vn -0.9924 0.0025 -0.1233
vn -0.9926 0.0093 -0.1213
vn -0.9928 0.0111 -0.1190
vn -0.9943 0.0095 -0.1066
vn -0.9943 0.0078 -0.1060
vn -0.9949 -0.0006 -0.1005
vn -0.9949 0.0002 -0.1006
vn -0.9946 -0.0083 -0.1032
vn -0.9946 -0.0079 -0.1032
vn -0.9869 -0.0989 -0.1276
vn -0.9887 -0.0860 -0.1232
vn -0.9886 0.0007 -0.1508
vn -0.9885 0.0005 -0.1514
vn -0.9867 0.0995 -0.1284
vn -0.9884 0.0868 -0.1244
vn -0.9946 0.0072 -0.1035
vn -0.9946 0.0071 -0.1035
vn -0.9950 0.0002 -0.1004
vn -0.9943 -0.0093 -0.1060
vn -0.9944 -0.0076 -0.1054
vn -0.9926 -0.0091 -0.1210
vn -0.9929 -0.0108 -0.1184
vn -0.9926 -0.0019 -0.1213
vn -0.9924 -0.0025 -0.1230
vn -0.9959 0.0058 -0.0907
vn -0.9949 0.0033 -0.1011
vn -0.9981 0.0144 -0.0599
vn -0.9977 0.0123 -0.0666
vn -0.9991 0.0135 -0.0409
vn -0.9990 0.0143 -0.0417
vn -0.9996 -0.0113 -0.0274
vn -0.9996 -0.0059 -0.0283
vn -0.9991 -0.0369 -0.0215
vn -0.9998 -0.0213 -0.0009
vn -0.9998 -0.0210 0.0003
vn -0.9991 -0.0364 -0.0218
vn -0.9996 -0.0243 0.0116
vn -0.9996 -0.0283 0.0059
vn -0.9996 -0.0285 0.0020
vn -0.9994 -0.0335 -0.0043
vn -0.9994 -0.0335 -0.0004
vn -0.9994 -0.0345 0.0001
vn -0.9995 -0.0325 -0.0052
vn -0.9995 -0.0325 -0.0051
vn -0.9997 -0.0238 -0.0029
vn -0.9997 -0.0236 -0.0024
vn -0.9998 -0.0221 0.0002
vn -0.9997 -0.0224 0.0005
vn -0.9993 -0.0298 0.0239
vn -0.9994 -0.0288 0.0214
vn -0.9993 -0.0371 -0.0006
vn -0.9993 -0.0371 -0.0005
vn -0.9993 -0.0303 -0.0240
vn -0.9993 -0.0294 -0.0215
vn -0.9997 -0.0225 -0.0002
vn -0.9997 -0.0226 -0.0000
vn -0.9998 -0.0220 -0.0000
vn -0.9997 -0.0237 0.0030
vn -0.9997 -0.0235 0.0024
vn -0.9995 -0.0325 0.0050
vn -0.9995 -0.0325 0.0049
vn -0.9994 -0.0332 0.0007
vn -0.9995 -0.0312 0.0027
vn -0.9995 -0.0311 0.0005
vn -0.9994 -0.0328 -0.0069
vn -0.9994 -0.0329 -0.0047
vn -0.9995 -0.0283 -0.0112
vn -0.9998 -0.0216 -0.0011
vn -0.9998 -0.0216 0.0017
vn -0.9994 -0.0275 0.0189
vn -0.9984 0.0431 0.0362
vn -0.9990 0.0438 0.0031
vn -0.9990 0.0439 0.0025
vn -0.9984 0.0442 0.0345
vn -0.9983 0.0550 -0.0190
vn -0.9983 0.0549 -0.0190
vn -0.9980 0.0619 -0.0100
vn -0.9981 0.0622 -0.0029
vn -0.9972 0.0745 0.0044
vn -0.9972 0.0748 0.0002
vn -0.9973 0.0739 -0.0008
vn -0.9973 0.0736 0.0009
vn -0.9976 0.0690 0.0097
vn -0.9976 0.0678 0.0108
vn -0.9985 0.0550 0.0056
vn -0.9985 0.0547 0.0039
vn -0.9986 0.0531 -0.0006
vn -0.9986 0.0532 -0.0001
vn -0.9986 0.0536 -0.0004
vn -0.9986 0.0536 -0.0005
vn -0.9969 0.0645 -0.0448
vn -0.9972 0.0629 -0.0400
vn -0.9971 0.0762 -0.0003
vn -0.9971 0.0762 0.0010
vn -0.9967 0.0661 0.0461
vn -0.9971 0.0642 0.0400
vn -0.9985 0.0540 -0.0002
vn -0.9985 0.0540 -0.0001
vn -0.9986 0.0533 0.0002
vn -0.9986 0.0533 -0.0001
vn -0.9985 0.0550 -0.0050
vn -0.9985 0.0548 -0.0037
vn -0.9976 0.0690 -0.0089
vn -0.9976 0.0679 -0.0097
vn -0.9974 0.0722 -0.0009
vn -0.9974 0.0722 -0.0008
vn -0.9974 0.0717 -0.0049
vn -0.9974 0.0718 -0.0012
vn -0.9975 0.0697 0.0117
vn -0.9975 0.0699 0.0056
vn -0.9979 0.0612 0.0201
vn -0.9988 0.0492 -0.0004
vn -0.9988 0.0494 -0.0059
vn -0.9974 0.0593 -0.0411
vn -0.9974 0.0588 -0.0415
vn -0.9997 0.0167 0.0196
vn -0.9990 0.0353 0.0266
vn -0.9990 0.0352 0.0266
vn -0.9985 0.0363 -0.0404
vn -0.9985 0.0362 -0.0402
vn -0.9977 0.0544 -0.0405
vn -0.9976 0.0566 -0.0395
vn -0.9990 -0.0379 -0.0235
vn -0.9990 -0.0398 -0.0213
vn -0.9992 -0.0266 -0.0281
vn -0.9993 -0.0265 -0.0280
vn -0.9995 -0.0257 0.0163
vn -0.9996 -0.0248 0.0167
vn -0.9998 -0.0150 0.0136
vn -0.9998 -0.0150 0.0137
vn -0.9909 0.0007 -0.1347
vn -0.9910 0.0009 -0.1341
vn -0.9924 0.0064 -0.1228
vn -0.9921 0.0050 -0.1256
vn -0.9908 -0.0005 -0.1353
vn -0.9908 -0.0004 -0.1355
vn -0.9940 0.0068 -0.1094
vn -0.9976 -0.0308 -0.0619
vn -0.9956 -0.0165 -0.0921
vn -0.9963 -0.0340 -0.0791
vn -0.9967 -0.0496 -0.0638
vn -0.9968 -0.0561 -0.0561
vn -0.9966 -0.0819 -0.0040
vn -0.9956 -0.0933 0.0089
vn -0.9955 -0.0946 0.0067
vn -0.9953 -0.0966 0.0020
vn -0.9953 -0.0966 0.0019
vn -0.9949 -0.1007 0.0016
vn -0.9949 -0.1008 0.0017
vn -0.9949 -0.1007 0.0002
vn -0.9949 -0.1006 -0.0003
vn -0.9952 -0.0975 -0.0038
vn -0.9952 -0.0974 -0.0039
vn -0.9959 -0.0906 -0.0016
vn -0.9959 -0.0906 -0.0012
vn -0.9959 -0.0901 0.0003
vn -0.9959 -0.0901 -0.0000
vn -0.9959 -0.0901 -0.0001
vn -0.9959 -0.0901 0.0001
vn -0.9956 -0.0937 0.0093
vn -0.9954 -0.0953 0.0116
vn -0.9949 -0.1013 -0.0001
vn -0.9949 -0.1013 -0.0002
vn -0.9915 -0.0021 -0.1298
vn -0.9914 -0.0019 -0.1306
vn -0.9922 -0.0014 -0.1248
vn -0.9922 -0.0017 -0.1250
vn -0.9924 -0.0001 -0.1227
vn -0.9924 0.0001 -0.1227
vn -0.9923 0.0014 -0.1237
vn -0.9923 0.0011 -0.1236
vn -0.9911 0.0124 -0.1327
vn -0.9914 0.0108 -0.1306
vn -0.9897 0.0001 -0.1432
vn -0.9957 0.0067 0.0924
vn -0.9958 0.0078 0.0907
vn -0.9949 0.0010 0.1011
vn -0.9948 0.0008 0.1014
vn -0.9948 -0.0007 0.1022
vn -0.9948 -0.0005 0.1022
vn -0.9985 -0.0248 0.0481
vn -0.9969 0.0042 0.0782
vn -0.9894 0.0232 -0.1431
vn -0.9856 -0.0554 -0.1599
vn -0.9872 -0.0405 -0.1540
vn -0.9872 0.0650 -0.1453
vn -0.9812 0.1156 -0.1546
vn -0.9777 0.1643 -0.1311
vn -0.9750 0.1802 -0.1299
vn -0.9856 0.1689 0.0080
vn -0.9857 0.1682 -0.0034
vn -0.9953 -0.0969 -0.0090
vn -0.9954 -0.0948 -0.0104
vn -0.9966 -0.0818 0.0031
vn -0.9951 -0.0993 -0.0001
vn -0.9951 -0.0993 -0.0000
vn -0.9950 -0.0999 -0.0002
vn -0.9950 -0.0998 -0.0008
vn -0.9951 -0.0990 -0.0006
vn -0.9951 -0.0990 -0.0001
vn -0.9952 -0.0975 0.0038
vn -0.9959 -0.0907 0.0014
vn -0.9959 -0.0907 0.0016
vn -0.9959 -0.0901 -0.0003
vn -0.9954 -0.0950 -0.0115
vn -0.9956 -0.0935 -0.0093
vn -0.9952 -0.0025 0.0975
vn -0.9952 -0.0023 0.0979
vn -0.9956 -0.0017 0.0933
vn -0.9956 -0.0020 0.0934
vn -0.9958 -0.0001 0.0914
vn -0.9958 0.0001 0.0914
vn -0.9957 0.0017 0.0923
vn -0.9957 0.0012 0.0921
vn -0.9949 0.0148 0.1002
vn -0.9951 0.0124 0.0978
vn -0.9940 -0.0001 0.1092
vn -0.9940 -0.0003 0.1092
vn -0.9948 -0.0009 0.1015
vn -0.9949 -0.0010 0.1011
vn -0.9959 -0.0082 0.0905
vn -0.9957 -0.0070 0.0922
vn -0.9948 0.0005 0.1022
vn -0.9947 0.0005 0.1024
vn -0.9970 -0.0036 0.0778
vn -0.9983 0.0265 0.0512
vn -0.9878 0.0365 -0.1516
vn -0.9859 0.0535 -0.1588
vn -0.9903 -0.0288 -0.1358
vn -0.9885 -0.0691 -0.1343
vn -0.9857 -0.1046 -0.1324
vn -0.9850 -0.1404 -0.1003
vn -0.9859 -0.1382 -0.0946
vn -0.9914 -0.1311 0.0045
vn -0.9914 -0.1310 0.0028
vn -0.9951 0.0987 0.0003
vn -0.9940 0.1091 -0.0076
vn -0.9938 0.1108 -0.0062
vn -0.9936 0.1129 -0.0015
vn -0.9936 0.1129 -0.0014
vn -0.9932 0.1166 -0.0013
vn -0.9932 0.1165 -0.0011
vn -0.9932 0.1166 -0.0003
vn -0.9932 0.1165 0.0003
vn -0.9936 0.1133 0.0034
vn -0.9936 0.1130 0.0035
vn -0.9944 0.1058 0.0015
vn -0.9944 0.1058 0.0012
vn -0.9945 0.1052 -0.0003
vn -0.9945 0.1052 -0.0000
vn -0.9945 0.1052 0.0001
vn -0.9940 0.1091 -0.0087
vn -0.9938 0.1104 -0.0104
vn -0.9931 0.1171 0.0002
vn -0.9931 0.1171 -0.0000
vn -0.9952 0.0025 0.0975
vn -0.9952 0.0024 0.0978
vn -0.9956 0.0017 0.0932
vn -0.9956 0.0020 0.0933
vn -0.9958 -0.0002 0.0914
vn -0.9957 -0.0017 0.0923
vn -0.9957 -0.0012 0.0921
vn -0.9948 -0.0149 0.1003
vn -0.9951 -0.0124 0.0978
vn -0.9920 -0.0049 -0.1259
vn -0.9924 -0.0064 -0.1228
vn -0.9909 -0.0009 -0.1342
vn -0.9909 -0.0006 -0.1348
vn -0.9908 0.0002 -0.1356
vn -0.9908 0.0005 -0.1352
vn -0.9972 0.0317 -0.0678
vn -0.9940 -0.0049 -0.1093
vn -0.9955 0.0252 -0.0908
vn -0.9960 0.0407 -0.0791
vn -0.9963 0.0734 -0.0452
vn -0.9964 0.0608 -0.0600
vn -0.9954 0.0962 -0.0039
vn -0.9936 0.1129 0.0082
vn -0.9938 0.1104 0.0099
vn -0.9933 0.1153 0.0011
vn -0.9933 0.1154 0.0019
vn -0.9932 0.1164 -0.0003
vn -0.9932 0.1166 0.0003
vn -0.9932 0.1165 -0.0002
vn -0.9936 0.1129 -0.0036
vn -0.9936 0.1133 -0.0034
vn -0.9944 0.1058 -0.0011
vn -0.9944 0.1058 -0.0016
vn -0.9945 0.1051 -0.0000
vn -0.9945 0.1051 0.0003
vn -0.9944 0.1052 0.0001
vn -0.9945 0.1052 -0.0001
vn -0.9938 0.1106 0.0105
vn -0.9940 0.1091 0.0087
vn -0.9915 0.0022 -0.1298
vn -0.9915 0.0019 -0.1303
vn -0.9922 0.0013 -0.1249
vn -0.9922 0.0017 -0.1250
vn -0.9925 0.0001 -0.1226
vn -0.9923 -0.0015 -0.1237
vn -0.9923 -0.0011 -0.1236
vn -0.9910 -0.0125 -0.1329
vn -0.9914 -0.0108 -0.1307
vn -0.9939 0.0347 0.1046
vn -0.9915 0.0357 0.1250
vn -0.9942 0.0298 0.1029
vn -0.9830 0.0090 0.1835
vn -0.9799 -0.0028 0.1994
vn -0.9824 -0.0121 0.1866
vn -0.9853 -0.0119 0.1703
vn -0.9869 0.0007 0.1614
vn -0.9864 0.0086 0.1642
vn -0.9792 0.0895 0.1818
vn -0.9773 0.0004 0.2119
vn -0.9790 -0.0903 0.1829
vn -0.9864 -0.0088 0.1643
vn -0.9869 -0.0006 0.1614
vn -0.9854 0.0118 0.1701
vn -0.9824 0.0121 0.1864
vn -0.9799 0.0028 0.1993
vn -0.9830 -0.0090 0.1835
vn -0.9914 -0.0357 0.1256
vn -0.9938 -0.0356 0.1051
vn -0.9941 -0.0319 0.1037
vn -0.9788 -0.0677 -0.1934
vn -0.9465 -0.0198 -0.3222
vn -0.9301 0.0065 -0.3673
vn -0.9392 0.0262 -0.3423
vn -0.9511 0.0248 -0.3078
vn -0.9574 -0.0024 -0.2888
vn -0.9557 -0.0162 -0.2938
vn -0.9403 -0.1533 -0.3038
vn -0.9412 0.1520 -0.3017
vn -0.9557 0.0161 -0.2938
vn -0.9574 0.0025 -0.2888
vn -0.9508 -0.0252 -0.3089
vn -0.9388 -0.0258 -0.3434
vn -0.9299 -0.0063 -0.3679
vn -0.9468 0.0198 -0.3211
vn -0.9787 0.0675 -0.1940
vn -0.9883 -0.1469 0.0407
vn -0.9886 -0.1449 0.0407
vn -0.9841 -0.1777 -0.0040
vn -0.9856 -0.1668 0.0283
vn -0.9831 -0.1825 0.0130
vn -0.9818 -0.1895 -0.0106
vn -0.9823 -0.1871 -0.0034
vn -0.9827 -0.1850 0.0043
vn -0.9838 -0.1768 -0.0292
vn -0.9828 -0.1833 -0.0228
vn -0.9882 -0.1529 -0.0052
vn -0.9880 -0.1543 -0.0120
vn -0.9888 -0.1495 0.0004
vn -0.9888 -0.1494 0.0018
vn -0.9886 -0.1503 -0.0002
vn -0.9886 -0.1503 -0.0001
vn -0.9866 -0.1556 0.0499
vn -0.9837 -0.1627 0.0770
vn -0.9834 -0.1815 0.0006
vn -0.9834 -0.1815 -0.0025
vn -0.9867 -0.1548 -0.0501
vn -0.9841 -0.1609 -0.0754
vn -0.9886 -0.1504 -0.0002
vn -0.9886 -0.1504 0.0002
vn -0.9887 -0.1496 -0.0001
vn -0.9888 -0.1494 -0.0021
vn -0.9882 -0.1529 0.0048
vn -0.9879 -0.1547 0.0124
vn -0.9837 -0.1773 0.0295
vn -0.9826 -0.1842 0.0226
vn -0.9823 -0.1875 0.0038
vn -0.9827 -0.1850 -0.0046
vn -0.9831 -0.1824 -0.0133
vn -0.9817 -0.1903 0.0115
vn -0.9841 -0.1778 0.0043
vn -0.9857 -0.1657 -0.0295
vn -0.9884 -0.1465 -0.0406
vn -0.9887 -0.1441 -0.0405
vn -0.9916 -0.1296 -0.0029
vn -0.9917 -0.1287 0.0041
vn -0.9865 0.1634 0.0135
vn -0.9862 0.1656 -0.0058
vn -0.9808 0.1872 -0.0544
vn -0.9819 0.1816 -0.0540
vn -0.9771 0.2055 -0.0559
vn -0.8014 0.4034 0.4417
vn -0.8013 0.4034 0.4417
vn -0.9711 0.2374 -0.0251
vn -0.9690 0.2472 0.0055
vn -0.9698 0.2437 -0.0055
vn -0.9711 0.2346 0.0427
vn -0.9694 0.2431 0.0336
vn -0.9799 0.1993 0.0049
vn -0.9791 0.2024 0.0180
vn -0.9808 0.1950 -0.0001
vn -0.9809 0.1946 -0.0030
vn -0.9805 0.1964 -0.0001
vn -0.9805 0.1965 0.0007
vn -0.9772 0.2009 -0.0688
vn -0.9726 0.2080 -0.1036
vn -0.9720 0.2349 0.0024
vn -0.9720 0.2349 -0.0022
vn -0.9769 0.2023 0.0682
vn -0.9717 0.2109 0.1062
vn -0.9805 0.1965 -0.0003
vn -0.9805 0.1965 -0.0002
vn -0.9808 0.1950 0.0004
vn -0.9808 0.1947 0.0025
vn -0.9799 0.1996 -0.0057
vn -0.9792 0.2020 -0.0174
vn -0.9705 0.2373 -0.0417
vn -0.9686 0.2466 -0.0332
vn -0.9676 0.2522 -0.0081
vn -0.9694 0.2453 0.0088
vn -0.9704 0.2407 0.0199
vn -0.9664 0.2561 -0.0199
vn -0.8201 0.3856 -0.4228
vn -0.8201 0.3855 -0.4228
vn -0.9768 0.2064 0.0563
vn -0.9807 0.1876 0.0547
vn -0.9817 0.1826 0.0543
vn -0.9949 0.0097 0.1002
vn -0.9944 0.0274 0.1023
vn -0.9901 0.0787 0.1165
vn -0.9869 0.1167 0.1119
vn -0.9808 0.1550 0.1183
vn -0.9973 -0.0314 0.0670
vn -0.9973 -0.0393 0.0615
vn -0.9974 -0.0536 0.0491
vn -0.9973 -0.0634 0.0380
vn -0.9964 0.0778 0.0324
vn -0.9968 0.0639 0.0478
vn -0.9970 0.0483 0.0608
vn -0.9970 0.0415 0.0659
vn -0.9874 -0.1284 0.0925
vn -0.9894 -0.1100 0.0944
vn -0.9912 -0.0769 0.1082
vn -0.9951 -0.0134 0.0984
vn -0.9944 -0.0337 0.0998
vn -0.7071 0.7071 -0.0000
vn -0.7071 -0.0000 0.7071
vn -0.7071 -0.7071 -0.0000
vn -0.7071 -0.0000 -0.7071
vn -0.7071 0.7072 -0.0000
vn -0.7072 -0.7071 -0.0000
vn -0.7072 -0.0000 -0.7071
vn -0.7072 0.7071 -0.0000
vn -0.7071 -0.7072 -0.0000
vt 0.035289 0.785875
vt 0.010465 0.783876
vt 0.007731 0.838762
vt 0.031507 0.839636
vt 0.091539 0.861934
vt 0.114572 0.857874
vt 0.115227 0.795097
vt 0.090168 0.795640
vt 0.034899 0.733597
vt 0.009883 0.733591
vt 0.115860 0.735394
vt 0.090873 0.735245
vt 0.010899 0.849631
vt 0.039136 0.848216
vt 0.045280 0.788084
vt 0.044933 0.734063
vt 0.004531 0.891298
vt 0.027933 0.894541
vt 0.002000 0.912673
vt 0.025369 0.913691
vt 0.004675 0.931619
vt 0.032050 0.929732
vt 0.033328 0.955918
vt 0.014665 0.970194
vt 0.041768 0.987833
vt 0.052517 0.966107
vt 0.061959 0.960737
vt 0.056509 0.989120
vt 0.074558 0.992723
vt 0.077849 0.969883
vt 0.113561 0.990777
vt 0.112157 0.964822
vt 0.117730 0.884817
vt 0.101400 0.900801
vt 0.117619 0.906747
vt 0.127433 0.887762
vt 0.004403 0.943092
vt 0.025197 0.938916
vt 0.047676 0.945210
vt 0.143897 0.988730
vt 0.145110 0.962582
vt 0.149671 0.913362
vt 0.153666 0.889520
vt 0.152110 0.966457
vt 0.150950 0.990050
vt 0.202236 0.990461
vt 0.202573 0.964842
vt 0.158806 0.889747
vt 0.155423 0.913930
vt 0.204368 0.915655
vt 0.205476 0.890393
vt 0.257972 0.995442
vt 0.260303 0.970523
vt 0.260538 0.915559
vt 0.260979 0.890510
vt 0.280225 0.998956
vt 0.281912 0.975281
vt 0.281872 0.915358
vt 0.282001 0.890461
vt 0.303193 0.999058
vt 0.303297 0.973459
vt 0.304127 0.915377
vt 0.303944 0.890424
vt 0.334877 1.000000
vt 0.334819 0.975949
vt 0.336939 0.915801
vt 0.336436 0.890442
vt 0.352341 0.998354
vt 0.351133 0.973908
vt 0.354352 0.916304
vt 0.353761 0.890438
vt 0.369137 0.994943
vt 0.368405 0.967066
vt 0.367289 0.916411
vt 0.366764 0.890429
vt 0.116348 0.685273
vt 0.091588 0.684983
vt 0.044161 0.683677
vt 0.030641 0.682926
vt 0.005304 0.684698
vt 0.116668 0.646032
vt 0.092160 0.645538
vt 0.039365 0.644403
vt 0.024027 0.644260
vt 0.000014 0.644499
vt 0.116784 0.630710
vt 0.092244 0.630087
vt 0.041219 0.629260
vt 0.025804 0.629211
vt 0.000279 0.629007
vt 0.117098 0.591464
vt 0.092152 0.590682
vt 0.038877 0.590592
vt 0.024148 0.591598
vt 0.000000 0.590074
vt 0.117253 0.573512
vt 0.092046 0.572745
vt 0.042647 0.571452
vt 0.026694 0.574601
vt 0.002903 0.572130
vt 0.117348 0.562820
vt 0.092094 0.562089
vt 0.053113 0.560959
vt 0.032708 0.560375
vt 0.004612 0.559587
vt 0.726653 0.842320
vt 0.725945 0.788518
vt 0.701088 0.789066
vt 0.702951 0.842084
vt 0.621618 0.794443
vt 0.620864 0.857792
vt 0.643340 0.862537
vt 0.646229 0.796190
vt 0.727606 0.738702
vt 0.702648 0.737271
vt 0.622162 0.734747
vt 0.646915 0.735928
vt 0.723226 0.852512
vt 0.695079 0.850214
vt 0.691067 0.790698
vt 0.692644 0.737209
vt 0.729678 0.892815
vt 0.706493 0.896063
vt 0.732252 0.913772
vt 0.708734 0.914513
vt 0.729703 0.932424
vt 0.702442 0.930501
vt 0.692820 0.988151
vt 0.719924 0.970702
vt 0.701242 0.956458
vt 0.682056 0.966436
vt 0.660248 0.992698
vt 0.678133 0.989296
vt 0.672637 0.960953
vt 0.656859 0.969912
vt 0.621527 0.990417
vt 0.622742 0.964498
vt 0.617061 0.906586
vt 0.633186 0.900816
vt 0.617563 0.884796
vt 0.608131 0.887769
vt 0.730082 0.943744
vt 0.709344 0.939596
vt 0.686826 0.945718
vt 0.591485 0.988000
vt 0.589956 0.961907
vt 0.584436 0.913009
vt 0.579541 0.889643
vt 0.533974 0.989217
vt 0.584544 0.989230
vt 0.583047 0.965680
vt 0.532971 0.963660
vt 0.529671 0.914864
vt 0.578616 0.913525
vt 0.574261 0.889662
vt 0.527706 0.889890
vt 0.479369 0.994122
vt 0.476061 0.969353
vt 0.473748 0.914863
vt 0.472369 0.890094
vt 0.457638 0.997803
vt 0.454855 0.974267
vt 0.452483 0.914780
vt 0.451362 0.890182
vt 0.434966 0.998227
vt 0.433576 0.972697
vt 0.430293 0.914977
vt 0.429461 0.890274
vt 0.403572 0.999593
vt 0.402351 0.975584
vt 0.397579 0.915636
vt 0.397072 0.890373
vt 0.386095 0.998214
vt 0.385991 0.973792
vt 0.380214 0.916242
vt 0.379764 0.890412
vt 0.622519 0.684705
vt 0.647127 0.685746
vt 0.694453 0.687045
vt 0.707933 0.687059
vt 0.733143 0.690306
vt 0.622750 0.645517
vt 0.647203 0.646341
vt 0.700027 0.648146
vt 0.715330 0.648845
vt 0.739312 0.650436
vt 0.622832 0.630223
vt 0.647356 0.630925
vt 0.698469 0.632917
vt 0.713852 0.633713
vt 0.739359 0.634903
vt 0.623079 0.591027
vt 0.648073 0.591610
vt 0.701437 0.594440
vt 0.716138 0.596226
vt 0.740323 0.595942
vt 0.623199 0.573107
vt 0.648472 0.573714
vt 0.697894 0.575132
vt 0.713831 0.579103
vt 0.737670 0.577866
vt 0.623272 0.562434
vt 0.648584 0.563085
vt 0.687516 0.564083
vt 0.707964 0.564599
vt 0.736070 0.565299
vt 0.704984 0.339798
vt 0.729840 0.341413
vt 0.731751 0.287086
vt 0.707995 0.286476
vt 0.648494 0.264263
vt 0.625414 0.268417
vt 0.624773 0.330847
vt 0.649793 0.330334
vt 0.705492 0.391766
vt 0.730520 0.391526
vt 0.624339 0.390303
vt 0.649357 0.390398
vt 0.728527 0.276590
vt 0.700302 0.278016
vt 0.694971 0.337742
vt 0.695447 0.391353
vt 0.735604 0.235625
vt 0.712429 0.231871
vt 0.738410 0.214402
vt 0.714907 0.213240
vt 0.736007 0.195461
vt 0.708684 0.197024
vt 0.707599 0.170859
vt 0.726387 0.156759
vt 0.699307 0.138916
vt 0.688436 0.160590
vt 0.678933 0.165927
vt 0.684541 0.137582
vt 0.666563 0.134003
vt 0.663215 0.156810
vt 0.627621 0.135842
vt 0.628692 0.161740
vt 0.622469 0.241498
vt 0.638866 0.225646
vt 0.622681 0.219539
vt 0.612802 0.238538
vt 0.736431 0.183998
vt 0.715627 0.187932
vt 0.693089 0.181424
vt 0.597625 0.138055
vt 0.595563 0.164132
vt 0.590892 0.212888
vt 0.586742 0.236718
vt 0.589007 0.159977
vt 0.590776 0.136545
vt 0.539448 0.135399
vt 0.538666 0.161053
vt 0.581639 0.236481
vt 0.585176 0.212314
vt 0.536431 0.210358
vt 0.535168 0.235674
vt 0.483570 0.130295
vt 0.481065 0.155248
vt 0.480437 0.210286
vt 0.479836 0.235395
vt 0.461343 0.126840
vt 0.459525 0.150539
vt 0.459120 0.210423
vt 0.458864 0.235384
vt 0.438452 0.126669
vt 0.438119 0.152267
vt 0.436913 0.210339
vt 0.436964 0.235355
vt 0.406781 0.125611
vt 0.406697 0.149680
vt 0.404169 0.209824
vt 0.404517 0.235232
vt 0.389312 0.127137
vt 0.390315 0.151656
vt 0.386800 0.209306
vt 0.387214 0.235181
vt 0.372459 0.130341
vt 0.373061 0.158217
vt 0.373872 0.209163
vt 0.374227 0.235147
vt 0.623996 0.440249
vt 0.648786 0.440477
vt 0.696385 0.441568
vt 0.709915 0.442225
vt 0.735252 0.440235
vt 0.623769 0.479388
vt 0.648314 0.479824
vt 0.701304 0.480711
vt 0.716667 0.480778
vt 0.740692 0.480387
vt 0.623688 0.494675
vt 0.648258 0.495233
vt 0.699501 0.495841
vt 0.714916 0.495821
vt 0.740458 0.495907
vt 0.623460 0.533841
vt 0.648446 0.534548
vt 0.701852 0.534441
vt 0.716593 0.533394
vt 0.740735 0.534883
vt 0.623344 0.551761
vt 0.648611 0.552455
vt 0.698015 0.553561
vt 0.713999 0.550392
vt 0.737781 0.552816
vt 0.013893 0.281286
vt 0.015120 0.335761
vt 0.039980 0.335204
vt 0.037616 0.281679
vt 0.119469 0.330377
vt 0.120390 0.266892
vt 0.097881 0.262090
vt 0.094730 0.328424
vt 0.013356 0.385808
vt 0.038318 0.387306
vt 0.118816 0.390180
vt 0.094022 0.388890
vt 0.017351 0.270739
vt 0.045492 0.273565
vt 0.050007 0.333556
vt 0.048325 0.387427
vt 0.011857 0.229499
vt 0.035294 0.227292
vt 0.009849 0.208248
vt 0.033182 0.208192
vt 0.013006 0.189576
vt 0.040234 0.192590
vt 0.051438 0.135131
vt 0.024067 0.151616
vt 0.042189 0.166599
vt 0.061444 0.157242
vt 0.083728 0.131556
vt 0.066017 0.134422
vt 0.070626 0.162972
vt 0.086375 0.154471
vt 0.121796 0.134659
vt 0.120176 0.160502
vt 0.124534 0.218141
vt 0.108185 0.223847
vt 0.123741 0.239959
vt 0.133177 0.236999
vt 0.013046 0.178172
vt 0.033665 0.183181
vt 0.056133 0.177791
vt 0.150972 0.137577
vt 0.152772 0.163620
vt 0.157181 0.211981
vt 0.161789 0.235300
vt 0.207896 0.135752
vt 0.157628 0.136188
vt 0.159265 0.159582
vt 0.208928 0.161338
vt 0.211809 0.210213
vt 0.162992 0.211497
vt 0.167056 0.235296
vt 0.213544 0.235193
vt 0.262530 0.131027
vt 0.265648 0.155857
vt 0.267558 0.210372
vt 0.268760 0.235149
vt 0.284224 0.127534
vt 0.286802 0.151115
vt 0.288811 0.210502
vt 0.289735 0.235123
vt 0.306770 0.127216
vt 0.308068 0.152744
vt 0.310959 0.210377
vt 0.311605 0.235099
vt 0.338070 0.125913
vt 0.339168 0.149930
vt 0.343618 0.209823
vt 0.343955 0.235103
vt 0.355500 0.127247
vt 0.355581 0.151736
vt 0.360952 0.209301
vt 0.361242 0.235121
vt 0.118353 0.440332
vt 0.093727 0.439193
vt 0.046489 0.437744
vt 0.033008 0.437702
vt 0.007802 0.434430
vt 0.118042 0.479590
vt 0.093588 0.478666
vt 0.040904 0.476739
vt 0.025615 0.475995
vt 0.001642 0.474362
vt 0.117928 0.494912
vt 0.093406 0.494118
vt 0.042449 0.491990
vt 0.027063 0.491150
vt 0.001571 0.489891
vt 0.117600 0.534180
vt 0.092634 0.533510
vt 0.039375 0.530519
vt 0.024686 0.528675
vt 0.000489 0.528835
vt 0.117443 0.552130
vt 0.092225 0.551435
vt 0.042791 0.549871
vt 0.026896 0.545813
vt 0.003040 0.546946
vt 0.065160 0.204478
vt 0.062961 0.214827
vt 0.075198 0.215071
vt 0.077652 0.205760
vt 0.077209 0.255071
vt 0.064334 0.260166
vt 0.074115 0.322329
vt 0.062119 0.322021
vt 0.072977 0.383648
vt 0.060883 0.383932
vt 0.072099 0.434625
vt 0.060047 0.433769
vt 0.069569 0.474976
vt 0.057741 0.474548
vt 0.070308 0.490847
vt 0.058397 0.490625
vt 0.068203 0.531305
vt 0.056216 0.531294
vt 0.069887 0.548709
vt 0.057147 0.550017
vt 0.074590 0.561502
vt 0.060902 0.561128
vt 0.069506 0.573903
vt 0.057059 0.571982
vt 0.067690 0.591246
vt 0.055729 0.590621
vt 0.069073 0.631795
vt 0.057151 0.631327
vt 0.068038 0.647609
vt 0.056185 0.647350
vt 0.069793 0.688066
vt 0.057682 0.688220
vt 0.069594 0.739092
vt 0.057462 0.738140
vt 0.069200 0.800396
vt 0.057135 0.800083
vt 0.070119 0.867968
vt 0.057985 0.862656
vt 0.067673 0.908635
vt 0.055451 0.907654
vt 0.068833 0.918568
vt 0.056201 0.918672
vt 0.687812 0.920404
vt 0.692711 0.903529
vt 0.680395 0.904392
vt 0.674704 0.918687
vt 0.673614 0.866840
vt 0.686648 0.859590
vt 0.674282 0.800772
vt 0.686380 0.795458
vt 0.676605 0.741413
vt 0.688770 0.739205
vt 0.677521 0.690087
vt 0.689853 0.688571
vt 0.681520 0.650081
vt 0.693198 0.649293
vt 0.680277 0.634352
vt 0.692317 0.633632
vt 0.682898 0.594220
vt 0.694767 0.594202
vt 0.680184 0.577299
vt 0.693216 0.575224
vt 0.672536 0.563614
vt 0.680711 0.550416
vt 0.693134 0.553129
vt 0.683313 0.533501
vt 0.695163 0.534225
vt 0.681338 0.493278
vt 0.693278 0.494692
vt 0.682668 0.477615
vt 0.694589 0.479134
vt 0.679514 0.437459
vt 0.691671 0.439670
vt 0.679420 0.386200
vt 0.691578 0.389080
vt 0.678432 0.326752
vt 0.690212 0.332499
vt 0.679775 0.260534
vt 0.691454 0.267478
vt 0.686069 0.223517
vt 0.698785 0.223976
vt 0.678268 0.208735
vt 0.692034 0.206934
vt 0.670147 0.181181
vt 0.660026 0.178755
vt 0.657882 0.191008
vt 0.664197 0.193119
vt 0.634847 0.193027
vt 0.633591 0.180400
vt 0.597936 0.189877
vt 0.599520 0.177096
vt 0.594216 0.186760
vt 0.594785 0.174679
vt 0.542812 0.185835
vt 0.543321 0.173644
vt 0.483598 0.183172
vt 0.484955 0.170938
vt 0.461904 0.180690
vt 0.461612 0.168990
vt 0.439161 0.182158
vt 0.439251 0.170056
vt 0.405231 0.179967
vt 0.405666 0.168275
vt 0.388263 0.179982
vt 0.387007 0.167057
vt 0.373340 0.185358
vt 0.373133 0.170333
vt 0.358202 0.179836
vt 0.359103 0.167291
vt 0.341226 0.180128
vt 0.340421 0.168481
vt 0.307486 0.182456
vt 0.307045 0.170443
vt 0.284838 0.181180
vt 0.284931 0.169385
vt 0.263333 0.183539
vt 0.261714 0.171417
vt 0.204626 0.185918
vt 0.203983 0.173829
vt 0.153657 0.186964
vt 0.153189 0.173772
vt 0.149822 0.189354
vt 0.148450 0.176374
vt 0.112849 0.191564
vt 0.114428 0.179011
vt 0.092667 0.188209
vt 0.088384 0.176045
vt 0.086235 0.191805
vt 0.079128 0.180754
vt 0.068601 0.947693
vt 0.078178 0.955293
vt 0.082504 0.942339
vt 0.076905 0.936984
vt 0.104843 0.939209
vt 0.106488 0.951715
vt 0.143207 0.941048
vt 0.141823 0.954342
vt 0.148530 0.944949
vt 0.146583 0.957812
vt 0.197468 0.944558
vt 0.199582 0.956987
vt 0.257174 0.947746
vt 0.257832 0.960278
vt 0.278859 0.951028
vt 0.279584 0.962573
vt 0.301489 0.949115
vt 0.302138 0.961319
vt 0.335339 0.951519
vt 0.335019 0.963090
vt 0.352097 0.951260
vt 0.353270 0.963804
vt 0.367704 0.944477
vt 0.368154 0.960627
vt 0.383411 0.951496
vt 0.383026 0.963640
vt 0.400209 0.951244
vt 0.401213 0.962786
vt 0.433831 0.948520
vt 0.433871 0.960573
vt 0.456396 0.949999
vt 0.456287 0.961749
vt 0.477858 0.946877
vt 0.477848 0.959051
vt 0.537016 0.943807
vt 0.537686 0.955947
vt 0.586013 0.944488
vt 0.588194 0.956982
vt 0.591073 0.940359
vt 0.592782 0.953966
vt 0.629398 0.939082
vt 0.627833 0.951542
vt 0.652074 0.943123
vt 0.656053 0.955022
vt 0.660211 0.938765
vt 0.667184 0.950567
vt 0.069800 0.925686
vt 0.057422 0.928681
vt 0.072281 0.931461
vt 0.061754 0.938162
vt 0.682415 0.933340
vt 0.671410 0.927401
vt 0.676372 0.941462
vt 0.666325 0.933714
vt 0.679072 0.187700
vt 0.669984 0.196228
vt 0.684980 0.194005
vt 0.674901 0.201255
vt 0.081886 0.195125
vt 0.072256 0.187081
vt 0.079268 0.199386
vt 0.067606 0.194484
vt 0.134652 0.294703
vt 0.134731 0.888247
vt 0.593536 0.888186
vt 0.593457 0.294642
vt 0.956845 0.974122
vt 0.956874 0.515317
vt 0.954559 0.513679
vt 0.954530 0.975759
vt 0.803369 0.371341
vt 0.803301 0.968160
vt 0.805617 0.966523
vt 0.805685 0.372979
vt 0.900282 0.486327
vt 0.900264 0.024247
vt 0.897948 0.025885
vt 0.897966 0.484690
vt 0.828449 0.968152
vt 0.828479 0.371333
vt 0.826163 0.372970
vt 0.826133 0.966514
vt 0.941181 0.980641
vt 0.941211 0.508796
vt 0.938895 0.507158
vt 0.938865 0.982279
vt 0.789620 0.362904
vt 0.789551 0.976594
vt 0.791867 0.974957
vt 0.791936 0.364542
vt 0.915947 0.492847
vt 0.915928 0.017726
vt 0.913612 0.019364
vt 0.913631 0.491209
vt 0.842198 0.976588
vt 0.842229 0.362898
vt 0.839913 0.364535
vt 0.839883 0.974950
vt 0.925362 0.987161
vt 0.925393 0.502274
vt 0.923078 0.500636
vt 0.923047 0.988798
vt 0.775719 0.354467
vt 0.775647 0.985028
vt 0.777963 0.983391
vt 0.778034 0.356105
vt 0.931765 0.499367
vt 0.931746 0.011205
vt 0.929430 0.012842
vt 0.929449 0.497729
vt 0.856101 0.985024
vt 0.856133 0.354463
vt 0.853817 0.356100
vt 0.853785 0.983386
vt 0.918730 0.991391
vt 0.918761 0.498042
vt 0.916445 0.496405
vt 0.916414 0.993029
vt 0.770810 0.348512
vt 0.770737 0.990982
vt 0.773053 0.989345
vt 0.773126 0.350150
vt 0.938397 0.503597
vt 0.938378 0.006974
vt 0.936062 0.008611
vt 0.936082 0.501960
vt 0.861010 0.990978
vt 0.861042 0.348509
vt 0.858726 0.350146
vt 0.858694 0.989341
vt 0.898019 0.998363
vt 0.898052 0.491069
vt 0.895736 0.489431
vt 0.895704 1.000000
vt 0.752149 0.339490
vt 0.752074 1.000000
vt 0.754390 0.998363
vt 0.754465 0.341128
vt 0.959107 0.510569
vt 0.959087 0.000000
vt 0.956772 0.001638
vt 0.956791 0.508932
vt 0.879671 1.000000
vt 0.879704 0.339490
vt 0.877389 0.341127
vt 0.877355 0.998362
vt 0.814859 0.966524
vt 0.814926 0.372980
vt 0.888706 0.025885
vt 0.888724 0.484690
vt 0.816922 0.372969
vt 0.816892 0.966514
vt 0.966087 0.974122
vt 0.966116 0.515317
vt 0.798418 0.974958
vt 0.798487 0.364543
vt 0.907062 0.019364
vt 0.907080 0.491210
vt 0.833363 0.364535
vt 0.833332 0.974950
vt 0.947731 0.980642
vt 0.947761 0.508796
vt 0.784667 0.983392
vt 0.784738 0.356106
vt 0.922726 0.012843
vt 0.922745 0.497730
vt 0.847113 0.356100
vt 0.847081 0.983386
vt 0.932066 0.987161
vt 0.932097 0.502274
vt 0.759726 0.990981
vt 0.759799 0.348511
vt 0.949389 0.006973
vt 0.949409 0.503597
vt 0.872053 0.348509
vt 0.872021 0.990979
vt 0.905403 0.993028
vt 0.905434 0.496404
vt 0.745077 0.999999
vt 0.745152 0.339489
vt 0.966085 0.000000
vt 0.966105 0.510569
vt 0.886702 0.339490
vt 0.886668 1.000000
vt 0.888706 1.000000
vt 0.888739 0.489430
s 1
usemtl initialShadingGroup.001
f 2850/1435/1385 2847/1436/1385 2848/1437/1386
f 2848/1437/1386 2849/1438/1386 2850/1435/1385
s 0
f 2854/1439/1387 2851/1440/1387 2852/1441/1387
f 2852/1441/1387 2853/1442/1387 2854/1439/1387
s 1
f 2856/1443/1388 2855/1444/1388 2847/1436/1385
f 2847/1436/1385 2850/1435/1385 2856/1443/1388
s 0
f 2853/1442/1387 2852/1441/1387 2857/1445/1387
f 2857/1445/1387 2858/1446/1387 2853/1442/1387
f 2862/1438/1389 2859/1437/1389 2860/1447/1389
s 1
f 2860/1447/1389 2861/1448/1389 2862/1438/1389
f 2866/1449/1390 2863/1435/1391 2864/1438/1391
f 2864/1438/1391 2865/1448/1392 2866/1449/1390
f 2868/1450/1393 2867/1443/1391 2863/1435/1391
f 2863/1435/1391 2866/1449/1390 2868/1450/1393
s 0
f 2872/1448/1394 2869/1447/1394 2870/1451/1394
f 2870/1451/1394 2871/1452/1394 2872/1448/1394
f 2876/1452/1395 2873/1451/1395 2874/1453/1395
f 2874/1453/1395 2875/1454/1395 2876/1452/1395
f 2880/1454/1396 2877/1453/1396 2878/1455/1396
f 2878/1455/1396 2879/1456/1396 2880/1454/1396
s 1
f 2884/1457/1397 2881/1458/1398 2882/1459/1399
f 2882/1459/1399 2883/1460/1400 2884/1457/1397
s 0
f 2888/1461/1401 2885/1462/1401 2886/1463/1401
f 2886/1463/1401 2887/1464/1401 2888/1461/1401
f 2892/1464/1402 2889/1463/1402 2890/1465/1402
f 2890/1465/1402 2891/1466/1402 2892/1464/1402
f 2896/1467/1403 2893/1468/1403 2894/1469/1403
f 2894/1469/1404 2895/1470/1404 2896/1467/1404
f 2900/1456/1405 2897/1455/1405 2898/1471/1405
f 2898/1471/1405 2899/1472/1405 2900/1456/1405
s 1
f 2904/1473/1406 2901/1457/1391 2902/1460/1391
f 2902/1460/1391 2903/1461/1407 2904/1473/1406
s 0
f 2908/1462/1408 2905/1461/1408 2906/1460/1408
f 2906/1460/1408 2907/1459/1408 2908/1462/1408
s 1
f 2912/1440/1409 2909/1439/1410 2910/1468/1411
f 2910/1468/1411 2911/1467/1410 2912/1440/1409
f 2914/1472/1412 2913/1471/1413 2881/1458/1398
f 2881/1458/1398 2884/1457/1397 2914/1472/1412
f 2904/1473/1406 2915/1456/1414 2916/1472/1391
f 2916/1472/1391 2901/1457/1391 2904/1473/1406
s 0
f 2920/1466/1415 2917/1465/1415 2918/1474/1415
f 2918/1474/1415 2919/1475/1415 2920/1466/1415
f 2924/1470/1416 2921/1469/1416 2922/1476/1416
f 2922/1476/1416 2923/1477/1416 2924/1470/1416
s 1
f 2928/1478/1417 2925/1479/1418 2926/1480/1419
f 2926/1480/1419 2927/1481/1419 2928/1478/1417
s 0
f 2932/1482/1416 2929/1483/1416 2930/1484/1416
f 2930/1484/1416 2931/1485/1416 2932/1482/1416
s 1
f 2934/1475/1420 2933/1474/1420 2925/1479/1418
f 2925/1479/1418 2928/1478/1417 2934/1475/1420
s 0
f 2923/1477/1416 2922/1476/1416 2929/1483/1416
f 2929/1483/1416 2932/1482/1416 2923/1477/1416
f 2938/1481/1421 2935/1480/1421 2936/1486/1421
f 2936/1486/1421 2937/1487/1421 2938/1481/1421
f 2931/1485/1416 2930/1484/1416 2939/1488/1416
f 2939/1488/1416 2940/1489/1416 2931/1485/1416
f 2944/1487/1422 2941/1486/1422 2942/1490/1422
f 2942/1490/1422 2943/1491/1422 2944/1487/1422
f 2940/1489/1416 2939/1488/1416 2945/1492/1416
f 2945/1492/1416 2946/1493/1416 2940/1489/1416
f 2950/1491/1423 2947/1490/1423 2948/1494/1423
f 2948/1494/1423 2949/1495/1423 2950/1491/1423
f 2946/1493/1416 2945/1492/1416 2951/1496/1416
f 2951/1496/1416 2952/1497/1416 2946/1493/1416
f 2956/1495/1424 2953/1494/1424 2954/1498/1424
f 2954/1498/1424 2955/1499/1424 2956/1495/1424
f 2952/1497/1416 2951/1496/1416 2957/1500/1416
f 2957/1500/1416 2958/1501/1416 2952/1497/1416
f 2962/1499/1425 2959/1498/1425 2960/1502/1425
f 2960/1502/1425 2961/1503/1425 2962/1499/1425
f 2958/1501/1416 2957/1500/1416 2963/1504/1416
f 2963/1504/1416 2964/1505/1416 2958/1501/1416
f 2968/1503/1426 2965/1502/1426 2966/1506/1426
f 2966/1506/1426 2967/1507/1426 2968/1503/1426
f 2964/1505/1416 2963/1504/1416 2969/1508/1416
f 2969/1508/1416 2970/1509/1416 2964/1505/1416
f 2858/1446/1387 2857/1445/1387 2971/1510/1387
f 2971/1510/1387 2972/1511/1387 2858/1446/1387
s 1
f 2867/1443/1391 2868/1450/1393 2973/1512/1427
f 2973/1512/1427 2974/1513/1391 2867/1443/1391
s 0
f 2978/1444/1428 2975/1443/1428 2976/1513/1428
f 2976/1513/1428 2977/1514/1428 2978/1444/1428
f 2972/1511/1387 2971/1510/1387 2979/1515/1387
f 2979/1515/1387 2980/1516/1387 2972/1511/1387
s 1
f 2974/1513/1391 2973/1512/1427 2981/1517/1429
f 2981/1517/1429 2982/1518/1391 2974/1513/1391
s 0
f 2986/1514/1430 2983/1513/1430 2984/1518/1430
f 2984/1518/1430 2985/1519/1430 2986/1514/1430
f 2980/1516/1387 2979/1515/1387 2987/1520/1387
f 2987/1520/1387 2988/1521/1387 2980/1516/1387
s 1
f 2982/1518/1391 2981/1517/1429 2989/1522/1431
f 2989/1522/1431 2990/1523/1391 2982/1518/1391
s 0
f 2994/1519/1395 2991/1518/1395 2992/1523/1395
f 2992/1523/1395 2993/1524/1395 2994/1519/1395
f 2988/1521/1387 2987/1520/1387 2995/1525/1387
f 2995/1525/1387 2996/1526/1387 2988/1521/1387
s 1
f 2990/1523/1391 2989/1522/1431 2997/1527/1432
f 2997/1527/1432 2998/1528/1391 2990/1523/1391
s 0
f 3002/1524/1433 2999/1523/1433 3000/1528/1433
f 3000/1528/1433 3001/1529/1433 3002/1524/1433
f 2996/1526/1387 2995/1525/1387 3003/1530/1387
f 3003/1530/1387 3004/1531/1387 2996/1526/1387
s 1
f 2998/1528/1391 2997/1527/1432 3005/1532/1434
f 3005/1532/1434 3006/1533/1391 2998/1528/1391
s 0
f 3010/1529/1435 3007/1528/1435 3008/1533/1435
f 3008/1533/1435 3009/1534/1435 3010/1529/1435
f 3004/1531/1387 3003/1530/1387 3011/1535/1387
f 3011/1535/1387 3012/1536/1387 3004/1531/1387
s 1
f 3006/1533/1391 3005/1532/1434 3013/1537/1436
f 3013/1537/1436 3014/1538/1391 3006/1533/1391
s 0
f 3018/1534/1437 3015/1533/1437 3016/1538/1437
f 3016/1538/1437 3017/1539/1437 3018/1534/1437
s 1
f 3022/1540/1438 3019/1541/1439 3020/1542/1439
f 3020/1542/1439 3021/1543/1438 3022/1540/1438
s 0
f 3026/1544/1440 3023/1545/1440 3024/1546/1440
f 3024/1546/1440 3025/1547/1440 3026/1544/1440
s 1
f 3019/1541/1439 3027/1548/1441 3028/1549/1441
f 3028/1549/1441 3020/1542/1439 3019/1541/1439
s 0
f 3030/1550/1440 3026/1544/1440 3025/1547/1440
f 3025/1547/1440 3029/1551/1440 3030/1550/1440
f 3034/1552/1442 3031/1540/1442 3032/1543/1442
s 1
f 3032/1543/1442 3033/1553/1442 3034/1552/1442
f 3038/1543/1391 3035/1542/1391 3036/1554/1443
f 3036/1554/1443 3037/1553/1444 3038/1543/1391
f 3035/1542/1391 3039/1549/1391 3040/1555/1445
f 3040/1555/1445 3036/1554/1443 3035/1542/1391
s 0
f 3044/1556/1446 3041/1552/1446 3042/1553/1446
f 3042/1553/1446 3043/1557/1446 3044/1556/1446
f 3048/1558/1447 3045/1556/1447 3046/1557/1447
f 3046/1557/1447 3047/1559/1447 3048/1558/1447
f 3052/1560/1448 3049/1558/1448 3050/1559/1448
f 3050/1559/1448 3051/1561/1448 3052/1560/1448
s 1
f 3056/1562/1449 3053/1563/1450 3054/1564/1451
f 3054/1564/1451 3055/1565/1452 3056/1562/1449
s 0
f 3060/1566/1453 3057/1567/1453 3058/1568/1453
f 3058/1568/1453 3059/1569/1453 3060/1566/1453
f 3064/1570/1454 3061/1566/1454 3062/1569/1454
f 3062/1569/1454 3063/1571/1454 3064/1570/1454
f 3068/1572/1403 3065/1573/1403 3066/1574/1403
f 3066/1574/1455 3067/1575/1455 3068/1572/1455
f 3072/1576/1456 3069/1560/1456 3070/1561/1456
f 3070/1561/1456 3071/1577/1456 3072/1576/1456
s 1
f 3076/1565/1391 3073/1564/1391 3074/1578/1457
f 3074/1578/1457 3075/1568/1458 3076/1565/1391
s 0
f 3080/1565/1459 3077/1568/1459 3078/1567/1459
f 3078/1567/1459 3079/1562/1459 3080/1565/1459
s 1
f 3084/1573/1460 3081/1546/1461 3082/1545/1462
f 3082/1545/1462 3083/1574/1461 3084/1573/1460
f 3053/1563/1450 3085/1576/1463 3086/1577/1464
f 3086/1577/1464 3054/1564/1451 3053/1563/1450
f 3088/1577/1391 3087/1561/1465 3074/1578/1457
f 3074/1578/1457 3073/1564/1391 3088/1577/1391
s 0
f 3092/1579/1466 3089/1570/1466 3090/1571/1466
f 3090/1571/1466 3091/1580/1466 3092/1579/1466
f 3096/1581/1416 3093/1572/1416 3094/1575/1416
f 3094/1575/1416 3095/1582/1416 3096/1581/1416
s 1
f 3100/1583/1467 3097/1584/1468 3098/1585/1417
f 3098/1585/1417 3099/1586/1467 3100/1583/1467
s 0
f 3104/1587/1416 3101/1588/1416 3102/1589/1416
f 3102/1589/1416 3103/1590/1416 3104/1587/1416
s 1
f 3097/1584/1468 3105/1579/1469 3106/1580/1469
f 3106/1580/1469 3098/1585/1417 3097/1584/1468
s 0
f 3101/1588/1416 3096/1581/1416 3095/1582/1416
f 3095/1582/1416 3102/1589/1416 3101/1588/1416
f 3110/1591/1470 3107/1583/1470 3108/1586/1470
f 3108/1586/1470 3109/1592/1470 3110/1591/1470
f 3112/1593/1416 3104/1587/1416 3103/1590/1416
f 3103/1590/1416 3111/1594/1416 3112/1593/1416
f 3116/1595/1471 3113/1591/1471 3114/1592/1471
f 3114/1592/1471 3115/1596/1471 3116/1595/1471
f 3118/1597/1416 3112/1593/1416 3111/1594/1416
f 3111/1594/1416 3117/1598/1416 3118/1597/1416
f 3122/1599/1472 3119/1595/1472 3120/1596/1472
f 3120/1596/1472 3121/1600/1472 3122/1599/1472
f 3124/1601/1416 3118/1597/1416 3117/1598/1416
f 3117/1598/1416 3123/1602/1416 3124/1601/1416
f 3128/1603/1473 3125/1599/1473 3126/1600/1473
f 3126/1600/1473 3127/1604/1473 3128/1603/1473
f 3130/1605/1416 3124/1601/1416 3123/1602/1416
f 3123/1602/1416 3129/1606/1416 3130/1605/1416
f 3134/1607/1474 3131/1603/1474 3132/1604/1474
f 3132/1604/1474 3133/1608/1474 3134/1607/1474
f 3136/1609/1416 3130/1605/1416 3129/1606/1416
f 3129/1606/1416 3135/1610/1416 3136/1609/1416
f 3140/1506/1475 3137/1607/1475 3138/1608/1475
f 3138/1608/1475 3139/1507/1475 3140/1506/1475
f 2969/1508/1416 3136/1609/1416 3135/1610/1416
f 3135/1610/1416 2970/1509/1416 2969/1508/1416
f 3142/1611/1440 3030/1550/1440 3029/1551/1440
f 3029/1551/1440 3141/1612/1440 3142/1611/1440
s 1
f 3144/1613/1476 3040/1555/1445 3039/1549/1391
f 3039/1549/1391 3143/1614/1391 3144/1613/1476
s 0
f 3148/1614/1477 3145/1549/1477 3146/1548/1477
f 3146/1548/1477 3147/1615/1477 3148/1614/1477
f 3150/1616/1440 3142/1611/1440 3141/1612/1440
f 3141/1612/1440 3149/1617/1440 3150/1616/1440
s 1
f 3152/1618/1478 3144/1613/1476 3143/1614/1391
f 3143/1614/1391 3151/1619/1391 3152/1618/1478
s 0
f 3156/1619/1479 3153/1614/1479 3154/1615/1479
f 3154/1615/1479 3155/1620/1479 3156/1619/1479
f 3158/1621/1440 3150/1616/1440 3149/1617/1440
f 3149/1617/1440 3157/1622/1440 3158/1621/1440
s 1
f 3160/1623/1480 3152/1618/1478 3151/1619/1391
f 3151/1619/1391 3159/1624/1391 3160/1623/1480
s 0
f 3164/1624/1447 3161/1619/1447 3162/1620/1447
f 3162/1620/1447 3163/1625/1447 3164/1624/1447
f 3166/1626/1440 3158/1621/1440 3157/1622/1440
f 3157/1622/1440 3165/1627/1440 3166/1626/1440
s 1
f 3168/1628/1481 3160/1623/1480 3159/1624/1391
f 3159/1624/1391 3167/1629/1391 3168/1628/1481
f 3172/1629/1482 3169/1624/1482 3170/1625/1482
s 0
f 3170/1625/1482 3171/1630/1482 3172/1629/1482
f 3174/1631/1440 3166/1626/1440 3165/1627/1440
f 3165/1627/1440 3173/1632/1440 3174/1631/1440
s 1
f 3176/1633/1483 3168/1628/1481 3167/1629/1391
f 3167/1629/1391 3175/1634/1391 3176/1633/1483
s 0
f 3180/1634/1484 3177/1629/1484 3178/1630/1484
f 3178/1630/1484 3179/1635/1484 3180/1634/1484
f 3182/1636/1440 3174/1631/1440 3173/1632/1440
f 3173/1632/1440 3181/1637/1440 3182/1636/1440
s 1
f 3185/1638/1485 3176/1633/1483 3183/1634/1391
f 3183/1634/1391 3184/1639/1391 3185/1638/1485
s 0
f 3189/1639/1486 3186/1634/1486 3187/1635/1486
f 3187/1635/1486 3188/1640/1486 3189/1639/1486
s 1
f 3193/1641/1487 3190/1642/1487 3191/1643/1488
f 3191/1643/1488 3192/1644/1488 3193/1641/1487
s 0
f 3197/1645/1440 3194/1646/1440 3195/1647/1440
f 3195/1647/1440 3196/1648/1440 3197/1645/1440
s 1
f 3199/1649/1489 3198/1650/1489 3190/1642/1487
f 3190/1642/1487 3193/1641/1487 3199/1649/1489
s 0
f 3196/1648/1440 3195/1647/1440 3200/1651/1440
f 3200/1651/1440 3201/1652/1440 3196/1648/1440
f 3205/1644/1490 3202/1643/1490 3203/1653/1490
f 3203/1653/1490 3204/1654/1490 3205/1644/1490
s 1
f 3209/1655/1491 3206/1641/1391 3207/1644/1391
f 3207/1644/1391 3208/1654/1492 3209/1655/1491
f 3211/1656/1493 3210/1649/1391 3206/1641/1391
f 3206/1641/1391 3209/1655/1491 3211/1656/1493
s 0
f 3215/1654/1494 3212/1653/1494 3213/1657/1494
f 3213/1657/1494 3214/1658/1494 3215/1654/1494
f 3219/1658/1479 3216/1657/1479 3217/1659/1479
f 3217/1659/1479 3218/1660/1479 3219/1658/1479
f 3223/1660/1495 3220/1659/1495 3221/1661/1495
f 3221/1661/1495 3222/1662/1495 3223/1660/1495
s 1
f 3227/1663/1496 3224/1664/1497 3225/1665/1498
f 3225/1665/1498 3226/1666/1499 3227/1663/1496
s 0
f 3231/1667/1500 3228/1668/1500 3229/1669/1500
f 3229/1669/1500 3230/1670/1500 3231/1667/1500
f 3235/1670/1501 3232/1669/1501 3233/1671/1501
f 3233/1671/1501 3234/1672/1501 3235/1670/1501
f 3239/1673/1502 3236/1674/1502 3237/1675/1502
f 3237/1675/1503 3238/1676/1503 3239/1673/1503
f 3243/1662/1504 3240/1661/1504 3241/1677/1504
f 3241/1677/1504 3242/1678/1504 3243/1662/1504
s 1
f 3247/1679/1505 3244/1663/1391 3245/1666/1391
f 3245/1666/1391 3246/1667/1506 3247/1679/1505
s 0
f 3251/1668/1507 3248/1667/1507 3249/1666/1507
f 3249/1666/1507 3250/1665/1507 3251/1668/1507
s 1
f 3255/1646/1508 3252/1645/1509 3253/1674/1510
f 3253/1674/1510 3254/1673/1509 3255/1646/1508
f 3257/1678/1511 3256/1677/1512 3224/1664/1497
f 3224/1664/1497 3227/1663/1496 3257/1678/1511
f 3247/1679/1505 3258/1662/1513 3259/1678/1391
f 3259/1678/1391 3244/1663/1391 3247/1679/1505
s 0
f 3263/1672/1514 3260/1671/1514 3261/1680/1514
f 3261/1680/1514 3262/1681/1514 3263/1672/1514
f 3267/1676/1417 3264/1675/1417 3265/1682/1417
f 3265/1682/1417 3266/1683/1417 3267/1676/1417
s 1
f 3271/1684/1416 3268/1685/1515 3269/1686/1516
f 3269/1686/1516 3270/1687/1516 3271/1684/1416
s 0
f 3275/1688/1417 3272/1689/1417 3273/1690/1417
f 3273/1690/1417 3274/1691/1417 3275/1688/1417
s 1
f 3277/1681/1517 3276/1680/1517 3268/1685/1515
f 3268/1685/1515 3271/1684/1416 3277/1681/1517
s 0
f 3266/1683/1417 3265/1682/1417 3272/1689/1417
f 3272/1689/1417 3275/1688/1417 3266/1683/1417
f 3281/1687/1518 3278/1686/1518 3279/1692/1518
f 3279/1692/1518 3280/1693/1518 3281/1687/1518
f 3274/1691/1417 3273/1690/1417 3282/1694/1417
f 3282/1694/1417 3283/1695/1417 3274/1691/1417
f 3287/1693/1519 3284/1692/1519 3285/1696/1519
f 3285/1696/1519 3286/1697/1519 3287/1693/1519
f 3283/1695/1417 3282/1694/1417 3288/1698/1417
f 3288/1698/1417 3289/1699/1417 3283/1695/1417
f 3293/1697/1520 3290/1696/1520 3291/1700/1520
f 3291/1700/1520 3292/1701/1520 3293/1697/1520
f 3289/1699/1417 3288/1698/1417 3294/1702/1417
f 3294/1702/1417 3295/1703/1417 3289/1699/1417
f 3299/1701/1521 3296/1700/1521 3297/1704/1521
f 3297/1704/1521 3298/1705/1521 3299/1701/1521
f 3295/1703/1417 3294/1702/1417 3300/1706/1417
f 3300/1706/1417 3301/1707/1417 3295/1703/1417
f 3305/1705/1522 3302/1704/1522 3303/1708/1522
f 3303/1708/1522 3304/1709/1522 3305/1705/1522
f 3301/1707/1417 3300/1706/1417 3306/1710/1417
f 3306/1710/1417 3307/1711/1417 3301/1707/1417
f 3311/1709/1523 3308/1708/1523 3309/1712/1523
f 3309/1712/1523 3310/1713/1523 3311/1709/1523
f 3307/1711/1417 3306/1710/1417 3312/1714/1417
f 3312/1714/1417 3313/1715/1417 3307/1711/1417
f 3201/1652/1440 3200/1651/1440 3314/1716/1440
f 3314/1716/1440 3315/1717/1440 3201/1652/1440
s 1
f 3210/1649/1391 3211/1656/1493 3316/1718/1524
f 3316/1718/1524 3317/1719/1391 3210/1649/1391
s 0
f 3321/1650/1525 3318/1649/1525 3319/1719/1525
f 3319/1719/1525 3320/1720/1525 3321/1650/1525
f 3315/1717/1440 3314/1716/1440 3322/1721/1440
f 3322/1721/1440 3323/1722/1440 3315/1717/1440
s 1
f 3317/1719/1391 3316/1718/1524 3324/1723/1526
f 3324/1723/1526 3325/1724/1391 3317/1719/1391
s 0
f 3329/1720/1447 3326/1719/1447 3327/1724/1447
f 3327/1724/1447 3328/1725/1447 3329/1720/1447
f 3323/1722/1440 3322/1721/1440 3330/1726/1440
f 3330/1726/1440 3331/1727/1440 3323/1722/1440
s 1
f 3325/1724/1391 3324/1723/1526 3332/1728/1527
f 3332/1728/1527 3333/1729/1391 3325/1724/1391
s 0
f 3337/1725/1479 3334/1724/1479 3335/1729/1479
f 3335/1729/1479 3336/1730/1479 3337/1725/1479
f 3331/1727/1440 3330/1726/1440 3338/1731/1440
f 3338/1731/1440 3339/1732/1440 3331/1727/1440
s 1
f 3333/1729/1391 3332/1728/1527 3340/1733/1528
f 3340/1733/1528 3341/1734/1391 3333/1729/1391
s 0
f 3345/1730/1529 3342/1729/1529 3343/1734/1529
f 3343/1734/1529 3344/1735/1529 3345/1730/1529
f 3339/1732/1440 3338/1731/1440 3346/1736/1440
f 3346/1736/1440 3347/1737/1440 3339/1732/1440
s 1
f 3341/1734/1391 3340/1733/1528 3348/1738/1530
f 3348/1738/1530 3349/1739/1391 3341/1734/1391
s 0
f 3353/1735/1531 3350/1734/1531 3351/1739/1531
f 3351/1739/1531 3352/1740/1531 3353/1735/1531
f 3347/1737/1440 3346/1736/1440 3182/1636/1440
f 3182/1636/1440 3181/1637/1440 3347/1737/1440
s 1
f 3356/1739/1391 3348/1738/1530 3354/1638/1532
f 3354/1638/1532 3355/1639/1391 3356/1739/1391
s 0
f 3360/1740/1533 3357/1739/1533 3358/1639/1533
f 3358/1639/1533 3359/1640/1533 3360/1740/1533
s 1
f 3364/1741/1534 3361/1742/1535 3362/1743/1535
f 3362/1743/1535 3363/1744/1534 3364/1741/1534
s 0
f 3368/1745/1387 3365/1746/1387 3366/1747/1387
f 3366/1747/1387 3367/1748/1387 3368/1745/1387
s 1
f 3361/1742/1535 3369/1749/1536 3370/1750/1536
f 3370/1750/1536 3362/1743/1535 3361/1742/1535
s 0
f 3372/1751/1387 3368/1745/1387 3367/1748/1387
f 3367/1748/1387 3371/1752/1387 3372/1751/1387
f 3376/1753/1537 3373/1741/1537 3374/1744/1537
f 3374/1744/1537 3375/1754/1537 3376/1753/1537
s 1
f 3380/1744/1391 3377/1743/1391 3378/1755/1538
f 3378/1755/1538 3379/1754/1539 3380/1744/1391
f 3377/1743/1391 3381/1750/1391 3382/1756/1540
f 3382/1756/1540 3378/1755/1538 3377/1743/1391
s 0
f 3386/1757/1541 3383/1753/1541 3384/1754/1541
f 3384/1754/1541 3385/1758/1541 3386/1757/1541
f 3390/1759/1430 3387/1757/1430 3388/1758/1430
f 3388/1758/1430 3389/1760/1430 3390/1759/1430
f 3394/1761/1542 3391/1759/1542 3392/1760/1542
f 3392/1760/1542 3393/1762/1542 3394/1761/1542
s 1
f 3398/1763/1543 3395/1764/1544 3396/1765/1545
f 3396/1765/1545 3397/1766/1546 3398/1763/1543
s 0
f 3402/1767/1547 3399/1768/1547 3400/1769/1547
f 3400/1769/1547 3401/1770/1547 3402/1767/1547
f 3406/1771/1548 3403/1767/1548 3404/1770/1548
f 3404/1770/1548 3405/1772/1548 3406/1771/1548
f 3410/1773/1502 3407/1774/1502 3408/1775/1502
f 3408/1775/1418 3409/1776/1418 3410/1773/1418
f 3414/1777/1549 3411/1761/1549 3412/1762/1549
f 3412/1762/1549 3413/1778/1549 3414/1777/1549
s 1
f 3418/1766/1391 3415/1765/1391 3416/1779/1550
f 3416/1779/1550 3417/1769/1551 3418/1766/1391
s 0
f 3422/1766/1552 3419/1769/1552 3420/1768/1552
f 3420/1768/1552 3421/1763/1552 3422/1766/1552
s 1
f 3426/1774/1553 3423/1747/1554 3424/1746/1555
f 3424/1746/1555 3425/1775/1554 3426/1774/1553
f 3395/1764/1544 3427/1777/1556 3428/1778/1557
f 3428/1778/1557 3396/1765/1545 3395/1764/1544
f 3430/1778/1391 3429/1762/1558 3416/1779/1550
f 3416/1779/1550 3415/1765/1391 3430/1778/1391
s 0
f 3434/1780/1559 3431/1771/1559 3432/1772/1559
f 3432/1772/1559 3433/1781/1559 3434/1780/1559
f 3438/1782/1417 3435/1773/1417 3436/1776/1417
f 3436/1776/1417 3437/1783/1417 3438/1782/1417
s 1
f 3442/1784/1560 3439/1785/1561 3440/1786/1416
f 3440/1786/1416 3441/1787/1560 3442/1784/1560
s 0
f 3446/1788/1417 3443/1789/1417 3444/1790/1417
f 3444/1790/1417 3445/1791/1417 3446/1788/1417
s 1
f 3439/1785/1561 3447/1780/1562 3448/1781/1562
f 3448/1781/1562 3440/1786/1416 3439/1785/1561
s 0
f 3443/1789/1417 3438/1782/1417 3437/1783/1417
f 3437/1783/1417 3444/1790/1417 3443/1789/1417
f 3452/1792/1563 3449/1784/1563 3450/1787/1563
f 3450/1787/1563 3451/1793/1563 3452/1792/1563
f 3454/1794/1417 3446/1788/1417 3445/1791/1417
f 3445/1791/1417 3453/1795/1417 3454/1794/1417
f 3458/1796/1564 3455/1792/1564 3456/1793/1564
f 3456/1793/1564 3457/1797/1564 3458/1796/1564
f 3460/1798/1417 3454/1794/1417 3453/1795/1417
f 3453/1795/1417 3459/1799/1417 3460/1798/1417
f 3464/1800/1565 3461/1796/1565 3462/1797/1565
f 3462/1797/1565 3463/1801/1565 3464/1800/1565
f 3466/1802/1417 3460/1798/1417 3459/1799/1417
f 3459/1799/1417 3465/1803/1417 3466/1802/1417
f 3470/1804/1566 3467/1800/1566 3468/1801/1566
f 3468/1801/1566 3469/1805/1566 3470/1804/1566
f 3472/1806/1417 3466/1802/1417 3465/1803/1417
f 3465/1803/1417 3471/1807/1417 3472/1806/1417
f 3476/1808/1567 3473/1804/1567 3474/1805/1567
f 3474/1805/1567 3475/1809/1567 3476/1808/1567
f 3478/1810/1417 3472/1806/1417 3471/1807/1417
f 3471/1807/1417 3477/1811/1417 3478/1810/1417
f 3482/1712/1568 3479/1808/1568 3480/1809/1568
f 3480/1809/1568 3481/1713/1568 3482/1712/1568
f 3312/1714/1417 3478/1810/1417 3477/1811/1417
f 3477/1811/1417 3313/1715/1417 3312/1714/1417
f 3484/1812/1387 3372/1751/1387 3371/1752/1387
f 3371/1752/1387 3483/1813/1387 3484/1812/1387
s 1
f 3486/1814/1569 3382/1756/1540 3381/1750/1391
f 3381/1750/1391 3485/1815/1391 3486/1814/1569
s 0
f 3490/1815/1570 3487/1750/1570 3488/1749/1570
f 3488/1749/1570 3489/1816/1570 3490/1815/1570
f 3492/1817/1387 3484/1812/1387 3483/1813/1387
f 3483/1813/1387 3491/1818/1387 3492/1817/1387
s 1
f 3494/1819/1571 3486/1814/1569 3485/1815/1391
f 3485/1815/1391 3493/1820/1391 3494/1819/1571
s 0
f 3498/1820/1395 3495/1815/1395 3496/1816/1395
f 3496/1816/1395 3497/1821/1395 3498/1820/1395
f 3500/1822/1387 3492/1817/1387 3491/1818/1387
f 3491/1818/1387 3499/1823/1387 3500/1822/1387
s 1
f 3502/1824/1572 3494/1819/1571 3493/1820/1391
f 3493/1820/1391 3501/1825/1391 3502/1824/1572
s 0
f 3506/1825/1430 3503/1820/1430 3504/1821/1430
f 3504/1821/1430 3505/1826/1430 3506/1825/1430
f 3508/1827/1387 3500/1822/1387 3499/1823/1387
f 3499/1823/1387 3507/1828/1387 3508/1827/1387
s 1
f 3510/1829/1573 3502/1824/1572 3501/1825/1391
f 3501/1825/1391 3509/1830/1391 3510/1829/1573
s 0
f 3514/1830/1574 3511/1825/1574 3512/1826/1574
f 3512/1826/1574 3513/1831/1574 3514/1830/1574
f 3516/1832/1387 3508/1827/1387 3507/1828/1387
f 3507/1828/1387 3515/1833/1387 3516/1832/1387
s 1
f 3518/1834/1575 3510/1829/1573 3509/1830/1391
f 3509/1830/1391 3517/1835/1391 3518/1834/1575
s 0
f 3522/1835/1576 3519/1830/1576 3520/1831/1576
f 3520/1831/1576 3521/1836/1576 3522/1835/1576
f 3011/1535/1387 3516/1832/1387 3515/1833/1387
f 3515/1833/1387 3012/1536/1387 3011/1535/1387
s 1
f 3013/1537/1436 3518/1834/1575 3517/1835/1391
f 3517/1835/1391 3014/1538/1391 3013/1537/1436
s 0
f 3526/1538/1577 3523/1835/1577 3524/1836/1577
f 3524/1836/1577 3525/1539/1577 3526/1538/1577
s 1
f 3530/1837/1578 3527/1838/1579 3528/1839/1579
f 3528/1839/1579 3529/1840/1580 3530/1837/1578
f 3532/1841/1581 3528/1839/1579 3527/1838/1579
f 3527/1838/1579 3531/1842/1582 3532/1841/1581
f 3534/1843/1583 3532/1841/1581 3531/1842/1582
f 3531/1842/1582 3533/1844/1584 3534/1843/1583
f 3536/1845/1585 3534/1843/1583 3533/1844/1584
f 3533/1844/1584 3535/1846/1586 3536/1845/1585
f 3538/1847/1587 3536/1845/1585 3535/1846/1586
f 3535/1846/1586 3537/1848/1588 3538/1847/1587
f 3540/1849/1589 3538/1847/1587 3537/1848/1588
f 3537/1848/1588 3539/1850/1589 3540/1849/1589
f 3542/1851/1590 3540/1849/1589 3539/1850/1589
f 3539/1850/1589 3541/1852/1590 3542/1851/1590
f 3544/1853/1591 3542/1851/1590 3541/1852/1590
f 3541/1852/1590 3543/1854/1591 3544/1853/1591
f 3546/1855/1592 3544/1853/1591 3543/1854/1591
f 3543/1854/1591 3545/1856/1593 3546/1855/1592
f 3548/1857/1594 3546/1855/1592 3545/1856/1593
f 3545/1856/1593 3547/1858/1595 3548/1857/1594
f 3550/1859/1596 3548/1857/1594 3547/1858/1595
f 3547/1858/1595 3549/1860/1597 3550/1859/1596
f 3552/1861/1598 3550/1859/1596 3549/1860/1597
f 3549/1860/1597 3551/1862/1599 3552/1861/1598
f 3554/1863/1600 3552/1861/1598 3551/1862/1599
f 3551/1862/1599 3553/1864/1600 3554/1863/1600
f 3556/1865/1601 3554/1863/1600 3553/1864/1600
f 3553/1864/1600 3555/1866/1601 3556/1865/1601
f 3558/1867/1602 3556/1865/1601 3555/1866/1601
f 3555/1866/1601 3557/1868/1603 3558/1867/1602
f 3560/1869/1604 3558/1867/1602 3557/1868/1603
f 3557/1868/1603 3559/1870/1605 3560/1869/1604
f 3562/1871/1606 3560/1869/1604 3559/1870/1605
f 3559/1870/1605 3561/1872/1606 3562/1871/1606
f 3564/1873/1607 3562/1871/1606 3561/1872/1606
f 3561/1872/1606 3563/1874/1608 3564/1873/1607
f 3566/1875/1609 3564/1873/1607 3563/1874/1608
f 3563/1874/1608 3565/1876/1609 3566/1875/1609
f 3568/1877/1610 3566/1875/1609 3565/1876/1609
f 3565/1876/1609 3567/1878/1611 3568/1877/1610
f 3572/1879/1612 3569/1880/1613 3570/1881/1614
f 3570/1881/1614 3571/1882/1615 3572/1879/1612
f 3574/1883/1616 3570/1881/1614 3569/1880/1613
f 3569/1880/1613 3573/1884/1617 3574/1883/1616
f 3576/1885/1618 3574/1883/1616 3573/1884/1617
f 3573/1884/1617 3575/1886/1619 3576/1885/1618
f 3578/1887/1620 3576/1885/1618 3575/1886/1619
f 3575/1886/1619 3577/1888/1621 3578/1887/1620
f 3580/1889/1622 3578/1887/1620 3577/1888/1621
f 3577/1888/1621 3579/1890/1623 3580/1889/1622
f 3582/1891/1624 3580/1889/1622 3579/1890/1623
f 3579/1890/1623 3581/1892/1625 3582/1891/1624
f 3584/1893/1626 3582/1891/1624 3581/1892/1625
f 3581/1892/1625 3583/1894/1627 3584/1893/1626
f 3586/1895/1628 3584/1893/1626 3583/1894/1627
f 3583/1894/1627 3585/1896/1629 3586/1895/1628
f 3588/1897/1630 3586/1895/1628 3585/1896/1629
f 3585/1896/1629 3587/1898/1631 3588/1897/1630
f 3590/1899/1632 3588/1897/1630 3587/1898/1631
f 3587/1898/1631 3589/1638/1633 3590/1899/1632
f 3592/1900/1634 3590/1899/1632 3589/1638/1633
f 3589/1638/1633 3591/1901/1635 3592/1900/1634
f 3594/1902/1636 3592/1900/1634 3591/1901/1635
f 3591/1901/1635 3593/1903/1637 3594/1902/1636
f 3596/1904/1638 3594/1902/1636 3593/1903/1637
f 3593/1903/1637 3595/1905/1626 3596/1904/1638
f 3598/1906/1639 3596/1904/1638 3595/1905/1626
f 3595/1905/1626 3597/1907/1640 3598/1906/1639
f 3600/1908/1641 3598/1906/1639 3597/1907/1640
f 3597/1907/1640 3599/1909/1642 3600/1908/1641
f 3602/1910/1643 3600/1908/1641 3599/1909/1642
f 3599/1909/1642 3601/1911/1644 3602/1910/1643
f 3604/1912/1645 3602/1910/1643 3601/1911/1644
f 3601/1911/1644 3603/1913/1646 3604/1912/1645
f 3606/1914/1647 3604/1912/1645 3603/1913/1646
f 3603/1913/1646 3605/1915/1648 3606/1914/1647
f 3608/1916/1649 3606/1914/1647 3605/1915/1648
f 3605/1915/1648 3607/1917/1650 3608/1916/1649
f 3610/1918/1651 3608/1916/1649 3607/1917/1650
f 3607/1917/1650 3609/1919/1652 3610/1918/1651
f 3614/1920/1653 3611/1921/1654 3612/1922/1655
f 3612/1922/1655 3613/1923/1656 3614/1920/1653
f 3616/1924/1657 3612/1922/1655 3611/1921/1654
f 3611/1921/1654 3615/1925/1657 3616/1924/1657
f 3618/1926/1658 3616/1924/1657 3615/1925/1657
f 3615/1925/1657 3617/1927/1659 3618/1926/1658
f 3620/1928/1660 3618/1926/1658 3617/1927/1659
f 3617/1927/1659 3619/1929/1661 3620/1928/1660
f 3622/1930/1662 3620/1928/1660 3619/1929/1661
f 3619/1929/1661 3621/1931/1662 3622/1930/1662
f 3624/1932/1663 3622/1930/1662 3621/1931/1662
f 3621/1931/1662 3623/1933/1664 3624/1932/1663
f 3626/1934/1665 3624/1932/1663 3623/1933/1664
f 3623/1933/1664 3625/1935/1666 3626/1934/1665
f 3628/1936/1667 3626/1934/1665 3625/1935/1666
f 3625/1935/1666 3627/1937/1667 3628/1936/1667
f 3630/1938/1668 3628/1936/1667 3627/1937/1667
f 3627/1937/1667 3629/1939/1668 3630/1938/1668
f 3632/1940/1669 3630/1938/1668 3629/1939/1668
f 3629/1939/1668 3631/1941/1670 3632/1940/1669
f 3634/1942/1671 3632/1940/1669 3631/1941/1670
f 3631/1941/1670 3633/1943/1672 3634/1942/1671
f 3636/1944/1673 3634/1942/1671 3633/1943/1672
f 3633/1943/1672 3635/1945/1674 3636/1944/1673
f 3638/1946/1675 3636/1944/1673 3635/1945/1674
f 3635/1945/1674 3637/1947/1676 3638/1946/1675
f 3640/1948/1677 3638/1946/1675 3637/1947/1676
f 3637/1947/1676 3639/1949/1677 3640/1948/1677
f 3642/1950/1678 3640/1948/1677 3639/1949/1677
f 3639/1949/1677 3641/1951/1679 3642/1950/1678
f 3644/1952/1680 3642/1950/1678 3641/1951/1679
f 3641/1951/1679 3643/1953/1681 3644/1952/1680
f 3646/1954/1682 3644/1952/1680 3643/1953/1681
f 3643/1953/1681 3645/1955/1682 3646/1954/1682
f 3648/1956/1683 3646/1954/1682 3645/1955/1682
f 3645/1955/1682 3647/1957/1684 3648/1956/1683
f 3650/1958/1685 3648/1956/1683 3647/1957/1684
f 3647/1957/1684 3649/1959/1686 3650/1958/1685
f 3652/1960/1687 3650/1958/1685 3649/1959/1686
f 3649/1959/1686 3651/1961/1687 3652/1960/1687
f 3654/1962/1688 3652/1960/1687 3651/1961/1687
f 3651/1961/1687 3653/1963/1689 3654/1962/1688
f 3656/1964/1690 3654/1962/1688 3653/1963/1689
f 3653/1963/1689 3655/1965/1690 3656/1964/1690
f 3660/1966/1691 3657/1967/1692 3658/1968/1693
f 3658/1968/1693 3659/1969/1694 3660/1966/1691
f 3662/1970/1695 3658/1968/1693 3657/1967/1692
f 3657/1967/1692 3661/1971/1696 3662/1970/1695
f 3664/1972/1697 3662/1970/1695 3661/1971/1696
f 3661/1971/1696 3663/1973/1698 3664/1972/1697
f 3666/1974/1699 3664/1972/1697 3663/1973/1698
f 3663/1973/1698 3665/1975/1700 3666/1974/1699
f 3668/1976/1701 3666/1974/1699 3665/1975/1700
f 3665/1975/1700 3667/1977/1702 3668/1976/1701
f 3670/1978/1703 3668/1976/1701 3667/1977/1702
f 3667/1977/1702 3669/1979/1704 3670/1978/1703
f 3672/1980/1705 3670/1978/1703 3669/1979/1704
f 3669/1979/1704 3671/1981/1706 3672/1980/1705
f 3674/1982/1707 3672/1980/1705 3671/1981/1706
f 3671/1981/1706 3673/1983/1708 3674/1982/1707
f 3676/1984/1709 3674/1982/1707 3673/1983/1708
f 3673/1983/1708 3675/1985/1710 3676/1984/1709
f 3678/1986/1711 3676/1984/1709 3675/1985/1710
f 3675/1985/1710 3677/1987/1712 3678/1986/1711
f 3680/1988/1713 3678/1986/1711 3677/1987/1712
f 3677/1987/1712 3679/1989/1714 3680/1988/1713
f 3682/1990/1715 3680/1988/1713 3679/1989/1714
f 3679/1989/1714 3681/1991/1716 3682/1990/1715
f 3684/1992/1717 3682/1990/1715 3681/1991/1716
f 3681/1991/1716 3683/1993/1718 3684/1992/1717
f 3686/1994/1719 3684/1992/1717 3683/1993/1718
f 3683/1993/1718 3685/1995/1720 3686/1994/1719
f 3688/1996/1721 3686/1994/1719 3685/1995/1720
f 3685/1995/1720 3687/1997/1722 3688/1996/1721
f 3690/1998/1723 3688/1996/1721 3687/1997/1722
f 3687/1997/1722 3689/1999/1724 3690/1998/1723
f 3692/2000/1725 3690/1998/1723 3689/1999/1724
f 3689/1999/1724 3691/2001/1726 3692/2000/1725
f 3694/2002/1727 3692/2000/1725 3691/2001/1726
f 3691/2001/1726 3693/2003/1728 3694/2002/1727
f 3696/2004/1729 3694/2002/1727 3693/2003/1728
f 3693/2003/1728 3695/2005/1730 3696/2004/1729
f 3698/2006/1731 3696/2004/1729 3695/2005/1730
f 3695/2005/1730 3697/2007/1731 3698/2006/1731
f 3700/2008/1732 3698/2006/1731 3697/2007/1731
f 3697/2007/1731 3699/2009/1733 3700/2008/1732
f 3702/2010/1734 3700/2008/1732 3699/2009/1733
f 3699/2009/1733 3701/2011/1735 3702/2010/1734
f 3704/2012/1736 3568/1877/1610 3567/1878/1611
f 3567/1878/1611 3703/2013/1736 3704/2012/1736
f 3706/2014/1737 3704/2012/1736 3703/2013/1736
f 3703/2013/1736 3705/2015/1738 3706/2014/1737
f 3659/1969/1694 3706/2014/1737 3705/2015/1738
f 3705/2015/1738 3660/1966/1691 3659/1969/1694
f 3708/2016/1739 3572/1879/1612 3571/1882/1615
f 3571/1882/1615 3707/2017/1740 3708/2016/1739
f 3710/2018/1741 3708/2016/1739 3707/2017/1740
f 3707/2017/1740 3709/2019/1742 3710/2018/1741
f 3701/2011/1735 3710/2018/1741 3709/2019/1742
f 3709/2019/1742 3702/2010/1734 3701/2011/1735
f 3712/2020/1743 3614/1920/1653 3613/1923/1656
f 3613/1923/1656 3711/2021/1744 3712/2020/1743
f 3714/2022/1745 3712/2020/1743 3711/2021/1744
f 3711/2021/1744 3713/2023/1746 3714/2022/1745
f 3609/1919/1652 3714/2022/1745 3713/2023/1746
f 3713/2023/1746 3610/1918/1651 3609/1919/1652
f 3716/2024/1747 3656/1964/1690 3655/1965/1690
f 3655/1965/1690 3715/2025/1748 3716/2024/1747
f 3718/2026/1749 3716/2024/1747 3715/2025/1748
f 3715/2025/1748 3717/2027/1750 3718/2026/1749
f 3529/1840/1580 3718/2026/1749 3717/2027/1750
f 3717/2027/1750 3530/1837/1578 3529/1840/1580
f 3722/1442/1751 3719/1871/1752 3720/1873/1753
f 3720/1873/1753 3721/1439/1754 3722/1442/1751
f 3724/1446/1755 3723/1869/1756 3719/1871/1752
f 3719/1871/1752 3722/1442/1751 3724/1446/1755
f 3721/1439/1754 3720/1873/1753 3725/1875/1757
f 3725/1875/1757 3726/1468/1758 3721/1439/1754
f 3725/1875/1757 3727/1877/1759 3726/1468/1758
f 3727/1877/1759 3728/2012/1760 3726/1468/1758
f 3729/2014/1761 3730/1969/1762 3726/1468/1758
f 3730/1969/1762 3731/1968/1763 3726/1468/1758
f 3726/1468/1758 3731/1968/1763 3732/1970/1764
f 3732/1970/1764 3733/1469/1765 3726/1468/1758
f 3728/2012/1760 3729/2014/1761 3726/1468/1758
f 3733/1469/1765 3732/1970/1764 3734/1972/1766
f 3734/1972/1766 3735/1476/1767 3733/1469/1765
f 3739/1483/1768 3736/1974/1769 3737/1976/1770
f 3737/1976/1770 3738/1484/1771 3739/1483/1768
f 3735/1476/1767 3734/1972/1766 3736/1974/1769
f 3736/1974/1769 3739/1483/1768 3735/1476/1767
f 3738/1484/1771 3737/1976/1770 3740/1978/1772
f 3740/1978/1772 3741/1488/1773 3738/1484/1771
f 3741/1488/1773 3740/1978/1772 3742/1980/1774
f 3742/1980/1774 3743/1492/1775 3741/1488/1773
f 3743/1492/1775 3742/1980/1774 3744/1982/1776
f 3744/1982/1776 3745/1496/1777 3743/1492/1775
f 3745/1496/1777 3744/1982/1776 3746/1984/1778
f 3746/1984/1778 3747/1500/1779 3745/1496/1777
f 3747/1500/1779 3746/1984/1778 3748/1986/1780
f 3748/1986/1780 3749/1504/1781 3747/1500/1779
f 3749/1504/1781 3748/1986/1780 3750/1988/1782
f 3750/1988/1782 3751/1508/1783 3749/1504/1781
f 3723/1869/1756 3724/1446/1755 3752/1511/1784
f 3752/1511/1784 3753/1867/1785 3723/1869/1756
f 3753/1867/1785 3752/1511/1784 3754/1516/1786
f 3754/1516/1786 3755/1865/1787 3753/1867/1785
f 3755/1865/1787 3754/1516/1786 3756/1521/1788
f 3756/1521/1788 3757/1863/1789 3755/1865/1787
f 3757/1863/1789 3756/1521/1788 3758/1526/1790
f 3758/1526/1790 3759/1861/1791 3757/1863/1789
f 3759/1861/1791 3758/1526/1790 3760/1531/1792
f 3760/1531/1792 3761/1859/1793 3759/1861/1791
f 3761/1859/1793 3760/1531/1792 3762/1536/1794
f 3762/1536/1794 3763/1857/1794 3761/1859/1793
f 3767/1546/1795 3764/1883/1796 3765/1885/1797
f 3765/1885/1797 3766/1547/1798 3767/1546/1795
f 3766/1547/1798 3765/1885/1797 3768/1887/1799
f 3768/1887/1799 3769/1551/1800 3766/1547/1798
f 3771/1573/1801 3770/1881/1802 3764/1883/1796
f 3764/1883/1796 3767/1546/1795 3771/1573/1801
f 3775/1559/1803 3772/1557/1804 3773/1880/1805
f 3773/1880/1805 3774/1879/1806 3775/1559/1803
f 3087/1561/1465 3775/1559/1803 3774/1879/1806
f 3774/1879/1806 3776/2016/1807 3087/1561/1465
f 3075/1568/1458 3074/1578/1457 3777/2018/1808
f 3777/2018/1808 3778/2011/1809 3075/1568/1458
f 3780/1569/1810 3075/1568/1458 3778/2011/1809
f 3778/2011/1809 3779/2009/1811 3780/1569/1810
f 3783/1572/1812 3781/2006/1813 3782/2008/1814
f 3782/2008/1814 3771/1573/1801 3783/1572/1812
f 3074/1578/1457 3087/1561/1465 3776/2016/1807
f 3776/2016/1807 3777/2018/1808 3074/1578/1457
f 3785/1581/1815 3784/2004/1816 3781/2006/1813
f 3781/2006/1813 3783/1572/1812 3785/1581/1815
f 3789/1587/1817 3786/2000/1818 3787/2002/1819
f 3787/2002/1819 3788/1588/1820 3789/1587/1817
f 3788/1588/1820 3787/2002/1819 3784/2004/1816
f 3784/2004/1816 3785/1581/1815 3788/1588/1820
f 3791/1593/1821 3790/1998/1821 3786/2000/1818
f 3786/2000/1818 3789/1587/1817 3791/1593/1821
f 3793/1597/1822 3792/1996/1823 3790/1998/1821
f 3790/1998/1821 3791/1593/1821 3793/1597/1822
f 3795/1601/1778 3794/1994/1824 3792/1996/1823
f 3792/1996/1823 3793/1597/1822 3795/1601/1778
f 3797/1605/1777 3796/1992/1777 3794/1994/1824
f 3794/1994/1824 3795/1601/1778 3797/1605/1777
f 3799/1609/1825 3798/1990/1826 3796/1992/1777
f 3796/1992/1777 3797/1605/1777 3799/1609/1825
f 3751/1508/1783 3750/1988/1782 3798/1990/1826
f 3798/1990/1826 3799/1609/1825 3751/1508/1783
f 3801/1612/1827 3769/1551/1800 3768/1887/1799
f 3768/1887/1799 3800/1889/1828 3801/1612/1827
f 3803/1617/1829 3801/1612/1827 3800/1889/1828
f 3800/1889/1828 3802/1891/1830 3803/1617/1829
f 3805/1622/1831 3803/1617/1829 3802/1891/1830
f 3802/1891/1830 3804/1893/1832 3805/1622/1831
f 3807/1627/1833 3805/1622/1831 3804/1893/1832
f 3804/1893/1832 3806/1895/1834 3807/1627/1833
f 3809/1632/1835 3807/1627/1833 3806/1895/1834
f 3806/1895/1834 3808/1897/1836 3809/1632/1835
f 3811/1637/1837 3809/1632/1835 3808/1897/1836
f 3808/1897/1836 3810/1899/1838 3811/1637/1837
f 3815/1648/1839 3812/1912/1840 3813/1914/1841
f 3813/1914/1841 3814/1645/1842 3815/1648/1839
f 3817/1652/1843 3816/1910/1844 3812/1912/1840
f 3812/1912/1840 3815/1648/1839 3817/1652/1843
f 3814/1645/1842 3813/1914/1841 3818/1916/1845
f 3818/1916/1845 3819/1674/1846 3814/1645/1842
f 3823/1917/1847 3820/1658/1848 3821/1660/1849
f 3821/1660/1849 3822/1919/1850 3823/1917/1847
f 3822/1919/1850 3821/1660/1849 3258/1662/1513
f 3258/1662/1513 3824/2022/1851 3822/1919/1850
f 3826/2020/1852 3247/1679/1505 3246/1667/1506
f 3246/1667/1506 3825/1920/1853 3826/2020/1852
f 3825/1920/1853 3246/1667/1506 3827/1670/1854
f 3827/1670/1854 3828/1921/1855 3825/1920/1853
f 3819/1674/1846 3829/1922/1856 3830/1924/1857
f 3830/1924/1857 3831/1675/1858 3819/1674/1846
f 3824/2022/1851 3258/1662/1513 3247/1679/1505
f 3247/1679/1505 3826/2020/1852 3824/2022/1851
f 3831/1675/1858 3830/1924/1857 3832/1926/1859
f 3832/1926/1859 3833/1682/1860 3831/1675/1858
f 3837/1689/1861 3834/1928/1862 3835/1930/1863
f 3835/1930/1863 3836/1690/1864 3837/1689/1861
f 3833/1682/1860 3832/1926/1859 3834/1928/1862
f 3834/1928/1862 3837/1689/1861 3833/1682/1860
f 3836/1690/1864 3835/1930/1863 3838/1932/1865
f 3838/1932/1865 3839/1694/1866 3836/1690/1864
f 3839/1694/1866 3838/1932/1865 3840/1934/1867
f 3840/1934/1867 3841/1698/1868 3839/1694/1866
f 3841/1698/1868 3840/1934/1867 3842/1936/1869
f 3842/1936/1869 3843/1702/1870 3841/1698/1868
f 3843/1702/1870 3842/1936/1869 3844/1938/1871
f 3844/1938/1871 3845/1706/1870 3843/1702/1870
f 3845/1706/1870 3844/1938/1871 3846/1940/1872
f 3846/1940/1872 3847/1710/1873 3845/1706/1870
f 3847/1710/1873 3846/1940/1872 3848/1942/1874
f 3848/1942/1874 3849/1714/1875 3847/1710/1873
f 3816/1910/1844 3817/1652/1843 3850/1717/1876
f 3850/1717/1876 3851/1908/1877 3816/1910/1844
f 3851/1908/1877 3850/1717/1876 3852/1722/1878
f 3852/1722/1878 3853/1906/1879 3851/1908/1877
f 3853/1906/1879 3852/1722/1878 3854/1727/1832
f 3854/1727/1832 3855/1904/1880 3853/1906/1879
f 3855/1904/1880 3854/1727/1832 3856/1732/1881
f 3856/1732/1881 3857/1902/1882 3855/1904/1880
f 3857/1902/1882 3856/1732/1881 3858/1737/1883
f 3858/1737/1883 3859/1900/1884 3857/1902/1882
f 3859/1900/1884 3858/1737/1883 3811/1637/1837
f 3811/1637/1837 3810/1899/1838 3859/1900/1884
f 3863/1747/1885 3860/1841/1886 3861/1843/1887
f 3861/1843/1887 3862/1748/1888 3863/1747/1885
f 3862/1748/1888 3861/1843/1887 3864/1845/1889
f 3864/1845/1889 3865/1752/1890 3862/1748/1888
f 3867/1774/1891 3866/1839/1892 3860/1841/1886
f 3860/1841/1886 3863/1747/1885 3867/1774/1891
f 3868/1840/1893 3866/1839/1892 3867/1774/1891
f 3869/2026/1894 3868/1840/1893 3867/1774/1891
f 3870/1964/1895 3871/2024/1896 3867/1774/1891
f 3872/1962/1897 3870/1964/1895 3867/1774/1891
f 3874/1773/1898 3873/1960/1899 3872/1962/1897
f 3872/1962/1897 3867/1774/1891 3874/1773/1898
f 3871/2024/1896 3869/2026/1894 3867/1774/1891
f 3876/1782/1900 3875/1958/1901 3873/1960/1899
f 3873/1960/1899 3874/1773/1898 3876/1782/1900
f 3880/1788/1902 3877/1954/1903 3878/1956/1904
f 3878/1956/1904 3879/1789/1903 3880/1788/1902
f 3879/1789/1903 3878/1956/1904 3875/1958/1901
f 3875/1958/1901 3876/1782/1900 3879/1789/1903
f 3882/1794/1905 3881/1952/1906 3877/1954/1903
f 3877/1954/1903 3880/1788/1902 3882/1794/1905
f 3884/1798/1907 3883/1950/1908 3881/1952/1906
f 3881/1952/1906 3882/1794/1905 3884/1798/1907
f 3886/1802/1909 3885/1948/1910 3883/1950/1908
f 3883/1950/1908 3884/1798/1907 3886/1802/1909
f 3888/1806/1911 3887/1946/1912 3885/1948/1910
f 3885/1948/1910 3886/1802/1909 3888/1806/1911
f 3890/1810/1913 3889/1944/1914 3887/1946/1912
f 3887/1946/1912 3888/1806/1911 3890/1810/1913
f 3849/1714/1875 3848/1942/1874 3889/1944/1914
f 3889/1944/1914 3890/1810/1913 3849/1714/1875
f 3892/1813/1915 3865/1752/1890 3864/1845/1889
f 3864/1845/1889 3891/1847/1916 3892/1813/1915
f 3894/1818/1917 3892/1813/1915 3891/1847/1916
f 3891/1847/1916 3893/1849/1918 3894/1818/1917
f 3896/1823/1919 3894/1818/1917 3893/1849/1918
f 3893/1849/1918 3895/1851/1788 3896/1823/1919
f 3898/1828/1920 3896/1823/1919 3895/1851/1788
f 3895/1851/1788 3897/1853/1921 3898/1828/1920
f 3900/1833/1922 3898/1828/1920 3897/1853/1921
f 3897/1853/1921 3899/1855/1923 3900/1833/1922
f 3762/1536/1794 3900/1833/1922 3899/1855/1923
f 3899/1855/1923 3763/1857/1794 3762/1536/1794
f 3903/1758/1924 3379/1754/1539 3901/1842/1925
f 3901/1842/1925 3902/1838/1926 3903/1758/1924
f 3901/1842/1925 3379/1754/1539 3378/1755/1538
f 3378/1755/1538 3904/1844/1927 3901/1842/1925
f 3904/1844/1927 3378/1755/1538 3382/1756/1540
f 3382/1756/1540 3905/1846/1928 3904/1844/1927
f 3486/1814/1569 3906/1848/1929 3905/1846/1928
f 3905/1846/1928 3382/1756/1540 3486/1814/1569
f 3494/1819/1571 3907/1850/1930 3906/1848/1929
f 3906/1848/1929 3486/1814/1569 3494/1819/1571
f 3502/1824/1572 3908/1852/1931 3907/1850/1930
f 3907/1850/1930 3494/1819/1571 3502/1824/1572
f 3510/1829/1573 3909/1854/1932 3908/1852/1931
f 3908/1852/1931 3502/1824/1572 3510/1829/1573
f 3518/1834/1575 3910/1856/1933 3909/1854/1932
f 3909/1854/1932 3510/1829/1573 3518/1834/1575
f 3013/1537/1436 3911/1858/1934 3910/1856/1933
f 3910/1856/1933 3518/1834/1575 3013/1537/1436
f 3005/1532/1434 3912/1860/1935 3911/1858/1934
f 3911/1858/1934 3013/1537/1436 3005/1532/1434
f 2997/1527/1432 3913/1862/1936 3912/1860/1935
f 3912/1860/1935 3005/1532/1434 2997/1527/1432
f 2989/1522/1431 3914/1864/1937 3913/1862/1936
f 3913/1862/1936 2997/1527/1432 2989/1522/1431
f 2981/1517/1429 3915/1866/1938 3914/1864/1937
f 3914/1864/1937 2989/1522/1431 2981/1517/1429
f 2973/1512/1427 3916/1868/1939 3915/1866/1938
f 3915/1866/1938 2981/1517/1429 2973/1512/1427
f 2868/1450/1393 3917/1870/1940 3916/1868/1939
f 3916/1868/1939 2973/1512/1427 2868/1450/1393
f 2868/1450/1393 2866/1449/1390 3918/1872/1941
f 3918/1872/1941 3917/1870/1940 2868/1450/1393
f 2866/1449/1390 2865/1448/1392 3919/1874/1942
f 3919/1874/1942 3918/1872/1941 2866/1449/1390
f 3919/1874/1942 2865/1448/1392 3920/1452/1943
f 3920/1452/1943 3921/1876/1944 3919/1874/1942
f 3772/1557/1804 3037/1553/1444 3922/1884/1945
f 3922/1884/1945 3773/1880/1805 3772/1557/1804
f 3922/1884/1945 3037/1553/1444 3036/1554/1443
f 3036/1554/1443 3923/1886/1946 3922/1884/1945
f 3923/1886/1946 3036/1554/1443 3040/1555/1445
f 3040/1555/1445 3924/1888/1947 3923/1886/1946
f 3144/1613/1476 3925/1890/1948 3924/1888/1947
f 3924/1888/1947 3040/1555/1445 3144/1613/1476
f 3152/1618/1478 3926/1892/1949 3925/1890/1948
f 3925/1890/1948 3144/1613/1476 3152/1618/1478
f 3160/1623/1480 3927/1894/1950 3926/1892/1949
f 3926/1892/1949 3152/1618/1478 3160/1623/1480
f 3168/1628/1481 3928/1896/1951 3927/1894/1950
f 3927/1894/1950 3160/1623/1480 3168/1628/1481
f 3176/1633/1483 3929/1898/1952 3928/1896/1951
f 3928/1896/1951 3168/1628/1481 3176/1633/1483
f 3185/1638/1485 3929/1898/1952 3176/1633/1483
f 3930/1901/1953 3354/1638/1532 3348/1738/1530
f 3340/1733/1528 3931/1903/1954 3930/1901/1953
f 3930/1901/1953 3348/1738/1530 3340/1733/1528
f 3332/1728/1527 3932/1905/1955 3931/1903/1954
f 3931/1903/1954 3340/1733/1528 3332/1728/1527
f 3324/1723/1526 3933/1907/1956 3932/1905/1955
f 3932/1905/1955 3332/1728/1527 3324/1723/1526
f 3316/1718/1524 3934/1909/1957 3933/1907/1956
f 3933/1907/1956 3324/1723/1526 3316/1718/1524
f 3211/1656/1493 3935/1911/1958 3934/1909/1957
f 3934/1909/1957 3316/1718/1524 3211/1656/1493
f 3211/1656/1493 3209/1655/1491 3936/1913/1959
f 3936/1913/1959 3935/1911/1958 3211/1656/1493
f 3209/1655/1491 3208/1654/1492 3937/1915/1960
f 3937/1915/1960 3936/1913/1959 3209/1655/1491
f 3937/1915/1960 3208/1654/1492 3820/1658/1848
f 3820/1658/1848 3823/1917/1847 3937/1915/1960
f 3828/1921/1855 3827/1670/1854 3938/1672/1961
f 3938/1672/1961 3939/1925/1962 3828/1921/1855
f 3939/1925/1962 3938/1672/1961 3940/1681/1963
f 3940/1681/1963 3941/1927/1964 3939/1925/1962
f 3941/1927/1964 3940/1681/1963 3942/1684/1965
f 3942/1684/1965 3943/1929/1966 3941/1927/1964
f 3943/1929/1966 3942/1684/1965 3944/1687/1967
f 3944/1687/1967 3945/1931/1968 3943/1929/1966
f 3945/1931/1968 3944/1687/1967 3946/1693/1969
f 3946/1693/1969 3947/1933/1970 3945/1931/1968
f 3947/1933/1970 3946/1693/1969 3948/1697/1971
f 3948/1697/1971 3949/1935/1972 3947/1933/1970
f 3949/1935/1972 3948/1697/1971 3950/1701/1973
f 3950/1701/1973 3951/1937/1974 3949/1935/1972
f 3951/1937/1974 3950/1701/1973 3952/1705/1975
f 3952/1705/1975 3953/1939/1976 3951/1937/1974
f 3953/1939/1976 3952/1705/1975 3954/1709/1977
f 3954/1709/1977 3955/1941/1978 3953/1939/1976
f 3955/1941/1978 3954/1709/1977 3956/1713/1979
f 3956/1713/1979 3957/1943/1980 3955/1941/1978
f 3956/1713/1979 3958/1809/1981 3959/1945/1982
f 3959/1945/1982 3957/1943/1980 3956/1713/1979
f 3958/1809/1981 3960/1805/1983 3961/1947/1984
f 3961/1947/1984 3959/1945/1982 3958/1809/1981
f 3960/1805/1983 3962/1801/1985 3963/1949/1986
f 3963/1949/1986 3961/1947/1984 3960/1805/1983
f 3962/1801/1985 3964/1797/1987 3965/1951/1988
f 3965/1951/1988 3963/1949/1986 3962/1801/1985
f 3964/1797/1987 3966/1793/1989 3967/1953/1990
f 3967/1953/1990 3965/1951/1988 3964/1797/1987
f 3966/1793/1989 3968/1787/1991 3969/1955/1992
f 3969/1955/1992 3967/1953/1990 3966/1793/1989
f 3968/1787/1991 3970/1786/1993 3971/1957/1994
f 3971/1957/1994 3969/1955/1992 3968/1787/1991
f 3970/1786/1993 3972/1781/1995 3973/1959/1996
f 3973/1959/1996 3971/1957/1994 3970/1786/1993
f 3972/1781/1995 3974/1772/1997 3975/1961/1998
f 3975/1961/1998 3973/1959/1996 3972/1781/1995
f 3974/1772/1997 3976/1770/1999 3977/1963/2000
f 3977/1963/2000 3975/1961/1998 3974/1772/1997
f 3981/1967/2001 3978/1464/2002 3979/1466/2003
f 3979/1466/2003 3980/1971/2004 3981/1967/2001
f 3980/1971/2004 3979/1466/2003 3982/1475/2005
f 3982/1475/2005 3983/1973/2005 3980/1971/2004
f 3987/1973/2006 3984/1475/2007 3985/1478/2007
f 3985/1478/2007 3986/1975/2006 3987/1973/2006
f 3991/1975/2008 3988/1478/2008 3989/1481/2009
f 3989/1481/2009 3990/1977/2010 3991/1975/2008
f 3990/1977/2010 3989/1481/2009 3992/1487/2011
f 3992/1487/2011 3993/1979/2012 3990/1977/2010
f 3993/1979/2012 3992/1487/2011 3994/1491/2013
f 3994/1491/2013 3995/1981/2014 3993/1979/2012
f 3995/1981/2014 3994/1491/2013 3996/1495/2015
f 3996/1495/2015 3997/1983/2016 3995/1981/2014
f 3997/1983/2016 3996/1495/2015 3998/1499/2017
f 3998/1499/2017 3999/1985/2018 3997/1983/2016
f 3999/1985/2018 3998/1499/2017 4000/1503/2019
f 4000/1503/2019 4001/1987/2020 3999/1985/2018
f 4001/1987/2020 4000/1503/2019 4002/1507/2021
f 4002/1507/2021 4003/1989/2022 4001/1987/2020
f 4002/1507/2021 4004/1608/2023 4005/1991/2024
f 4005/1991/2024 4003/1989/2022 4002/1507/2021
f 4004/1608/2023 4006/1604/2025 4007/1993/2026
f 4007/1993/2026 4005/1991/2024 4004/1608/2023
f 4006/1604/2025 4008/1600/2027 4009/1995/2028
f 4009/1995/2028 4007/1993/2026 4006/1604/2025
f 4008/1600/2027 4010/1596/2029 4011/1997/2030
f 4011/1997/2030 4009/1995/2028 4008/1600/2027
f 4010/1596/2029 4012/1592/2031 4013/1999/2032
f 4013/1999/2032 4011/1997/2030 4010/1596/2029
f 4012/1592/2031 4014/1586/2033 4015/2001/2034
f 4015/2001/2034 4013/1999/2032 4012/1592/2031
f 4014/1586/2033 4016/1585/2035 4017/2003/2036
f 4017/2003/2036 4015/2001/2034 4014/1586/2033
f 4016/1585/2035 4018/1580/2037 4019/2005/2038
f 4019/2005/2038 4017/2003/2036 4016/1585/2035
f 4023/1580/2039 4020/1571/2040 4021/2007/2041
f 4021/2007/2041 4022/2005/2039 4023/1580/2039
f 4020/1571/2040 3780/1569/1810 3779/2009/1811
f 3779/2009/1811 4021/2007/2041 4020/1571/2040
f 3921/1876/1944 3920/1452/1943 4024/1454/2042
f 4024/1454/2042 4025/1878/2043 3921/1876/1944
f 4025/1878/2043 4024/1454/2042 2915/1456/1414
f 2915/1456/1414 4026/2013/2044 4025/1878/2043
f 4026/2013/2044 2915/1456/1414 2904/1473/1406
f 2904/1473/1406 4027/2015/2045 4026/2013/2044
f 4027/2015/2045 2904/1473/1406 2903/1461/1407
f 2903/1461/1407 4028/1966/2046 4027/2015/2045
f 4028/1966/2046 2903/1461/1407 3978/1464/2002
f 3978/1464/2002 3981/1967/2001 4028/1966/2046
f 4029/1882/2047 3770/1881/1802 3771/1573/1801
f 4030/2017/2048 4029/1882/2047 3771/1573/1801
f 4031/2019/2049 4030/2017/2048 3771/1573/1801
f 4032/2010/2050 4031/2019/2049 3771/1573/1801
f 3782/2008/1814 4032/2010/2050 3771/1573/1801
f 4033/1923/2051 3829/1922/1856 3819/1674/1846
f 4034/2021/2052 4033/1923/2051 3819/1674/1846
f 4035/2023/2053 4034/2021/2052 3819/1674/1846
f 4036/1918/2054 4035/2023/2053 3819/1674/1846
f 3818/1916/1845 4036/1918/2054 3819/1674/1846
f 3976/1770/1999 3417/1769/1551 4037/1965/2055
f 4037/1965/2055 3977/1963/2000 3976/1770/1999
f 3417/1769/1551 3416/1779/1550 4038/2025/2056
f 4038/2025/2056 4037/1965/2055 3417/1769/1551
f 3416/1779/1550 3429/1762/1558 4039/2027/2057
f 4039/2027/2057 4038/2025/2056 3416/1779/1550
f 3429/1762/1558 4040/1760/2058 4041/1837/2059
f 4041/1837/2059 4039/2027/2057 3429/1762/1558
f 4040/1760/2058 3903/1758/1924 3902/1838/1926
f 3902/1838/1926 4041/1837/2059 4040/1760/2058
s 0
f 4045/2028/1391 4042/2029/1391 4043/2030/1391
f 4043/2030/1391 4044/2031/1391 4045/2028/1391
f 4049/2032/2060 4046/2033/2060 4047/2034/2060
f 4047/2034/2060 4048/2035/2060 4049/2032/2060
f 4053/2036/2061 4050/2037/2061 4051/2038/2061
f 4051/2038/2061 4052/2039/2061 4053/2036/2061
f 4057/2040/2062 4054/2041/2062 4055/2042/2062
f 4055/2042/2062 4056/2043/2062 4057/2040/2062
f 4061/2044/2063 4058/2045/2063 4059/2046/2063
f 4059/2046/2063 4060/2047/2063 4061/2044/2063
f 4065/2048/2060 4062/2049/2060 4063/2050/2060
f 4063/2050/2064 4064/2051/2064 4065/2048/2064
f 4069/2052/2061 4066/2053/2061 4067/2054/2061
f 4067/2054/2061 4068/2055/2061 4069/2052/2061
f 4073/2056/2065 4070/2057/2065 4071/2058/2065
f 4071/2058/2065 4072/2059/2065 4073/2056/2065
f 4077/2060/2066 4074/2061/2066 4075/2062/2066
f 4075/2062/2066 4076/2063/2066 4077/2060/2066
f 4081/2064/2067 4078/2065/2067 4079/2066/2067
f 4079/2066/2067 4080/2067/2067 4081/2064/2067
f 4085/2068/2061 4082/2069/2061 4083/2070/2061
f 4083/2070/2061 4084/2071/2061 4085/2068/2061
f 4089/2072/2065 4086/2073/2065 4087/2074/2065
f 4087/2074/2065 4088/2075/2065 4089/2072/2065
f 4093/2076/2066 4090/2077/2066 4091/2078/2066
f 4091/2078/2066 4092/2079/2066 4093/2076/2066
f 4097/2080/2062 4094/2081/2062 4095/2082/2062
f 4095/2082/2068 4096/2083/2068 4097/2080/2068
f 4101/2084/2066 4098/2085/2066 4099/2086/2066
f 4099/2086/2066 4100/2087/2066 4101/2084/2066
f 4105/2088/2064 4102/2089/2064 4103/2090/2064
f 4103/2090/2064 4104/2091/2064 4105/2088/2064
f 4109/2092/2061 4106/2093/2061 4107/2094/2061
f 4107/2094/2061 4108/2095/2061 4109/2092/2061
f 4113/2096/2062 4110/2097/2062 4111/2098/2062
f 4111/2098/2062 4112/2099/2062 4113/2096/2062
f 4117/2100/2063 4114/2101/2063 4115/2102/2063
f 4115/2102/2063 4116/2103/2063 4117/2100/2063
f 4121/2104/2060 4118/2105/2060 4119/2106/2060
f 4119/2106/2060 4120/2107/2060 4121/2104/2060
f 4125/2108/2061 4122/2109/2061 4123/2110/2061
f 4123/2110/2061 4124/2111/2061 4125/2108/2061
f 4129/2038/1387 4126/2112/1387 4127/2113/1387
f 4127/2113/1387 4128/2039/1387 4129/2038/1387
f 4133/2042/1417 4130/2114/1417 4131/2115/1417
f 4131/2115/1417 4132/2043/1417 4133/2042/1417
f 4137/2046/1440 4134/2116/1440 4135/2117/1440
f 4135/2117/1440 4136/2047/1440 4137/2046/1440
f 4141/2032/1416 4138/2118/1416 4139/2119/1416
f 4139/2119/1416 4140/2033/1416 4141/2032/1416
f 4145/2120/1391 4142/2037/1391 4143/2036/1391
f 4143/2036/1391 4144/2121/1391 4145/2120/1391
f 4149/2122/1391 4146/2041/1391 4147/2040/1391
f 4147/2040/1391 4148/2123/1391 4149/2122/1391
f 4153/2124/1391 4150/2045/1391 4151/2044/1391
f 4151/2044/1391 4152/2125/1391 4153/2124/1391
f 4157/2126/1391 4154/2035/1391 4155/2034/1391
f 4155/2034/1391 4156/2127/1391 4157/2126/1391
f 4161/2054/1387 4158/2120/1387 4159/2121/1387
f 4159/2121/1387 4160/2055/1387 4161/2054/1387
f 4165/2058/1417 4162/2122/1417 4163/2123/1417
f 4163/2123/1417 4164/2059/1417 4165/2058/1417
f 4169/2062/1440 4166/2124/1440 4167/2125/1440
f 4167/2125/1440 4168/2063/1440 4169/2062/1440
f 4173/2048/1416 4170/2126/1416 4171/2127/1416
f 4171/2127/1416 4172/2049/1416 4173/2048/1416
f 4177/2128/1391 4174/2053/1391 4175/2052/1391
f 4175/2052/1391 4176/2129/1391 4177/2128/1391
f 4181/2130/1391 4178/2057/1391 4179/2056/1391
f 4179/2056/1391 4180/2131/1391 4181/2130/1391
f 4185/2132/1391 4182/2061/1391 4183/2060/1391
f 4183/2060/1391 4184/2133/1391 4185/2132/1391
f 4189/2134/1391 4186/2051/1391 4187/2050/1391
f 4187/2050/1391 4188/2135/1391 4189/2134/1391
f 4193/2070/1387 4190/2128/1387 4191/2129/1387
f 4191/2129/1387 4192/2071/1387 4193/2070/1387
f 4197/2074/1417 4194/2130/1417 4195/2131/1417
f 4195/2131/1417 4196/2075/1417 4197/2074/1417
f 4201/2078/1440 4198/2132/1440 4199/2133/1440
f 4199/2133/1440 4200/2079/1440 4201/2078/1440
f 4205/2064/1416 4202/2134/1416 4203/2135/1416
f 4203/2135/1416 4204/2065/1416 4205/2064/1416
f 4209/2086/1391 4206/2069/1391 4207/2068/1391
f 4207/2068/1391 4208/2087/1391 4209/2086/1391
f 4213/2090/1391 4210/2073/1391 4211/2072/1391
f 4211/2072/1391 4212/2091/1391 4213/2090/1391
f 4217/2094/1391 4214/2077/1391 4215/2076/1391
f 4215/2076/1391 4216/2095/1391 4217/2094/1391
f 4221/2080/1391 4218/2067/1391 4219/2066/1391
f 4219/2066/1391 4220/2081/1391 4221/2080/1391
f 4225/2136/1440 4222/2085/1440 4223/2084/1440
f 4223/2084/1440 4224/2137/1440 4225/2136/1440
f 4229/2138/1416 4226/2089/1416 4227/2088/1416
f 4227/2088/1416 4228/2139/1416 4229/2138/1416
f 4233/2140/1387 4230/2093/1387 4231/2092/1387
f 4231/2092/1387 4232/2141/1387 4233/2140/1387
f 4237/2142/1417 4234/2083/1417 4235/2082/1417
f 4235/2082/1417 4236/2143/1417 4237/2142/1417
f 4241/2102/1391 4238/2136/1391 4239/2137/1391
f 4239/2137/1391 4240/2103/1391 4241/2102/1391
f 4245/2106/1391 4242/2138/1391 4243/2139/1391
f 4243/2139/1391 4244/2107/1391 4245/2106/1391
f 4249/2110/1391 4246/2140/1391 4247/2141/1391
f 4247/2141/1391 4248/2111/1391 4249/2110/1391
f 4253/2096/1391 4250/2142/1391 4251/2143/1391
f 4251/2143/1391 4252/2097/1391 4253/2096/1391
f 4257/2144/1440 4254/2101/1440 4255/2100/1440
f 4255/2100/1440 4256/2145/1440 4257/2144/1440
f 4261/2146/1416 4258/2105/1416 4259/2104/1416
f 4259/2104/1416 4260/2147/1416 4261/2146/1416
f 4265/2148/1387 4262/2109/1387 4263/2108/1387
f 4263/2108/1387 4264/2149/1387 4265/2148/1387
f 4269/2150/1417 4266/2099/1417 4267/2098/1417
f 4267/2098/1417 4268/2151/1417 4269/2150/1417
