# Blender 5.1.2
# www.blender.org
mtllib stuhl.mtl
o old_chair_Mesh
v 3.961325 -3.585021 12.977181
v 3.958085 -3.588413 12.976177
v 3.960320 -3.588413 12.980423
v 3.960320 -3.808116 12.980423
v 3.958085 -3.808116 12.976177
v 3.961325 -3.811508 12.977181
v 3.979836 -3.585021 12.917450
v 3.980839 -3.588413 12.914209
v 5.469924 -3.812875 13.441343
v 5.477523 -3.804919 13.443698
v 5.467569 -3.804919 13.448942
v 5.467569 -3.591610 13.448942
v 5.477523 -3.591610 13.443698
v 5.469924 -3.583654 13.441343
v 5.488897 -3.804919 13.380119
v 5.494142 -3.804919 13.390074
v 5.486543 -3.812875 13.387718
v 5.486543 -3.583654 13.387718
v 5.494142 -3.591610 13.390074
v 5.488897 -3.591610 13.380119
v 3.974344 -3.804919 12.919094
v 3.984298 -3.804919 12.913851
v 3.981943 -3.812875 12.921450
v 3.981943 -3.583654 12.921450
v 3.984298 -3.591610 12.913851
v 3.974344 -3.591610 12.919094
v 3.962970 -3.804919 12.982673
v 3.957726 -3.804919 12.972719
v 3.965324 -3.812875 12.975074
v 3.965324 -3.583654 12.975074
v 3.957726 -3.591610 12.972719
v 3.962970 -3.591610 12.982674
v 5.471586 -3.804919 13.449124
v 5.475400 -3.804919 13.447115
v 5.476552 -3.808810 13.443398
v 5.473640 -3.811858 13.442494
v 5.468772 -3.811858 13.445061
v 5.467870 -3.808810 13.447972
v 5.473640 -3.584671 13.442494
v 5.476552 -3.587720 13.443398
v 5.475400 -3.591610 13.447115
v 5.471586 -3.591610 13.449124
v 5.467870 -3.587720 13.447972
v 5.468772 -3.584671 13.445061
v 5.490258 -3.811858 13.388870
v 5.493170 -3.808810 13.389772
v 5.494322 -3.804919 13.386057
v 5.492312 -3.804919 13.382242
v 5.488596 -3.808810 13.381091
v 5.487694 -3.811858 13.384003
v 5.492312 -3.591610 13.382242
v 5.494322 -3.591610 13.386057
v 5.493170 -3.587720 13.389772
v 5.490258 -3.584671 13.388870
v 5.487694 -3.584671 13.384003
v 5.488596 -3.587720 13.381091
v 3.983094 -3.811858 12.917733
v 3.983996 -3.808810 12.914822
v 3.980280 -3.804919 12.913670
v 3.976465 -3.804919 12.915679
v 3.975313 -3.808810 12.919395
v 3.978227 -3.811858 12.920298
v 3.976465 -3.591610 12.915679
v 3.980280 -3.591610 12.913670
v 3.983996 -3.587720 12.914822
v 3.983094 -3.584671 12.917734
v 3.978227 -3.584671 12.920298
v 3.975313 -3.587720 12.919395
v 3.961608 -3.811858 12.973923
v 3.958695 -3.808810 12.973020
v 3.957543 -3.804919 12.976737
v 3.959554 -3.804919 12.980552
v 3.963270 -3.808810 12.981704
v 3.964172 -3.811858 12.978791
v 3.959554 -3.591610 12.980552
v 3.957543 -3.591610 12.976737
v 3.958695 -3.587720 12.973020
v 3.961608 -3.584671 12.973923
v 3.964172 -3.584671 12.978791
v 3.963270 -3.587720 12.981704
v 5.471027 -3.808116 13.448585
v 5.475272 -3.808116 13.446347
v 5.472032 -3.811508 13.445343
v 5.472032 -3.585021 13.445343
v 5.475272 -3.588413 13.446347
v 5.471027 -3.588413 13.448585
v 5.490542 -3.811508 13.385612
v 5.493782 -3.808116 13.386616
v 5.491546 -3.808116 13.382372
v 5.491546 -3.588413 13.382372
v 5.493782 -3.588413 13.386616
v 5.490542 -3.585021 13.385612
v 3.979836 -3.811508 12.917450
v 3.980839 -3.808116 12.914209
v 3.976595 -3.808116 12.916446
v 3.976595 -3.588413 12.916446
v 4.238936 -2.965567 14.917286
v 4.242176 -2.968959 14.918289
v 4.241171 -2.965567 14.921532
v 4.449005 -2.965567 14.985938
v 4.450010 -2.968959 14.982697
v 4.453252 -2.965567 14.983701
v 4.249098 -2.965567 14.884493
v 4.253343 -2.965567 14.882257
v 4.455502 -1.760596 14.981052
v 4.447903 -1.752641 14.978697
v 4.445548 -1.760596 14.986296
v 4.243821 -1.760596 14.923781
v 4.246175 -1.752641 14.916183
v 4.238576 -1.760596 14.913828
v 4.458528 -1.760596 14.944412
v 4.456173 -1.752641 14.952011
v 4.463772 -1.760596 14.954366
v 4.246846 -1.760596 14.887142
v 4.254446 -1.752641 14.889497
v 4.256800 -1.760596 14.881898
v 4.456173 -2.970326 14.952011
v 4.458528 -2.962370 14.944412
v 4.463772 -2.962370 14.954366
v 4.246846 -2.962370 14.887141
v 4.256800 -2.962370 14.881898
v 4.254446 -2.970326 14.889497
v 4.445548 -2.962370 14.986296
v 4.447903 -2.970326 14.978697
v 4.455502 -2.962370 14.981052
v 4.238576 -2.962370 14.913828
v 4.246175 -2.970326 14.916183
v 4.243821 -2.962370 14.923781
v 4.445849 -1.756706 14.985325
v 4.446751 -1.753658 14.982413
v 4.451620 -1.753658 14.979849
v 4.454532 -1.756706 14.980752
v 4.453381 -1.760596 14.984468
v 4.449566 -1.760596 14.986477
v 4.239548 -1.756706 14.914129
v 4.242459 -1.753658 14.915031
v 4.245024 -1.753658 14.919899
v 4.244122 -1.756706 14.922811
v 4.240406 -1.760596 14.921659
v 4.238396 -1.760596 14.917845
v 4.462802 -1.756706 14.954065
v 4.459890 -1.753658 14.953163
v 4.457324 -1.753658 14.948295
v 4.458227 -1.756706 14.945383
v 4.461944 -1.760596 14.946535
v 4.463953 -1.760596 14.950350
v 4.256499 -1.756706 14.882869
v 4.255597 -1.753658 14.885780
v 4.250730 -1.753658 14.888345
v 4.247818 -1.756706 14.887443
v 4.248969 -1.760596 14.883727
v 4.252783 -1.760596 14.881717
v 4.463953 -2.962370 14.950350
v 4.461944 -2.962370 14.946535
v 4.458227 -2.966260 14.945383
v 4.457325 -2.969309 14.948295
v 4.459890 -2.969309 14.953163
v 4.462802 -2.966260 14.954065
v 4.255597 -2.969309 14.885780
v 4.256499 -2.966260 14.882869
v 4.252783 -2.962370 14.881717
v 4.248969 -2.962370 14.883726
v 4.247818 -2.966260 14.887443
v 4.250730 -2.969309 14.888345
v 4.454532 -2.966260 14.980751
v 4.451620 -2.969309 14.979849
v 4.446751 -2.969309 14.982414
v 4.445848 -2.966260 14.985327
v 4.449566 -2.962370 14.986479
v 4.453380 -2.962370 14.984468
v 4.244121 -2.966260 14.922812
v 4.245023 -2.969309 14.919900
v 4.242460 -2.969309 14.915031
v 4.239548 -2.966260 14.914128
v 4.238396 -2.962370 14.917846
v 4.240405 -2.962370 14.921660
v 4.449006 -1.757400 14.985937
v 4.450010 -1.754007 14.982697
v 4.453252 -1.757400 14.983701
v 4.238936 -1.757400 14.917286
v 4.242176 -1.754007 14.918290
v 4.241172 -1.757400 14.921530
v 4.463414 -1.757400 14.950909
v 4.460172 -1.754007 14.949903
v 4.461176 -1.757400 14.946664
v 4.253343 -1.757400 14.882257
v 4.252338 -1.754007 14.885497
v 4.249098 -1.757400 14.884493
v 4.463414 -2.965567 14.950909
v 4.461176 -2.965567 14.946664
v 4.460172 -2.968959 14.949903
v 4.252338 -2.968959 14.885497
v 3.436996 -4.372442 14.669132
v 3.433756 -4.375836 14.668128
v 3.435992 -4.375836 14.672375
v 3.435992 -4.530048 14.672375
v 3.433756 -4.530048 14.668128
v 3.436996 -4.533441 14.669132
v 3.455507 -4.372442 14.609402
v 3.456511 -4.375836 14.606161
v 4.945596 -4.534808 15.133295
v 4.953195 -4.526852 15.135650
v 4.943241 -4.526852 15.140894
v 4.943241 -4.379032 15.140894
v 4.953195 -4.379032 15.135650
v 4.945596 -4.371077 15.133295
v 4.964569 -4.526852 15.072071
v 4.969813 -4.526852 15.082026
v 4.962214 -4.534808 15.079670
v 4.962214 -4.371077 15.079670
v 4.969813 -4.379032 15.082026
v 4.964569 -4.379032 15.072071
v 3.450015 -4.526852 14.611046
v 3.459969 -4.526852 14.605802
v 3.457614 -4.534808 14.613401
v 3.457614 -4.371077 14.613401
v 3.459969 -4.379032 14.605802
v 3.450015 -4.379032 14.611046
v 3.438641 -4.526852 14.674624
v 3.433397 -4.526852 14.664671
v 3.440996 -4.534808 14.667026
v 3.440996 -4.371077 14.667026
v 3.433397 -4.379032 14.664671
v 3.438641 -4.379032 14.674624
v 4.947258 -4.526852 15.141075
v 4.951072 -4.526852 15.139066
v 4.952224 -4.530742 15.135348
v 4.949312 -4.533791 15.134446
v 4.944444 -4.533791 15.137012
v 4.943542 -4.530742 15.139924
v 4.949312 -4.372092 15.134446
v 4.952224 -4.375140 15.135348
v 4.951072 -4.379032 15.139066
v 4.947258 -4.379032 15.141075
v 4.943542 -4.375140 15.139924
v 4.944444 -4.372092 15.137012
v 4.965930 -4.533791 15.080822
v 4.968842 -4.530742 15.081724
v 4.969993 -4.526852 15.078009
v 4.967984 -4.526852 15.074194
v 4.964268 -4.530742 15.073042
v 4.963366 -4.533791 15.075954
v 4.967984 -4.379032 15.074194
v 4.969993 -4.379032 15.078009
v 4.968842 -4.375140 15.081724
v 4.965930 -4.372092 15.080822
v 4.963366 -4.372092 15.075954
v 4.964268 -4.375140 15.073042
v 3.458766 -4.533791 14.609685
v 3.459668 -4.530742 14.606773
v 3.455952 -4.526852 14.605621
v 3.452136 -4.526852 14.607631
v 3.450984 -4.530742 14.611346
v 3.453898 -4.533791 14.612249
v 3.452136 -4.379032 14.607631
v 3.455952 -4.379032 14.605621
v 3.459668 -4.375140 14.606773
v 3.458766 -4.372092 14.609685
v 3.453898 -4.372092 14.612249
v 3.450984 -4.375140 14.611346
v 3.437280 -4.533791 14.665874
v 3.434366 -4.530742 14.664971
v 3.433214 -4.526852 14.668689
v 3.435225 -4.526852 14.672503
v 3.438941 -4.530742 14.673655
v 3.439844 -4.533791 14.670743
v 3.435225 -4.379032 14.672503
v 3.433214 -4.379032 14.668689
v 3.434366 -4.375140 14.664971
v 3.437280 -4.372092 14.665874
v 3.439844 -4.372092 14.670743
v 3.438941 -4.375140 14.673655
v 4.946698 -4.530048 15.140535
v 4.950943 -4.530048 15.138298
v 4.947703 -4.533441 15.137294
v 4.947703 -4.372442 15.137294
v 4.950943 -4.375836 15.138298
v 4.946698 -4.375836 15.140535
v 4.966213 -4.533442 15.077563
v 4.969453 -4.530048 15.078568
v 4.967217 -4.530048 15.074323
v 4.967217 -4.375836 15.074323
v 4.969453 -4.375836 15.078568
v 4.966213 -4.372442 15.077563
v 3.455507 -4.533442 14.609402
v 3.456511 -4.530048 14.606161
v 3.452267 -4.530048 14.608397
v 3.452267 -4.375836 14.608397
v 4.214764 -3.549527 14.439634
v 4.213873 -3.546322 14.442510
v 4.213846 -3.608210 14.442596
v 4.214757 -3.605316 14.439655
v 4.134774 -3.532852 14.697752
v 4.135685 -3.529958 14.694813
v 4.135658 -3.591846 14.694900
v 4.134768 -3.588643 14.697775
v 4.206380 -3.565225 14.089913
v 4.205478 -3.568276 14.092826
v 4.285467 -3.568276 13.834709
v 4.284564 -3.565225 13.837623
v 4.579653 -3.565225 14.205589
v 4.578751 -3.568276 14.208501
v 4.658740 -3.568276 13.950385
v 4.657837 -3.565225 13.953299
v 4.490451 -3.568170 14.493435
v 4.491342 -3.564964 14.490561
v 4.118069 -3.564964 14.374885
v 4.117178 -3.568170 14.377759
v 4.117185 -3.623954 14.377737
v 4.118096 -3.626850 14.374797
v 4.491369 -3.626850 14.490473
v 4.490458 -3.623954 14.493413
v 4.588037 -3.549527 14.555310
v 4.587146 -3.546322 14.558186
v 4.508958 -3.529958 14.810489
v 4.508048 -3.532852 14.813428
v 4.284564 -3.627115 13.837623
v 4.285467 -3.624065 13.834709
v 4.205478 -3.624065 14.092826
v 4.206380 -3.627115 14.089913
v 4.197168 -3.551493 14.119641
v 4.196257 -3.548599 14.122581
v 4.196283 -3.610487 14.122495
v 4.197175 -3.607282 14.119619
v 4.508040 -3.588643 14.813451
v 4.508931 -3.591846 14.810575
v 4.587119 -3.608210 14.558272
v 4.588030 -3.605316 14.555331
v 4.570441 -3.551493 14.235316
v 4.569530 -3.548599 14.238257
v 4.569556 -3.610487 14.238171
v 4.570447 -3.607282 14.235295
v 4.657837 -3.627115 13.953299
v 4.658740 -3.624065 13.950385
v 4.578751 -3.624065 14.208501
v 4.579653 -3.627115 14.205589
v 4.582402 -3.605316 13.253306
v 4.583313 -3.608210 13.250367
v 4.583286 -3.546324 13.250453
v 4.582396 -3.549527 13.253327
v 4.662392 -3.588642 12.995188
v 4.661501 -3.591845 12.998064
v 4.661474 -3.529959 12.998150
v 4.662385 -3.532852 12.995210
v 4.299535 -3.565225 13.789314
v 4.298632 -3.568276 13.792226
v 4.378621 -3.568276 13.534111
v 4.377718 -3.565225 13.537024
v 4.672808 -3.565225 13.904990
v 4.671905 -3.568276 13.907902
v 4.751894 -3.568276 13.649787
v 4.750991 -3.565225 13.652699
v 4.493462 -3.623954 13.540308
v 4.494372 -3.626850 13.537369
v 4.867645 -3.626850 13.653044
v 4.866735 -3.623954 13.655984
v 4.866727 -3.568170 13.656006
v 4.867619 -3.564964 13.653131
v 4.494346 -3.564964 13.537456
v 4.493454 -3.568170 13.540331
v 5.035658 -3.532852 13.110886
v 5.034747 -3.529959 13.113826
v 4.956559 -3.546324 13.366129
v 4.955668 -3.549527 13.369004
v 4.377718 -3.627117 13.537024
v 4.378621 -3.624065 13.534111
v 4.298632 -3.624065 13.792226
v 4.299535 -3.627117 13.789314
v 4.946724 -3.607282 13.397865
v 4.945833 -3.610487 13.400741
v 4.945807 -3.548599 13.400827
v 4.946717 -3.551493 13.397888
v 4.955675 -3.605316 13.368982
v 4.956586 -3.608210 13.366042
v 5.034774 -3.591845 13.113739
v 5.035665 -3.588642 13.110864
v 4.573451 -3.607282 13.282190
v 4.572560 -3.610487 13.285066
v 4.572533 -3.548599 13.285152
v 4.573444 -3.551493 13.282212
v 4.750991 -3.627117 13.652699
v 4.751894 -3.624065 13.649787
v 4.671905 -3.624065 13.907902
v 4.672808 -3.627117 13.904990
v 4.749840 -3.564208 13.656415
v 4.752195 -3.572170 13.648816
v 4.662689 -3.536634 12.994229
v 4.660338 -3.529169 13.001815
v 4.749840 -3.628134 13.656415
v 4.752195 -3.620170 13.648816
v 4.662689 -3.584644 12.994229
v 4.660338 -3.593094 13.001815
v 4.582098 -3.553525 13.254287
v 4.584449 -3.545073 13.246701
v 4.493158 -3.620170 13.541288
v 4.495509 -3.627640 13.533703
v 4.573748 -3.603284 13.281233
v 4.571397 -3.611736 13.288817
v 4.673959 -3.628134 13.901274
v 4.671604 -3.620170 13.908874
v 4.582098 -3.601534 13.254287
v 4.584449 -3.609001 13.246701
v 4.573748 -3.555275 13.281233
v 4.571397 -3.547810 13.288817
v 4.493158 -3.572170 13.541288
v 4.495509 -3.563715 13.533703
v 4.673959 -3.564208 13.901274
v 4.671604 -3.572170 13.908874
v 5.033611 -3.529169 13.117490
v 5.035962 -3.536633 13.109905
v 4.866431 -3.572170 13.656963
v 4.868782 -3.563715 13.649379
v 4.947021 -3.555275 13.396908
v 4.944670 -3.547810 13.404493
v 4.376567 -3.628134 13.540739
v 4.378922 -3.620170 13.533140
v 3.687833 -3.580510 13.604007
v 3.682589 -3.580033 13.594052
v 3.690173 -3.588480 13.596403
v 3.690173 -3.524554 13.596403
v 3.682589 -3.532017 13.594052
v 3.687833 -3.532526 13.604007
v 5.388633 -3.573592 14.131077
v 5.391003 -3.581562 14.123483
v 5.398587 -3.573113 14.125834
v 5.398587 -3.525099 14.125834
v 5.391003 -3.517635 14.123483
v 5.388633 -3.525608 14.131077
v 5.474467 -3.573113 13.880974
v 5.466884 -3.581562 13.878624
v 5.469223 -3.573592 13.871020
v 5.469223 -3.525608 13.871020
v 5.466884 -3.517635 13.878624
v 5.474467 -3.525099 13.880974
v 3.766054 -3.588480 13.351543
v 3.758470 -3.580033 13.349194
v 3.768424 -3.580510 13.343949
v 3.768424 -3.532526 13.343949
v 3.758470 -3.532017 13.349194
v 3.766054 -3.524554 13.351543
v 4.300686 -3.628134 13.785599
v 4.298331 -3.620170 13.793198
v 4.957722 -3.545073 13.362377
v 4.955371 -3.553525 13.369962
v 4.866431 -3.620170 13.656963
v 4.868782 -3.627640 13.649379
v 4.947021 -3.603284 13.396908
v 4.944670 -3.611736 13.404493
v 4.376567 -3.564208 13.540739
v 4.378922 -3.572170 13.533140
v 4.300686 -3.564208 13.785599
v 4.298331 -3.572170 13.793198
v 5.033611 -3.593094 13.117490
v 5.035962 -3.584646 13.109905
v 4.957722 -3.609001 13.362377
v 4.955371 -3.601534 13.369962
v 5.562763 -3.576724 13.596053
v 5.555188 -3.585285 13.593696
v 5.557519 -3.576945 13.586099
v 5.557519 -3.528943 13.586099
v 5.555186 -3.521359 13.593697
v 5.562763 -3.528709 13.596053
v 3.846766 -3.570261 13.064272
v 3.856719 -3.570513 13.059029
v 3.854345 -3.578838 13.066614
v 3.854344 -3.514912 13.066612
v 3.856719 -3.522515 13.059029
v 3.846766 -3.522246 13.064272
v 3.778479 -3.581199 13.311492
v 3.776129 -3.573592 13.319084
v 3.770885 -3.573027 13.309130
v 3.770885 -3.525013 13.309130
v 3.776129 -3.525608 13.319084
v 3.778482 -3.517274 13.311491
v 5.476929 -3.580510 13.846154
v 5.479282 -3.588103 13.838562
v 5.486883 -3.579933 13.840911
v 5.486883 -3.531918 13.840911
v 5.479284 -3.524176 13.838566
v 5.476929 -3.532526 13.846154
v 5.651704 -3.566835 13.309050
v 5.644118 -3.575174 13.306686
v 5.646461 -3.566785 13.299096
v 5.646461 -3.518777 13.299096
v 5.644116 -3.511248 13.306688
v 5.651704 -3.518830 13.309050
v 3.935707 -3.561447 12.777269
v 3.945661 -3.561449 12.772025
v 3.943299 -3.569821 12.779613
v 3.943298 -3.505896 12.779612
v 3.945661 -3.513442 12.772025
v 3.935707 -3.513441 12.777269
v 3.865070 -3.569885 13.032083
v 3.859826 -3.569309 13.022128
v 3.867420 -3.577435 13.024493
v 3.867422 -3.513507 13.024492
v 3.859826 -3.521301 13.022128
v 3.865070 -3.521883 13.032083
v 5.565870 -3.576224 13.559153
v 5.568223 -3.583758 13.551565
v 5.575824 -3.575638 13.553909
v 5.575824 -3.527632 13.553909
v 5.568223 -3.519830 13.551565
v 5.565870 -3.528222 13.559153
v 4.580805 -3.564208 14.201872
v 4.578450 -3.572170 14.209471
v 4.134470 -3.536633 14.698732
v 4.136821 -3.529169 14.691148
v 4.580805 -3.628134 14.201872
v 4.578450 -3.620170 14.209471
v 4.134470 -3.584644 14.698732
v 4.136821 -3.593094 14.691148
v 4.215061 -3.553525 14.438677
v 4.212710 -3.545073 14.446260
v 4.490154 -3.620170 14.494393
v 4.492505 -3.627640 14.486808
v 4.570745 -3.603284 14.234336
v 4.568393 -3.611736 14.241923
v 4.656685 -3.628134 13.957014
v 4.659040 -3.620170 13.949415
v 4.215061 -3.601534 14.438677
v 4.212710 -3.609001 14.446260
v 4.570745 -3.555275 14.234336
v 4.568393 -3.547810 14.241923
v 4.490154 -3.572170 14.494393
v 4.492505 -3.563715 14.486808
v 4.656685 -3.564208 13.957014
v 4.659040 -3.572170 13.949415
v 4.510094 -3.529169 14.806823
v 4.507744 -3.536633 14.814408
v 4.116881 -3.572170 14.378717
v 4.119232 -3.563715 14.371133
v 4.197472 -3.555275 14.118661
v 4.195120 -3.547810 14.126247
v 4.207532 -3.628134 14.086196
v 4.205177 -3.620170 14.093795
v 3.672899 -3.588480 13.652143
v 3.665315 -3.580033 13.649793
v 3.675269 -3.580510 13.644548
v 3.675269 -3.532526 13.644548
v 3.665315 -3.532017 13.649793
v 3.672899 -3.524554 13.652143
v 5.381313 -3.573113 14.181573
v 5.373729 -3.581562 14.179223
v 5.376069 -3.573592 14.171619
v 5.376069 -3.525608 14.171619
v 5.373729 -3.517635 14.179223
v 5.381313 -3.525099 14.181573
v 5.295479 -3.573592 14.431675
v 5.297849 -3.581562 14.424081
v 5.305433 -3.573113 14.426431
v 5.305433 -3.525099 14.426431
v 5.297849 -3.517635 14.424081
v 5.295479 -3.525608 14.431675
v 3.594679 -3.580510 13.904604
v 3.589435 -3.580033 13.894650
v 3.597019 -3.588480 13.897000
v 3.597019 -3.524554 13.897000
v 3.589435 -3.532017 13.894650
v 3.594679 -3.532526 13.904604
v 4.283412 -3.628134 13.841338
v 4.285768 -3.620170 13.833739
v 4.585984 -3.545073 14.561936
v 4.588334 -3.553525 14.554353
v 4.116881 -3.620170 14.378717
v 4.119232 -3.627640 14.371133
v 4.197472 -3.603284 14.118661
v 4.195120 -3.611736 14.126247
v 4.207532 -3.564208 14.086196
v 4.205177 -3.572170 14.093795
v 4.283412 -3.564208 13.841338
v 4.285768 -3.572170 13.833739
v 4.510094 -3.593094 14.806823
v 4.507744 -3.584644 14.814408
v 4.585984 -3.609001 14.561936
v 4.588334 -3.601534 14.554353
v 3.586973 -3.576945 13.929470
v 3.584600 -3.585285 13.937057
v 3.577019 -3.576724 13.934713
v 3.577019 -3.528709 13.934713
v 3.584599 -3.521360 13.937055
v 3.586973 -3.528943 13.929470
v 5.285443 -3.578838 14.464140
v 5.287773 -3.570513 14.456540
v 5.293017 -3.570259 14.466495
v 5.293017 -3.522246 14.466495
v 5.287773 -3.522515 14.456540
v 5.285441 -3.514912 14.464142
v 5.217136 -3.573027 14.711353
v 5.207182 -3.573592 14.716598
v 5.209536 -3.581199 14.709004
v 5.209538 -3.517274 14.709007
v 5.207182 -3.525608 14.716598
v 5.217136 -3.525013 14.711353
v 3.501139 -3.579933 14.179573
v 3.508732 -3.588102 14.181934
v 3.506383 -3.580510 14.189527
v 3.506383 -3.532526 14.189527
v 3.508736 -3.524176 14.181934
v 3.501139 -3.531918 14.179573
v 5.118242 -3.566786 15.003599
v 5.120601 -3.575174 14.996014
v 5.128196 -3.566835 14.998355
v 5.128196 -3.518830 14.998355
v 5.120603 -3.511248 14.996014
v 5.118242 -3.518777 15.003599
v 3.419783 -3.569821 14.468937
v 3.417442 -3.561449 14.476528
v 3.412198 -3.561447 14.466575
v 3.412198 -3.513439 14.466575
v 3.417442 -3.513442 14.476528
v 3.419785 -3.505896 14.468936
v 3.495681 -3.577433 14.224061
v 3.488078 -3.569309 14.221717
v 3.498032 -3.569885 14.216473
v 3.498032 -3.521883 14.216473
v 3.488078 -3.521301 14.221717
v 3.495679 -3.513508 14.224061
v 5.204076 -3.575639 14.753497
v 5.196482 -3.583756 14.751131
v 5.198832 -3.576224 14.743544
v 5.198832 -3.528222 14.743544
v 5.196482 -3.519830 14.751132
v 5.204076 -3.527632 14.753497
v 3.686422 -3.587231 13.595241
v 3.683546 -3.584030 13.594349
v 3.682409 -3.580093 13.598069
v 3.684418 -3.580276 13.601884
v 3.688126 -3.584409 13.603033
v 3.689024 -3.587462 13.600120
v 3.684418 -3.532278 13.601884
v 3.682409 -3.532082 13.598069
v 3.683569 -3.528238 13.594357
v 3.686508 -3.525344 13.595267
v 3.689024 -3.525573 13.600120
v 3.688126 -3.528628 13.603033
v 5.397629 -3.577110 14.125536
v 5.394754 -3.580313 14.124645
v 5.389848 -3.580544 14.127198
v 5.388941 -3.577489 14.130109
v 5.392650 -3.573358 14.131258
v 5.396464 -3.573174 14.129248
v 5.388941 -3.521708 14.130109
v 5.389848 -3.518653 14.127198
v 5.394667 -3.518425 14.124619
v 5.397606 -3.521318 14.125529
v 5.396464 -3.525164 14.129248
v 5.392650 -3.525358 14.131258
v 5.468930 -3.577489 13.871993
v 5.468032 -3.580544 13.874907
v 5.470634 -3.580313 13.879786
v 5.473510 -3.577110 13.880677
v 5.474648 -3.573174 13.876957
v 5.472638 -3.573358 13.873142
v 5.473487 -3.521318 13.880671
v 5.470548 -3.518425 13.879759
v 5.468032 -3.518653 13.874907
v 5.468930 -3.521708 13.871993
v 5.472638 -3.525358 13.873142
v 5.474648 -3.525164 13.876957
v 3.764407 -3.580276 13.343769
v 3.760592 -3.580093 13.345778
v 3.759427 -3.584030 13.349490
v 3.762303 -3.587231 13.350381
v 3.767208 -3.587462 13.347829
v 3.768115 -3.584409 13.344918
v 3.762389 -3.525344 13.350409
v 3.759450 -3.528238 13.349497
v 3.760592 -3.532082 13.345778
v 3.764407 -3.532278 13.343769
v 3.768115 -3.528628 13.344918
v 3.767208 -3.525573 13.347829
v 5.557226 -3.580921 13.587061
v 5.556341 -3.584090 13.589949
v 5.558944 -3.583982 13.594864
v 5.561810 -3.580744 13.595756
v 5.562943 -3.576715 13.592036
v 5.560935 -3.576802 13.588221
v 5.561782 -3.524955 13.595747
v 5.558837 -3.522098 13.594831
v 5.556319 -3.522203 13.590016
v 5.557221 -3.525134 13.587077
v 5.560935 -3.528793 13.588221
v 5.562943 -3.528702 13.592036
v 3.855515 -3.577651 13.062873
v 3.856417 -3.574486 13.059989
v 3.852703 -3.570359 13.058846
v 3.848888 -3.570262 13.060858
v 3.847720 -3.574284 13.064567
v 3.850586 -3.577527 13.065453
v 3.848888 -3.522249 13.060858
v 3.852703 -3.522352 13.058846
v 3.856411 -3.518701 13.060003
v 3.855494 -3.515762 13.062935
v 3.850694 -3.515644 13.065485
v 3.847748 -3.518496 13.064575
v 3.770704 -3.573131 13.313148
v 3.772712 -3.573347 13.316962
v 3.776426 -3.577409 13.318105
v 3.777335 -3.580348 13.315171
v 3.774745 -3.580082 13.310331
v 3.771850 -3.576965 13.309431
v 3.777317 -3.518462 13.315234
v 3.776423 -3.521630 13.318121
v 3.772712 -3.525347 13.316962
v 3.770704 -3.525119 13.313148
v 3.771860 -3.521170 13.309434
v 3.774786 -3.518190 13.310342
v 5.485917 -3.583871 13.840613
v 5.483019 -3.586986 13.839716
v 5.478147 -3.587258 13.842242
v 5.477237 -3.584324 13.845178
v 5.480947 -3.580264 13.846337
v 5.484760 -3.580043 13.844327
v 5.477233 -3.528545 13.845196
v 5.478127 -3.525372 13.842312
v 5.482980 -3.525094 13.839706
v 5.485907 -3.528075 13.840610
v 5.484760 -3.532033 13.844327
v 5.480947 -3.532265 13.846337
v 5.646166 -3.570771 13.300057
v 5.645276 -3.573955 13.302938
v 5.647861 -3.573979 13.307852
v 5.650743 -3.570811 13.308750
v 5.651884 -3.566733 13.305035
v 5.649875 -3.566714 13.301218
v 5.650726 -3.515021 13.308744
v 5.647794 -3.512090 13.307831
v 5.645251 -3.512067 13.303014
v 5.646158 -3.514981 13.300076
v 5.649875 -3.518702 13.301218
v 5.651884 -3.518723 13.305035
v 3.944463 -3.568610 12.775867
v 3.945361 -3.565431 12.772986
v 3.941644 -3.561361 12.771845
v 3.937829 -3.561361 12.773856
v 3.936668 -3.565430 12.777565
v 3.939550 -3.568609 12.778456
v 3.937829 -3.513351 12.773856
v 3.941644 -3.513351 12.771845
v 3.945354 -3.509641 12.773003
v 3.944441 -3.506721 12.775938
v 3.939623 -3.506721 12.778477
v 3.936686 -3.509640 12.777571
v 3.863692 -3.576340 13.023333
v 3.860791 -3.573237 13.022430
v 3.859645 -3.569471 13.026147
v 3.861653 -3.569692 13.029959
v 3.865370 -3.573686 13.031103
v 3.866280 -3.576607 13.028166
v 3.861653 -3.521686 13.029959
v 3.859643 -3.521463 13.026146
v 3.860799 -3.517445 13.022433
v 3.863721 -3.514448 13.023342
v 3.866258 -3.514720 13.028239
v 3.865365 -3.517900 13.031120
v 5.574856 -3.579565 13.553613
v 5.571953 -3.582666 13.552718
v 5.567086 -3.582938 13.555238
v 5.566175 -3.580022 13.558175
v 5.569888 -3.576038 13.559334
v 5.573702 -3.575813 13.557325
v 5.566170 -3.524235 13.558193
v 5.567063 -3.521051 13.555313
v 5.571924 -3.520774 13.552709
v 5.574848 -3.523775 13.553610
v 5.573702 -3.527805 13.557325
v 5.569888 -3.528031 13.559334
v 3.671253 -3.580276 13.644367
v 3.667438 -3.580093 13.646378
v 3.666273 -3.584030 13.650089
v 3.669148 -3.587231 13.650981
v 3.674054 -3.587462 13.648428
v 3.674961 -3.584409 13.645515
v 3.669235 -3.525344 13.651008
v 3.666296 -3.528238 13.650097
v 3.667438 -3.532082 13.646378
v 3.671253 -3.532278 13.644367
v 3.674961 -3.528628 13.645515
v 3.674054 -3.525573 13.648428
v 5.375776 -3.577489 14.172591
v 5.374878 -3.580544 14.175507
v 5.377480 -3.580313 14.180386
v 5.380355 -3.577110 14.181276
v 5.381494 -3.573174 14.177556
v 5.379484 -3.573358 14.173740
v 5.380333 -3.521318 14.181270
v 5.377393 -3.518425 14.180359
v 5.374878 -3.518653 14.175507
v 5.375776 -3.521708 14.172591
v 5.379484 -3.525358 14.173740
v 5.381494 -3.525164 14.177556
v 5.304475 -3.577110 14.426134
v 5.301600 -3.580313 14.425243
v 5.296694 -3.580544 14.427797
v 5.295787 -3.577489 14.430708
v 5.299495 -3.573358 14.431857
v 5.303309 -3.573174 14.429848
v 5.295787 -3.521708 14.430708
v 5.296694 -3.518653 14.427797
v 5.301513 -3.518425 14.425217
v 5.304452 -3.521318 14.426127
v 5.303309 -3.525164 14.429848
v 5.299495 -3.525358 14.431857
v 3.593268 -3.587231 13.895838
v 3.590392 -3.584030 13.894947
v 3.589254 -3.580094 13.898669
v 3.591264 -3.580276 13.902483
v 3.594972 -3.584409 13.903632
v 3.595870 -3.587462 13.900719
v 3.591264 -3.532278 13.902483
v 3.589254 -3.532082 13.898669
v 3.590415 -3.528238 13.894955
v 3.593354 -3.525344 13.895865
v 3.595870 -3.525573 13.900719
v 3.594972 -3.528628 13.903632
v 3.577975 -3.580744 13.935010
v 3.580841 -3.583982 13.935895
v 3.585769 -3.584090 13.933314
v 3.586671 -3.580921 13.930430
v 3.582956 -3.576800 13.929289
v 3.579142 -3.576716 13.931300
v 3.586665 -3.525134 13.930447
v 3.585747 -3.522201 13.933379
v 3.580948 -3.522098 13.935927
v 3.578001 -3.524954 13.935019
v 3.579142 -3.528702 13.931300
v 3.582956 -3.528793 13.929289
v 5.293198 -3.570262 14.462478
v 5.291188 -3.570359 14.458663
v 5.287481 -3.574486 14.457504
v 5.286594 -3.577651 14.460393
v 5.289200 -3.577527 14.465308
v 5.292063 -3.574284 14.466199
v 5.286572 -3.515762 14.460458
v 5.287474 -3.518701 14.457520
v 5.291188 -3.522351 14.458663
v 5.293197 -3.522249 14.462479
v 5.292036 -3.518496 14.466190
v 5.289089 -3.515644 14.465275
v 5.208399 -3.580348 14.712687
v 5.207490 -3.577408 14.715620
v 5.211201 -3.573347 14.716779
v 5.215013 -3.573131 14.714770
v 5.216171 -3.576965 14.711056
v 5.213272 -3.580082 14.710159
v 5.215013 -3.525119 14.714770
v 5.211201 -3.525347 14.716779
v 5.207487 -3.521630 14.715637
v 5.208381 -3.518462 14.712751
v 5.213233 -3.518190 14.710149
v 5.216160 -3.521170 14.711053
v 3.506680 -3.584324 14.188546
v 3.507589 -3.587258 14.185613
v 3.505001 -3.586986 14.180775
v 3.502103 -3.583869 14.179873
v 3.500958 -3.580043 14.183592
v 3.502966 -3.580264 14.187404
v 3.502114 -3.528076 14.179877
v 3.505039 -3.525094 14.180785
v 3.507570 -3.525372 14.185678
v 3.506676 -3.528545 14.188563
v 3.502966 -3.532265 14.187404
v 3.500958 -3.532031 14.183592
v 5.127233 -3.570811 14.998060
v 5.124347 -3.573979 14.997170
v 5.119437 -3.573955 14.999760
v 5.118541 -3.570771 15.002639
v 5.122259 -3.566712 15.003779
v 5.126073 -3.566731 15.001770
v 5.118546 -3.514981 15.002621
v 5.119461 -3.512066 14.999686
v 5.124281 -3.512090 14.997150
v 5.127216 -3.515021 14.998055
v 5.126073 -3.518723 15.001770
v 5.122259 -3.518703 15.003779
v 3.412018 -3.561362 14.470592
v 3.414027 -3.561362 14.474406
v 3.417737 -3.565432 14.475567
v 3.418627 -3.568611 14.472685
v 3.416038 -3.568609 14.467772
v 3.413157 -3.565430 14.466875
v 3.418649 -3.506721 14.472611
v 3.417744 -3.509641 14.475550
v 3.414027 -3.513352 14.474406
v 3.412018 -3.513350 14.470592
v 3.413176 -3.509640 14.466881
v 3.416111 -3.506721 14.467794
v 3.494014 -3.569693 14.216290
v 3.490201 -3.569471 14.218301
v 3.489046 -3.573237 14.222013
v 3.491948 -3.576340 14.222910
v 3.496816 -3.576607 14.220387
v 3.497727 -3.573686 14.217451
v 3.491977 -3.514448 14.222917
v 3.489053 -3.517446 14.222015
v 3.490200 -3.521461 14.218300
v 3.494014 -3.521686 14.216290
v 3.497732 -3.517900 14.217432
v 3.496839 -3.514720 14.220314
v 5.198532 -3.580022 14.744523
v 5.197622 -3.582937 14.747459
v 5.200211 -3.582666 14.752291
v 5.203110 -3.579565 14.753195
v 5.204258 -3.575814 14.749479
v 5.202249 -3.576038 14.745666
v 5.203103 -3.523775 14.753193
v 5.200182 -3.520774 14.752282
v 5.197645 -3.521051 14.747385
v 5.198536 -3.524235 14.744503
v 5.202249 -3.528031 14.745666
v 5.204258 -3.527805 14.749479
v 5.303195 -3.576418 14.429073
v 5.299975 -3.580004 14.428076
v 5.298944 -3.576603 14.431319
v 5.298934 -3.522209 14.431314
v 5.299919 -3.518817 14.428081
v 5.303170 -3.522017 14.429088
v 3.593005 -3.586923 13.899094
v 3.589786 -3.583338 13.898096
v 3.592022 -3.583522 13.902351
v 3.592033 -3.529129 13.902353
v 3.589798 -3.528935 13.898121
v 3.593049 -3.525737 13.899129
v 3.671804 -3.583522 13.644904
v 3.667553 -3.583338 13.647150
v 3.670773 -3.586922 13.648148
v 3.670829 -3.525737 13.648143
v 3.667578 -3.528935 13.647136
v 3.671814 -3.529129 13.644909
v 5.378726 -3.576603 14.173872
v 5.377743 -3.580004 14.177130
v 5.380961 -3.576418 14.178127
v 5.380949 -3.522017 14.178102
v 5.377698 -3.518817 14.177095
v 5.378715 -3.522209 14.173870
v 5.214878 -3.521923 14.714012
v 5.210632 -3.522150 14.716244
v 5.211621 -3.518640 14.713020
v 3.685187 -3.529129 13.601756
v 3.682952 -3.528935 13.597524
v 3.686203 -3.525737 13.598531
v 5.211671 -3.579828 14.712981
v 5.210653 -3.576542 14.716235
v 5.214892 -3.576326 14.713994
v 3.686160 -3.586922 13.598495
v 3.682941 -3.583338 13.597497
v 3.685177 -3.583522 13.601752
v 3.501498 -3.528833 14.183043
v 3.504746 -3.525549 14.184068
v 3.503738 -3.529065 14.187284
v 5.392087 -3.522209 14.130717
v 5.393073 -3.518817 14.127482
v 5.396324 -3.522017 14.128490
v 3.503725 -3.583457 14.187265
v 3.504725 -3.586736 14.184006
v 3.501496 -3.583236 14.183021
v 5.396349 -3.576418 14.128474
v 5.393130 -3.580004 14.127477
v 5.392098 -3.576603 14.130720
v 3.583510 -3.525679 13.929835
v 3.582525 -3.522413 13.933079
v 3.579283 -3.525590 13.932060
v 5.474104 -3.522017 13.877503
v 5.470853 -3.518817 13.876495
v 5.471869 -3.522209 13.873271
v 3.579255 -3.579993 13.932069
v 3.582483 -3.583599 13.933049
v 3.583516 -3.580079 13.929821
v 5.471880 -3.576604 13.873274
v 5.470897 -3.580004 13.876533
v 5.474115 -3.576418 13.877530
v 5.289400 -3.515966 14.462031
v 5.290421 -3.519239 14.458800
v 5.292651 -3.519137 14.463026
v 3.763983 -3.525737 13.347544
v 3.760732 -3.528935 13.346537
v 3.764969 -3.529129 13.344310
v 5.292669 -3.573538 14.463048
v 5.290427 -3.573638 14.458785
v 5.289455 -3.577150 14.462034
v 3.764958 -3.583522 13.344306
v 3.760707 -3.583338 13.346552
v 3.763927 -3.586922 13.347549
v 5.125952 -3.570000 15.001005
v 5.122713 -3.573530 15.000024
v 5.121694 -3.569981 15.003248
v 3.852227 -3.577152 13.062607
v 3.853261 -3.573638 13.059379
v 3.849002 -3.573540 13.061625
v 3.849029 -3.519137 13.061617
v 3.853258 -3.519238 13.059393
v 3.852273 -3.515966 13.062636
v 5.560172 -3.580079 13.588342
v 5.559201 -3.583599 13.591589
v 5.562416 -3.579993 13.592606
v 5.562398 -3.525590 13.592583
v 5.559146 -3.522413 13.591590
v 5.560167 -3.525679 13.588357
v 5.484639 -3.583236 13.843552
v 5.481418 -3.586736 13.842539
v 5.480400 -3.583459 13.845793
v 5.480379 -3.529065 13.845801
v 5.481367 -3.525549 13.842578
v 5.484625 -3.528833 13.843569
v 3.771243 -3.576326 13.312577
v 3.773471 -3.576542 13.316824
v 3.774472 -3.579828 13.313564
v 3.774492 -3.518640 13.313622
v 3.773484 -3.522150 13.316842
v 3.771244 -3.521923 13.312599
v 3.941187 -3.568171 12.775602
v 3.942208 -3.564631 12.772378
v 3.937948 -3.564630 12.774621
v 3.937967 -3.510228 12.774620
v 3.942196 -3.510228 12.772390
v 3.941205 -3.506984 12.775639
v 5.649109 -3.569980 13.301337
v 5.648126 -3.573530 13.304574
v 5.651352 -3.569999 13.305597
v 5.651340 -3.515598 13.305587
v 5.648094 -3.512341 13.304596
v 5.649111 -3.515577 13.301356
v 5.573577 -3.578991 13.556551
v 5.570356 -3.582458 13.555538
v 5.569340 -3.579215 13.558791
v 5.569317 -3.524817 13.558801
v 5.570307 -3.521270 13.555579
v 5.573567 -3.524590 13.556568
v 3.863414 -3.576124 13.026564
v 3.860184 -3.572652 13.025578
v 3.862412 -3.572871 13.029821
v 3.862426 -3.518475 13.029842
v 3.860185 -3.518250 13.025598
v 3.863431 -3.514936 13.026624
v 5.121706 -3.515578 15.003234
v 5.122700 -3.512341 14.999987
v 5.125937 -3.515598 15.001006
v 3.412549 -3.564630 14.470028
v 3.414793 -3.564630 14.474287
v 3.415774 -3.568172 14.471049
v 3.415810 -3.506984 14.471030
v 3.414791 -3.510228 14.474270
v 3.412564 -3.510227 14.470039
v 3.494562 -3.572871 14.216835
v 3.490325 -3.572652 14.219073
v 3.493546 -3.576124 14.220088
v 3.493595 -3.514936 14.220047
v 3.490335 -3.518250 14.219058
v 3.494585 -3.518473 14.216825
v 5.201489 -3.579215 14.745805
v 5.200488 -3.582458 14.749063
v 5.203718 -3.578991 14.750047
v 5.203719 -3.524590 14.750029
v 5.200471 -3.521271 14.749001
v 5.201476 -3.524816 14.745784
v 4.299832 -1.749220 14.936884
v 4.298930 -1.746171 14.939795
v 4.310405 -1.749220 14.902765
v 4.311308 -1.746171 14.899854
v 4.132086 -1.749220 14.847506
v 4.132988 -1.746171 14.844593
v 4.223773 -1.746171 14.872727
v 4.222841 -1.749220 14.875629
v 4.212268 -1.749220 14.909748
v 4.211396 -1.746171 14.912669
v 4.120611 -1.746171 14.884535
v 4.121513 -1.749220 14.881623
v 4.132086 -1.313011 14.847506
v 4.132988 -1.316079 14.844593
v 4.212783 -1.573209 14.914164
v 4.225763 -1.573209 14.872279
v 4.029375 -1.328672 14.812484
v 4.028472 -1.325613 14.815395
v 4.017899 -1.749220 14.849514
v 4.016997 -1.746171 14.852426
v 4.423033 -1.325613 14.937669
v 4.423935 -1.328669 14.934756
v 4.411558 -1.328669 14.974698
v 4.412460 -1.325613 14.971786
v 4.120611 -1.316079 14.884535
v 4.121513 -1.313011 14.881623
v 4.017899 -1.325613 14.849514
v 4.411257 -1.573209 14.975670
v 4.016997 -1.328672 14.852426
v 4.424236 -1.573209 14.933785
v 3.769341 -1.325613 14.735092
v 3.770243 -1.328668 14.732180
v 3.757865 -1.328668 14.772121
v 3.758768 -1.325613 14.769210
v 4.411558 -1.746171 14.974698
v 4.412460 -1.749220 14.971786
v 4.016696 -1.573209 14.853396
v 4.029675 -1.573209 14.811513
v 4.133289 -1.573209 14.843622
v 4.423033 -1.749220 14.937668
v 4.120310 -1.573209 14.885506
v 4.423935 -1.746171 14.934756
v 4.310405 -1.313850 14.902765
v 4.311308 -1.316914 14.899854
v 4.311609 -1.573209 14.898883
v 4.225462 -1.326220 14.873250
v 4.298629 -1.573209 14.940766
v 4.224560 -1.323154 14.876163
v 4.213986 -1.323154 14.910280
v 4.213084 -1.326220 14.913192
v 3.553562 -1.345344 14.701545
v 3.545998 -1.354062 14.699201
v 3.551243 -1.353333 14.709155
v 3.551243 -1.565253 14.709155
v 3.545998 -1.565253 14.699201
v 3.553597 -1.573209 14.701555
v 3.564222 -1.353333 14.667271
v 3.554268 -1.354062 14.672515
v 3.561832 -1.345344 14.674859
v 3.561867 -1.573209 14.674870
v 3.554268 -1.565253 14.672515
v 3.564222 -1.565253 14.667271
v 4.865609 -1.345322 15.078894
v 4.873172 -1.354062 15.081238
v 4.867928 -1.353312 15.071283
v 4.867928 -1.565253 15.071283
v 4.873172 -1.565253 15.081238
v 4.865573 -1.573209 15.078882
v 4.854948 -1.353312 15.113168
v 4.864902 -1.354062 15.107924
v 4.857339 -1.345322 15.105579
v 4.857303 -1.573209 15.105569
v 4.864902 -1.565253 15.107924
v 4.854948 -1.565253 15.113168
v 4.673127 -1.573209 15.019244
v 4.661168 -1.579725 15.015538
v 4.658605 -1.573209 15.006415
v 4.667883 -1.565253 15.009291
v 4.665528 -1.324594 15.016890
v 4.667883 -1.332569 15.009291
v 4.652898 -1.579725 15.042224
v 4.664857 -1.573209 15.045931
v 4.654903 -1.565253 15.051174
v 4.645625 -1.573209 15.048299
v 4.657258 -1.324594 15.043575
v 4.654903 -1.332569 15.051174
v 4.215138 -1.322133 14.906565
v 4.212783 -1.330132 14.914164
v 4.223408 -1.322133 14.879878
v 4.225763 -1.330132 14.872279
v 3.752320 -1.573209 14.763139
v 3.764279 -1.579725 14.766846
v 3.766843 -1.573209 14.775969
v 3.757564 -1.565253 14.773093
v 3.770544 -1.565253 14.731209
v 3.779822 -1.573209 14.734084
v 3.772549 -1.579725 14.740159
v 3.760590 -1.573209 14.736453
v 3.759919 -1.324594 14.765494
v 3.757564 -1.332567 14.773093
v 3.768189 -1.324594 14.738808
v 3.770544 -1.332567 14.731209
v 4.539494 -1.750237 14.977832
v 4.545492 -1.742281 14.971362
v 4.551452 -1.743721 14.981538
v 4.543182 -1.743721 15.008224
v 4.532512 -1.742281 15.013246
v 4.531224 -1.750237 15.004519
v 4.213410 -1.750237 14.906029
v 4.211133 -1.742281 14.913651
v 4.221680 -1.750237 14.879343
v 4.224113 -1.742281 14.871768
v 3.885953 -1.750237 14.804551
v 3.879954 -1.742281 14.811021
v 3.873995 -1.743721 14.800846
v 3.882265 -1.743721 14.774159
v 3.892933 -1.742281 14.769136
v 3.894223 -1.750237 14.777865
v 4.421882 -1.324594 14.941384
v 4.424236 -1.332569 14.933785
v 4.413611 -1.324594 14.968071
v 4.411257 -1.332569 14.975670
v 4.411257 -1.742281 14.975670
v 4.413611 -1.750237 14.968070
v 4.424236 -1.742281 14.933785
v 4.421882 -1.750237 14.941384
v 4.016696 -1.742281 14.853396
v 4.019051 -1.750237 14.845798
v 4.029675 -1.742281 14.811513
v 4.027321 -1.750237 14.819112
v 4.016696 -1.332575 14.853396
v 4.019051 -1.324594 14.845798
v 4.027321 -1.324594 14.819112
v 4.029675 -1.332575 14.811513
v 4.130934 -1.750237 14.851221
v 4.133289 -1.742281 14.843622
v 4.122664 -1.750237 14.877907
v 4.120310 -1.742281 14.885506
v 4.120310 -1.319993 14.885506
v 4.122664 -1.311988 14.877907
v 4.130934 -1.311988 14.851221
v 4.133289 -1.319993 14.843622
v 4.311609 -1.742281 14.898883
v 4.309254 -1.750237 14.906482
v 4.298629 -1.742281 14.940766
v 4.300984 -1.750237 14.933167
v 4.300984 -1.312828 14.933167
v 4.298629 -1.320825 14.940766
v 4.309254 -1.312828 14.906482
v 4.311609 -1.320825 14.898883
v 3.547828 -1.353689 14.707032
v 3.545818 -1.353968 14.703218
v 3.546948 -1.350008 14.699495
v 3.549799 -1.346722 14.700378
v 3.552415 -1.346365 14.705262
v 3.551527 -1.349427 14.708179
v 3.549881 -1.572192 14.700404
v 3.546970 -1.569144 14.699502
v 3.545818 -1.565253 14.703218
v 3.547828 -1.565253 14.707032
v 3.551543 -1.569144 14.708183
v 3.552446 -1.572192 14.705272
v 3.558069 -1.346722 14.673693
v 3.555218 -1.350008 14.672810
v 3.556391 -1.353968 14.669100
v 3.560205 -1.353689 14.667090
v 3.563905 -1.349427 14.668237
v 3.562989 -1.346365 14.671144
v 3.560205 -1.565253 14.667090
v 3.556391 -1.565253 14.669100
v 3.555240 -1.569144 14.672815
v 3.558151 -1.572192 14.673718
v 3.563019 -1.572192 14.671154
v 3.563921 -1.569144 14.668242
v 4.871343 -1.353678 15.073406
v 4.873352 -1.353966 15.077221
v 4.872222 -1.350003 15.080943
v 4.869374 -1.346711 15.080060
v 4.866756 -1.346343 15.075176
v 4.867645 -1.349404 15.072260
v 4.869289 -1.572192 15.080034
v 4.872200 -1.569144 15.080936
v 4.873352 -1.565253 15.077220
v 4.871343 -1.565253 15.073406
v 4.867627 -1.569144 15.072254
v 4.866724 -1.572192 15.075167
v 4.861104 -1.346711 15.106747
v 4.863952 -1.350003 15.107629
v 4.862779 -1.353966 15.111339
v 4.858965 -1.353678 15.113348
v 4.855267 -1.349404 15.112202
v 4.856183 -1.346343 15.109294
v 4.858965 -1.565253 15.113348
v 4.862779 -1.565253 15.111339
v 4.863931 -1.569144 15.107622
v 4.861019 -1.572192 15.106720
v 4.856152 -1.572192 15.109284
v 4.855249 -1.569144 15.112196
v 4.664790 -1.567904 15.008332
v 4.661697 -1.570557 15.007374
v 4.660709 -1.576396 15.008132
v 4.661692 -1.578892 15.011627
v 4.664376 -1.576257 15.016532
v 4.668573 -1.573971 15.017833
v 4.673307 -1.572192 15.015227
v 4.671298 -1.569144 15.011413
v 4.648717 -1.570557 15.049257
v 4.651810 -1.567904 15.050216
v 4.658920 -1.569144 15.051355
v 4.662734 -1.572192 15.049345
v 4.660304 -1.573971 15.044519
v 4.656106 -1.576257 15.043219
v 4.651118 -1.578892 15.045746
v 4.648332 -1.576394 15.048074
v 3.760657 -1.567904 14.774052
v 3.763750 -1.570557 14.775010
v 3.764738 -1.576394 14.774252
v 3.763756 -1.578892 14.770756
v 3.761071 -1.576257 14.765851
v 3.756873 -1.573971 14.764550
v 3.752140 -1.572192 14.767156
v 3.754149 -1.569144 14.770970
v 3.765143 -1.573971 14.737864
v 3.769341 -1.576257 14.739164
v 3.774329 -1.578892 14.736637
v 3.777115 -1.576396 14.734310
v 3.776730 -1.570557 14.733126
v 3.773637 -1.567904 14.732167
v 3.766527 -1.569144 14.731029
v 3.762713 -1.572192 14.733038
v 4.551541 -1.743537 14.977492
v 4.549258 -1.742984 14.973594
v 4.543410 -1.746171 14.971781
v 4.541111 -1.749220 14.974260
v 4.544047 -1.749475 14.979243
v 4.548244 -1.747186 14.980543
v 4.530538 -1.749220 15.008378
v 4.531032 -1.746171 15.011723
v 4.536880 -1.742984 15.013535
v 4.540968 -1.743537 15.011610
v 4.539974 -1.747186 15.007230
v 4.535778 -1.749475 15.005929
v 3.873904 -1.743537 14.804891
v 3.876189 -1.742984 14.808790
v 3.882037 -1.746171 14.810602
v 3.884336 -1.749220 14.808123
v 3.881400 -1.749475 14.803141
v 3.877203 -1.747186 14.801840
v 3.894909 -1.749220 14.774005
v 3.894415 -1.746171 14.770660
v 3.888567 -1.742984 14.768848
v 3.884478 -1.743537 14.770772
v 3.885473 -1.747186 14.775154
v 3.889669 -1.749475 14.776454
v 3.548580 -1.350416 14.706901
v 3.546346 -1.350699 14.702639
v 3.549548 -1.347008 14.703630
v 3.549598 -1.571842 14.703663
v 3.546358 -1.568450 14.702659
v 3.548594 -1.568450 14.706903
v 3.559701 -1.347008 14.670868
v 3.556499 -1.350699 14.669876
v 3.560751 -1.350416 14.667624
v 3.560764 -1.568450 14.667630
v 3.556520 -1.568450 14.669866
v 3.559760 -1.571842 14.670870
v 4.870591 -1.350404 15.073538
v 4.872825 -1.350695 15.077800
v 4.869624 -1.346996 15.076808
v 4.869572 -1.571842 15.076776
v 4.872812 -1.568450 15.077780
v 4.870576 -1.568450 15.073535
v 4.859471 -1.346996 15.109571
v 4.862672 -1.350695 15.110562
v 4.858419 -1.350404 15.112814
v 4.858406 -1.568450 15.112808
v 4.862650 -1.568450 15.110572
v 4.859410 -1.571842 15.109568
v 4.667579 -1.571091 15.010261
v 4.663979 -1.573546 15.009145
v 4.669056 -1.573486 15.013910
v 4.665044 -1.575796 15.012667
v 4.651600 -1.573546 15.049087
v 4.655201 -1.571091 15.050202
v 4.654471 -1.575796 15.046784
v 4.658484 -1.573486 15.048028
v 3.757868 -1.571091 14.772122
v 3.761467 -1.573546 14.773238
v 3.756389 -1.573486 14.768473
v 3.760403 -1.575796 14.769716
v 3.766962 -1.573486 14.734355
v 3.770976 -1.575796 14.735599
v 3.770246 -1.571091 14.732181
v 3.773845 -1.573546 14.733296
v 4.549235 -1.746359 14.977554
v 4.546822 -1.745764 14.973198
v 4.544297 -1.749050 14.976024
v 4.534163 -1.749050 15.008725
v 4.534647 -1.745764 15.012486
v 4.539101 -1.746359 15.010256
v 3.876212 -1.746359 14.804829
v 3.878625 -1.745764 14.809187
v 3.881150 -1.749050 14.806359
v 3.891284 -1.749050 14.773658
v 3.890800 -1.745764 14.769899
v 3.886346 -1.746359 14.772128
v 4.028472 -1.749220 14.815395
v 4.029375 -1.746171 14.812484
v 4.655204 -1.328669 15.050203
v 4.656106 -1.325613 15.047292
v 4.666679 -1.325613 15.013173
v 4.667582 -1.328669 15.010262
v 4.299832 -1.313850 14.936884
v 4.298930 -1.316914 14.939795
v 3.930324 -2.965567 14.821648
v 3.933564 -2.968959 14.822652
v 3.932560 -2.965567 14.825894
v 4.140394 -2.965567 14.890301
v 4.141398 -2.968959 14.887059
v 4.144639 -2.965567 14.888063
v 3.940486 -2.965567 14.788856
v 3.944731 -2.965567 14.786619
v 4.146890 -1.760596 14.885414
v 4.139291 -1.752641 14.883060
v 4.136936 -1.760596 14.890658
v 3.935209 -1.760596 14.828144
v 3.937564 -1.752641 14.820545
v 3.929965 -1.760596 14.818191
v 4.149916 -1.760596 14.848775
v 4.147561 -1.752641 14.856374
v 4.155160 -1.760596 14.858728
v 3.938235 -1.760596 14.791504
v 3.945834 -1.752641 14.793859
v 3.948189 -1.760596 14.786261
v 4.147561 -2.970326 14.856374
v 4.149916 -2.962370 14.848775
v 4.155160 -2.962370 14.858728
v 3.938235 -2.962370 14.791504
v 3.948189 -2.962370 14.786260
v 3.945834 -2.970326 14.793859
v 4.136936 -2.962370 14.890658
v 4.139291 -2.970326 14.883060
v 4.146890 -2.962370 14.885414
v 3.929965 -2.962370 14.818191
v 3.937564 -2.970326 14.820545
v 3.935209 -2.962370 14.828144
v 4.137237 -1.756706 14.889688
v 4.138140 -1.753658 14.886776
v 4.143007 -1.753658 14.884212
v 4.145919 -1.756706 14.885114
v 4.144767 -1.760596 14.888829
v 4.140953 -1.760596 14.890839
v 3.930936 -1.756706 14.818491
v 3.933848 -1.753658 14.819394
v 3.936412 -1.753658 14.824261
v 3.935510 -1.756706 14.827173
v 3.931794 -1.760596 14.826021
v 3.929784 -1.760596 14.822207
v 4.154189 -1.756706 14.858427
v 4.151277 -1.753658 14.857525
v 4.148713 -1.753658 14.852657
v 4.149615 -1.756706 14.849746
v 4.153331 -1.760596 14.850897
v 4.155340 -1.760596 14.854712
v 3.947888 -1.756706 14.787231
v 3.946985 -1.753658 14.790143
v 3.942118 -1.753658 14.792707
v 3.939206 -1.756706 14.791805
v 3.940357 -1.760596 14.788089
v 3.944172 -1.760596 14.786079
v 4.155340 -2.962370 14.854712
v 4.153331 -2.962370 14.850897
v 4.149615 -2.966260 14.849746
v 4.148713 -2.969309 14.852657
v 4.151277 -2.969309 14.857525
v 4.154189 -2.966260 14.858427
v 3.946985 -2.969309 14.790143
v 3.947888 -2.966260 14.787231
v 3.944172 -2.962370 14.786079
v 3.940357 -2.962370 14.788089
v 3.939206 -2.966260 14.791805
v 3.942118 -2.969309 14.792707
v 4.145919 -2.966260 14.885114
v 4.143007 -2.969309 14.884212
v 4.138139 -2.969309 14.886777
v 4.137237 -2.966260 14.889688
v 4.140953 -2.962370 14.890841
v 4.144767 -2.962370 14.888831
v 3.935509 -2.966260 14.827174
v 3.936412 -2.969309 14.824263
v 3.933848 -2.969309 14.819393
v 3.930936 -2.966260 14.818491
v 3.929784 -2.962370 14.822208
v 3.931793 -2.962370 14.826023
v 4.140394 -1.757400 14.890299
v 4.141398 -1.754007 14.887059
v 4.144639 -1.757400 14.888063
v 3.930324 -1.757400 14.821648
v 3.933564 -1.754007 14.822652
v 3.932560 -1.757400 14.825892
v 4.154801 -1.757400 14.855270
v 4.151560 -1.754007 14.854266
v 4.152565 -1.757400 14.851027
v 3.944731 -1.757400 14.786619
v 3.943727 -1.754007 14.789860
v 3.940486 -1.757400 14.788856
v 4.154801 -2.965567 14.855270
v 4.152565 -2.965567 14.851027
v 4.151560 -2.968959 14.854266
v 3.943727 -2.968959 14.789860
v 3.563491 -2.966038 14.722732
v 3.560251 -2.969432 14.721727
v 3.562487 -2.969432 14.725972
v 3.562487 -3.222883 14.725972
v 3.560251 -3.222883 14.721727
v 3.563491 -3.226275 14.722732
v 3.582001 -2.966038 14.663000
v 3.583006 -2.969432 14.659759
v 4.863507 -3.227642 15.122254
v 4.871106 -3.219687 15.124610
v 4.861153 -3.219687 15.129853
v 4.861153 -2.972627 15.129853
v 4.871106 -2.972627 15.124610
v 4.863507 -2.964671 15.122254
v 4.882480 -3.219687 15.061031
v 4.887724 -3.219687 15.070985
v 4.880126 -3.227642 15.068630
v 4.880126 -2.964671 15.068630
v 4.887724 -2.972627 15.070985
v 4.882480 -2.972627 15.061031
v 3.576509 -3.219687 14.664645
v 3.586463 -3.219687 14.659401
v 3.584109 -3.227642 14.667000
v 3.584109 -2.964671 14.667000
v 3.586463 -2.972627 14.659401
v 3.576509 -2.972627 14.664645
v 3.565136 -3.219687 14.728224
v 3.559892 -3.219687 14.718269
v 3.567491 -3.227642 14.720625
v 3.567491 -2.964671 14.720625
v 3.559892 -2.972627 14.718269
v 3.565136 -2.972627 14.728224
v 4.865171 -3.219687 15.130034
v 4.868985 -3.219687 15.128025
v 4.870137 -3.223577 15.124310
v 4.867225 -3.226625 15.123406
v 4.862356 -3.226625 15.125971
v 4.861454 -3.223577 15.128882
v 4.867225 -2.965688 15.123406
v 4.870137 -2.968736 15.124310
v 4.868985 -2.972627 15.128025
v 4.865171 -2.972627 15.130034
v 4.861454 -2.968736 15.128882
v 4.862356 -2.965688 15.125971
v 4.883843 -3.226625 15.069782
v 4.886755 -3.223577 15.070684
v 4.887907 -3.219687 15.066967
v 4.885897 -3.219687 15.063152
v 4.882180 -3.223577 15.062001
v 4.881278 -3.226625 15.064913
v 4.885897 -2.972627 15.063152
v 4.887907 -2.972627 15.066967
v 4.886755 -2.968736 15.070684
v 4.883843 -2.965688 15.069782
v 4.881278 -2.965688 15.064913
v 4.882180 -2.968736 15.062001
v 3.585261 -3.226625 14.663282
v 3.586163 -3.223577 14.660371
v 3.582447 -3.219687 14.659219
v 3.578633 -3.219687 14.661228
v 3.577481 -3.223577 14.664946
v 3.580393 -3.226625 14.665849
v 3.578633 -2.972627 14.661228
v 3.582447 -2.972627 14.659219
v 3.586163 -2.968736 14.660371
v 3.585261 -2.965688 14.663282
v 3.580393 -2.965688 14.665849
v 3.577481 -2.968736 14.664946
v 3.563775 -3.226625 14.719473
v 3.560863 -3.223577 14.718571
v 3.559711 -3.219687 14.722286
v 3.561721 -3.219687 14.726101
v 3.565437 -3.223577 14.727252
v 3.566339 -3.226625 14.724340
v 3.561721 -2.972627 14.726101
v 3.559711 -2.972627 14.722286
v 3.560863 -2.968736 14.718571
v 3.563775 -2.965688 14.719473
v 3.566339 -2.965688 14.724340
v 3.565437 -2.968736 14.727252
v 4.864610 -3.222883 15.129495
v 4.868856 -3.222883 15.127258
v 4.865614 -3.226275 15.126254
v 4.865614 -2.966038 15.126254
v 4.868856 -2.969432 15.127258
v 4.864610 -2.969432 15.129495
v 4.884125 -3.226275 15.066523
v 4.887367 -3.222883 15.067528
v 4.885129 -3.222883 15.063281
v 4.885129 -2.969432 15.063281
v 4.887367 -2.969432 15.067528
v 4.884125 -2.966038 15.066523
v 3.582001 -3.226275 14.663000
v 3.583006 -3.222883 14.659759
v 3.578761 -3.222883 14.661997
v 3.578761 -2.969432 14.661997
v 3.961325 -4.372442 12.977181
v 3.958085 -4.375835 12.976177
v 3.960320 -4.375835 12.980423
v 3.960320 -4.530048 12.980423
v 3.958085 -4.530048 12.976177
v 3.961325 -4.533442 12.977181
v 3.979836 -4.372443 12.917450
v 3.980839 -4.375835 12.914209
v 5.469924 -4.534807 13.441344
v 5.477523 -4.526852 13.443700
v 5.467569 -4.526852 13.448942
v 5.467569 -4.379032 13.448942
v 5.477523 -4.379032 13.443698
v 5.469924 -4.371077 13.441343
v 5.488897 -4.526852 13.380119
v 5.494142 -4.526852 13.390074
v 5.486543 -4.534807 13.387718
v 5.486543 -4.371077 13.387718
v 5.494142 -4.379032 13.390074
v 5.488897 -4.379032 13.380119
v 3.974344 -4.526852 12.919094
v 3.984298 -4.526852 12.913851
v 3.981943 -4.534807 12.921450
v 3.981943 -4.371077 12.921450
v 3.984298 -4.379032 12.913851
v 3.974344 -4.379032 12.919094
v 3.962970 -4.526852 12.982673
v 3.957725 -4.526852 12.972721
v 3.965324 -4.534807 12.975076
v 3.965324 -4.371077 12.975074
v 3.957726 -4.379032 12.972719
v 3.962970 -4.379032 12.982673
v 5.471586 -4.526852 13.449124
v 5.475400 -4.526852 13.447115
v 5.476552 -4.530744 13.443398
v 5.473640 -4.533792 13.442496
v 5.468772 -4.533792 13.445061
v 5.467870 -4.530744 13.447972
v 5.473640 -4.372092 13.442494
v 5.476552 -4.375142 13.443398
v 5.475400 -4.379032 13.447115
v 5.471586 -4.379032 13.449124
v 5.467870 -4.375142 13.447972
v 5.468772 -4.372092 13.445061
v 5.490258 -4.533792 13.388870
v 5.493170 -4.530744 13.389772
v 5.494322 -4.526852 13.386057
v 5.492312 -4.526852 13.382242
v 5.488596 -4.530744 13.381091
v 5.487694 -4.533792 13.384003
v 5.492312 -4.379032 13.382242
v 5.494322 -4.379032 13.386057
v 5.493170 -4.375142 13.389772
v 5.490258 -4.372093 13.388870
v 5.487694 -4.372093 13.384003
v 5.488596 -4.375142 13.381091
v 3.983094 -4.533792 12.917733
v 3.983996 -4.530744 12.914822
v 3.980280 -4.526852 12.913670
v 3.976465 -4.526852 12.915679
v 3.975313 -4.530744 12.919395
v 3.978227 -4.533792 12.920298
v 3.976465 -4.379032 12.915679
v 3.980280 -4.379032 12.913670
v 3.983996 -4.375142 12.914822
v 3.983094 -4.372093 12.917733
v 3.978227 -4.372093 12.920298
v 3.975313 -4.375142 12.919395
v 3.961608 -4.533792 12.973924
v 3.958694 -4.530744 12.973021
v 3.957543 -4.526852 12.976737
v 3.959554 -4.526852 12.980552
v 3.963270 -4.530744 12.981704
v 3.964172 -4.533792 12.978791
v 3.959554 -4.379032 12.980552
v 3.957543 -4.379032 12.976737
v 3.958695 -4.375142 12.973020
v 3.961608 -4.372092 12.973923
v 3.964172 -4.372092 12.978791
v 3.963270 -4.375142 12.981704
v 5.471027 -4.530048 13.448585
v 5.475272 -4.530048 13.446346
v 5.472032 -4.533442 13.445343
v 5.472032 -4.372442 13.445343
v 5.475272 -4.375835 13.446346
v 5.471027 -4.375835 13.448585
v 5.490542 -4.533442 13.385612
v 5.493782 -4.530048 13.386616
v 5.491546 -4.530048 13.382371
v 5.491546 -4.375835 13.382371
v 5.493782 -4.375835 13.386616
v 5.490542 -4.372443 13.385612
v 3.979836 -4.533442 12.917450
v 3.980839 -4.530048 12.914209
v 3.976595 -4.530048 12.916446
v 3.976595 -4.375835 12.916446
v 4.954140 -3.322656 15.198317
v 4.950300 -3.322656 15.200318
v 4.998164 -3.322656 15.045866
v 5.000199 -3.322656 15.049688
v 4.887880 -3.322656 15.014881
v 4.891720 -3.322656 15.012879
v 4.843856 -3.322656 15.167332
v 4.841821 -3.322656 15.163509
v 4.882920 -3.543538 15.179438
v 4.880886 -3.543538 15.175615
v 4.926945 -3.543538 15.026987
v 4.930784 -3.543538 15.024984
v 4.933438 -5.130575 15.195092
v 4.934340 -5.133624 15.192181
v 4.980400 -5.133624 15.043552
v 4.981302 -5.130575 15.040640
v 4.993204 -3.543538 15.210423
v 4.989365 -3.543538 15.212424
v 5.037229 -3.543538 15.057972
v 5.039263 -3.543538 15.061793
v 4.859618 -1.332903 15.169024
v 4.861618 -1.334028 15.172836
v 4.909483 -1.334028 15.018382
v 4.905677 -1.332903 15.020396
v 3.488736 -3.322656 14.581292
v 3.492576 -3.322656 14.579290
v 3.509739 -3.543538 14.583545
v 3.548803 -3.322656 14.595651
v 3.444712 -3.322656 14.733743
v 3.442677 -3.322656 14.729920
v 3.500337 -3.322656 14.752045
v 3.461273 -3.543538 14.739940
v 3.554996 -3.322656 14.764728
v 3.551156 -3.322656 14.766729
v 3.599020 -3.322656 14.612277
v 3.601055 -3.322656 14.616099
v 3.559957 -3.543538 14.600171
v 3.561990 -3.543538 14.603993
v 3.515931 -3.543538 14.752622
v 3.512092 -3.543538 14.754623
v 3.509439 -5.130575 14.584516
v 3.508536 -5.133624 14.587428
v 3.462477 -5.133624 14.736056
v 3.461574 -5.130575 14.738968
v 3.449673 -3.543538 14.569186
v 3.453511 -3.543538 14.567184
v 3.405647 -3.543538 14.721637
v 3.403613 -3.543538 14.717815
v 3.583258 -1.332903 14.610584
v 3.581258 -1.334028 14.606771
v 3.533394 -1.334028 14.761225
v 3.537199 -1.332903 14.759212
v 4.976970 -3.546672 15.029200
v 4.979206 -3.546672 15.033444
v 4.980210 -3.543279 15.030204
v 4.980210 -3.704278 15.030204
v 4.979206 -3.700885 15.033444
v 4.976970 -3.700885 15.029200
v 5.038937 -3.546672 15.051954
v 5.043181 -3.546672 15.049719
v 5.039941 -3.543279 15.048715
v 5.039941 -3.704278 15.048715
v 5.043181 -3.700885 15.049719
v 5.038937 -3.700885 15.051954
v 5.511343 -3.546672 13.539012
v 5.509107 -3.546672 13.534768
v 5.508102 -3.543280 13.538008
v 5.508102 -3.704279 13.538008
v 5.509107 -3.700885 13.534768
v 5.511343 -3.700885 13.539012
v 5.448372 -3.543280 13.519498
v 5.449376 -3.546672 13.516257
v 5.445131 -3.546672 13.518494
v 5.445131 -3.700885 13.518494
v 4.981603 -3.543538 15.039669
v 4.942539 -3.322656 15.027563
v 5.449376 -3.700885 13.516257
v 5.448372 -3.704279 13.519498
v 4.894073 -3.322656 15.183958
v 4.933137 -3.543538 15.196064
v 5.404124 -5.129881 13.488333
v 5.407366 -5.133274 13.489338
v 5.406362 -5.129881 13.492578
v 5.454019 -5.129881 13.338794
v 5.453014 -5.133274 13.342036
v 5.449772 -5.129881 13.341031
v 5.512549 -5.133274 13.521934
v 5.515790 -5.129881 13.522938
v 5.511545 -5.129881 13.525174
v 5.559202 -5.129881 13.371390
v 5.561438 -5.129881 13.375636
v 5.558197 -5.133274 13.374632
v 5.515790 -3.548297 13.522938
v 5.512549 -3.544905 13.521934
v 5.511545 -3.548297 13.525174
v 5.559202 -3.548297 13.371390
v 3.980402 -4.534807 13.067926
v 3.982757 -4.526852 13.060328
v 3.988001 -4.526852 13.070281
v 3.988001 -4.379032 13.070281
v 3.982757 -4.379032 13.060328
v 3.980402 -4.371077 13.067926
v 3.919179 -4.526852 13.048954
v 3.929133 -4.526852 13.043710
v 3.926778 -4.534807 13.051309
v 3.926778 -4.371077 13.051309
v 3.929133 -4.379032 13.043710
v 3.919179 -4.379032 13.048954
v 3.458154 -4.526852 14.563507
v 3.452910 -4.526852 14.553554
v 3.460509 -4.534808 14.555908
v 3.460509 -4.371077 14.555908
v 3.452910 -4.379032 14.553554
v 3.458154 -4.379032 14.563507
v 3.521732 -4.526852 14.574882
v 3.511778 -4.526852 14.580126
v 3.514133 -4.534808 14.572527
v 3.514133 -4.371077 14.572527
v 3.511778 -4.379032 14.580126
v 3.521732 -4.379032 14.574882
v 3.561819 -3.543538 14.608013
v 3.556509 -3.543538 14.598039
v 3.518063 -3.543538 14.749209
v 3.508044 -3.543538 14.754434
v 3.447542 -3.543538 14.572599
v 3.457560 -3.543538 14.567374
v 3.403786 -3.543538 14.713796
v 3.409094 -3.543538 14.723769
v 3.455142 -5.134641 14.574954
v 3.447543 -5.126685 14.572598
v 3.457496 -5.126685 14.567355
v 3.409030 -5.126685 14.723749
v 3.403786 -5.126685 14.713796
v 3.411385 -5.134641 14.716150
v 3.556575 -5.126685 14.598059
v 3.561819 -5.126685 14.608013
v 3.554220 -5.134641 14.605658
v 3.510464 -5.134641 14.746855
v 3.518063 -5.126685 14.749209
v 3.508109 -5.126685 14.754454
v 3.600883 -3.322656 14.620118
v 3.595573 -3.322656 14.610145
v 3.557126 -3.322656 14.761315
v 3.547107 -3.322656 14.766539
v 3.486606 -3.322656 14.584704
v 3.496625 -3.322656 14.579481
v 3.442850 -3.322656 14.725902
v 3.448159 -3.322656 14.735875
v 3.577855 -1.335463 14.604653
v 3.583073 -1.332528 14.614599
v 3.529389 -1.335463 14.761047
v 3.539318 -1.332528 14.755795
v 3.496560 -1.280514 14.579460
v 3.486606 -1.279111 14.584704
v 3.494106 -1.272436 14.587029
v 3.450350 -1.272436 14.728225
v 3.442850 -1.279111 14.725900
v 3.448094 -1.280514 14.735854
v 3.463628 -5.134641 14.732341
v 3.461273 -5.126685 14.739940
v 3.507385 -5.134641 14.591144
v 3.509739 -5.126685 14.583545
v 3.533709 -1.279195 14.599301
v 3.546103 -1.286561 14.603143
v 3.543590 -1.290702 14.594035
v 3.502347 -1.286561 14.744338
v 3.489953 -1.279195 14.740498
v 3.495124 -1.290702 14.750428
v 4.079282 -3.551493 12.911340
v 4.076927 -3.543538 12.918940
v 4.084526 -3.551493 12.921294
v 4.040771 -3.551493 13.062490
v 4.033171 -3.543538 13.060134
v 4.030817 -3.551493 13.067734
v 3.970250 -3.551493 12.885880
v 3.977849 -3.543538 12.888235
v 3.980203 -3.551493 12.880636
v 3.931738 -3.551493 13.037029
v 3.934093 -3.543538 13.029430
v 3.926494 -3.551493 13.027076
v 3.977849 -5.134640 12.888235
v 3.970250 -5.126685 12.885880
v 3.980203 -5.126685 12.880636
v 3.931738 -5.126685 13.037029
v 3.926494 -5.126685 13.027075
v 3.934093 -5.134640 13.029430
v 4.084526 -5.126685 12.921294
v 4.076927 -5.134640 12.918939
v 4.079282 -5.126685 12.911340
v 4.030817 -5.126685 13.067733
v 4.033171 -5.134640 13.060134
v 4.040771 -5.126685 13.062490
v 3.980402 -3.705644 13.067926
v 3.982757 -3.697689 13.060328
v 3.988001 -3.697689 13.070282
v 3.988001 -3.549869 13.070282
v 3.982757 -3.549869 13.060328
v 3.980402 -3.541913 13.067926
v 3.919179 -3.697689 13.048954
v 3.929133 -3.697689 13.043710
v 3.926778 -3.705644 13.051309
v 3.926778 -3.541913 13.051309
v 3.929133 -3.549869 13.043710
v 3.919179 -3.549869 13.048954
v 3.458154 -3.697689 14.563507
v 3.452910 -3.697689 14.553554
v 3.460509 -3.705644 14.555908
v 3.460509 -3.541914 14.555908
v 3.452910 -3.549869 14.553554
v 3.458154 -3.549869 14.563507
v 3.521732 -3.697689 14.574882
v 3.511778 -3.697689 14.580126
v 3.514133 -3.705644 14.572527
v 3.514133 -3.541914 14.572527
v 3.511778 -3.549869 14.580126
v 3.521732 -3.549869 14.574882
v 5.442880 -4.526852 13.521142
v 5.452834 -4.526852 13.515898
v 5.450479 -4.534807 13.523497
v 5.450479 -4.371077 13.523497
v 5.452834 -4.379032 13.515898
v 5.442880 -4.379032 13.521142
v 5.504103 -4.534807 13.540115
v 5.506458 -4.526852 13.532516
v 5.511703 -4.526852 13.542470
v 5.511703 -4.379032 13.542470
v 5.506458 -4.379032 13.532516
v 5.504103 -4.371077 13.540115
v 5.037834 -4.534808 15.044715
v 5.045433 -4.526852 15.047070
v 5.035479 -4.526852 15.052314
v 5.035479 -4.379032 15.052314
v 5.045433 -4.379032 15.047070
v 5.037834 -4.371077 15.044715
v 4.984210 -4.534808 15.028097
v 4.981854 -4.526852 15.035696
v 4.976611 -4.526852 15.025742
v 4.976611 -4.379032 15.025742
v 4.981854 -4.379032 15.035696
v 4.984210 -4.371077 15.028097
v 4.924815 -3.543538 15.030399
v 4.934833 -3.543538 15.025175
v 4.881059 -3.543538 15.171597
v 4.886366 -3.543538 15.181570
v 5.039090 -3.543538 15.065813
v 5.033782 -3.543538 15.055840
v 4.995334 -3.543538 15.207009
v 4.985316 -3.543538 15.212234
v 5.033846 -5.126685 15.055859
v 5.039090 -5.126685 15.065813
v 5.031491 -5.134641 15.063457
v 4.987735 -5.134641 15.204655
v 4.995334 -5.126685 15.207009
v 4.985380 -5.126685 15.212254
v 4.932414 -5.134641 15.032754
v 4.924815 -5.126685 15.030399
v 4.934769 -5.126685 15.025155
v 4.886303 -5.126685 15.181550
v 4.881059 -5.126685 15.171597
v 4.888658 -5.134641 15.173951
v 4.885750 -3.322656 15.018293
v 4.895769 -3.322656 15.013069
v 4.841994 -3.322656 15.159491
v 4.847303 -3.322656 15.169464
v 5.000027 -3.322656 15.053707
v 4.994717 -3.322656 15.043734
v 4.956270 -3.322656 15.194904
v 4.946251 -3.322656 15.200128
v 4.913487 -1.335463 15.018560
v 4.903559 -1.332528 15.023812
v 4.865021 -1.335463 15.174953
v 4.859803 -1.332528 15.165008
v 4.992527 -1.272436 15.051383
v 5.000027 -1.279111 15.053707
v 4.994782 -1.280514 15.043754
v 4.946317 -1.280514 15.200147
v 4.956271 -1.279111 15.194902
v 4.948771 -1.272436 15.192578
v 4.935492 -5.134641 15.188465
v 4.933137 -5.126685 15.196064
v 4.979248 -5.134641 15.047268
v 4.981603 -5.126685 15.039669
v 4.940529 -1.286561 15.035270
v 4.952923 -1.279195 15.039110
v 4.947752 -1.290702 15.029179
v 4.909168 -1.279195 15.180305
v 4.896774 -1.286561 15.176465
v 4.899287 -1.290702 15.185573
v 5.447522 -3.551493 13.343680
v 5.455121 -3.543538 13.346035
v 5.457476 -3.551493 13.338436
v 5.409010 -3.551493 13.494830
v 5.411365 -3.543538 13.487230
v 5.403766 -3.551493 13.484876
v 5.556553 -3.551493 13.369140
v 5.554198 -3.543538 13.376740
v 5.561797 -3.551493 13.379094
v 5.518041 -3.551493 13.520289
v 5.510442 -3.543538 13.517935
v 5.508087 -3.551493 13.525534
v 5.556553 -5.126685 13.369140
v 5.561797 -5.126685 13.379094
v 5.554198 -5.134640 13.376739
v 5.510442 -5.134640 13.517934
v 5.518041 -5.126685 13.520289
v 5.508087 -5.126685 13.525534
v 5.457476 -5.126685 13.338436
v 5.455121 -5.134640 13.346035
v 5.447522 -5.126685 13.343680
v 5.403766 -5.126685 13.484876
v 5.411365 -5.134640 13.487230
v 5.409010 -5.126685 13.494829
v 5.442880 -3.697689 13.521142
v 5.452834 -3.697689 13.515898
v 5.450479 -3.705644 13.523497
v 5.450479 -3.541913 13.523497
v 5.452834 -3.549869 13.515898
v 5.442880 -3.549869 13.521142
v 5.504103 -3.705644 13.540115
v 5.506458 -3.697689 13.532516
v 5.511703 -3.697689 13.542470
v 5.511703 -3.549869 13.542470
v 5.506458 -3.549869 13.532516
v 5.504103 -3.541913 13.540115
v 5.037834 -3.705644 15.044715
v 5.045433 -3.697689 15.047070
v 5.035479 -3.697689 15.052314
v 5.035479 -3.549869 15.052314
v 5.045433 -3.549869 15.047070
v 5.037834 -3.541914 15.044715
v 4.984210 -3.705644 15.028097
v 4.981854 -3.697689 15.035696
v 4.976611 -3.697689 15.025742
v 4.976611 -3.549869 15.025742
v 4.981854 -3.549869 15.035696
v 4.984210 -3.541914 15.028097
v 3.988182 -4.526852 13.066265
v 3.986172 -4.526852 13.062450
v 3.982456 -4.530744 13.061298
v 3.981554 -4.533792 13.064211
v 3.984118 -4.533792 13.069078
v 3.987030 -4.530744 13.069981
v 3.981554 -4.372092 13.064211
v 3.982456 -4.375142 13.061298
v 3.986172 -4.379032 13.062450
v 3.988182 -4.379032 13.066265
v 3.987030 -4.375142 13.069981
v 3.984118 -4.372092 13.069078
v 3.927929 -4.533792 13.047592
v 3.928832 -4.530744 13.044681
v 3.925116 -4.526852 13.043530
v 3.921302 -4.526852 13.045539
v 3.920150 -4.530744 13.049254
v 3.923062 -4.533792 13.050157
v 3.921302 -4.379032 13.045539
v 3.925116 -4.379032 13.043530
v 3.928832 -4.375142 13.044681
v 3.927929 -4.372092 13.047592
v 3.923062 -4.372092 13.050157
v 3.920150 -4.375142 13.049254
v 3.456793 -4.533791 14.554757
v 3.453881 -4.530742 14.553855
v 3.452729 -4.526852 14.557570
v 3.454739 -4.526852 14.561385
v 3.458455 -4.530742 14.562536
v 3.459357 -4.533791 14.559625
v 3.454739 -4.379032 14.561385
v 3.452729 -4.379032 14.557570
v 3.453881 -4.375140 14.553855
v 3.456793 -4.372092 14.554757
v 3.459357 -4.372092 14.559625
v 3.458455 -4.375140 14.562536
v 3.512982 -4.533791 14.576242
v 3.512079 -4.530742 14.579154
v 3.515795 -4.526852 14.580306
v 3.519609 -4.526852 14.578297
v 3.520761 -4.530742 14.574580
v 3.517849 -4.533791 14.573678
v 3.519609 -4.379032 14.578297
v 3.515795 -4.379032 14.580306
v 3.512079 -4.375140 14.579154
v 3.512982 -4.372092 14.576242
v 3.517849 -4.372092 14.573678
v 3.520761 -4.375140 14.574580
v 3.453480 -5.126685 14.567175
v 3.449665 -5.126685 14.569183
v 3.448514 -5.130575 14.572900
v 3.451426 -5.133624 14.573802
v 3.456293 -5.133624 14.571238
v 3.457195 -5.130575 14.568326
v 3.407669 -5.133624 14.714999
v 3.404757 -5.130575 14.714097
v 3.403606 -5.126685 14.717813
v 3.405615 -5.126685 14.721627
v 3.409331 -5.130575 14.722778
v 3.410233 -5.133624 14.719867
v 3.557936 -5.133624 14.606810
v 3.560848 -5.130575 14.607712
v 3.562000 -5.126685 14.603996
v 3.559990 -5.126685 14.600182
v 3.556274 -5.130575 14.599030
v 3.555372 -5.133624 14.601942
v 3.512126 -5.126685 14.754634
v 3.515940 -5.126685 14.752625
v 3.517092 -5.130575 14.748909
v 3.514180 -5.133624 14.748006
v 3.509312 -5.133624 14.750570
v 3.508410 -5.130575 14.753483
v 3.490559 -1.272879 14.585930
v 3.487594 -1.275517 14.585011
v 3.488729 -1.279291 14.581289
v 3.492543 -1.279829 14.579279
v 3.496211 -1.276564 14.580415
v 3.495271 -1.273468 14.583317
v 3.444679 -1.279829 14.733732
v 3.442669 -1.279291 14.729918
v 3.443838 -1.275517 14.726206
v 3.446803 -1.272879 14.727125
v 3.449212 -1.273468 14.731946
v 3.448346 -1.276564 14.734869
v 3.545347 -1.288311 14.595649
v 3.546316 -1.286713 14.599161
v 3.542589 -1.283111 14.602054
v 3.538340 -1.280586 14.600737
v 3.535821 -1.280666 14.595883
v 3.539608 -1.285076 14.593864
v 3.491228 -1.285189 14.748116
v 3.489169 -1.280607 14.744162
v 3.494584 -1.280586 14.741932
v 3.498833 -1.283111 14.743249
v 3.500573 -1.287090 14.747863
v 3.497805 -1.288677 14.750196
v 4.083555 -3.547603 12.920993
v 4.080643 -3.544554 12.920091
v 4.078079 -3.544554 12.915222
v 4.078981 -3.547603 12.912310
v 4.082697 -3.551493 12.913462
v 4.084707 -3.551493 12.917275
v 4.031117 -3.547603 13.066762
v 4.032020 -3.544554 13.063850
v 4.036887 -3.544554 13.061286
v 4.039799 -3.547603 13.062188
v 4.038648 -3.551493 13.065905
v 4.034833 -3.551493 13.067914
v 3.979903 -3.547603 12.881605
v 3.979001 -3.544554 12.884518
v 3.974133 -3.544554 12.887083
v 3.971220 -3.547603 12.886181
v 3.972373 -3.551493 12.882463
v 3.976187 -3.551493 12.880454
v 3.927465 -3.547603 13.027376
v 3.930377 -3.544554 13.028278
v 3.932941 -3.544554 13.033146
v 3.932039 -3.547603 13.036058
v 3.928323 -3.551493 13.034906
v 3.926313 -3.551493 13.031093
v 3.976187 -5.126685 12.880454
v 3.972373 -5.126685 12.882463
v 3.971220 -5.130575 12.886181
v 3.974133 -5.133625 12.887083
v 3.979001 -5.133625 12.884518
v 3.979903 -5.130575 12.881605
v 3.930377 -5.133625 13.028278
v 3.927465 -5.130575 13.027376
v 3.926313 -5.126685 13.031092
v 3.928322 -5.126685 13.034908
v 3.932038 -5.130575 13.036059
v 3.932941 -5.133625 13.033146
v 4.078981 -5.130575 12.912310
v 4.078079 -5.133625 12.915221
v 4.080643 -5.133625 12.920091
v 4.083555 -5.130575 12.920993
v 4.084707 -5.126685 12.917275
v 4.082697 -5.126685 12.913462
v 4.039799 -5.130575 13.062188
v 4.036887 -5.133625 13.061286
v 4.032020 -5.133625 13.063850
v 4.031117 -5.130575 13.066764
v 4.034833 -5.126685 13.067915
v 4.038648 -5.126685 13.065905
v 3.988182 -3.697689 13.066265
v 3.986172 -3.697689 13.062450
v 3.982456 -3.701581 13.061298
v 3.981554 -3.704629 13.064211
v 3.984118 -3.704629 13.069078
v 3.987030 -3.701581 13.069981
v 3.981554 -3.542930 13.064211
v 3.982456 -3.545979 13.061298
v 3.986172 -3.549869 13.062450
v 3.988182 -3.549869 13.066265
v 3.987030 -3.545979 13.069981
v 3.984118 -3.542930 13.069078
v 3.927929 -3.704629 13.047593
v 3.928832 -3.701581 13.044681
v 3.925116 -3.697689 13.043530
v 3.921302 -3.697689 13.045539
v 3.920150 -3.701581 13.049254
v 3.923062 -3.704629 13.050158
v 3.921302 -3.549869 13.045539
v 3.925116 -3.549869 13.043530
v 3.928832 -3.545979 13.044681
v 3.927929 -3.542930 13.047593
v 3.923062 -3.542930 13.050158
v 3.920150 -3.545979 13.049254
v 3.456793 -3.704628 14.554757
v 3.453881 -3.701579 14.553855
v 3.452729 -3.697689 14.557570
v 3.454739 -3.697689 14.561385
v 3.458455 -3.701579 14.562536
v 3.459357 -3.704628 14.559625
v 3.454739 -3.549869 14.561385
v 3.452729 -3.549869 14.557570
v 3.453881 -3.545977 14.553855
v 3.456793 -3.542929 14.554757
v 3.459357 -3.542929 14.559625
v 3.458455 -3.545977 14.562536
v 3.512982 -3.704628 14.576242
v 3.512079 -3.701579 14.579154
v 3.515795 -3.697689 14.580306
v 3.519609 -3.697689 14.578297
v 3.520761 -3.701579 14.574580
v 3.517849 -3.704628 14.573678
v 3.519609 -3.549869 14.578297
v 3.515795 -3.549869 14.580306
v 3.512079 -3.545977 14.579154
v 3.512982 -3.542929 14.576242
v 3.517849 -3.542929 14.573678
v 3.520761 -3.545977 14.574580
v 5.451630 -4.533792 13.519781
v 5.452533 -4.530744 13.516869
v 5.448817 -4.526852 13.515718
v 5.445003 -4.526852 13.517727
v 5.443851 -4.530744 13.521443
v 5.446763 -4.533792 13.522346
v 5.445003 -4.379032 13.517727
v 5.448817 -4.379032 13.515718
v 5.452533 -4.375142 13.516869
v 5.451630 -4.372092 13.519781
v 5.446763 -4.372092 13.522346
v 5.443851 -4.375142 13.521443
v 5.511883 -4.526852 13.538453
v 5.509873 -4.526852 13.534638
v 5.506157 -4.530744 13.533487
v 5.505255 -4.533792 13.536399
v 5.507819 -4.533792 13.541266
v 5.510731 -4.530744 13.542169
v 5.505255 -4.372092 13.536399
v 5.506157 -4.375142 13.533487
v 5.509873 -4.379032 13.534638
v 5.511883 -4.379032 13.538453
v 5.510731 -4.375142 13.542169
v 5.507819 -4.372092 13.541266
v 5.039496 -4.526852 15.052494
v 5.043310 -4.526852 15.050485
v 5.044462 -4.530742 15.046769
v 5.041550 -4.533791 15.045866
v 5.036683 -4.533791 15.048430
v 5.035780 -4.530742 15.051343
v 5.041550 -4.372092 15.045866
v 5.044462 -4.375140 15.046769
v 5.043310 -4.379032 15.050485
v 5.039496 -4.379032 15.052494
v 5.035780 -4.375140 15.051343
v 5.036683 -4.372092 15.048430
v 4.976430 -4.526852 15.029758
v 4.978440 -4.526852 15.033573
v 4.982156 -4.530742 15.034725
v 4.983058 -4.533791 15.031813
v 4.980494 -4.533791 15.026945
v 4.977582 -4.530742 15.026043
v 4.983058 -4.372092 15.031813
v 4.982156 -4.375140 15.034725
v 4.978440 -4.379032 15.033573
v 4.976430 -4.379032 15.029758
v 4.977582 -4.375140 15.026043
v 4.980494 -4.372092 15.026945
v 5.035207 -5.133624 15.064610
v 5.038119 -5.130575 15.065512
v 5.039270 -5.126685 15.061796
v 5.037261 -5.126685 15.057981
v 5.033545 -5.130575 15.056830
v 5.032642 -5.133624 15.059742
v 4.989397 -5.126685 15.212434
v 4.993211 -5.126685 15.210424
v 4.994363 -5.130575 15.206709
v 4.991451 -5.133624 15.205807
v 4.986583 -5.133624 15.208370
v 4.985681 -5.130575 15.211283
v 4.930750 -5.126685 15.024975
v 4.926936 -5.126685 15.026984
v 4.925785 -5.130575 15.030700
v 4.928697 -5.133624 15.031602
v 4.933566 -5.133624 15.029038
v 4.934468 -5.130575 15.026127
v 4.884940 -5.133624 15.172799
v 4.882028 -5.130575 15.171897
v 4.880877 -5.126685 15.175612
v 4.882886 -5.126685 15.179427
v 4.886604 -5.130575 15.180579
v 4.887506 -5.133624 15.177667
v 4.998198 -1.279829 15.045875
v 5.000207 -1.279291 15.049690
v 4.999039 -1.275517 15.053401
v 4.996074 -1.272879 15.052483
v 4.993666 -1.273468 15.047664
v 4.994531 -1.276564 15.044738
v 4.952318 -1.272879 15.193678
v 4.955283 -1.275517 15.194596
v 4.954147 -1.279291 15.198319
v 4.950333 -1.279829 15.200329
v 4.946666 -1.276564 15.199192
v 4.947607 -1.273468 15.196292
v 4.951648 -1.285189 15.031490
v 4.953708 -1.280607 15.035445
v 4.948293 -1.280586 15.037675
v 4.944043 -1.283111 15.036359
v 4.942303 -1.287090 15.031746
v 4.945072 -1.288677 15.029411
v 4.897530 -1.288311 15.183958
v 4.896561 -1.286713 15.180447
v 4.900288 -1.283111 15.177554
v 4.904537 -1.280586 15.178871
v 4.907055 -1.280666 15.183725
v 4.903268 -1.285076 15.185743
v 5.457175 -3.547603 13.339406
v 5.456273 -3.544554 13.342318
v 5.451404 -3.544554 13.344884
v 5.448492 -3.547603 13.343981
v 5.449644 -3.551493 13.340263
v 5.453458 -3.551493 13.338254
v 5.404736 -3.547603 13.485176
v 5.407648 -3.544554 13.486078
v 5.410213 -3.544554 13.490947
v 5.409311 -3.547603 13.493858
v 5.405594 -3.551493 13.492706
v 5.403584 -3.551493 13.488893
v 5.560826 -3.547603 13.378793
v 5.557914 -3.544554 13.377891
v 5.555350 -3.544554 13.373022
v 5.556252 -3.547603 13.370110
v 5.559968 -3.551493 13.371262
v 5.561978 -3.551493 13.375075
v 5.508389 -3.547603 13.524562
v 5.509291 -3.544554 13.521650
v 5.514158 -3.544554 13.519086
v 5.517070 -3.547603 13.519988
v 5.515919 -3.551493 13.523705
v 5.512104 -3.551493 13.525714
v 5.557914 -5.133625 13.377891
v 5.560826 -5.130575 13.378793
v 5.561978 -5.126685 13.375075
v 5.559968 -5.126685 13.371262
v 5.556252 -5.130575 13.370110
v 5.555350 -5.133625 13.373021
v 5.512104 -5.126685 13.525715
v 5.515919 -5.126685 13.523705
v 5.517070 -5.130575 13.519988
v 5.514158 -5.133625 13.519086
v 5.509291 -5.133625 13.521650
v 5.508388 -5.130575 13.524564
v 5.448492 -5.130575 13.343981
v 5.451404 -5.133625 13.344883
v 5.456273 -5.133625 13.342318
v 5.457175 -5.130575 13.339406
v 5.453458 -5.126685 13.338254
v 5.449644 -5.126685 13.340263
v 5.409311 -5.130575 13.493860
v 5.410213 -5.133625 13.490947
v 5.407648 -5.133625 13.486078
v 5.404736 -5.130575 13.485176
v 5.403584 -5.126685 13.488893
v 5.405593 -5.126685 13.492708
v 5.451630 -3.704629 13.519781
v 5.452533 -3.701581 13.516870
v 5.448817 -3.697689 13.515718
v 5.445003 -3.697689 13.517727
v 5.443851 -3.701581 13.521443
v 5.446763 -3.704629 13.522346
v 5.445003 -3.549869 13.517727
v 5.448817 -3.549869 13.515718
v 5.452533 -3.545979 13.516870
v 5.451630 -3.542930 13.519781
v 5.446763 -3.542930 13.522346
v 5.443851 -3.545979 13.521443
v 5.511883 -3.697689 13.538453
v 5.509873 -3.697689 13.534638
v 5.506157 -3.701581 13.533487
v 5.505255 -3.704629 13.536399
v 5.507819 -3.704629 13.541266
v 5.510731 -3.701581 13.542169
v 5.505255 -3.542930 13.536399
v 5.506157 -3.545979 13.533487
v 5.509873 -3.549869 13.534638
v 5.511883 -3.549869 13.538453
v 5.510731 -3.545979 13.542169
v 5.507819 -3.542930 13.541266
v 5.039496 -3.697689 15.052494
v 5.043310 -3.697689 15.050485
v 5.044462 -3.701579 15.046769
v 5.041550 -3.704628 15.045866
v 5.036683 -3.704628 15.048430
v 5.035780 -3.701579 15.051343
v 5.041550 -3.542929 15.045866
v 5.044462 -3.545977 15.046769
v 5.043310 -3.549869 15.050485
v 5.039496 -3.549869 15.052494
v 5.035780 -3.545977 15.051343
v 5.036683 -3.542929 15.048430
v 4.976430 -3.697689 15.029758
v 4.978440 -3.697689 15.033573
v 4.982156 -3.701579 15.034725
v 4.983058 -3.704628 15.031813
v 4.980494 -3.704628 15.026945
v 4.977582 -3.701579 15.026043
v 4.983058 -3.542929 15.031813
v 4.982156 -3.545977 15.034725
v 4.978440 -3.549869 15.033573
v 4.976430 -3.549869 15.029758
v 4.977582 -3.545977 15.026043
v 4.980494 -3.542929 15.026945
v 3.987642 -4.530048 13.066824
v 3.985406 -4.530048 13.062579
v 3.984402 -4.533442 13.065820
v 3.984402 -4.372442 13.065820
v 3.985406 -4.375835 13.062579
v 3.987642 -4.375835 13.066824
v 3.924671 -4.533442 13.047309
v 3.925675 -4.530048 13.044069
v 3.921431 -4.530048 13.046305
v 3.921431 -4.375835 13.046305
v 3.925675 -4.375835 13.044069
v 3.924671 -4.372442 13.047309
v 3.456509 -4.533442 14.558016
v 3.453269 -4.530048 14.557012
v 3.455505 -4.530048 14.561255
v 3.455505 -4.375836 14.561255
v 3.453269 -4.375836 14.557012
v 3.456509 -4.372442 14.558016
v 3.516240 -4.533442 14.576526
v 3.515236 -4.530048 14.579766
v 3.519481 -4.530048 14.577530
v 3.519481 -4.375836 14.577530
v 3.515236 -4.375836 14.579766
v 3.516240 -4.372442 14.576526
v 3.454039 -5.129882 14.567714
v 3.449794 -5.129882 14.569950
v 3.453034 -5.133274 14.570954
v 3.407386 -5.133274 14.718258
v 3.404145 -5.129882 14.717254
v 3.406382 -5.129882 14.721498
v 3.558218 -5.133274 14.603550
v 3.561460 -5.129882 14.604555
v 3.559222 -5.129882 14.600310
v 3.511565 -5.129882 14.754094
v 3.515811 -5.129882 14.751858
v 3.512569 -5.133274 14.750854
v 3.445442 -1.276750 14.733602
v 3.443218 -1.276225 14.729392
v 3.446462 -1.273339 14.730397
v 3.492128 -1.273339 14.583038
v 3.488884 -1.276225 14.582033
v 3.493099 -1.276750 14.579819
v 3.495033 -1.285698 14.748947
v 3.493218 -1.281250 14.744732
v 3.498373 -1.284257 14.746407
v 3.542580 -1.285484 14.595150
v 3.543889 -1.284134 14.599160
v 3.538849 -1.281204 14.597589
v 3.976746 -3.548297 12.880994
v 3.975741 -3.544905 12.884235
v 3.972501 -3.548297 12.883231
v 3.926853 -3.548297 13.030533
v 3.930093 -3.544905 13.031537
v 3.929089 -3.548297 13.034778
v 4.084167 -3.548297 12.917836
v 4.080925 -3.544905 12.916832
v 4.081930 -3.548297 12.913589
v 4.034273 -3.548297 13.067373
v 4.035277 -3.544905 13.064134
v 4.038518 -3.548297 13.065138
v 4.081930 -5.129881 12.913589
v 4.080925 -5.133274 12.916831
v 4.084167 -5.129881 12.917836
v 4.038518 -5.129881 13.065138
v 4.035277 -5.133274 13.064134
v 4.034273 -5.129881 13.067373
v 3.976746 -5.129881 12.880994
v 3.972501 -5.129881 12.883231
v 3.975741 -5.133274 12.884235
v 3.930093 -5.133274 13.031537
v 3.926853 -5.129881 13.030533
v 3.929089 -5.129881 13.034778
v 3.924671 -3.704279 13.047309
v 3.925675 -3.700885 13.044069
v 3.921431 -3.700885 13.046305
v 3.921431 -3.546672 13.046305
v 3.925675 -3.546672 13.044069
v 3.924671 -3.543280 13.047309
v 3.987642 -3.700885 13.066824
v 3.985406 -3.700885 13.062579
v 3.984402 -3.704279 13.065820
v 3.984402 -3.543280 13.065820
v 3.985406 -3.546672 13.062579
v 3.987642 -3.546672 13.066824
v 3.516240 -3.704278 14.576526
v 3.515236 -3.700885 14.579766
v 3.519481 -3.700885 14.577530
v 3.519481 -3.546672 14.577530
v 3.515236 -3.546672 14.579766
v 3.516240 -3.543279 14.576526
v 3.456509 -3.704278 14.558016
v 3.453269 -3.700885 14.557012
v 3.455505 -3.700885 14.561255
v 3.455505 -3.546672 14.561255
v 3.453269 -3.546672 14.557012
v 3.456509 -3.543279 14.558016
v 5.508102 -4.372442 13.538008
v 5.509107 -4.375835 13.534768
v 5.511343 -4.375835 13.539012
v 5.511343 -4.530048 13.539012
v 5.509107 -4.530048 13.534768
v 5.508102 -4.533442 13.538008
v 5.445131 -4.375835 13.518494
v 5.449376 -4.375835 13.516257
v 5.448372 -4.372442 13.519498
v 5.448372 -4.533442 13.519498
v 5.449376 -4.530048 13.516257
v 5.445131 -4.530048 13.518494
v 4.980210 -4.372442 15.030204
v 4.979206 -4.375836 15.033444
v 4.976970 -4.375836 15.029200
v 4.976970 -4.530048 15.029200
v 4.979206 -4.530048 15.033444
v 4.980210 -4.533442 15.030204
v 5.039941 -4.372442 15.048715
v 5.043181 -4.375836 15.049719
v 5.038937 -4.375836 15.051954
v 5.038937 -4.530048 15.051954
v 5.043181 -4.530048 15.049719
v 5.039941 -4.533442 15.048715
v 5.035491 -5.133274 15.061351
v 5.038731 -5.129882 15.062355
v 5.036495 -5.129882 15.058110
v 4.988838 -5.129882 15.211894
v 4.993082 -5.129882 15.209659
v 4.989842 -5.133274 15.208654
v 4.931311 -5.129882 15.025515
v 4.927065 -5.129882 15.027750
v 4.930307 -5.133274 15.028755
v 4.884658 -5.133274 15.176058
v 4.881416 -5.129882 15.175054
v 4.883654 -5.129882 15.179298
v 4.997434 -1.276750 15.046006
v 4.999658 -1.276225 15.050215
v 4.996415 -1.273339 15.049210
v 4.950748 -1.273339 15.196569
v 4.953992 -1.276225 15.197575
v 4.949778 -1.276750 15.199788
v 4.947843 -1.285698 15.030660
v 4.949658 -1.281250 15.034875
v 4.944504 -1.284257 15.033201
v 4.900297 -1.285484 15.184458
v 4.898988 -1.284134 15.180448
v 4.904027 -1.281204 15.182021
v 5.454019 -3.548297 13.338795
v 5.453014 -3.544905 13.342036
v 5.449772 -3.548297 13.341031
v 5.404124 -3.548297 13.488333
v 5.407366 -3.544905 13.489338
v 5.406362 -3.548297 13.492579
v 5.561438 -3.548297 13.375636
v 5.558197 -3.544905 13.374632
vn 0.2865 0.1269 -0.9496
vn 0.2960 -0.0000 -0.9552
vn 0.2248 -0.0671 -0.9721
vn 0.2679 -0.1074 -0.9574
vn 0.2919 0.0725 -0.9537
vn -0.2876 0.1270 0.9493
vn -0.2960 -0.0000 0.9552
vn -0.2248 -0.0671 0.9721
vn -0.2679 -0.1073 0.9574
vn -0.2918 0.0725 0.9537
vn 0.2987 0.0725 -0.9516
vn 0.3212 -0.1066 -0.9410
vn 0.3643 -0.0671 -0.9289
vn 0.2996 0.1269 -0.9456
vn -0.2986 0.0725 0.9516
vn -0.3212 -0.1066 0.9410
vn -0.3643 -0.0671 0.9289
vn -0.3007 0.1270 0.9452
vn 0.9766 -0.1158 0.1814
vn 0.9766 0.1159 0.1813
vn 0.9080 0.1158 0.4026
vn 0.9080 -0.1159 0.4027
vn 0.1814 -0.1158 -0.9766
vn 0.1814 0.1158 -0.9766
vn 0.4027 0.1159 -0.9080
vn 0.4027 -0.1159 -0.9080
vn -0.9766 -0.1159 -0.1813
vn -0.9766 0.1158 -0.1814
vn -0.9080 0.1158 -0.4026
vn -0.9080 -0.1158 -0.4026
vn -0.1814 -0.1158 0.9766
vn -0.1813 0.1159 0.9766
vn -0.4026 0.1158 0.9080
vn -0.4027 -0.1159 0.9080
vn 0.1450 0.9865 -0.0764
vn -0.0764 0.9865 -0.1450
vn -0.1450 0.9865 0.0764
vn 0.0764 0.9865 0.1450
vn -0.0764 -0.9865 -0.1450
vn 0.1450 -0.9865 -0.0764
vn 0.0764 -0.9865 0.1450
vn -0.1450 -0.9865 0.0764
vn 0.2963 -0.7719 0.5624
vn 0.6043 -0.4495 0.6579
vn 0.2008 -0.4495 0.8704
vn 0.2009 0.4495 0.8704
vn 0.6043 0.4495 0.6579
vn 0.2963 0.7719 0.5624
vn 0.6579 -0.4495 -0.6043
vn 0.8704 -0.4495 -0.2009
vn 0.5624 -0.7719 -0.2963
vn 0.5624 0.7719 -0.2963
vn 0.8704 0.4495 -0.2009
vn 0.6579 0.4495 -0.6043
vn -0.6043 -0.4495 -0.6579
vn -0.2009 -0.4495 -0.8704
vn -0.2963 -0.7719 -0.5624
vn -0.2963 0.7719 -0.5624
vn -0.2009 0.4495 -0.8704
vn -0.6043 0.4495 -0.6579
vn -0.6579 -0.4495 0.6043
vn -0.8704 -0.4495 0.2009
vn -0.5624 -0.7719 0.2963
vn -0.5624 0.7719 0.2963
vn -0.8704 0.4495 0.2009
vn -0.6579 0.4495 0.6043
vn 0.2058 -0.1123 0.9721
vn 0.2058 0.1123 0.9721
vn 0.4293 0.8677 0.2506
vn 0.4958 0.8677 0.0361
vn 0.7194 0.1123 -0.6854
vn 0.7194 -0.1123 -0.6854
vn 0.4958 -0.8677 0.0361
vn 0.4293 -0.8677 0.2506
vn 0.2506 0.8677 -0.4294
vn 0.0361 0.8677 -0.4958
vn -0.6854 0.1123 -0.7194
vn -0.6854 -0.1123 -0.7194
vn 0.0361 -0.8677 -0.4958
vn 0.2506 -0.8677 -0.4294
vn -0.4294 0.8677 -0.2506
vn -0.4958 0.8677 -0.0361
vn -0.7194 0.1123 0.6854
vn -0.7194 -0.1123 0.6854
vn -0.4958 -0.8677 -0.0361
vn -0.4294 -0.8677 -0.2506
vn -0.2506 0.8677 0.4293
vn -0.0361 0.8677 0.4958
vn -0.0361 -0.8677 0.4958
vn -0.2506 -0.8677 0.4293
vn 0.6855 -0.1123 0.7194
vn 0.7956 -0.4843 0.3641
vn -0.1496 -0.4843 0.8620
vn 0.7955 0.4843 0.3641
vn 0.6855 0.1123 0.7194
vn -0.1496 0.4843 0.8620
vn 0.8620 -0.4843 0.1496
vn 0.9721 -0.1123 -0.2058
vn 0.3641 -0.4843 -0.7955
vn 0.9721 0.1123 -0.2058
vn 0.8620 0.4843 0.1496
vn 0.3641 0.4843 -0.7955
vn 0.1496 -0.4843 -0.8620
vn -0.2058 -0.1123 -0.9721
vn -0.7956 -0.4843 -0.3641
vn -0.2058 0.1123 -0.9721
vn 0.1496 0.4843 -0.8620
vn -0.7955 0.4843 -0.3641
vn -0.8620 -0.4843 -0.1496
vn -0.9721 -0.1123 0.2057
vn -0.3641 -0.4843 0.7955
vn -0.9721 0.1123 0.2057
vn -0.8620 0.4843 -0.1496
vn -0.3641 0.4843 0.7955
vn 0.1448 0.9865 -0.0763
vn -0.1449 0.9865 0.0763
vn 0.0764 0.9865 0.1449
vn 0.4026 -0.1158 -0.9080
vn 0.1813 -0.1159 -0.9766
vn 0.1813 0.1159 -0.9766
vn 0.4026 0.1158 -0.9080
vn 0.1449 -0.9865 -0.0764
vn -0.4028 0.1159 0.9079
vn -0.4026 -0.1158 0.9080
vn -0.9080 0.1159 -0.4027
vn -0.9080 -0.1158 -0.4027
vn -0.9766 -0.1158 -0.1814
vn 0.9766 -0.1159 0.1813
vn 0.9766 0.1158 0.1814
vn 0.6578 0.4495 -0.6043
vn 0.8704 0.4495 -0.2008
vn -0.2008 0.4495 -0.8704
vn 0.8704 -0.4495 -0.2008
vn 0.2009 -0.4495 0.8704
vn 0.3641 0.4843 -0.7956
vn 0.2506 -0.8677 -0.4293
vn -0.7955 -0.4843 -0.3641
vn 0.7955 -0.4843 0.3641
vn -0.9721 0.1123 0.2058
vn 0.6854 0.1123 0.7194
vn 0.6854 -0.1123 0.7194
vn 0.4294 0.8677 0.2506
vn 0.2057 0.1123 0.9721
vn -0.2506 0.8677 0.4294
vn -0.7194 0.1123 0.6855
vn 0.3641 -0.4843 -0.7956
vn 0.9766 -0.1159 0.1812
vn 0.9079 0.1159 0.4027
vn -0.9766 0.1159 -0.1813
vn -0.9080 0.1158 -0.4027
vn -0.9080 -0.1159 -0.4027
vn -0.1813 -0.1159 0.9766
vn -0.4027 0.1159 0.9080
vn -0.4027 -0.1158 0.9080
vn 0.0763 0.9865 0.1448
vn 0.5624 0.7720 -0.2963
vn 0.2506 0.8677 -0.4293
vn -0.4293 -0.8677 -0.2506
vn -0.0362 -0.8677 0.4958
vn -0.2505 -0.8677 0.4294
vn 0.7956 0.4843 0.3641
vn 0.9721 0.1123 -0.2057
vn -0.2057 0.1123 -0.9721
vn -0.7956 0.4843 -0.3640
vn 0.1990 -0.9782 -0.0592
vn 0.1306 -0.9782 0.1613
vn -0.0084 -0.9914 0.1305
vn 0.0669 -0.9914 -0.1124
vn 0.1768 -0.1121 -0.9778
vn 0.1862 0.1193 -0.9752
vn 0.2962 0.1317 -0.9460
vn 0.2912 -0.1229 -0.9487
vn -0.0048 -0.9970 0.0769
vn 0.0676 -0.9837 -0.1668
vn 0.1870 -0.9765 -0.1075
vn 0.1186 -0.9865 0.1132
vn 0.2909 0.1317 -0.9477
vn 0.2962 -0.1229 -0.9472
vn -0.0669 -0.9914 0.1124
vn 0.0084 -0.9914 -0.1305
vn 0.0075 0.9971 -0.0763
vn -0.0703 0.9836 0.1661
vn 0.0343 0.9836 0.1770
vn 0.1022 0.9938 -0.0448
vn -0.1766 -0.1194 0.9770
vn -0.1859 0.1120 0.9762
vn -0.2961 0.1226 0.9473
vn -0.2909 -0.1320 0.9476
vn -0.2895 -0.1317 0.9481
vn -0.2974 0.1228 0.9468
vn -0.2901 0.1228 0.9491
vn -0.2973 -0.1316 0.9457
vn 0.0217 0.9915 0.1286
vn 0.0905 0.9915 -0.0937
vn 0.0084 0.9913 -0.1312
vn -0.0672 0.9913 0.1129
vn -0.3964 0.1122 0.9112
vn -0.4090 -0.1189 0.9047
vn 0.0672 0.9913 -0.1129
vn -0.0084 0.9913 0.1312
vn 0.2954 -0.1228 -0.9474
vn 0.2917 0.1319 -0.9474
vn 0.3999 0.1198 -0.9087
vn 0.4055 -0.1119 -0.9072
vn 0.2898 -0.1274 -0.9486
vn 0.2973 0.1272 -0.9463
vn 0.2899 0.1272 -0.9486
vn 0.2973 -0.1273 -0.9463
vn 0.9770 -0.1116 0.1818
vn 0.9762 0.1200 0.1806
vn 0.9073 0.1200 0.4031
vn 0.9086 -0.1116 0.4025
vn 0.0037 -0.9965 0.0831
vn 0.0740 -0.9841 -0.1615
vn 0.1996 -0.9756 -0.0918
vn 0.1304 -0.9831 0.1284
vn -0.9770 -0.1116 -0.1818
vn -0.9762 0.1200 -0.1807
vn -0.9073 0.1200 -0.4030
vn -0.9086 -0.1115 -0.4025
vn 0.3962 0.1158 -0.9108
vn 0.4091 -0.1154 -0.9052
vn 0.0010 0.9966 -0.0818
vn -0.0788 0.9840 0.1600
vn 0.0223 0.9866 0.1618
vn 0.0896 0.9941 -0.0607
vn -0.1743 -0.1190 0.9775
vn -0.1882 0.1123 0.9757
vn -0.0376 0.9941 -0.1016
vn -0.1088 0.9868 0.1197
vn -0.0251 0.9840 0.1766
vn 0.0464 0.9966 -0.0682
vn -0.1745 -0.1154 0.9779
vn -0.1883 0.1159 0.9753
vn -0.2973 0.1272 0.9463
vn -0.2899 -0.1273 0.9486
vn -0.2899 0.1272 0.9486
vn -0.2974 -0.1273 0.9462
vn 0.3981 0.1195 -0.9095
vn 0.4069 -0.1120 -0.9066
vn -0.1812 -0.9829 0.0332
vn -0.1147 -0.9755 -0.1880
vn 0.0292 -0.9842 -0.1745
vn -0.0507 -0.9965 0.0670
vn -0.9766 -0.1131 -0.1832
vn -0.9766 0.1186 -0.1794
vn -0.9079 0.1202 -0.4015
vn -0.9080 -0.1115 -0.4038
vn 0.9773 -0.1114 0.1804
vn 0.9759 0.1202 0.1824
vn 0.9068 0.1185 0.4045
vn 0.9090 -0.1134 0.4011
vn 0.1783 -0.1119 -0.9776
vn 0.1845 0.1197 -0.9755
vn 0.2953 0.1317 -0.9463
vn 0.2919 -0.1229 -0.9485
vn -0.2913 0.1228 0.9487
vn -0.2961 -0.1319 0.9460
vn -0.9761 -0.1140 -0.1851
vn -0.9771 0.1176 -0.1775
vn -0.9090 0.1188 -0.3994
vn -0.9070 -0.1127 -0.4058
vn -0.3984 0.1120 0.9104
vn -0.4071 -0.1193 0.9056
vn 0.9776 -0.1130 0.1778
vn 0.9756 0.1186 0.1849
vn 0.9061 0.1174 0.4064
vn 0.9099 -0.1140 0.3989
vn -0.0557 0.9938 -0.0960
vn -0.1255 0.9842 0.1251
vn -0.0345 0.9837 0.1765
vn 0.0385 0.9970 -0.0673
vn -0.1644 -0.9860 0.0276
vn -0.0968 -0.9764 -0.1932
vn 0.0370 -0.9838 -0.1756
vn -0.0412 -0.9969 0.0667
vn -0.1990 -0.9782 0.0592
vn -0.1306 -0.9782 -0.1613
vn -0.0216 0.9915 -0.1285
vn -0.0906 0.9915 0.0937
vn 0.1745 -0.1154 -0.9779
vn 0.1883 0.1158 -0.9753
vn -0.3962 0.1158 0.9108
vn -0.4090 -0.1154 0.9052
vn 0.0670 -0.9914 -0.1125
vn 0.1307 -0.9782 0.1614
vn -0.0084 -0.9914 0.1306
vn 0.2907 0.1317 -0.9477
vn 0.3978 0.1193 -0.9097
vn 0.4072 -0.1121 -0.9065
vn 0.2963 -0.1230 -0.9471
vn 0.0934 -0.9764 0.1945
vn -0.0385 -0.9837 0.1758
vn 0.0396 -0.9970 -0.0661
vn 0.1618 -0.9865 -0.0263
vn 0.2960 0.1317 -0.9461
vn 0.2914 -0.1230 -0.9487
vn 0.0084 -0.9913 -0.1312
vn -0.0669 -0.9914 0.1125
vn 0.1283 0.9836 -0.1266
vn 0.0359 0.9836 -0.1767
vn -0.0369 0.9971 0.0669
vn 0.0592 0.9937 0.0950
vn 0.2915 0.1227 -0.9487
vn 0.3987 0.1121 -0.9102
vn 0.4069 -0.1195 -0.9056
vn 0.2959 -0.1320 -0.9461
vn -0.2973 -0.1317 0.9456
vn -0.2895 -0.1316 0.9481
vn 0.0216 0.9915 0.1285
vn 0.0906 0.9915 -0.0937
vn -0.1883 0.1122 0.9757
vn -0.1742 -0.1189 0.9775
vn -0.0084 0.9913 0.1311
vn -0.1843 0.1196 0.9756
vn -0.2951 0.1319 0.9463
vn -0.2921 -0.1230 0.9484
vn -0.1787 -0.1117 0.9775
vn -0.2973 0.1273 0.9463
vn -0.2899 0.1273 0.9486
vn -0.2973 -0.1273 0.9462
vn -0.2899 -0.1274 0.9486
vn 0.9762 0.1200 0.1808
vn 0.9073 0.1200 0.4029
vn 0.9086 -0.1117 0.4025
vn -0.1127 -0.9756 -0.1886
vn 0.0303 -0.9841 -0.1752
vn -0.0501 -0.9965 0.0664
vn -0.1803 -0.9831 0.0322
vn -0.9086 -0.1117 -0.4025
vn -0.9770 -0.1117 -0.1818
vn -0.1097 0.9866 0.1208
vn -0.0255 0.9840 0.1764
vn 0.0454 0.9967 -0.0680
vn -0.0396 0.9941 -0.1010
vn -0.3966 0.1124 0.9111
vn -0.4091 -0.1190 0.9047
vn -0.0791 0.9840 0.1599
vn 0.0221 0.9868 0.1602
vn 0.0885 0.9941 -0.0625
vn 0.0004 0.9966 -0.0827
vn 0.2899 0.1271 -0.9486
vn 0.3961 0.1156 -0.9109
vn 0.2973 -0.1274 -0.9462
vn 0.2973 0.1271 -0.9463
vn 0.2898 -0.1273 -0.9486
vn 0.1860 0.1195 -0.9753
vn 0.1771 -0.1120 -0.9778
vn 0.0746 -0.9842 -0.1604
vn 0.2008 -0.9755 -0.0902
vn 0.1306 -0.9829 0.1297
vn 0.0039 -0.9965 0.0836
vn 0.9759 0.1203 0.1822
vn 0.9069 0.1186 0.4042
vn 0.9090 -0.1131 0.4011
vn 0.9773 -0.1113 0.1805
vn -0.9767 0.1185 -0.1791
vn -0.9080 0.1202 -0.4015
vn -0.9079 -0.1116 -0.4040
vn -0.9765 -0.1132 -0.1834
vn -0.2915 0.1319 0.9474
vn -0.3993 0.1196 0.9090
vn -0.4058 -0.1119 0.9071
vn -0.2956 -0.1230 0.9474
vn 0.2963 0.1226 -0.9472
vn 0.2907 -0.1319 -0.9477
vn -0.9756 0.1190 -0.1844
vn -0.9062 0.1177 -0.4062
vn -0.9097 -0.1140 -0.3993
vn -0.9775 -0.1127 -0.1783
vn 0.1862 0.1122 -0.9761
vn 0.1763 -0.1193 -0.9771
vn 0.9772 0.1175 0.1771
vn 0.9093 0.1185 0.3990
vn 0.9068 -0.1129 0.4061
vn 0.9760 -0.1141 0.1855
vn 0.0715 0.9836 -0.1655
vn -0.0329 0.9841 -0.1743
vn -0.1003 0.9938 0.0478
vn -0.0063 0.9970 0.0772
vn -0.0688 -0.9838 0.1657
vn -0.1891 -0.9764 0.1047
vn -0.1202 -0.9860 -0.1159
vn 0.0037 -0.9970 -0.0779
vn -0.0217 0.9915 -0.1285
vn -0.3961 0.1158 0.9109
vn 0.1744 -0.1154 -0.9779
vn -0.6751 -0.4417 0.5909
vn -0.8795 -0.4358 0.1913
vn -0.5930 -0.7549 0.2801
vn -0.5311 0.7871 0.3135
vn -0.8611 0.4624 0.2113
vn -0.6401 0.4557 0.6186
vn 0.2226 -0.4417 0.8691
vn 0.3307 -0.7549 0.5663
vn 0.6171 -0.4358 0.6551
vn 0.5908 0.4624 0.6612
vn 0.2608 0.7871 0.5589
vn 0.1781 0.4557 0.8721
vn 0.8795 -0.4358 -0.1913
vn 0.5930 -0.7549 -0.2801
vn 0.6751 -0.4417 -0.5909
vn 0.6401 0.4557 -0.6186
vn 0.5311 0.7871 -0.3136
vn 0.8611 0.4624 -0.2112
vn -0.3307 -0.7549 -0.5664
vn -0.6171 -0.4358 -0.6552
vn -0.2226 -0.4417 -0.8691
vn -0.1781 0.4557 -0.8721
vn -0.5907 0.4624 -0.6612
vn -0.2607 0.7871 -0.5589
vn 0.8802 -0.4301 -0.2005
vn 0.5963 -0.7448 -0.2995
vn 0.6722 -0.4328 -0.6006
vn 0.6427 0.4653 -0.6087
vn 0.5270 0.7976 -0.2935
vn 0.8603 0.4683 -0.2015
vn -0.6134 -0.4300 -0.6624
vn -0.2159 -0.4331 -0.8751
vn -0.3243 -0.7448 -0.5832
vn -0.2670 0.7975 -0.5410
vn -0.1848 0.4649 -0.8658
vn -0.5948 0.4684 -0.6533
vn -0.5797 -0.7699 0.2669
vn -0.6723 -0.4526 0.5858
vn -0.8757 -0.4457 0.1857
vn -0.8650 0.4526 0.2166
vn -0.6435 0.4448 0.6229
vn -0.5453 0.7721 0.3263
vn 0.2233 -0.4532 0.8630
vn 0.3274 -0.7705 0.5469
vn 0.6175 -0.4461 0.6478
vn 0.5906 0.4521 0.6684
vn 0.2649 0.7714 0.5786
vn 0.1783 0.4442 0.8780
vn 0.8760 -0.4344 -0.2095
vn 0.5855 -0.7483 -0.3118
vn 0.6661 -0.4338 -0.6068
vn 0.6495 0.4647 -0.6019
vn 0.5386 0.7946 -0.2803
vn 0.8648 0.4640 -0.1919
vn -0.6056 -0.4338 -0.6672
vn -0.2079 -0.4338 -0.8767
vn -0.3095 -0.7479 -0.5872
vn -0.2827 0.7949 -0.5368
vn -0.1936 0.4646 -0.8641
vn -0.6032 0.4646 -0.6483
vn -0.6692 -0.4560 0.5867
vn -0.8749 -0.4488 0.1821
vn -0.5738 -0.7755 0.2634
vn -0.5514 0.7665 0.3291
vn -0.8660 0.4493 0.2196
vn -0.6469 0.4418 0.6216
vn 0.2199 -0.4568 0.8620
vn 0.3241 -0.7766 0.5402
vn 0.6190 -0.4493 0.6442
vn 0.5897 0.4486 0.6716
vn 0.2689 0.7654 0.5847
vn 0.1824 0.4411 0.8787
vn -0.6172 -0.4358 -0.6551
vn -0.5908 0.4624 -0.6612
vn 0.6751 -0.4417 -0.5910
vn 0.5311 0.7871 -0.3135
vn 0.8612 0.4624 -0.2112
vn 0.3307 -0.7549 0.5664
vn 0.6172 -0.4358 0.6551
vn 0.2608 0.7871 0.5590
vn -0.8795 -0.4358 0.1914
vn -0.5311 0.7871 0.3136
vn -0.8611 0.4624 0.2112
vn -0.2148 -0.4330 -0.8754
vn -0.3226 -0.7449 -0.5840
vn -0.6126 -0.4302 -0.6631
vn -0.5957 0.4682 -0.6527
vn -0.2689 0.7975 -0.5401
vn -0.1861 0.4651 -0.8655
vn 0.5973 -0.7447 -0.2978
vn 0.6730 -0.4330 -0.5997
vn 0.8806 -0.4298 -0.1996
vn 0.8599 0.4686 -0.2026
vn 0.6419 0.4650 -0.6096
vn 0.5260 0.7976 -0.2952
vn 0.6172 -0.4458 0.6484
vn 0.2230 -0.4528 0.8633
vn 0.3270 -0.7700 0.5478
vn 0.2652 0.7720 0.5777
vn 0.1785 0.4447 0.8777
vn 0.5910 0.4525 0.6678
vn -0.8757 -0.4460 0.1850
vn -0.5794 -0.7705 0.2658
vn -0.6723 -0.4531 0.5854
vn -0.6435 0.4443 0.6232
vn -0.5455 0.7715 0.3274
vn -0.8650 0.4523 0.2171
vn 0.2062 -0.4338 0.8771
vn 0.3066 -0.7483 0.5882
vn 0.6042 -0.4344 0.6681
vn 0.6048 0.4640 0.6473
vn 0.2858 0.7945 0.5357
vn 0.1954 0.4647 0.8636
vn -0.5874 -0.7478 0.3094
vn -0.6672 -0.4338 0.6055
vn -0.8768 -0.4337 0.2077
vn -0.8640 0.4647 0.1937
vn -0.6482 0.4647 0.6033
vn -0.5367 0.7950 0.2829
vn -0.3242 -0.7756 -0.5416
vn -0.6185 -0.4488 -0.6450
vn -0.2201 -0.4561 -0.8623
vn -0.1820 0.4418 -0.8785
vn -0.5900 0.4492 -0.6709
vn -0.2687 0.7665 -0.5834
vn 0.8748 -0.4493 -0.1813
vn 0.5729 -0.7765 -0.2623
vn 0.6688 -0.4567 -0.5866
vn 0.6473 0.4411 -0.6216
vn 0.5524 0.7654 -0.3302
vn 0.8661 0.4487 -0.2204
vn -0.2421 -0.4968 0.8334
vn -0.1215 -0.4813 0.8681
vn 0.8050 -0.4671 0.3659
vn 0.8708 -0.4671 0.1534
vn 0.3907 -0.4813 -0.7847
vn 0.2716 -0.4968 -0.8243
vn 0.1557 0.8860 -0.4368
vn 0.0698 0.8859 -0.4587
vn -0.6843 0.1164 -0.7199
vn -0.6866 -0.1078 -0.7190
vn 0.0038 -0.8468 -0.5319
vn 0.1393 -0.8473 -0.5124
vn 0.8062 -0.4775 0.3493
vn 0.8712 -0.4718 0.1359
vn 0.3784 -0.4678 -0.7988
vn 0.2660 -0.4801 -0.8359
vn -0.2441 -0.5140 0.8223
vn -0.1288 -0.4978 0.8577
vn 0.1195 0.8862 -0.4476
vn 0.1739 -0.8472 -0.5020
vn -0.2716 -0.4968 0.8243
vn 0.2421 -0.4968 -0.8334
vn 0.8526 0.4961 0.1640
vn 0.7847 0.4902 0.3793
vn -0.1694 0.4698 0.8664
vn -0.2688 0.4799 0.8351
vn 0.2470 0.5141 -0.8214
vn 0.3489 0.5003 -0.7924
vn 0.6819 0.1121 0.7228
vn 0.6891 -0.1122 0.7159
vn -0.1321 0.8471 0.5148
vn -0.1823 0.8468 0.4997
vn -0.1109 -0.8859 0.4504
vn -0.1633 -0.8857 0.4345
vn 0.2422 0.4968 -0.8334
vn 0.3373 0.4854 -0.8066
vn 0.8531 0.5011 0.1454
vn 0.7858 0.5011 0.3625
vn -0.1780 0.4854 0.8560
vn -0.2716 0.4968 0.8243
vn -0.9730 -0.1116 0.2018
vn -0.9712 0.1129 0.2097
vn -0.2176 0.8553 0.4702
vn -0.2846 -0.8767 0.3878
vn 0.2716 0.4968 -0.8243
vn -0.2422 0.4968 0.8334
vn 0.9721 -0.1090 -0.2075
vn 0.9722 0.1153 -0.2040
vn 0.2110 -0.1108 0.9712
vn 0.2002 0.1132 0.9732
vn 0.7155 0.1132 -0.6894
vn 0.7232 -0.1108 -0.6817
vn 0.8046 -0.4735 0.3583
vn 0.8724 -0.4664 0.1462
vn 0.3847 -0.4684 -0.7954
vn 0.2691 -0.4804 -0.8347
vn -0.2388 -0.5133 0.8243
vn -0.1198 -0.4953 0.8604
vn -0.2110 -0.1108 -0.9712
vn -0.2002 0.1133 -0.9732
vn -0.3934 0.8872 -0.2408
vn -0.4606 0.8873 -0.0238
vn -0.7154 0.1133 0.6894
vn -0.7232 -0.1108 0.6817
vn -0.5301 -0.8466 -0.0479
vn -0.4643 -0.8466 -0.2603
vn 0.8512 0.5019 0.1532
vn 0.7862 0.4948 0.3703
vn -0.1783 0.4714 0.8637
vn -0.2739 0.4801 0.8334
vn 0.2439 0.5135 -0.8227
vn 0.3422 0.4992 -0.7961
vn 0.6823 0.1127 0.7223
vn 0.6885 -0.1116 0.7166
vn -0.8575 0.4951 -0.1400
vn -0.7882 0.5022 -0.3558
vn 0.9728 -0.1078 -0.2051
vn 0.9715 0.1164 -0.2065
vn -0.8027 -0.4661 -0.3720
vn -0.8665 -0.4732 -0.1588
vn 0.1499 0.8866 -0.4375
vn 0.0554 0.8870 -0.4585
vn -0.6861 0.1154 -0.7183
vn -0.6847 -0.1088 -0.7206
vn 0.0177 -0.8465 -0.5320
vn 0.1448 -0.8470 -0.5115
vn 0.1249 0.8868 -0.4449
vn 0.1688 -0.8467 -0.5046
vn -0.1404 0.8468 0.5130
vn -0.1735 0.8466 0.5032
vn -0.1200 -0.8868 0.4463
vn -0.1546 -0.8865 0.4361
vn -0.4152 0.8837 -0.2159
vn -0.4859 0.8740 -0.0014
vn -0.7160 0.1103 0.6893
vn -0.7228 -0.1140 0.6816
vn -0.5058 -0.8598 -0.0703
vn -0.4434 -0.8501 -0.2842
vn -0.2310 0.8524 0.4691
vn -0.2710 -0.8806 0.3888
vn -0.3907 -0.4813 0.7847
vn 0.1215 -0.4813 -0.8681
vn 0.1780 0.4854 -0.8560
vn -0.3373 0.4854 0.8066
vn 0.1748 -0.8474 -0.5014
vn 0.2976 -0.8468 -0.4409
vn 0.9728 -0.1078 -0.2048
vn 0.9714 0.1164 -0.2068
vn 0.2017 0.8859 -0.4177
vn 0.1186 0.8860 -0.4482
vn 0.3789 -0.4978 -0.7802
vn 0.2636 -0.5140 -0.8163
vn -0.2532 -0.4801 0.8398
vn -0.1396 -0.4678 0.8727
vn 0.7953 -0.4718 0.3806
vn 0.8625 -0.4774 0.1679
vn 0.1405 -0.8472 -0.5124
vn 0.1545 0.8862 -0.4368
vn -0.1604 0.5003 0.8509
vn -0.2608 0.5140 0.8172
vn 0.2506 0.4799 -0.8408
vn 0.3502 0.4698 -0.8103
vn 0.8617 0.4903 0.1309
vn 0.7960 0.4961 0.3469
vn 0.9732 -0.1121 -0.2007
vn 0.9711 0.1119 -0.2106
vn -0.1110 -0.8858 0.4506
vn -0.1632 -0.8860 0.4341
vn -0.1322 0.8469 0.5151
vn -0.1822 0.8470 0.4994
vn 0.2422 0.4967 -0.8334
vn 0.0154 -0.8767 0.4808
vn -0.0865 0.8553 0.5109
vn 0.6824 0.1128 0.7222
vn 0.6884 -0.1116 0.7167
vn -0.2422 0.4967 0.8334
vn 0.6865 0.1152 0.7179
vn 0.6844 -0.1090 0.7209
vn -0.3879 -0.4952 0.7774
vn -0.2692 -0.5133 0.8149
vn 0.2501 -0.4805 -0.8406
vn 0.1324 -0.4685 -0.8735
vn -0.8022 -0.4665 -0.3727
vn -0.8662 -0.4735 -0.1596
vn -0.4607 0.8873 -0.0238
vn 0.1679 0.4991 -0.8501
vn 0.2641 0.5136 -0.8164
vn -0.2454 0.4802 0.8421
vn -0.3414 0.4715 0.8131
vn -0.8577 0.4949 -0.1391
vn -0.7888 0.5018 -0.3550
vn -0.9731 -0.1116 0.2017
vn -0.9712 0.1129 0.2098
vn 0.8512 0.5023 0.1523
vn 0.7863 0.4951 0.3695
vn -0.6845 0.1163 -0.7197
vn -0.6863 -0.1079 -0.7193
vn 0.8044 -0.4732 0.3591
vn 0.8724 -0.4661 0.1470
vn -0.1698 -0.8470 0.5037
vn -0.2863 -0.8465 0.4489
vn -0.9723 -0.1088 0.2071
vn -0.9721 0.1154 0.2044
vn -0.2135 0.8870 0.4095
vn -0.1238 0.8866 0.4457
vn -0.1461 -0.8467 0.5116
vn -0.1486 0.8867 0.4377
vn 0.1190 -0.8866 -0.4469
vn 0.1534 -0.8868 -0.4359
vn 0.1415 0.8466 -0.5131
vn 0.1744 0.8468 -0.5026
vn -0.5264 -0.8501 -0.0162
vn -0.4568 -0.8598 -0.2281
vn -0.2107 -0.1140 -0.9709
vn -0.2007 0.1103 -0.9734
vn -0.4015 0.8740 -0.2736
vn -0.4645 0.8837 -0.0567
vn -0.0037 -0.8806 -0.4739
vn 0.0747 0.8524 -0.5175
vn 0.4642 -0.8466 0.2603
vn 0.0130 -0.8610 0.5084
vn 0.6878 -0.1093 0.7177
vn -0.0856 0.8714 0.4831
vn 0.3934 0.8873 0.2408
vn 0.6829 0.1150 0.7214
vn -0.8708 -0.4671 -0.1534
vn -0.9731 -0.1093 0.2030
vn -0.2982 -0.8610 0.4120
vn -0.9712 0.1150 0.2088
vn -0.8530 0.5012 -0.1454
vn -0.2025 0.8714 0.4469
vn -0.6878 -0.1093 -0.7176
vn -0.8050 -0.4671 -0.3659
vn -0.0130 -0.8610 -0.5084
vn -0.7858 0.5012 -0.3624
vn -0.6829 0.1150 -0.7214
vn 0.0856 0.8714 -0.4831
vn 0.2982 -0.8610 -0.4121
vn 0.5301 -0.8466 0.0479
vn 0.9731 -0.1093 -0.2029
vn 0.4607 0.8872 0.0238
vn 0.2026 0.8714 -0.4469
vn 0.9712 0.1150 -0.2088
vn 0.1999 0.1107 0.9735
vn -0.1782 0.4718 0.8635
vn 0.3988 0.8798 0.2587
vn -0.1199 -0.4949 0.8606
vn 0.2115 -0.1134 0.9708
vn 0.4592 -0.8545 0.2429
vn -0.2982 -0.8609 0.4121
vn -0.4759 0.8794 -0.0109
vn -0.2179 0.8548 0.4710
vn -0.7154 0.1107 0.6899
vn 0.3934 0.8872 0.2408
vn -0.2844 -0.8771 0.3870
vn -0.5154 -0.8548 -0.0607
vn -0.7234 -0.1135 0.6810
vn 0.4643 -0.8466 0.2603
vn 0.0129 -0.8610 0.5085
vn 0.6878 -0.1093 0.7176
vn 0.0676 0.8862 -0.4583
vn -0.4004 0.8884 -0.2246
vn -0.2025 0.1155 -0.9725
vn -0.4576 -0.8453 -0.2757
vn 0.0059 -0.8465 -0.5323
vn -0.2088 -0.1086 -0.9719
vn 0.2982 -0.8610 -0.4120
vn 0.5301 -0.8466 0.0478
vn 0.9731 -0.1093 -0.2030
vn 0.3411 0.4988 -0.7967
vn 0.7167 0.1155 -0.6878
vn 0.4566 0.8888 0.0393
vn -0.6830 0.1150 -0.7213
vn 0.7220 -0.1086 -0.6833
vn 0.3856 -0.4687 -0.7948
vn 0.5339 -0.8449 0.0330
vn -0.6878 -0.1093 -0.7177
vn 0.4404 -0.8509 0.2862
vn -0.0207 -0.8463 0.5323
vn 0.2067 -0.1088 0.9723
vn 0.1312 -0.4688 -0.8735
vn -0.2090 -0.1087 -0.9718
vn -0.4591 -0.8449 -0.2746
vn -0.2022 0.1155 -0.9725
vn 0.1691 0.4987 -0.8501
vn -0.3988 0.8888 -0.2258
vn 0.2961 -0.8465 -0.4424
vn 0.5334 -0.8453 0.0313
vn 0.7218 -0.1086 -0.6835
vn 0.4572 0.8884 0.0412
vn 0.2033 0.8863 -0.4162
vn 0.7169 0.1156 -0.6876
vn 0.4593 -0.8549 0.2415
vn 0.0156 -0.8772 0.4799
vn 0.2116 -0.1135 0.9707
vn -0.0867 0.8548 0.5117
vn 0.3987 0.8794 0.2603
vn 0.1999 0.1106 0.9736
vn -0.7234 -0.1134 0.6811
vn -0.3879 -0.4948 0.7776
vn -0.5162 -0.8544 -0.0593
vn -0.3413 0.4719 0.8129
vn -0.7154 0.1108 0.6899
vn -0.4751 0.8798 -0.0122
vn 0.1381 -0.4681 -0.8728
vn -0.2071 -0.1088 -0.9723
vn -0.7965 -0.4710 -0.3792
vn -0.2044 0.1154 -0.9721
vn 0.1619 0.4999 -0.8508
vn -0.7948 0.4970 -0.3483
vn 0.2839 -0.8463 -0.4508
vn 0.5251 -0.8509 0.0129
vn 0.7203 -0.1088 -0.6851
vn 0.4658 0.8828 0.0601
vn 0.2159 0.8873 -0.4076
vn 0.7186 0.1154 -0.6858
vn 0.4566 -0.8607 0.2252
vn 0.0024 -0.8813 0.4725
vn 0.2107 -0.1141 0.9709
vn -0.0734 0.8517 0.5188
vn 0.4017 0.8730 0.2765
vn 0.2007 0.1102 0.9734
vn -0.8630 -0.4769 -0.1664
vn -0.9732 -0.1121 0.2009
vn -0.3799 -0.4972 0.7800
vn -0.9711 0.1123 0.2104
vn -0.8610 0.4910 -0.1324
vn -0.3492 0.4703 0.8105
vn -0.0523 0.8873 0.4582
vn 0.4181 0.8828 0.2139
vn 0.2048 0.1154 0.9720
vn -0.7206 -0.1088 0.6848
vn -0.3797 -0.4680 0.7980
vn -0.8713 -0.4710 -0.1376
vn -0.3475 0.4999 0.7933
vn -0.7183 0.1154 0.6861
vn -0.8524 0.4971 -0.1622
vn -0.6890 -0.1121 -0.7160
vn -0.8059 -0.4769 -0.3509
vn 0.1277 -0.4972 -0.8582
vn -0.7850 0.4910 -0.3778
vn -0.6820 0.1122 -0.7227
vn 0.1705 0.4702 -0.8660
vn 0.2691 -0.8813 -0.3884
vn 0.5039 -0.8607 0.0724
vn 0.7228 -0.1141 -0.6815
vn 0.4877 0.8730 -0.0008
vn 0.2329 0.8517 -0.4694
vn 0.7160 0.1102 -0.6893
vn -0.1216 -0.8671 0.4831
vn 0.1729 -0.8671 -0.4672
vn 0.2647 0.5134 -0.8163
vn 0.2495 -0.4806 -0.8407
vn -0.1730 -0.8671 0.4672
vn 0.1216 -0.8671 -0.4832
vn -0.2453 0.4804 0.8420
vn -0.2692 -0.5131 0.8150
vn 0.1216 0.8670 -0.4833
vn -0.1730 0.8670 0.4674
vn 0.1730 0.8670 -0.4673
vn -0.1216 0.8670 0.4833
vn 0.2615 0.5139 -0.8170
vn 0.2526 -0.4802 -0.8400
vn -0.2500 0.4801 0.8408
vn -0.2642 -0.5139 0.8162
vn 0.2696 -0.4806 -0.8345
vn 0.2433 0.5134 -0.8229
vn 0.1216 -0.8671 -0.4831
vn -0.2388 -0.5132 0.8244
vn -0.2738 0.4803 0.8333
vn 0.1730 0.8670 -0.4674
vn -0.2667 -0.4802 0.8356
vn -0.2464 0.5139 0.8217
vn 0.2436 -0.5139 -0.8226
vn 0.2693 0.4801 -0.8349
vn -0.9089 0.1094 -0.4024
vn -0.9772 0.1093 -0.1821
vn 0.2038 -0.1739 -0.9634
vn 0.2936 -0.1275 -0.9474
vn 0.9090 0.1091 0.4023
vn 0.9772 0.1090 0.1822
vn 0.2307 0.9718 -0.0491
vn 0.0842 0.9907 -0.1070
vn 0.0089 0.9906 0.1364
vn 0.1625 0.9718 0.1710
vn 0.0763 -0.9865 0.1449
vn 0.0532 -0.9881 0.1444
vn 0.1259 -0.9881 -0.0883
vn 0.0385 0.9918 -0.1221
vn -0.0373 0.9918 0.1225
vn -0.0395 0.9918 0.1215
vn 0.0361 0.9918 -0.1226
vn 0.3767 -0.1739 -0.9099
vn 0.4128 0.1149 -0.9036
vn -0.1705 0.1149 0.9786
vn -0.0763 -0.9865 -0.1448
vn -0.0532 -0.9881 -0.1444
vn -0.1259 -0.9881 0.0883
vn -0.1449 -0.9865 0.0763
vn -0.2038 -0.1739 0.9634
vn -0.2936 -0.1275 0.9474
vn -0.1600 0.9723 -0.1702
vn -0.2283 0.9723 0.0499
vn -0.0831 0.9907 0.1078
vn -0.0076 0.9907 -0.1360
vn -0.2943 0.1267 0.9473
vn 0.0094 0.9905 0.1370
vn 0.0849 0.9906 -0.1074
vn -0.2935 0.1267 0.9475
vn -0.4125 0.1150 0.9037
vn 0.1709 0.1149 -0.9786
vn -0.3767 -0.1739 0.9099
vn -0.7700 -0.6271 -0.1180
vn -0.7606 -0.6396 -0.1110
vn -0.6901 -0.6398 -0.3383
vn -0.7018 -0.6271 -0.3381
vn -0.0170 0.9901 -0.1390
vn -0.0926 0.9902 0.1050
vn -0.0432 0.9918 0.1206
vn 0.0325 0.9918 -0.1239
vn 0.1025 -0.9908 -0.0887
vn 0.0343 -0.9908 0.1311
vn -0.0377 -0.9918 0.1217
vn 0.0377 -0.9918 -0.1217
vn 0.7700 -0.6271 0.1180
vn 0.7606 -0.6397 0.1110
vn 0.6901 -0.6398 0.3382
vn 0.7018 -0.6271 0.3381
vn 0.2934 0.1268 -0.9475
vn 0.2937 0.1267 -0.9475
vn -0.2938 0.1268 0.9474
vn 0.0377 -0.9918 -0.1218
vn -0.0377 -0.9918 0.1218
vn -0.1025 -0.9908 0.0887
vn -0.0344 -0.9908 -0.1312
vn 0.2928 0.1267 -0.9477
vn -0.6093 0.7449 0.2718
vn -0.8843 0.4281 0.1866
vn -0.6842 0.4367 0.5840
vn -0.5624 -0.7720 0.2963
vn -0.2341 0.4367 -0.8686
vn -0.6238 0.4281 -0.6539
vn -0.3489 0.7449 -0.5687
vn -0.2963 -0.7720 -0.5624
vn 0.6107 0.7440 -0.2711
vn 0.8847 0.4274 -0.1863
vn 0.6850 0.4363 -0.5835
vn 0.5624 -0.7720 -0.2963
vn 0.2350 0.4363 0.8686
vn 0.6243 0.4274 0.6539
vn 0.3504 0.7440 0.5690
vn 0.2963 -0.7720 0.5624
vn 0.5923 -0.8019 0.0783
vn 0.7701 -0.5738 -0.2789
vn 0.6328 -0.7105 -0.3078
vn 0.2839 -0.9385 0.1966
vn -0.0392 -0.8513 0.5232
vn 0.1726 -0.8001 0.5746
vn -0.5923 -0.8019 -0.0783
vn -0.7701 -0.5738 0.2789
vn -0.6328 -0.7105 0.3078
vn 0.1475 -0.1881 -0.9710
vn -0.0882 -0.3297 -0.9400
vn -0.0142 -0.3899 -0.9208
vn 0.4009 -0.8613 -0.3120
vn 0.5178 -0.6097 -0.6001
vn 0.6378 -0.7324 -0.2384
vn 0.3914 -0.7321 0.5575
vn 0.0882 -0.6094 0.7880
vn 0.1546 -0.8613 0.4840
vn -0.4009 -0.8614 0.3120
vn -0.5178 -0.6097 0.6001
vn -0.6378 -0.7324 0.2384
vn -0.3913 -0.7321 -0.5575
vn -0.0882 -0.6094 -0.7879
vn -0.1546 -0.8613 -0.4840
vn -0.7252 0.1098 0.6797
vn -0.2138 0.1098 -0.9707
vn -0.4830 0.8344 -0.2655
vn -0.5484 0.8344 -0.0542
vn -0.4775 -0.5742 -0.6650
vn -0.5082 -0.5643 -0.6506
vn 0.0692 -0.8791 -0.4715
vn 0.1472 -0.8676 -0.4750
vn 0.7254 0.1097 -0.6796
vn 0.4294 -0.8677 0.2506
vn 0.2140 0.1097 0.9707
vn 0.4845 0.8334 0.2659
vn 0.5500 0.8334 0.0547
vn -0.1051 0.4788 0.8716
vn -0.2335 0.4960 0.8363
vn 0.2803 0.4960 -0.8218
vn 0.4062 0.4788 -0.7783
vn 0.5328 -0.8020 0.2701
vn -0.1770 -0.4541 0.8732
vn 0.3505 -0.4524 -0.8201
vn -0.2580 0.4955 0.8294
vn -0.2569 0.4952 0.8299
vn 0.2575 0.4952 -0.8298
vn 0.2562 0.4955 -0.8300
vn 0.7869 -0.5646 -0.2491
vn 0.2093 -0.8791 -0.4282
vn -0.3504 -0.4524 0.8201
vn -0.5327 -0.8020 -0.2701
vn 0.1770 -0.4541 -0.8732
vn 0.4775 -0.5742 0.6651
vn 0.5082 -0.5643 0.6506
vn -0.0692 -0.8791 0.4716
vn -0.1472 -0.8676 0.4750
vn -0.2797 0.4960 0.8221
vn -0.4050 0.4790 0.7788
vn 0.1064 0.4790 -0.8714
vn 0.2342 0.4960 -0.8361
vn -0.1953 0.8657 0.4609
vn -0.1525 0.8664 0.4755
vn -0.2333 0.4960 0.8364
vn 0.2805 0.4960 -0.8218
vn -0.1473 0.8664 0.4772
vn -0.7869 -0.5646 0.2491
vn -0.2093 -0.8791 0.4282
vn -0.3232 -0.9462 0.0126
vn -0.2595 -0.9462 -0.1931
vn 0.2295 0.4956 -0.8376
vn 0.2543 0.4953 -0.8307
vn 0.0996 0.8657 -0.4905
vn 0.1078 0.8662 -0.4880
vn 0.5413 -0.7927 0.2805
vn 0.6051 -0.7927 0.0748
vn -0.1062 0.8661 0.4884
vn -0.1065 0.8662 0.4882
vn 0.1883 0.8662 -0.4629
vn 0.1886 0.8661 -0.4629
vn -0.2568 -0.4973 0.8287
vn 0.2568 -0.4973 -0.8287
vn -0.2844 0.4957 0.8206
vn -0.9736 0.1075 0.2015
vn -0.8754 0.4576 -0.1555
vn -0.3239 0.8561 0.4027
vn -0.9721 -0.1123 0.2058
vn -0.2506 -0.8677 0.4294
vn -0.8100 0.4576 -0.3668
vn -0.6890 0.1075 -0.7168
vn -0.0394 0.8561 -0.5153
vn -0.6855 -0.1123 -0.7194
vn 0.0361 -0.8677 -0.4957
vn 0.9736 0.1073 -0.2016
vn 0.8759 0.4568 0.1556
vn 0.3261 0.8557 -0.4019
vn 0.8104 0.4568 0.3669
vn 0.6890 0.1074 0.7168
vn 0.0417 0.8557 0.5159
vn 0.4730 -0.4049 -0.7825
vn 0.4086 -0.1794 -0.8949
vn 0.5331 -0.3896 -0.7510
vn 0.4274 -0.1881 -0.8843
vn 0.6043 -0.3295 -0.7254
vn 0.2658 -0.8509 -0.4531
vn 0.4698 -0.7992 -0.3749
vn 0.3456 -0.9384 -0.0007
vn 0.0882 -0.3296 0.9400
vn 0.0142 -0.3899 0.9207
vn -0.1475 -0.1882 0.9710
vn -0.0556 -0.4068 0.9118
vn -0.1710 -0.1811 0.9685
vn 0.3475 -0.7108 0.6115
vn -0.4729 -0.4049 0.7826
vn -0.4085 -0.1795 0.8949
vn -0.5331 -0.3896 0.7510
vn -0.4274 -0.1881 0.8843
vn -0.6042 -0.3295 0.7255
vn -0.2658 -0.8509 0.4531
vn -0.4698 -0.7992 0.3750
vn -0.3456 -0.9384 0.0007
vn 0.0393 -0.8513 -0.5232
vn -0.1726 -0.8001 -0.5745
vn -0.2839 -0.9385 -0.1966
vn -0.3475 -0.7108 -0.6116
vn 0.0556 -0.4069 -0.9118
vn 0.1710 -0.1811 -0.9685
vn 0.6137 -0.3633 -0.7010
vn 0.3283 -0.5185 -0.7895
vn 0.3232 -0.9462 -0.0126
vn -0.1753 -0.5186 0.8368
vn 0.1099 -0.3629 0.9253
vn 0.2595 -0.9462 0.1932
vn -0.6137 -0.3633 0.7010
vn -0.3283 -0.5185 0.7895
vn -0.6051 -0.7927 -0.0748
vn 0.1753 -0.5186 -0.8369
vn -0.1098 -0.3629 -0.9253
vn -0.5413 -0.7927 -0.2805
vn -0.1492 0.8666 0.4761
vn 0.1483 0.8664 -0.4768
vn 0.1462 0.8666 -0.4771
vn -0.1871 0.8662 0.4634
vn -0.2598 0.4953 0.8289
vn 0.1431 0.8664 -0.4784
vn -0.1449 0.9865 0.0764
vn 0.0763 0.9865 0.1450
vn -0.1448 -0.9865 0.0763
vn -0.1814 0.1157 0.9766
vn 0.9080 0.1159 0.4027
vn 0.9080 -0.1158 0.4026
vn -0.3641 0.4843 0.7956
vn -0.6855 0.1123 -0.7194
vn 0.9721 -0.1123 -0.2057
vn 0.2057 -0.1123 0.9721
vn 0.4027 0.1158 -0.9080
vn 0.4027 -0.1158 -0.9080
vn -0.9766 0.1157 -0.1815
vn -0.1814 0.1158 0.9766
vn 0.1449 0.9865 -0.0763
vn -0.0764 0.9865 -0.1449
vn 0.1451 -0.9865 -0.0764
vn -0.2008 -0.4495 -0.8704
vn -0.8704 0.4495 0.2008
vn 0.7194 -0.1123 -0.6855
vn -0.4293 0.8677 -0.2506
vn -0.7956 0.4843 -0.3641
vn 0.1815 -0.1157 -0.9766
vn 0.4026 -0.1157 -0.9080
vn -0.0763 0.9865 -0.1449
vn 0.0763 0.9865 0.1449
vn -0.0764 -0.9865 -0.1449
vn 0.0362 0.8677 -0.4958
vn 0.0362 -0.8677 -0.4958
vn 0.1497 -0.4843 -0.8620
vn -0.2057 -0.1123 -0.9721
vn -0.0763 0.9865 -0.1448
vn -0.1448 0.9865 0.0763
vn -0.1449 -0.9865 0.0764
vn 0.7237 0.6803 0.1160
vn 0.6626 0.6799 0.3142
vn 0.8497 0.3444 0.3993
vn 0.9266 0.3444 0.1509
vn -0.9079 -0.1159 -0.4029
vn -0.9766 -0.1159 -0.1811
vn -0.9812 0.0906 -0.1705
vn -0.9057 0.0906 -0.4142
vn -0.0763 -0.9865 -0.1449
vn 0.9812 -0.0907 0.1702
vn 0.9055 -0.0908 0.4145
vn 0.9078 -0.1159 0.4030
vn 0.9766 -0.1159 0.1811
vn -0.1815 -0.1159 0.9765
vn -0.1727 -0.0117 0.9849
vn 0.4145 -0.0117 -0.9100
vn 0.4024 -0.1159 -0.9081
vn 0.9061 -0.0860 0.4143
vn 0.9816 -0.0860 0.1706
vn -0.1727 -0.0111 0.9849
vn -0.9812 0.0907 -0.1704
vn 0.1727 0.0117 -0.9849
vn -0.2147 0.1390 0.9667
vn -0.1417 0.0595 0.9881
vn -0.9060 0.1265 -0.4040
vn -0.9757 0.1265 -0.1791
vn 0.3707 0.1350 -0.9189
vn 0.2011 0.1089 -0.9735
vn 0.1816 -0.1159 -0.9765
vn 0.4145 -0.0111 -0.9100
vn 0.4421 0.0599 -0.8949
vn 0.2419 0.9679 -0.0685
vn 0.0697 0.9915 -0.1096
vn -0.0053 0.9912 0.1326
vn 0.1567 0.9666 0.2027
vn -0.3840 0.1112 0.9166
vn -0.4145 0.0117 0.9100
vn -0.4146 0.0117 0.9099
vn -0.4026 -0.1159 0.9080
vn 0.1449 -0.9865 -0.0763
vn 0.0763 -0.9865 0.1448
vn -0.1815 0.1157 0.9766
vn 0.1815 0.1157 -0.9766
vn 0.9766 -0.1157 0.1815
vn 0.9080 0.1158 0.4027
vn 0.0764 0.9865 0.1451
vn 0.1451 0.9865 -0.0764
vn 0.9079 0.1160 0.4028
vn -0.4026 0.1157 0.9080
vn -0.9079 -0.1160 -0.4028
vn 0.1449 0.9865 -0.0764
vn 0.0764 -0.9865 0.1449
vn -0.9266 0.3444 -0.1509
vn -0.7237 0.6803 -0.1160
vn -0.6624 0.6799 -0.3147
vn -0.8497 0.3444 -0.3993
vn 0.9056 0.0907 0.4143
vn 0.9812 0.0907 0.1704
vn 0.1448 -0.9865 -0.0763
vn -0.9766 -0.1158 -0.1811
vn -0.9812 -0.0906 -0.1704
vn -0.9056 -0.0906 -0.4143
vn -0.9080 -0.1157 -0.4028
vn -0.4025 -0.1159 0.9080
vn -0.4145 -0.0117 0.9100
vn 0.1727 -0.0117 -0.9849
vn -0.9816 -0.0860 -0.1705
vn -0.9060 -0.0860 -0.4144
vn -0.4145 -0.0111 0.9100
vn 0.9812 0.0906 0.1703
vn 0.4146 0.0117 -0.9099
vn 0.4145 0.0117 -0.9100
vn -0.3707 0.1353 0.9188
vn -0.4421 0.0599 0.8950
vn 0.9757 0.1265 0.1791
vn 0.9060 0.1265 0.4039
vn 0.2147 0.1392 -0.9667
vn 0.3840 0.1115 -0.9166
vn -0.0763 -0.9865 -0.1450
vn 0.1727 -0.0111 -0.9849
vn 0.1417 0.0594 -0.9881
vn -0.0697 0.9915 0.1097
vn 0.0054 0.9911 -0.1328
vn -0.1567 0.9666 -0.2028
vn -0.2419 0.9679 0.0687
vn -0.1727 0.0117 0.9849
vn -0.2011 0.1093 0.9734
vn -0.1816 -0.1159 0.9765
vn 0.4026 0.1157 -0.9080
vn -0.4027 0.1158 0.9080
vn -0.4026 -0.1157 0.9080
vn -0.5624 0.7720 0.2963
vn -0.1398 0.4620 -0.8758
vn -0.5672 0.4815 -0.6681
vn -0.2010 0.8074 -0.5546
vn -0.4794 0.8074 0.3438
vn -0.8457 0.4815 0.2303
vn -0.6105 0.4620 0.6433
vn 0.4628 0.8216 -0.3329
vn 0.6312 0.7403 -0.2314
vn 0.5330 0.5876 -0.6088
vn 0.3809 0.7374 0.5578
vn 0.1757 0.8148 0.5525
vn 0.0798 0.5847 0.8073
vn 0.2008 0.4495 0.8704
vn -0.6043 -0.4495 -0.6578
vn 0.2963 0.7720 0.5624
vn -0.6578 -0.4495 0.6043
vn -0.8704 -0.4495 0.2008
vn 0.4794 0.8074 -0.3438
vn 0.8457 0.4814 -0.2303
vn 0.6106 0.4620 -0.6432
vn 0.1398 0.4621 0.8757
vn 0.5672 0.4815 0.6681
vn 0.2010 0.8074 0.5547
vn -0.3809 0.7374 -0.5578
vn -0.1757 0.8148 -0.5525
vn -0.0798 0.5847 -0.8073
vn -0.4628 0.8216 0.3329
vn -0.6311 0.7403 0.2315
vn -0.5330 0.5876 0.6088
vn 0.1799 0.1725 0.9684
vn 0.1074 0.3983 0.9109
vn 0.3186 0.9169 0.2404
vn 0.3969 0.9179 -0.0057
vn 0.6074 0.3966 -0.6884
vn 0.6963 0.1727 -0.6966
vn -0.7291 0.0456 0.6829
vn -0.7189 -0.1122 0.6860
vn -0.2050 -0.1122 -0.9723
vn -0.2152 0.0456 -0.9755
vn 0.2049 -0.1123 0.9723
vn 0.2152 -0.0455 0.9755
vn 0.7291 -0.0455 -0.6829
vn 0.7189 -0.1123 -0.6860
vn 0.7291 -0.0432 -0.6830
vn 0.2152 -0.0432 0.9756
vn -0.7291 0.0455 0.6829
vn -0.2152 0.0455 -0.9755
vn -0.7081 0.1137 0.6969
vn -0.1900 0.1138 -0.9752
vn -0.3338 0.9153 -0.2252
vn -0.4026 0.9154 -0.0030
vn 0.3336 0.8338 -0.4399
vn 0.1732 0.8594 -0.4811
vn -0.1374 0.4715 0.8711
vn -0.2927 0.4681 0.8338
vn -0.3641 -0.4843 0.7956
vn -0.4294 -0.8677 -0.2505
vn -0.1799 0.1725 -0.9684
vn -0.1074 0.3983 -0.9109
vn -0.3186 0.9169 -0.2404
vn -0.3969 0.9178 0.0056
vn -0.6074 0.3965 0.6884
vn -0.6964 0.1727 0.6966
vn 0.7291 0.0456 -0.6829
vn 0.2152 0.0456 0.9755
vn -0.2050 -0.1123 -0.9723
vn -0.2152 -0.0455 -0.9755
vn -0.7291 -0.0455 0.6829
vn -0.7292 -0.0432 0.6830
vn -0.2151 -0.0432 -0.9756
vn 0.7291 0.0455 -0.6829
vn 0.2152 0.0455 0.9755
vn 0.3338 0.9154 0.2252
vn 0.4026 0.9154 0.0029
vn 0.7081 0.1137 -0.6969
vn 0.1900 0.1138 0.9752
vn 0.1289 0.8583 -0.4968
vn -0.0153 0.8271 -0.5618
vn -0.2289 0.4653 0.8551
vn -0.3858 0.4702 0.7938
vn -0.7956 -0.4843 -0.3640
vn 0.7194 0.1123 -0.6855
vn -0.6849 -0.1123 -0.7200
vn -0.9720 -0.1123 0.2065
vn 0.9720 -0.1123 -0.2064
vn 0.6848 -0.1123 0.7200
vn -0.9694 0.1188 0.2149
vn -0.8382 0.5277 -0.1379
vn -0.1288 0.8583 0.4967
vn -0.7692 0.5277 -0.3602
vn -0.6780 0.1189 -0.7254
vn 0.2290 0.4649 -0.8552
vn 0.0153 0.8272 0.5617
vn 0.5344 0.7977 0.2793
vn 0.4877 0.6202 0.6144
vn 0.7500 0.6211 -0.2275
vn 0.5970 0.7984 0.0784
vn 0.3859 0.4699 -0.7939
vn 0.9720 -0.1123 -0.2065
vn 0.6849 -0.1123 0.7199
vn -0.6849 -0.1123 -0.7199
vn -0.8620 -0.4843 -0.1497
vn 0.9694 0.1188 -0.2149
vn 0.8381 0.5277 0.1379
vn 0.2927 0.4683 -0.8337
vn 0.7693 0.5277 0.3603
vn 0.6780 0.1189 0.7254
vn -0.1732 0.8593 0.4813
vn 0.1375 0.4718 -0.8709
vn -0.5345 0.7977 -0.2793
vn -0.4877 0.6202 -0.6144
vn -0.7500 0.6211 0.2275
vn -0.5971 0.7984 -0.0783
vn -0.3336 0.8337 0.4401
vn 0.6226 0.3013 0.7222
vn 0.9219 0.3011 -0.2437
vn -0.9722 0.0794 0.2203
vn -0.6773 0.0794 -0.7315
vn 0.6773 -0.0794 0.7314
vn 0.9722 -0.0794 -0.2202
vn 0.9725 -0.0753 -0.2203
vn 0.6775 -0.0753 0.7316
vn -0.9722 0.0794 0.2202
vn -0.6226 0.3013 -0.7222
vn -0.9219 0.3011 0.2437
vn 0.9722 0.0794 -0.2203
vn 0.6773 0.0794 0.7314
vn -0.6774 -0.0794 -0.7314
vn -0.9722 -0.0794 0.2202
vn -0.9725 -0.0753 0.2203
vn -0.6775 -0.0753 -0.7316
vn 0.9722 0.0794 -0.2202
vn 0.6772 0.0794 0.7315
vt 0.506897 0.365925
vt 0.387248 0.365938
vt 0.369994 0.294046
vt 0.370137 0.293121
vt 0.370282 0.292195
vt 0.370428 0.291268
vt 0.506472 0.287501
vt 0.208263 0.473637
vt 0.327916 0.473631
vt 0.351677 0.541589
vt 0.351626 0.542526
vt 0.351574 0.543463
vt 0.351776 0.544562
vt 0.215827 0.548281
vt 0.506475 0.548123
vt 0.370162 0.544603
vt 0.370266 0.543497
vt 0.370114 0.542567
vt 0.369964 0.541637
vt 0.387254 0.473601
vt 0.506899 0.473623
vt 0.215852 0.287528
vt 0.351552 0.291362
vt 0.351624 0.292293
vt 0.351693 0.293223
vt 0.351760 0.294151
vt 0.327908 0.365969
vt 0.208260 0.365957
vt 0.320092 0.124724
vt 0.320092 0.045421
vt 0.364161 0.045421
vt 0.364161 0.124724
vt 0.637510 0.997503
vt 0.541749 0.997490
vt 0.541755 0.642797
vt 0.637515 0.642809
vt 0.953164 0.159874
vt 0.822034 0.159874
vt 0.822034 0.126126
vt 0.953164 0.126126
vt 0.662569 0.642797
vt 0.758329 0.642809
vt 0.758326 0.997503
vt 0.662565 0.997490
vt 0.538465 0.642809
vt 0.538459 0.997516
vt 0.519985 0.997491
vt 0.519991 0.642797
vt 0.640801 0.997491
vt 0.640805 0.642797
vt 0.659279 0.642809
vt 0.659275 0.997516
vt 0.367749 0.128417
vt 0.367026 0.126701
vt 0.370675 0.127059
vt 0.370683 0.043172
vt 0.367049 0.043555
vt 0.367711 0.041827
vt 0.313516 0.127065
vt 0.317140 0.126689
vt 0.316480 0.128395
vt 0.316432 0.041837
vt 0.317165 0.043537
vt 0.313510 0.043198
vt 0.956433 0.123934
vt 0.957024 0.121141
vt 0.959271 0.123380
vt 0.816090 0.123406
vt 0.818313 0.121129
vt 0.818948 0.123913
vt 0.957036 0.164910
vt 0.956415 0.162135
vt 0.959236 0.162640
vt 0.816109 0.162676
vt 0.818920 0.162116
vt 0.818359 0.164914
vt 0.662049 0.641967
vt 0.758667 0.641967
vt 0.519908 0.641967
vt 0.538562 0.641967
vt 0.541294 0.641967
vt 0.637913 0.641967
vt 0.640663 0.641967
vt 0.659316 0.641967
vt 0.539714 0.642738
vt 0.539727 0.997651
vt 0.820707 0.123480
vt 0.954628 0.123490
vt 0.639552 0.997570
vt 0.639538 0.642637
vt 0.538373 0.998333
vt 0.519707 0.998333
vt 0.758607 0.998333
vt 0.661937 0.998333
vt 0.659189 0.998333
vt 0.640522 0.998333
vt 0.518736 0.997573
vt 0.518724 0.642640
vt 0.660529 0.642740
vt 0.660542 0.997651
vt 0.370926 0.125618
vt 0.367608 0.125609
vt 0.364543 0.127023
vt 0.364826 0.128421
vt 0.660288 0.641967
vt 0.661545 0.642106
vt 0.661736 0.642783
vt 0.364808 0.041839
vt 0.364584 0.043293
vt 0.367612 0.044619
vt 0.370971 0.044586
vt 0.517528 0.642735
vt 0.517636 0.641967
vt 0.518816 0.641967
vt 0.759159 0.642728
vt 0.759159 0.641967
vt 0.319402 0.128395
vt 0.319647 0.127013
vt 0.316534 0.125539
vt 0.313224 0.125624
vt 0.638343 0.642739
vt 0.638397 0.641967
vt 0.639583 0.641967
vt 0.313268 0.044594
vt 0.316533 0.044662
vt 0.319638 0.043297
vt 0.319382 0.041814
vt 0.539527 0.641967
vt 0.540778 0.642106
vt 0.540922 0.642780
vt 0.639580 0.998333
vt 0.638344 0.998196
vt 0.638343 0.997529
vt 0.954643 0.120949
vt 0.956965 0.125834
vt 0.959277 0.125618
vt 0.637792 0.998333
vt 0.820652 0.120908
vt 0.540923 0.997514
vt 0.540664 0.998333
vt 0.539499 0.998333
vt 0.816110 0.125630
vt 0.818515 0.125801
vt 0.541121 0.998333
vt 0.959235 0.160403
vt 0.956951 0.160215
vt 0.954513 0.162599
vt 0.954654 0.165134
vt 0.661738 0.997514
vt 0.661480 0.998333
vt 0.660315 0.998333
vt 0.820667 0.165100
vt 0.820779 0.162600
vt 0.818523 0.160221
vt 0.816071 0.160417
vt 0.518764 0.998333
vt 0.517528 0.998333
vt 0.517528 0.997666
vt 0.759159 0.997501
vt 0.759159 0.998168
vt 0.825449 0.036110
vt 0.956159 0.036110
vt 0.956159 0.052859
vt 0.825449 0.052859
vt 0.638145 0.313190
vt 0.518366 0.313179
vt 0.518551 0.068484
vt 0.638250 0.068495
vt 0.433220 0.124367
vt 0.433220 0.042532
vt 0.470478 0.042532
vt 0.470478 0.124367
vt 0.656187 0.068484
vt 0.775886 0.068495
vt 0.775871 0.313190
vt 0.656094 0.313179
vt 0.790218 0.068495
vt 0.790212 0.313190
vt 0.779480 0.313179
vt 0.779492 0.068484
vt 0.641752 0.313179
vt 0.641856 0.068484
vt 0.652581 0.068495
vt 0.652486 0.313190
vt 0.819111 0.055271
vt 0.822001 0.054938
vt 0.821235 0.057695
vt 0.960176 0.057704
vt 0.959392 0.054953
vt 0.962317 0.055282
vt 0.821258 0.031246
vt 0.822028 0.033992
vt 0.819142 0.033664
vt 0.962292 0.033671
vt 0.959430 0.034007
vt 0.960162 0.031247
vt 0.475105 0.126526
vt 0.481237 0.127006
vt 0.475841 0.128336
vt 0.475866 0.038677
vt 0.481252 0.040018
vt 0.475132 0.040508
vt 0.422401 0.126991
vt 0.428510 0.126509
vt 0.427782 0.128316
vt 0.427796 0.038692
vt 0.428544 0.040484
vt 0.422404 0.040026
vt 0.655631 0.067736
vt 0.776448 0.067736
vt 0.779460 0.067736
vt 0.790281 0.067736
vt 0.517995 0.067736
vt 0.638812 0.067736
vt 0.641824 0.067736
vt 0.652645 0.067736
vt 0.791658 0.068410
vt 0.791696 0.313329
vt 0.476254 0.041603
vt 0.476276 0.125398
vt 0.640320 0.313241
vt 0.640394 0.068345
vt 0.790412 0.313938
vt 0.779584 0.313938
vt 0.776596 0.313938
vt 0.655707 0.313938
vt 0.652693 0.313938
vt 0.641866 0.313938
vt 0.778040 0.313241
vt 0.778030 0.068345
vt 0.654021 0.068433
vt 0.653976 0.313329
vt 0.823720 0.058005
vt 0.823802 0.055463
vt 0.821556 0.053019
vt 0.819320 0.053056
vt 0.653780 0.067736
vt 0.655164 0.067865
vt 0.655351 0.068473
vt 0.962114 0.053064
vt 0.959730 0.053042
vt 0.957642 0.055458
vt 0.957745 0.058040
vt 0.776719 0.068457
vt 0.776886 0.067736
vt 0.778169 0.067736
vt 0.819325 0.035889
vt 0.821571 0.035923
vt 0.823932 0.033471
vt 0.823739 0.030907
vt 0.639083 0.068457
vt 0.639250 0.067736
vt 0.640533 0.067736
vt 0.957760 0.030941
vt 0.957575 0.033463
vt 0.959722 0.035920
vt 0.962116 0.035896
vt 0.791416 0.067736
vt 0.792801 0.067736
vt 0.792987 0.068328
vt 0.517714 0.068485
vt 0.517528 0.067885
vt 0.640731 0.313938
vt 0.639314 0.313809
vt 0.638984 0.313200
vt 0.481930 0.125450
vt 0.470834 0.126804
vt 0.470916 0.128204
vt 0.638878 0.313938
vt 0.481998 0.041540
vt 0.792987 0.313243
vt 0.792987 0.313938
vt 0.791703 0.313938
vt 0.470933 0.038804
vt 0.470884 0.040296
vt 0.517528 0.313160
vt 0.517989 0.313938
vt 0.517528 0.313845
vt 0.432730 0.128201
vt 0.432806 0.126795
vt 0.427350 0.125317
vt 0.421647 0.125438
vt 0.655265 0.313217
vt 0.655269 0.313938
vt 0.653985 0.313938
vt 0.421724 0.041530
vt 0.427333 0.041645
vt 0.432798 0.040301
vt 0.432745 0.038802
vt 0.778449 0.313938
vt 0.777032 0.313809
vt 0.776708 0.313200
vt 0.887194 0.317086
vt 0.819147 0.317086
vt 0.819147 0.342358
vt 0.887194 0.342358
vt 0.879403 0.724082
vt 0.799159 0.724072
vt 0.799137 0.997681
vt 0.879381 0.997691
vt 0.984366 0.317086
vt 0.916234 0.317086
vt 0.916234 0.342358
vt 0.984366 0.342358
vt 0.911955 0.997681
vt 0.992199 0.997691
vt 0.992221 0.724082
vt 0.911977 0.724072
vt 0.794712 0.997691
vt 0.794734 0.724082
vt 0.771009 0.724072
vt 0.770988 0.997681
vt 0.883828 0.724072
vt 0.883806 0.997681
vt 0.907530 0.997691
vt 0.907552 0.724082
vt 0.891467 0.344435
vt 0.889344 0.344056
vt 0.889793 0.346135
vt 0.816662 0.346138
vt 0.817067 0.344041
vt 0.814953 0.344462
vt 0.889780 0.313347
vt 0.889358 0.315439
vt 0.891486 0.315024
vt 0.814944 0.315044
vt 0.817087 0.315423
vt 0.816630 0.313338
vt 0.986517 0.344056
vt 0.986967 0.346135
vt 0.988644 0.344435
vt 0.912034 0.344462
vt 0.913745 0.346138
vt 0.914151 0.344042
vt 0.986955 0.313345
vt 0.986533 0.315438
vt 0.988664 0.315023
vt 0.912027 0.315044
vt 0.914172 0.315425
vt 0.913716 0.313340
vt 0.911398 0.998333
vt 0.992741 0.998333
vt 0.770798 0.998333
vt 0.794869 0.998333
vt 0.798580 0.998333
vt 0.879923 0.998333
vt 0.883616 0.998333
vt 0.907687 0.998333
vt 0.796333 0.997813
vt 0.796333 0.724009
vt 0.915573 0.344404
vt 0.985073 0.344404
vt 0.882207 0.723947
vt 0.882207 0.997750
vt 0.794811 0.723430
vt 0.770742 0.723430
vt 0.992665 0.723430
vt 0.911324 0.723430
vt 0.907629 0.723430
vt 0.883560 0.723430
vt 0.769389 0.723947
vt 0.769389 0.997756
vt 0.909151 0.997813
vt 0.909151 0.724009
vt 0.888031 0.346302
vt 0.887901 0.344404
vt 0.889732 0.342618
vt 0.891525 0.342758
vt 0.909062 0.998333
vt 0.910658 0.998333
vt 0.910753 0.997733
vt 0.814867 0.342769
vt 0.816759 0.342623
vt 0.818488 0.344404
vt 0.818380 0.346276
vt 0.993411 0.997794
vt 0.993552 0.998333
vt 0.995025 0.998333
vt 0.995025 0.997743
vt 0.769582 0.998333
vt 0.891556 0.316701
vt 0.889740 0.316863
vt 0.887964 0.315107
vt 0.888022 0.313204
vt 0.880592 0.997794
vt 0.880734 0.998333
vt 0.882400 0.998333
vt 0.818368 0.313173
vt 0.818455 0.315099
vt 0.816755 0.316837
vt 0.814897 0.316710
vt 0.796244 0.998333
vt 0.797840 0.998333
vt 0.797935 0.997733
vt 0.882207 0.723430
vt 0.880601 0.723430
vt 0.880605 0.724019
vt 0.985203 0.346302
vt 0.986906 0.342618
vt 0.988701 0.342758
vt 0.879847 0.723430
vt 0.915465 0.346276
vt 0.797948 0.723984
vt 0.797717 0.723430
vt 0.796040 0.723430
vt 0.911948 0.342769
vt 0.913842 0.342623
vt 0.798506 0.723430
vt 0.988734 0.316700
vt 0.986915 0.316862
vt 0.985137 0.315104
vt 0.985196 0.313202
vt 0.910766 0.723984
vt 0.910535 0.723430
vt 0.908859 0.723430
vt 0.915455 0.313175
vt 0.915541 0.315101
vt 0.913840 0.316838
vt 0.911979 0.316710
vt 0.995025 0.723947
vt 0.995025 0.723430
vt 0.993419 0.723430
vt 0.993423 0.724019
vt 0.769389 0.723430
vt 0.219920 0.612680
vt 0.348384 0.612705
vt 0.348424 0.774994
vt 0.219902 0.774955
vt 0.351866 0.612693
vt 0.368751 0.612745
vt 0.368720 0.774998
vt 0.351878 0.774980
vt 0.219905 0.859380
vt 0.348427 0.859416
vt 0.348369 0.997569
vt 0.219899 0.997545
vt 0.368723 0.859402
vt 0.351881 0.859402
vt 0.372008 0.859393
vt 0.500544 0.859382
vt 0.500479 0.997509
vt 0.372009 0.997514
vt 0.216621 0.997552
vt 0.199741 0.997498
vt 0.199779 0.859368
vt 0.216619 0.859388
vt 0.199776 0.774961
vt 0.216616 0.774963
vt 0.372028 0.612740
vt 0.500494 0.612744
vt 0.500541 0.774976
vt 0.372005 0.774990
vt 0.199757 0.612727
vt 0.216641 0.612687
vt 0.368732 0.997522
vt 0.351850 0.997554
vt 0.314940 0.214988
vt 0.314940 0.193894
vt 0.493564 0.190440
vt 0.493564 0.211534
vt 0.854174 0.688102
vt 0.823455 0.688102
vt 0.829087 0.504768
vt 0.859807 0.504768
vt 0.856953 0.695572
vt 0.856394 0.692249
vt 0.859428 0.692990
vt 0.818116 0.692949
vt 0.821013 0.692227
vt 0.820454 0.695477
vt 0.500583 0.213475
vt 0.498102 0.215195
vt 0.497369 0.213116
vt 0.497385 0.188823
vt 0.498043 0.186820
vt 0.500585 0.188402
vt 0.310892 0.216695
vt 0.310272 0.218767
vt 0.307753 0.217194
vt 0.307656 0.192129
vt 0.310119 0.190400
vt 0.310918 0.192401
vt 0.865276 0.500154
vt 0.862271 0.500876
vt 0.862942 0.497582
vt 0.826441 0.497543
vt 0.826893 0.500838
vt 0.823953 0.500118
vt 0.350487 0.774923
vt 0.350482 0.612537
vt 0.495299 0.213499
vt 0.313031 0.217000
vt 0.217934 0.612634
vt 0.217921 0.774988
vt 0.371241 0.775011
vt 0.371263 0.612734
vt 0.497844 0.190172
vt 0.497825 0.211691
vt 0.349221 0.612628
vt 0.349243 0.774941
vt 0.862669 0.502859
vt 0.856932 0.690199
vt 0.350485 0.997620
vt 0.350492 0.859398
vt 0.217927 0.859462
vt 0.217936 0.997699
vt 0.371241 0.859432
vt 0.349248 0.859387
vt 0.820589 0.690037
vt 0.826310 0.502971
vt 0.198375 0.997596
vt 0.198375 0.859391
vt 0.370038 0.859469
vt 0.370044 0.997670
vt 0.828926 0.500395
vt 0.860262 0.500380
vt 0.501347 0.774930
vt 0.501347 0.859362
vt 0.219127 0.859424
vt 0.219121 0.774984
vt 0.198375 0.774924
vt 0.198375 0.612569
vt 0.312913 0.192044
vt 0.495440 0.188534
vt 0.370047 0.612691
vt 0.370038 0.775015
vt 0.310286 0.215301
vt 0.310281 0.193806
vt 0.501336 0.612667
vt 0.219149 0.612676
vt 0.854314 0.692889
vt 0.823011 0.692861
vt 0.351665 0.611916
vt 0.368678 0.611916
vt 0.199537 0.611916
vt 0.216565 0.611916
vt 0.216674 0.998333
vt 0.199650 0.998333
vt 0.501005 0.998333
vt 0.371542 0.998333
vt 0.368797 0.998333
vt 0.351774 0.998333
vt 0.348896 0.998333
vt 0.219430 0.998333
vt 0.371401 0.611916
vt 0.500868 0.611916
vt 0.219304 0.611916
vt 0.348768 0.611916
vt 0.495453 0.215394
vt 0.349232 0.611916
vt 0.350486 0.611916
vt 0.500502 0.211816
vt 0.369701 0.611916
vt 0.370972 0.612050
vt 0.495400 0.186710
vt 0.500546 0.190018
vt 0.859701 0.690179
vt 0.854540 0.695484
vt 0.350708 0.998333
vt 0.349378 0.998199
vt 0.349213 0.997580
vt 0.822799 0.695421
vt 0.817923 0.690154
vt 0.371242 0.997559
vt 0.371110 0.998333
vt 0.369937 0.998333
vt 0.860584 0.497666
vt 0.865429 0.502872
vt 0.219138 0.997591
vt 0.219009 0.998333
vt 0.217831 0.998333
vt 0.823649 0.502839
vt 0.828843 0.497590
vt 0.502595 0.997576
vt 0.502595 0.998333
vt 0.501486 0.998200
vt 0.501318 0.997526
vt 0.198594 0.998333
vt 0.217599 0.611916
vt 0.218872 0.612048
vt 0.312959 0.218851
vt 0.307764 0.215547
vt 0.312886 0.190165
vt 0.501344 0.611916
vt 0.502595 0.611916
vt 0.502595 0.612569
vt 0.307785 0.193755
vt 0.198375 0.611916
vt 0.502595 0.859378
vt 0.502595 0.774916
vt 0.819940 0.262404
vt 0.987581 0.262404
vt 0.987581 0.275682
vt 0.819940 0.275682
vt 0.363802 0.327958
vt 0.362923 0.365948
vt 0.821870 0.079961
vt 0.952365 0.079961
vt 0.952365 0.096712
vt 0.821870 0.096712
vt 0.201475 0.600946
vt 0.201207 0.548230
vt 0.212181 0.548266
vt 0.213464 0.600953
vt 0.367816 0.600921
vt 0.355822 0.600906
vt 0.355577 0.546485
vt 0.366581 0.546446
vt 0.199949 0.419169
vt 0.206231 0.419232
vt 0.206032 0.442879
vt 0.199902 0.442903
vt 0.362925 0.473605
vt 0.363638 0.507474
vt 0.506153 0.600984
vt 0.371848 0.600909
vt 0.351791 0.600922
vt 0.217478 0.600963
vt 0.367926 0.233090
vt 0.366605 0.289251
vt 0.355544 0.289257
vt 0.355922 0.233077
vt 0.354670 0.507541
vt 0.352236 0.473630
vt 0.201457 0.233046
vt 0.213456 0.233052
vt 0.212200 0.287443
vt 0.201205 0.287369
vt 0.331311 0.394227
vt 0.207933 0.394218
vt 0.206281 0.473633
vt 0.199960 0.473634
vt 0.328698 0.419534
vt 0.208201 0.419246
vt 0.217495 0.233015
vt 0.351888 0.233090
vt 0.371960 0.233076
vt 0.506359 0.233036
vt 0.352233 0.365976
vt 0.354924 0.327925
vt 0.356682 0.325690
vt 0.355469 0.292783
vt 0.366393 0.292786
vt 0.362252 0.325668
vt 0.199955 0.365858
vt 0.206275 0.365954
vt 0.206015 0.394219
vt 0.199898 0.394202
vt 0.361888 0.506405
vt 0.356319 0.506424
vt 0.354297 0.473617
vt 0.360864 0.473606
vt 0.362076 0.509788
vt 0.366363 0.542853
vt 0.355417 0.542901
vt 0.356455 0.509809
vt 0.383752 0.442902
vt 0.506904 0.442914
vt 0.386419 0.419485
vt 0.506903 0.419204
vt 0.331108 0.442880
vt 0.207954 0.442879
vt 0.360862 0.365950
vt 0.354294 0.365876
vt 0.356556 0.329056
vt 0.362070 0.329036
vt 0.360818 0.419233
vt 0.354285 0.419213
vt 0.354219 0.394166
vt 0.360618 0.394253
vt 0.362621 0.394262
vt 0.383528 0.394253
vt 0.362867 0.419240
vt 0.352216 0.394231
vt 0.352236 0.419285
vt 0.506904 0.394248
vt 0.362641 0.442909
vt 0.352217 0.442882
vt 0.360634 0.442901
vt 0.354224 0.442854
vt 0.811522 0.277571
vt 0.815396 0.277327
vt 0.814233 0.279498
vt 0.992741 0.279521
vt 0.991733 0.277340
vt 0.995485 0.277601
vt 0.814255 0.258566
vt 0.815428 0.260728
vt 0.811562 0.260489
vt 0.995452 0.260471
vt 0.991780 0.260738
vt 0.992723 0.258550
vt 0.815311 0.099095
vt 0.818330 0.098788
vt 0.817421 0.101526
vt 0.956381 0.101555
vt 0.955597 0.098804
vt 0.958517 0.099133
vt 0.817439 0.075119
vt 0.818355 0.077846
vt 0.815342 0.077546
vt 0.958492 0.077523
vt 0.955633 0.077859
vt 0.956367 0.075099
vt 0.366494 0.543851
vt 0.367871 0.542653
vt 0.367996 0.543689
vt 0.355403 0.545117
vt 0.354049 0.546200
vt 0.353881 0.544908
vt 0.355429 0.291789
vt 0.353946 0.292891
vt 0.353913 0.291877
vt 0.369190 0.293401
vt 0.369326 0.292446
vt 0.362584 0.507485
vt 0.363190 0.508031
vt 0.362573 0.508783
vt 0.355776 0.508788
vt 0.355164 0.507858
vt 0.355813 0.507547
vt 0.355966 0.327982
vt 0.355417 0.327409
vt 0.356097 0.326691
vt 0.362829 0.326683
vt 0.363345 0.327628
vt 0.362675 0.327918
vt 0.216890 0.232086
vt 0.352419 0.232086
vt 0.355791 0.232086
vt 0.367901 0.232086
vt 0.371245 0.232086
vt 0.506778 0.232086
vt 0.201436 0.232086
vt 0.213550 0.232086
vt 0.367873 0.292987
vt 0.362975 0.326072
vt 0.362779 0.328914
vt 0.361749 0.365949
vt 0.506769 0.601913
vt 0.371239 0.601913
vt 0.367869 0.601913
vt 0.355758 0.601913
vt 0.352416 0.601913
vt 0.216888 0.601913
vt 0.213511 0.601913
vt 0.201398 0.601913
vt 0.216543 0.601016
vt 0.215004 0.548355
vt 0.507298 0.548171
vt 0.507090 0.600980
vt 0.355377 0.543890
vt 0.352671 0.545409
vt 0.352726 0.600935
vt 0.370917 0.600961
vt 0.369400 0.545639
vt 0.207560 0.442857
vt 0.207805 0.419263
vt 0.507298 0.419136
vt 0.507298 0.442899
vt 0.362772 0.509442
vt 0.361752 0.473605
vt 0.362644 0.506577
vt 0.352821 0.233021
vt 0.352532 0.290281
vt 0.366529 0.291808
vt 0.369513 0.290342
vt 0.371025 0.233068
vt 0.353914 0.542731
vt 0.355686 0.509403
vt 0.355614 0.506549
vt 0.353410 0.473609
vt 0.215034 0.287437
vt 0.216558 0.233004
vt 0.507298 0.232948
vt 0.507298 0.287365
vt 0.207135 0.365964
vt 0.206840 0.394206
vt 0.207862 0.473648
vt 0.507298 0.473582
vt 0.207088 0.419248
vt 0.355961 0.326035
vt 0.353406 0.365897
vt 0.355824 0.328885
vt 0.356634 0.327830
vt 0.362125 0.327803
vt 0.507298 0.365858
vt 0.507298 0.394224
vt 0.199094 0.365902
vt 0.199701 0.287283
vt 0.356449 0.508843
vt 0.362011 0.508824
vt 0.207142 0.473640
vt 0.213682 0.548268
vt 0.199707 0.548305
vt 0.199100 0.473677
vt 0.352624 0.394210
vt 0.352655 0.419257
vt 0.362448 0.419235
vt 0.362213 0.394260
vt 0.207860 0.365969
vt 0.352655 0.365944
vt 0.362501 0.365949
vt 0.361500 0.442904
vt 0.361701 0.419232
vt 0.353358 0.442850
vt 0.353402 0.419223
vt 0.817462 0.279745
vt 0.817768 0.277746
vt 0.814820 0.275809
vt 0.811845 0.275836
vt 0.215063 0.232957
vt 0.214807 0.232086
vt 0.216359 0.232247
vt 0.995223 0.275844
vt 0.992165 0.275826
vt 0.989489 0.277740
vt 0.989628 0.279787
vt 0.352919 0.232086
vt 0.354364 0.232086
vt 0.354287 0.232891
vt 0.811852 0.262232
vt 0.814840 0.262256
vt 0.817930 0.260311
vt 0.817487 0.258294
vt 0.198375 0.232959
vt 0.198556 0.232086
vt 0.199990 0.232086
vt 0.199834 0.232851
vt 0.507298 0.232086
vt 0.989645 0.258308
vt 0.989402 0.260307
vt 0.992155 0.262254
vt 0.995226 0.262235
vt 0.369537 0.233017
vt 0.369183 0.232086
vt 0.370741 0.232254
vt 0.819936 0.101838
vt 0.820178 0.099316
vt 0.817882 0.096873
vt 0.815564 0.096906
vt 0.199869 0.601070
vt 0.200139 0.601913
vt 0.198587 0.601913
vt 0.198375 0.601177
vt 0.507298 0.601729
vt 0.958313 0.096916
vt 0.955933 0.096894
vt 0.953850 0.099308
vt 0.953958 0.101891
vt 0.370748 0.601913
vt 0.369310 0.601913
vt 0.369451 0.601103
vt 0.815569 0.079744
vt 0.817898 0.079774
vt 0.820304 0.077321
vt 0.819955 0.074777
vt 0.216387 0.601913
vt 0.214952 0.601913
vt 0.215086 0.601149
vt 0.953971 0.074793
vt 0.953782 0.077315
vt 0.955925 0.079772
vt 0.958315 0.079748
vt 0.354212 0.600986
vt 0.354486 0.601913
vt 0.352937 0.601746
vt 0.369440 0.544390
vt 0.369316 0.543297
vt 0.369170 0.542305
vt 0.368018 0.546230
vt 0.368060 0.544913
vt 0.366559 0.545087
vt 0.352545 0.542211
vt 0.352505 0.543181
vt 0.352508 0.544258
vt 0.353857 0.543725
vt 0.352523 0.291425
vt 0.352550 0.292510
vt 0.352609 0.293466
vt 0.354061 0.289395
vt 0.353958 0.290666
vt 0.355475 0.290567
vt 0.368131 0.289590
vt 0.368118 0.290816
vt 0.366621 0.290589
vt 0.368027 0.291993
vt 0.369429 0.291380
vt 0.363371 0.508582
vt 0.363266 0.506961
vt 0.361924 0.507638
vt 0.354984 0.506990
vt 0.355051 0.508586
vt 0.356380 0.507663
vt 0.355289 0.326850
vt 0.355244 0.328461
vt 0.356657 0.326651
vt 0.363441 0.328496
vt 0.363525 0.326907
vt 0.362167 0.326629
vt 0.198375 0.548341
vt 0.206859 0.442867
vt 0.198375 0.419240
vt 0.199092 0.419207
vt 0.199075 0.442964
vt 0.198375 0.443016
vt 0.362503 0.473605
vt 0.352658 0.473618
vt 0.213703 0.287455
vt 0.198375 0.287404
vt 0.207539 0.394195
vt 0.198375 0.473714
vt 0.198375 0.365936
vt 0.199074 0.394264
vt 0.198375 0.394316
vt 0.353355 0.394174
vt 0.361482 0.394257
vt 0.362231 0.442908
vt 0.352626 0.442868
vt 0.982065 0.395435
vt 0.821337 0.395435
vt 0.821337 0.370148
vt 0.982065 0.370148
vt 0.792466 0.324982
vt 0.792454 0.451106
vt 0.518272 0.451011
vt 0.518283 0.324823
vt 0.493186 0.163398
vt 0.314837 0.163398
vt 0.314837 0.138713
vt 0.493186 0.138713
vt 0.518272 0.605020
vt 0.518283 0.478832
vt 0.792466 0.478914
vt 0.792454 0.605038
vt 0.518283 0.454610
vt 0.792466 0.454705
vt 0.792454 0.475316
vt 0.518272 0.475233
vt 0.792454 0.629248
vt 0.518272 0.629242
vt 0.518283 0.608620
vt 0.792466 0.608637
vt 0.988734 0.368091
vt 0.985732 0.368506
vt 0.986374 0.366413
vt 0.817205 0.366408
vt 0.817890 0.368493
vt 0.814867 0.368113
vt 0.986381 0.399206
vt 0.985712 0.397127
vt 0.988690 0.397506
vt 0.814889 0.397533
vt 0.817857 0.397113
vt 0.817254 0.399210
vt 0.497255 0.137112
vt 0.497967 0.135069
vt 0.500585 0.136706
vt 0.307656 0.136726
vt 0.310250 0.135060
vt 0.311011 0.137096
vt 0.497977 0.167080
vt 0.497234 0.165050
vt 0.500539 0.165420
vt 0.307683 0.165446
vt 0.310976 0.165036
vt 0.310307 0.167083
vt 0.517528 0.605663
vt 0.517528 0.478455
vt 0.517528 0.475448
vt 0.517528 0.454646
vt 0.517528 0.451660
vt 0.517528 0.324453
vt 0.517528 0.629451
vt 0.517528 0.608648
vt 0.518219 0.453226
vt 0.792605 0.453293
vt 0.313036 0.136779
vt 0.495170 0.136787
vt 0.792537 0.630639
vt 0.518132 0.630670
vt 0.793209 0.454629
vt 0.793209 0.475422
vt 0.793209 0.478406
vt 0.793209 0.605555
vt 0.793209 0.608561
vt 0.793209 0.629354
vt 0.792518 0.476707
vt 0.518132 0.476667
vt 0.518219 0.607229
vt 0.792605 0.607225
vt 0.983834 0.366268
vt 0.983853 0.368172
vt 0.986307 0.369930
vt 0.988693 0.369768
vt 0.517528 0.607570
vt 0.517654 0.606172
vt 0.518258 0.605904
vt 0.814935 0.369779
vt 0.817438 0.369907
vt 0.819715 0.368170
vt 0.819689 0.366243
vt 0.518235 0.477959
vt 0.517528 0.477961
vt 0.517528 0.476672
vt 0.988646 0.395829
vt 0.986288 0.395688
vt 0.983712 0.397474
vt 0.983844 0.399374
vt 0.518217 0.631964
vt 0.517528 0.631964
vt 0.517528 0.630675
vt 0.518302 0.323941
vt 0.517620 0.323941
vt 0.819704 0.399349
vt 0.819805 0.397475
vt 0.817446 0.395694
vt 0.814891 0.395841
vt 0.517528 0.453567
vt 0.517654 0.452169
vt 0.518258 0.451896
vt 0.793209 0.630432
vt 0.793209 0.631805
vt 0.792619 0.631964
vt 0.495149 0.134928
vt 0.497893 0.138502
vt 0.500540 0.138343
vt 0.793209 0.324474
vt 0.792464 0.324100
vt 0.793061 0.323941
vt 0.313007 0.134898
vt 0.792503 0.451984
vt 0.793209 0.452117
vt 0.793209 0.453405
vt 0.307731 0.138352
vt 0.310509 0.138477
vt 0.793209 0.451623
vt 0.500490 0.163784
vt 0.497874 0.163646
vt 0.495015 0.165389
vt 0.495161 0.167244
vt 0.792503 0.605916
vt 0.793209 0.606049
vt 0.793209 0.607337
vt 0.313025 0.167220
vt 0.313137 0.165390
vt 0.310520 0.163651
vt 0.307685 0.163794
vt 0.793209 0.476500
vt 0.793084 0.477873
vt 0.792479 0.478032
vt 0.075275 0.997654
vt 0.005555 0.997656
vt 0.015863 0.988420
vt 0.065202 0.988392
vt 0.114280 0.244889
vt 0.166968 0.244900
vt 0.166975 0.554274
vt 0.114311 0.554309
vt 0.934709 0.508253
vt 0.934709 0.684872
vt 0.899366 0.684872
vt 0.899366 0.508253
vt 0.073932 0.555029
vt 0.020914 0.555017
vt 0.020907 0.244887
vt 0.073900 0.244898
vt 0.001705 0.555020
vt 0.001705 0.244907
vt 0.017468 0.244899
vt 0.017456 0.555024
vt 0.093102 0.244905
vt 0.093139 0.554495
vt 0.077389 0.555113
vt 0.077339 0.244888
vt 0.020901 0.598998
vt 0.073872 0.599052
vt 0.001705 0.598997
vt 0.017446 0.599001
vt 0.114251 0.598230
vt 0.166962 0.598148
vt 0.093068 0.598446
vt 0.110866 0.554318
vt 0.110804 0.598242
vt 0.002921 0.996921
vt 0.012553 0.987906
vt 0.098177 0.997684
vt 0.167780 0.997699
vt 0.077914 0.997245
vt 0.094615 0.997648
vt 0.966393 0.508253
vt 0.966393 0.684872
vt 0.110851 0.244900
vt 0.077327 0.599144
vt 0.068536 0.987876
vt 0.831164 0.214020
vt 0.831164 0.186431
vt 0.930448 0.186431
vt 0.930448 0.214020
vt 0.188146 0.997406
vt 0.171402 0.997638
vt 0.170409 0.598222
vt 0.188146 0.599226
vt 0.170420 0.554340
vt 0.188146 0.555221
vt 0.170396 0.244889
vt 0.188146 0.244907
vt 0.916320 0.470121
vt 0.984484 0.470121
vt 0.984484 0.423349
vt 0.916320 0.423349
vt 0.299765 0.220888
vt 0.299776 0.159356
vt 0.002416 0.159344
vt 0.002406 0.220876
vt 0.819192 0.470118
vt 0.887355 0.470118
vt 0.887355 0.423347
vt 0.819192 0.423347
vt 0.002416 0.050790
vt 0.002406 0.112323
vt 0.299765 0.112335
vt 0.299776 0.050802
vt 0.002406 0.155346
vt 0.299765 0.155358
vt 0.299776 0.116333
vt 0.002416 0.116321
vt 0.299776 0.007779
vt 0.002416 0.007767
vt 0.002406 0.046792
vt 0.299765 0.046804
vt 0.897006 0.503482
vt 0.894025 0.502426
vt 0.896396 0.498010
vt 0.896413 0.695079
vt 0.894004 0.690709
vt 0.896974 0.689571
vt 0.969303 0.498023
vt 0.971717 0.502398
vt 0.968746 0.503554
vt 0.968717 0.689639
vt 0.971698 0.690708
vt 0.969325 0.695133
vt 0.825074 0.184014
vt 0.827506 0.181489
vt 0.828220 0.184273
vt 0.933536 0.184300
vt 0.934201 0.181502
vt 0.936663 0.183994
vt 0.828112 0.217333
vt 0.827710 0.221322
vt 0.824900 0.219911
vt 0.934052 0.221413
vt 0.933527 0.217341
vt 0.936851 0.219986
vt 0.912078 0.421137
vt 0.914219 0.421522
vt 0.913761 0.419448
vt 0.986932 0.419442
vt 0.986518 0.421539
vt 0.988648 0.421108
vt 0.662494 0.022033
vt 0.663953 0.014574
vt 0.656394 0.016103
vt 0.930211 0.016037
vt 0.922599 0.014621
vt 0.924183 0.022071
vt 0.817089 0.421520
vt 0.816631 0.419445
vt 0.814948 0.421135
vt 0.891518 0.421106
vt 0.889802 0.419440
vt 0.889388 0.421537
vt 0.354563 0.023900
vt 0.356020 0.016442
vt 0.348462 0.017973
vt 0.622279 0.017913
vt 0.614666 0.016500
vt 0.616252 0.023950
vt 0.013595 0.988180
vt 0.003851 0.997262
vt 0.931424 0.217609
vt 0.830235 0.217610
vt 0.077066 0.997469
vt 0.067447 0.988042
vt 0.169267 0.554227
vt 0.169236 0.244746
vt 0.896520 0.685892
vt 0.896534 0.507173
vt 0.111998 0.244824
vt 0.112021 0.554271
vt 0.170171 0.244159
vt 0.188146 0.244159
vt 0.093079 0.244159
vt 0.111074 0.244159
vt 0.969179 0.507160
vt 0.969164 0.686020
vt 0.018620 0.244823
vt 0.018649 0.554952
vt 0.076187 0.554954
vt 0.076173 0.244745
vt 0.966691 0.690583
vt 0.934712 0.690525
vt 0.934729 0.502588
vt 0.966734 0.502680
vt 0.076168 0.598961
vt 0.018605 0.598974
vt 0.169225 0.598150
vt 0.112002 0.598175
vt 0.170055 0.997726
vt 0.095915 0.997773
vt 0.830228 0.183789
vt 0.931492 0.183799
vt 0.827664 0.215074
vt 0.827763 0.186257
vt 0.186927 0.998333
vt 0.171216 0.998333
vt 0.001705 0.050309
vt 0.001705 0.112625
vt 0.001705 0.115970
vt 0.001705 0.155511
vt 0.001705 0.158862
vt 0.001705 0.221179
vt 0.001705 0.007416
vt 0.001705 0.046957
vt 0.002273 0.156701
vt 0.299837 0.156696
vt 0.888008 0.421206
vt 0.818485 0.421207
vt 0.299911 0.006424
vt 0.002347 0.006429
vt 0.300476 0.155623
vt 0.300476 0.116084
vt 0.300476 0.112732
vt 0.300476 0.050419
vt 0.300476 0.047073
vt 0.300476 0.007534
vt 0.299912 0.114978
vt 0.002347 0.114983
vt 0.002273 0.048147
vt 0.299837 0.048143
vt 0.934063 0.186296
vt 0.934067 0.214625
vt 0.094683 0.998333
vt 0.079016 0.998333
vt 0.609583 0.017794
vt 0.361202 0.017759
vt 0.363595 0.009760
vt 0.607429 0.009760
vt 0.300476 0.158969
vt 0.300476 0.221282
vt 0.111907 0.244159
vt 0.113182 0.244159
vt 0.113244 0.244758
vt 0.893827 0.506836
vt 0.899038 0.502548
vt 0.898749 0.497709
vt 0.113944 0.244159
vt 0.893777 0.686289
vt 0.167993 0.244828
vt 0.167985 0.244159
vt 0.169240 0.244159
vt 0.898752 0.695332
vt 0.898991 0.690438
vt 0.167297 0.244159
vt 0.971948 0.506829
vt 0.074926 0.244827
vt 0.074927 0.244159
vt 0.076184 0.244159
vt 0.966979 0.497790
vt 0.074239 0.244159
vt 0.077123 0.244159
vt 0.018535 0.244159
vt 0.019813 0.244159
vt 0.019870 0.244756
vt 0.971898 0.686286
vt 0.966985 0.695419
vt 0.017698 0.244159
vt 0.020575 0.244159
vt 0.170211 0.998333
vt 0.168850 0.998333
vt 0.168725 0.997776
vt 0.931613 0.181176
vt 0.936761 0.186339
vt 0.168242 0.998333
vt 0.830067 0.181126
vt 0.097217 0.997699
vt 0.097092 0.998333
vt 0.095807 0.998333
vt 0.825009 0.186353
vt 0.097671 0.998333
vt 0.937150 0.217251
vt 0.931533 0.220963
vt 0.004834 0.997531
vt 0.004031 0.998150
vt 0.003163 0.997876
vt 0.001705 0.997999
vt 0.004342 0.998333
vt 0.078017 0.998333
vt 0.076826 0.998197
vt 0.076087 0.997616
vt 0.830151 0.220945
vt 0.824574 0.217586
vt 0.076432 0.998333
vt 0.656058 0.010006
vt 0.662618 0.009480
vt 0.669135 0.015894
vt 0.668739 0.022407
vt 0.002269 0.004975
vt 0.001705 0.004975
vt 0.001705 0.006454
vt 0.671529 0.007888
vt 0.002269 0.222083
vt 0.001705 0.222083
vt 0.918002 0.022506
vt 0.917517 0.015913
vt 0.923761 0.009628
vt 0.930462 0.009968
vt 0.001705 0.156619
vt 0.001705 0.158072
vt 0.002357 0.158150
vt 0.915366 0.007888
vt 0.915526 0.419316
vt 0.915614 0.421209
vt 0.913826 0.422933
vt 0.912023 0.422808
vt 0.001705 0.048065
vt 0.001705 0.049518
vt 0.002357 0.049596
vt 0.988734 0.422795
vt 0.986838 0.422916
vt 0.985138 0.421208
vt 0.985209 0.419343
vt 0.002269 0.113529
vt 0.001705 0.113529
vt 0.001705 0.115008
vt 0.348125 0.011878
vt 0.354684 0.011351
vt 0.360807 0.024272
vt 0.299902 0.049596
vt 0.300476 0.049531
vt 0.300476 0.048044
vt 0.610070 0.024387
vt 0.615827 0.011504
vt 0.622529 0.011843
vt 0.300476 0.114993
vt 0.300476 0.113532
vt 0.299833 0.113529
vt 0.300476 0.006442
vt 0.300476 0.004981
vt 0.299833 0.004975
vt 0.818396 0.419314
vt 0.816696 0.422930
vt 0.814894 0.422805
vt 0.299833 0.222083
vt 0.300476 0.222083
vt 0.888079 0.419341
vt 0.299902 0.158150
vt 0.300476 0.158082
vt 0.300476 0.156595
vt 0.891603 0.422794
vt 0.889708 0.422915
vt 0.014781 0.988343
vt 0.066267 0.988245
vt 0.168038 0.554203
vt 0.113261 0.554236
vt 0.934714 0.695572
vt 0.934722 0.497543
vt 0.019894 0.554933
vt 0.074935 0.554987
vt 0.001721 0.244159
vt 0.074925 0.599002
vt 0.019838 0.598939
vt 0.167983 0.598107
vt 0.113249 0.598152
vt 0.986831 0.470607
vt 0.988705 0.470702
vt 0.911995 0.470713
vt 0.913829 0.470566
vt 0.889702 0.470605
vt 0.891576 0.470700
vt 0.814867 0.470710
vt 0.816701 0.470563
s 1
usemtl Material.001
f 1190/1/1 1094/2/2 1152/3/3 1283/4/2 1284/5/2 1151/6/4 1158/7/5
f 1178/8/6 1084/9/7 1140/10/8 1263/11/7 1264/12/7 1139/13/9 1142/14/10
f 1136/15/11 1134/16/12 1255/17/2 1256/18/2 1133/19/13 1086/20/2 1176/21/14
f 1156/22/15 1150/23/16 1271/24/7 1272/25/7 1149/26/17 1093/27/7 1187/28/18
f 16/29/19 19/30/20 13/31/21 10/32/22
f 22/33/23 25/34/24 20/35/25 15/36/26
f 28/37/27 31/38/28 26/39/29 21/40/30
f 11/41/31 12/42/32 32/43/33 27/44/34
f 18/45/35 24/46/36 30/47/37 14/48/38
f 23/49/39 17/50/40 9/51/41 29/52/42
f 83/53/43 82/54/44 81/55/45
f 86/56/46 85/57/47 84/58/48
f 89/59/49 88/60/50 87/61/51
f 92/62/52 91/63/53 90/64/54
f 95/65/55 94/66/56 93/67/57
f 7/68/58 8/69/59 96/70/60
f 4/71/61 5/72/62 6/73/63
f 1/74/64 2/75/65 3/76/66
f 33/77/67 42/78/68 12/42/32 11/41/31
f 39/79/69 54/80/70 18/45/35 14/48/38
f 51/81/71 48/82/72 15/36/26 20/35/25
f 45/83/73 36/84/74 9/51/41 17/50/40
f 55/85/75 66/86/76 24/46/36 18/45/35
f 63/87/77 60/88/78 21/40/30 26/39/29
f 57/89/79 50/90/80 17/50/40 23/49/39
f 67/91/81 78/92/82 30/47/37 24/46/36
f 75/93/83 72/94/84 27/44/34 32/43/33
f 69/95/85 62/96/86 23/49/39 29/52/42
f 79/97/87 44/98/88 14/48/38 30/47/37
f 37/99/89 74/100/90 29/52/42 9/51/41
f 33/101/67 81/55/45 82/54/44 34/102/91
f 35/103/92 82/54/44 83/53/43 36/104/74
f 37/99/89 83/105/43 81/106/45 38/107/93
f 33/77/67 11/41/31 38/107/93 81/106/45
f 35/103/92 10/32/22 34/102/91 82/54/44
f 37/99/89 9/51/41 36/84/74 83/105/43
f 39/108/69 84/58/48 85/57/47 40/109/94
f 41/110/95 85/57/47 86/56/46 42/111/68
f 43/112/96 86/113/46 84/114/48 44/98/88
f 39/79/69 14/48/38 44/98/88 84/114/48
f 41/110/95 13/31/21 40/109/94 85/57/47
f 43/115/96 12/42/32 42/78/68 86/116/46
f 45/117/73 87/61/51 88/60/50 46/118/97
f 47/119/98 88/60/50 89/59/49 48/120/72
f 49/121/99 89/122/49 87/123/51 50/90/80
f 45/83/73 17/50/40 50/90/80 87/123/51
f 47/119/98 16/29/19 46/118/97 88/60/50
f 49/121/99 15/36/26 48/82/72 89/122/49
f 51/124/71 90/64/54 91/63/53 52/125/100
f 53/126/101 91/63/53 92/62/52 54/127/70
f 55/85/75 92/128/52 90/129/54 56/130/102
f 51/81/71 20/35/25 56/130/102 90/129/54
f 53/126/101 19/30/20 52/125/100 91/63/53
f 55/85/75 18/45/35 54/80/70 92/128/52
f 57/89/79 93/131/57 94/132/56 58/133/103
f 59/134/104 94/66/56 95/65/55 60/88/78
f 61/135/105 95/65/55 93/67/57 62/136/86
f 57/89/79 23/49/39 62/96/86 93/131/57
f 59/137/104 22/33/23 58/133/103 94/132/56
f 61/135/105 21/40/30 60/88/78 95/65/55
f 63/87/77 96/70/60 8/69/59 64/138/106
f 65/139/107 8/140/59 7/141/58 66/86/76
f 67/142/81 7/68/58 96/70/60 68/143/108
f 63/87/77 26/39/29 68/143/108 96/70/60
f 65/139/107 25/34/24 64/144/106 8/140/59
f 67/91/81 24/46/36 66/86/76 7/141/58
f 69/145/85 6/73/63 5/72/62 70/146/109
f 71/147/110 5/72/62 4/71/61 72/148/84
f 73/149/111 4/150/61 6/151/63 74/100/90
f 69/95/85 29/52/42 74/100/90 6/151/63
f 71/147/110 28/37/27 70/146/109 5/72/62
f 73/149/111 27/44/34 72/94/84 4/150/61
f 75/152/83 3/76/66 2/75/65 76/153/112
f 77/154/113 2/75/65 1/74/64 78/155/82
f 79/97/87 1/156/64 3/157/66 80/158/114
f 75/93/83 32/43/33 80/159/114 3/160/66
f 77/154/113 31/38/28 76/153/112 2/75/65
f 79/97/87 30/47/37 78/92/82 1/156/64
f 33/101/67 34/102/91 41/110/95 42/111/68
f 34/102/91 10/32/22 13/31/21 41/110/95
f 39/108/69 40/109/94 53/126/101 54/127/70
f 40/109/94 13/31/21 19/30/20 53/126/101
f 51/124/71 52/125/100 47/119/98 48/120/72
f 52/125/100 19/30/20 16/29/19 47/119/98
f 45/117/73 46/118/97 35/103/92 36/104/74
f 46/118/97 16/29/19 10/32/22 35/103/92
f 55/85/75 56/130/102 65/139/107 66/86/76
f 56/130/102 20/35/25 25/34/24 65/139/107
f 63/87/77 64/138/106 59/134/104 60/88/78
f 64/144/106 25/34/24 22/33/23 59/137/104
f 57/89/79 58/133/103 49/121/99 50/90/80
f 58/133/103 22/33/23 15/36/26 49/121/99
f 67/142/81 68/143/108 77/154/113 78/155/82
f 68/143/108 26/39/29 31/38/28 77/154/113
f 75/152/83 76/153/112 71/147/110 72/148/84
f 76/153/112 31/38/28 28/37/27 71/147/110
f 69/145/85 70/146/109 61/135/105 62/136/86
f 70/146/109 28/37/27 21/40/30 61/135/105
f 79/97/87 80/158/114 43/112/96 44/98/88
f 80/159/114 32/43/33 12/42/32 43/115/96
f 37/99/89 38/107/93 73/149/111 74/100/90
f 38/107/93 11/41/31 27/44/34 73/149/111
f 112/161/115 115/162/36 109/163/116 106/164/117
f 118/165/118 121/166/119 116/167/120 111/168/121
f 124/169/41 127/170/42 122/171/39 117/172/122
f 107/173/32 108/174/123 128/175/124 123/176/31
f 114/177/125 120/178/126 126/179/127 110/180/28
f 119/181/128 113/182/129 105/183/21 125/184/22
f 179/185/47 178/186/48 177/187/46
f 182/188/66 181/189/64 180/190/65
f 185/191/130 184/192/52 183/193/131
f 188/194/60 187/195/58 186/196/132
f 191/197/51 190/198/49 189/199/133
f 103/200/55 104/201/56 192/202/57
f 100/203/134 101/204/43 102/205/44
f 97/206/62 98/207/63 99/208/61
f 129/209/96 138/210/114 108/174/123 107/173/32
f 135/211/113 150/212/108 114/177/125 110/180/28
f 147/213/107 144/214/135 111/168/121 116/167/120
f 141/215/101 132/216/94 105/183/21 113/182/129
f 151/217/77 162/218/78 120/178/126 114/177/125
f 159/219/79 156/220/136 117/172/122 122/171/39
f 153/221/98 146/222/100 113/182/129 119/181/128
f 163/223/137 174/224/109 126/179/127 120/178/126
f 171/225/111 168/226/93 123/176/31 128/175/124
f 165/227/138 158/228/97 119/181/128 125/184/22
f 175/229/110 140/230/139 110/180/28 126/179/127
f 133/231/140 170/232/141 125/184/22 105/183/21
f 129/233/96 177/187/46 178/186/48 130/234/88
f 131/235/142 178/186/48 179/185/47 132/236/94
f 133/231/140 179/237/47 177/238/46 134/239/143
f 129/209/96 107/173/32 134/239/143 177/238/46
f 131/235/142 106/164/117 130/234/88 178/186/48
f 133/231/140 105/183/21 132/216/94 179/237/47
f 135/240/113 180/190/65 181/189/64 136/241/82
f 137/242/144 181/189/64 182/188/66 138/243/114
f 139/244/145 182/245/66 180/246/65 140/230/139
f 135/211/113 110/180/28 140/230/139 180/246/65
f 137/242/144 109/163/116 136/241/82 181/189/64
f 139/244/145 108/174/123 138/210/114 182/245/66
f 141/247/101 183/193/131 184/192/52 142/248/70
f 143/249/75 184/192/52 185/191/130 144/250/135
f 145/251/71 185/252/130 183/253/131 146/222/100
f 141/215/101 113/182/129 146/222/100 183/253/131
f 143/249/75 112/161/115 142/248/70 184/192/52
f 145/251/71 111/168/121 144/214/135 185/252/130
f 147/254/107 186/196/132 187/195/58 148/255/76
f 149/256/81 187/195/58 188/194/60 150/257/108
f 151/217/77 188/258/60 186/259/132 152/260/106
f 147/213/107 116/167/120 152/261/106 186/262/132
f 149/256/81 115/162/36 148/255/76 187/195/58
f 151/217/77 114/177/125 150/212/108 188/258/60
f 153/221/98 189/263/133 190/264/49 154/265/72
f 155/266/146 190/198/49 191/197/51 156/220/136
f 157/267/73 191/197/51 189/199/133 158/268/97
f 153/221/98 119/181/128 158/228/97 189/263/133
f 155/269/146 118/165/118 154/265/72 190/264/49
f 157/267/73 117/172/122 156/220/136 191/197/51
f 159/219/79 192/202/57 104/201/56 160/270/103
f 161/271/104 104/272/56 103/273/55 162/218/78
f 163/274/137 103/200/55 192/202/57 164/275/86
f 159/219/79 122/171/39 164/275/86 192/202/57
f 161/276/104 121/166/119 160/277/103 104/278/56
f 163/223/137 120/178/126 162/218/78 103/273/55
f 165/279/138 102/205/44 101/204/43 166/280/74
f 167/281/89 101/204/43 100/203/134 168/282/93
f 169/283/67 100/284/134 102/285/44 170/232/141
f 165/227/138 125/184/22 170/232/141 102/285/44
f 167/281/89 124/169/41 166/280/74 101/204/43
f 169/283/67 123/176/31 168/226/93 100/284/134
f 171/286/111 99/208/61 98/207/63 172/287/90
f 173/288/85 98/207/63 97/206/62 174/289/109
f 175/229/110 97/290/62 99/291/61 176/292/84
f 171/225/111 128/175/124 176/292/84 99/291/61
f 173/288/85 127/170/42 172/287/90 98/207/63
f 175/229/110 126/179/127 174/224/109 97/290/62
f 129/233/96 130/234/88 137/242/144 138/243/114
f 130/234/88 106/164/117 109/163/116 137/242/144
f 135/240/113 136/241/82 149/256/81 150/257/108
f 136/241/82 109/163/116 115/162/36 149/256/81
f 147/254/107 148/255/76 143/249/75 144/250/135
f 148/255/76 115/162/36 112/161/115 143/249/75
f 141/247/101 142/248/70 131/235/142 132/236/94
f 142/248/70 112/161/115 106/164/117 131/235/142
f 151/217/77 152/260/106 161/271/104 162/218/78
f 152/261/106 116/167/120 121/166/119 161/276/104
f 159/219/79 160/270/103 155/266/146 156/220/136
f 160/277/103 121/166/119 118/165/118 155/269/146
f 153/221/98 154/265/72 145/251/71 146/222/100
f 154/265/72 118/165/118 111/168/121 145/251/71
f 163/274/137 164/275/86 173/288/85 174/289/109
f 164/275/86 122/171/39 127/170/42 173/288/85
f 171/286/111 172/287/90 167/281/89 168/282/93
f 172/287/90 127/170/42 124/169/41 167/281/89
f 165/279/138 166/280/74 157/267/73 158/268/97
f 166/280/74 124/169/41 117/172/122 157/267/73
f 175/229/110 176/292/84 139/244/145 140/230/139
f 176/292/84 128/175/124 108/174/123 139/244/145
f 133/231/140 134/239/143 169/283/67 170/232/141
f 134/239/143 107/173/32 123/176/31 169/283/67
f 208/293/147 211/294/20 205/295/148 202/296/22
f 214/297/119 217/298/120 212/299/25 207/300/26
f 220/301/27 223/302/149 218/303/150 213/304/151
f 203/305/152 204/306/32 224/307/153 219/308/154
f 210/309/35 216/310/36 222/311/37 206/312/155
f 215/313/39 209/314/40 201/315/41 221/316/42
f 275/317/43 274/318/44 273/319/134
f 278/320/46 277/321/47 276/322/48
f 281/323/49 280/324/50 279/325/51
f 284/326/156 283/327/53 282/328/54
f 287/329/55 286/330/56 285/331/57
f 199/332/58 200/333/59 288/334/60
f 196/335/61 197/336/62 198/337/63
f 193/338/64 194/339/65 195/340/66
f 225/341/67 234/342/68 204/306/32 203/305/152
f 231/343/142 246/344/70 210/309/35 206/312/155
f 243/345/71 240/346/72 207/300/26 212/299/25
f 237/347/73 228/348/74 201/315/41 209/314/40
f 247/349/157 258/350/76 216/310/36 210/309/35
f 255/351/77 252/352/78 213/304/151 218/303/150
f 249/353/79 242/354/136 209/314/40 215/313/39
f 259/355/81 270/356/82 222/311/37 216/310/36
f 267/357/83 264/358/84 219/308/154 224/307/153
f 261/359/85 254/360/158 215/313/39 221/316/42
f 271/361/87 236/362/88 206/312/155 222/311/37
f 229/363/159 266/364/160 221/316/42 201/315/41
f 225/365/67 273/319/134 274/318/44 226/366/141
f 227/367/92 274/318/44 275/317/43 228/368/74
f 229/363/159 275/369/43 273/370/134 230/371/93
f 225/341/67 203/305/152 230/371/93 273/370/134
f 227/367/92 202/296/22 226/366/141 274/318/44
f 229/363/159 201/315/41 228/348/74 275/369/43
f 231/372/142 276/322/48 277/321/47 232/373/161
f 233/374/140 277/321/47 278/320/46 234/375/68
f 235/376/96 278/377/46 276/378/48 236/379/88
f 231/343/142 206/312/155 236/362/88 276/380/48
f 233/374/140 205/295/148 232/373/161 277/321/47
f 235/376/96 204/306/32 234/342/68 278/377/46
f 237/381/73 279/325/51 280/324/50 238/382/97
f 239/383/98 280/324/50 281/323/49 240/384/72
f 241/385/146 281/386/49 279/387/51 242/354/136
f 237/347/73 209/314/40 242/354/136 279/387/51
f 239/383/98 208/293/147 238/382/97 280/324/50
f 241/385/146 207/300/26 240/346/72 281/386/49
f 243/388/71 282/328/54 283/327/53 244/389/162
f 245/390/101 283/327/53 284/326/156 246/391/70
f 247/349/157 284/392/156 282/393/54 248/394/102
f 243/345/71 212/299/25 248/394/102 282/393/54
f 245/390/101 211/294/20 244/389/162 283/327/53
f 247/349/157 210/309/35 246/344/70 284/392/156
f 249/353/79 285/395/57 286/396/56 250/397/103
f 251/398/104 286/330/56 287/329/55 252/352/78
f 253/399/137 287/329/55 285/331/57 254/400/158
f 249/353/79 215/313/39 254/360/158 285/395/57
f 251/401/104 214/297/119 250/397/103 286/396/56
f 253/399/137 213/304/151 252/352/78 287/329/55
f 255/351/77 288/334/60 200/333/59 256/402/163
f 257/403/107 200/404/59 199/405/58 258/350/76
f 259/406/81 199/332/58 288/334/60 260/407/164
f 255/351/77 218/303/150 260/407/164 288/334/60
f 257/403/107 217/298/120 256/408/163 200/404/59
f 259/355/81 216/310/36 258/350/76 199/405/58
f 261/409/85 198/337/63 197/336/62 262/410/109
f 263/411/110 197/336/62 196/335/61 264/412/84
f 265/413/111 196/414/61 198/415/63 266/364/160
f 261/359/85 221/316/42 266/364/160 198/415/63
f 263/411/110 220/301/27 262/410/109 197/336/62
f 265/413/111 219/308/154 264/358/84 196/414/61
f 267/416/83 195/340/66 194/339/65 268/417/139
f 269/418/113 194/339/65 193/338/64 270/419/82
f 271/420/87 193/421/64 195/422/66 272/423/114
f 267/357/83 224/307/153 272/423/114 195/422/66
f 269/418/113 223/302/149 268/417/139 194/339/65
f 271/361/87 222/311/37 270/356/82 193/424/64
f 225/365/67 226/366/141 233/374/140 234/375/68
f 226/366/141 202/296/22 205/295/148 233/374/140
f 231/372/142 232/373/161 245/390/101 246/391/70
f 232/373/161 205/295/148 211/294/20 245/390/101
f 243/388/71 244/389/162 239/383/98 240/384/72
f 244/389/162 211/294/20 208/293/147 239/383/98
f 237/381/73 238/382/97 227/367/92 228/368/74
f 238/382/97 208/293/147 202/296/22 227/367/92
f 247/349/157 248/394/102 257/403/107 258/350/76
f 248/394/102 212/299/25 217/298/120 257/403/107
f 255/351/77 256/402/163 251/398/104 252/352/78
f 256/408/163 217/298/120 214/297/119 251/401/104
f 249/353/79 250/397/103 241/385/146 242/354/136
f 250/397/103 214/297/119 207/300/26 241/385/146
f 259/406/81 260/407/164 269/418/113 270/419/82
f 260/407/164 218/303/150 223/302/149 269/418/113
f 267/416/83 268/417/139 263/411/110 264/412/84
f 268/417/139 223/302/149 220/301/27 263/411/110
f 261/409/85 262/410/109 253/399/137 254/400/158
f 262/410/109 220/301/27 213/304/151 253/399/137
f 271/420/87 272/423/114 235/376/96 236/379/88
f 272/423/114 224/307/153 204/306/32 235/376/96
f 229/363/159 230/371/93 265/413/111 266/364/160
f 230/371/93 203/305/152 219/308/154 265/413/111
f 430/425/165 424/426/166 399/427/167 389/428/168
f 464/429/169 467/430/170 403/431/171 397/432/172
f 455/433/173 453/434/174 482/435/175 500/436/176
f 397/432/172 403/431/171 413/437/177 447/438/178
f 389/428/168 399/427/167 441/434/179 415/433/180
f 409/439/181 443/440/182 503/441/183 485/442/184
f 499/443/185 504/444/186 444/445/187 456/446/188
f 445/446/189 411/445/190 405/447/191 395/448/192
f 427/449/193 433/450/194 385/451/195 407/452/196
f 395/448/192 405/447/191 473/453/197 470/454/198
f 407/452/196 385/451/195 449/440/199 451/439/200
f 454/438/201 410/437/202 484/455/203 483/456/204
f 416/446/205 450/445/206 386/447/207 390/448/208
f 429/457/209 434/458/210 426/459/211 425/460/212
f 446/433/213 448/434/214 458/435/215 476/436/216
f 418/461/217 421/462/218 439/463/219 436/464/220
f 390/448/208 386/447/207 432/453/221 431/454/222
f 414/439/223 412/440/224 479/441/225 461/442/226
f 475/443/227 480/444/228 411/445/190 445/446/189
f 466/449/229 474/450/230 406/451/231 404/452/232
f 423/429/233 428/430/234 408/431/235 400/432/236
f 404/452/232 406/451/231 412/440/224 414/439/223
f 400/432/236 408/431/235 452/437/237 442/438/238
f 447/438/178 413/437/177 460/455/239 459/456/240
f 469/425/241 465/426/242 398/427/243 396/428/244
f 471/457/245 472/458/246 468/459/247 463/460/248
f 396/428/244 398/427/243 448/434/214 446/433/213
f 457/461/249 462/462/250 478/463/251 477/464/252
f 488/429/253 491/430/254 387/431/255 391/432/256
f 391/432/256 387/431/255 410/437/202 454/438/201
f 456/446/188 444/445/187 393/447/257 401/448/258
f 494/457/259 497/458/260 492/459/261 487/460/262
f 401/448/258 393/447/257 498/453/263 493/454/264
f 481/461/265 486/462/266 502/463/267 501/464/268
f 490/449/269 496/450/270 394/451/271 388/452/272
f 388/452/272 394/451/271 443/440/182 409/439/181
f 495/425/273 489/426/274 392/427/275 402/428/276
f 402/428/276 392/427/275 453/434/174 455/433/173
f 415/433/180 441/434/179 419/435/277 435/436/278
f 451/439/200 449/440/199 440/441/279 420/442/280
f 437/443/281 438/444/282 450/445/206 416/446/205
f 442/438/238 452/437/237 422/455/283 417/456/284
f 519/428/285 544/425/165 550/426/286 509/427/287
f 523/447/288 587/453/289 584/454/290 517/448/291
f 602/436/292 573/433/293 575/434/294 620/435/295
f 533/445/296 523/447/288 517/448/291 567/446/297
f 561/433/298 519/428/285 509/427/287 535/434/299
f 623/442/300 563/439/301 529/440/302 605/441/303
f 564/437/304 622/455/305 621/456/306 576/438/307
f 525/431/190 531/437/191 565/438/308 515/432/309
f 505/452/196 553/449/310 547/450/311 527/451/195
f 593/430/312 525/431/190 515/432/309 590/429/313
f 569/439/314 505/452/196 527/451/195 571/440/199
f 606/444/315 530/445/316 574/446/317 601/443/318
f 506/431/319 570/437/320 536/438/321 510/432/322
f 548/458/323 552/459/324 551/460/325 543/457/209
f 578/436/326 568/433/327 566/434/328 596/435/329
f 559/462/218 541/463/219 538/464/330 556/461/331
f 554/430/234 506/431/319 510/432/322 549/429/233
f 599/442/332 532/439/333 534/440/334 581/441/335
f 531/437/191 598/455/336 597/456/337 565/438/308
f 526/452/338 592/449/339 588/450/340 524/451/341
f 528/447/342 546/453/343 545/454/222 520/448/344
f 532/439/333 526/452/338 524/451/341 534/440/334
f 572/445/345 528/447/342 520/448/344 562/446/346
f 582/444/347 533/445/296 567/446/297 577/443/348
f 518/428/349 583/425/350 591/426/351 516/427/352
f 586/458/353 594/459/354 589/460/355 585/457/356
f 568/433/327 518/428/349 516/427/352 566/434/328
f 600/462/357 580/463/358 579/464/359 595/461/360
f 507/447/361 611/453/362 608/454/363 511/448/364
f 530/445/316 507/447/361 511/448/364 574/446/317
f 513/431/365 564/437/304 576/438/307 521/432/366
f 610/458/367 617/459/368 614/460/369 609/457/370
f 616/430/371 513/431/365 521/432/366 615/429/372
f 624/462/373 604/463/374 603/464/375 619/461/376
f 514/452/377 618/449/378 612/450/379 508/451/380
f 563/439/301 514/452/377 508/451/380 529/440/302
f 512/428/381 607/425/382 613/426/383 522/427/384
f 573/433/293 512/428/381 522/427/384 575/434/294
f 537/436/278 561/433/298 535/434/299 557/435/277
f 558/442/280 569/439/314 571/440/199 542/441/385
f 570/437/320 560/455/386 555/456/284 536/438/321
f 540/444/282 572/445/345 562/446/346 539/443/387
f 948/465/388 947/466/389 946/467/390
f 942/468/391 941/469/392 940/470/393
f 960/471/394 959/472/395 958/473/396
f 954/474/397 953/475/398 952/476/399
f 972/477/400 971/478/401 970/479/402
f 966/480/403 965/481/404 964/482/405
f 984/483/406 983/484/407 982/485/408
f 978/486/409 977/487/410 976/488/411
f 996/466/412 995/467/413 994/465/414
f 999/470/415 998/468/416 997/469/417
f 990/473/418 989/471/419 988/472/420
f 993/475/421 992/476/422 991/474/423
f 1008/478/424 1007/479/425 1006/477/426
f 1011/482/427 1010/480/428 1009/481/429
f 1002/485/430 1001/483/431 1000/484/432
f 1005/487/433 1004/488/434 1003/486/435
f 1020/466/436 1019/467/437 1018/465/438
f 1023/470/439 1022/468/440 1021/469/441
f 1014/473/442 1013/471/443 1012/472/444
f 1017/475/445 1016/476/446 1015/474/447
f 1032/479/448 1031/477/449 1030/478/450
f 1035/481/451 1034/482/452 1033/480/453
f 1026/485/454 1025/483/455 1024/484/456
f 1029/487/457 1028/488/458 1027/486/459
f 927/483/406 926/484/460 925/485/408
f 930/486/409 929/487/461 928/488/411
f 933/477/400 932/478/401 931/479/462
f 936/480/403 935/481/463 934/482/464
f 915/471/394 914/472/465 913/473/466
f 918/474/397 917/475/467 916/476/399
f 921/465/388 920/466/468 919/467/390
f 924/468/469 923/469/470 922/470/393
f 969/485/471 968/483/472 967/484/473
f 963/487/474 962/488/475 961/486/476
f 981/478/477 980/479/478 979/477/479
f 975/482/480 974/480/481 973/481/482
f 945/473/483 944/471/484 943/472/485
f 939/475/486 938/476/487 937/474/488
f 957/466/489 956/467/490 955/465/491
f 951/470/492 950/468/493 949/469/494
f 987/485/495 986/483/496 985/484/497
f 1038/487/498 1037/488/499 1036/486/500
f 1041/478/501 1040/479/502 1039/477/503
f 1044/482/504 1043/480/505 1042/481/506
f 1047/472/507 1046/473/508 1045/471/509
f 1050/476/510 1049/474/511 1048/475/512
f 1053/466/513 1052/467/514 1051/465/515
f 1056/470/516 1055/468/517 1054/469/518
f 383/489/519 640/490/520 423/429/233 400/432/236
f 637/491/521 652/492/522 429/457/209 425/460/212
f 649/493/523 382/494/524 390/448/208 431/454/222
f 379/495/525 694/496/526 466/449/229 404/452/232
f 691/497/527 688/498/528 463/460/248 468/459/247
f 685/499/529 378/500/530 398/427/243 465/426/242
f 757/501/531 724/502/532 481/461/265 501/464/268
f 721/503/533 376/504/534 454/438/201 483/456/204
f 373/505/535 760/506/536 499/443/185 456/446/188
f 371/507/537 379/495/525 404/452/232 414/439/223
f 378/500/530 370/508/538 448/434/214 398/427/243
f 367/504/539 383/489/519 400/432/236 442/438/238
f 382/494/524 366/505/540 416/446/205 390/448/208
f 727/509/541 766/510/542 502/463/267 486/462/266
f 763/511/543 364/512/544 444/445/187 504/444/186
f 361/513/545 730/514/546 484/455/203 410/437/202
f 767/515/547 762/516/548 501/464/268 502/463/267
f 359/517/549 358/518/550 412/440/224 406/451/231
f 355/519/551 354/520/552 396/428/244 446/433/213
f 351/521/553 658/522/554 432/453/221 386/447/207
f 655/523/555 646/524/556 426/459/211 434/458/210
f 643/525/557 350/526/558 408/431/235 428/430/234
f 697/527/559 706/528/560 472/458/246 471/457/245
f 703/529/561 359/517/549 406/451/231 474/450/230
f 354/520/552 700/530/562 469/425/241 396/428/244
f 347/512/563 351/521/553 386/447/207 450/445/206
f 350/526/558 346/513/564 452/437/237 408/431/235
f 725/531/565 732/532/566 486/462/266 481/461/265
f 641/533/567 648/534/568 428/430/234 423/429/233
f 659/535/569 654/536/570 431/454/222 432/453/221
f 709/501/571 676/502/572 457/461/249 477/464/252
f 673/503/573 369/504/574 447/438/178 459/456/240
f 356/505/575 712/506/576 475/443/227 445/446/189
f 661/537/577 670/538/578 438/444/282 437/443/281
f 667/539/579 634/540/580 420/442/280 440/441/279
f 631/541/581 628/542/582 417/456/284 422/455/283
f 625/543/583 664/544/584 435/436/278 419/435/277
f 679/509/585 718/510/586 478/463/251 462/462/250
f 715/511/587 357/512/588 411/445/190 480/444/228
f 372/513/589 682/514/590 460/455/239 413/437/177
f 719/515/591 714/516/592 477/464/252 478/463/251
f 707/523/593 696/524/594 468/459/247 472/458/246
f 677/531/595 684/532/596 462/462/250 457/461/249
f 689/491/597 702/492/598 471/457/245 463/460/248
f 343/495/599 742/496/600 490/449/269 388/452/272
f 739/497/601 736/498/602 487/460/262 492/459/261
f 733/499/603 342/500/604 392/427/275 489/426/274
f 362/507/605 343/495/599 388/452/272 409/439/181
f 342/500/604 375/508/606 453/434/174 392/427/275
f 339/517/607 363/518/608 443/440/182 394/451/271
f 374/519/609 338/520/610 402/428/276 455/433/173
f 743/545/611 754/546/612 496/450/270 490/449/269
f 751/535/613 748/536/614 493/454/264 498/453/263
f 745/547/615 738/548/616 489/426/274 495/425/273
f 755/529/617 339/517/607 394/451/271 496/450/270
f 338/520/610 750/530/618 495/425/273 402/428/276
f 629/503/619 367/504/539 442/438/238 417/456/284
f 366/505/540 666/506/620 437/443/281 416/446/205
f 671/511/621 347/512/563 450/445/206 438/444/282
f 346/513/564 636/514/622 422/455/283 452/437/237
f 335/489/519 796/490/520 549/429/233 510/432/322
f 793/491/521 784/492/522 543/457/209 551/460/325
f 781/493/523 334/494/524 520/448/344 545/454/222
f 331/520/623 832/530/624 583/425/350 518/428/349
f 829/527/625 838/528/626 586/458/353 585/457/356
f 835/529/627 330/517/628 524/451/341 588/450/340
f 901/503/629 328/504/630 576/438/307 621/456/306
f 325/505/631 868/506/632 601/443/318 574/446/317
f 865/501/633 904/502/634 619/461/376 603/464/375
f 323/519/635 331/520/623 518/428/349 568/433/327
f 330/517/628 322/518/636 534/440/334 524/451/341
f 319/504/539 335/489/519 510/432/322 536/438/321
f 334/494/524 318/505/540 562/446/346 520/448/344
f 871/511/637 316/512/638 530/445/316 606/444/315
f 313/513/639 910/514/640 622/455/305 564/437/304
f 907/509/641 874/510/642 604/463/374 624/462/373
f 905/531/643 912/532/644 624/462/373 619/461/376
f 311/500/645 310/508/646 566/434/328 516/427/352
f 307/507/647 306/495/648 526/452/338 532/439/333
f 303/521/649 790/522/554 546/453/343 528/447/342
f 787/523/555 802/524/556 552/459/324 548/458/323
f 799/525/557 302/526/558 506/431/319 554/430/234
f 841/499/650 311/500/645 516/427/352 591/426/351
f 306/495/648 850/496/651 592/449/339 526/452/338
f 847/497/652 844/498/653 589/460/355 594/459/354
f 299/512/563 303/521/649 528/447/342 572/445/345
f 302/526/558 298/513/654 570/437/320 506/431/319
f 875/515/655 870/516/656 603/464/375 604/463/374
f 797/533/567 804/534/568 554/430/234 549/429/233
f 791/535/569 786/536/570 545/454/222 546/453/343
f 853/503/657 309/504/658 565/438/308 597/456/337
f 324/505/659 820/506/660 577/443/348 567/446/297
f 817/501/661 856/502/662 595/461/360 579/464/359
f 805/543/583 772/544/584 537/436/278 557/435/277
f 769/537/577 778/538/578 540/444/282 539/443/387
f 775/539/579 814/540/663 558/442/280 542/441/385
f 811/541/581 808/542/582 555/456/284 560/455/386
f 823/511/664 321/512/665 533/445/296 582/444/347
f 308/513/666 862/514/667 598/455/336 531/437/191
f 859/509/668 826/510/669 580/463/358 600/462/357
f 857/531/670 864/532/671 600/462/357 595/461/360
f 839/523/672 852/524/673 594/459/354 586/458/353
f 827/515/674 822/516/675 579/464/359 580/463/358
f 845/491/676 834/492/677 585/457/356 589/460/355
f 295/520/678 880/530/679 607/425/382 512/428/381
f 877/527/680 886/528/681 610/458/367 609/457/370
f 883/529/682 294/517/683 508/451/380 612/450/379
f 326/519/684 295/520/678 512/428/381 573/433/293
f 294/517/683 315/518/685 529/440/302 508/451/380
f 291/500/686 327/508/687 575/434/294 522/427/384
f 314/507/688 290/495/689 514/452/377 563/439/301
f 881/547/690 892/548/691 613/426/383 607/425/382
f 889/533/692 898/534/693 616/430/371 615/429/372
f 895/545/694 888/546/695 612/450/379 618/449/378
f 893/499/696 291/500/686 522/427/384 613/426/383
f 290/495/689 900/496/697 618/449/378 514/452/377
f 809/503/619 319/504/539 536/438/321 555/456/284
f 318/505/540 774/506/620 539/443/387 562/446/346
f 779/511/621 299/512/563 572/445/345 540/444/282
f 298/513/654 816/514/622 560/455/386 570/437/320
f 793/491/521 913/473/466 914/472/465 794/549/698
f 795/499/699 914/550/465 915/551/394 796/490/520
f 797/552/567 915/471/394 913/473/466 798/498/700
f 793/491/521 551/460/325 798/498/700 913/473/466
f 795/499/699 550/426/286 794/548/698 914/550/465
f 797/533/567 549/429/233 796/490/520 915/551/394
f 799/525/557 916/553/399 917/554/467 800/496/701
f 801/555/702 917/475/467 918/474/397 802/524/556
f 803/497/703 918/474/397 916/476/399 804/556/568
f 799/525/557 554/430/234 804/534/568 916/553/399
f 801/545/702 553/449/310 800/496/701 917/554/467
f 803/497/703 552/459/324 802/524/556 918/474/397
f 805/557/583 919/467/390 920/466/468 806/502/704
f 807/531/705 920/466/468 921/465/388 808/558/582
f 809/503/619 921/559/388 919/560/390 810/561/706
f 805/543/583 557/435/277 810/561/706 919/560/390
f 807/531/705 556/461/331 806/502/704 920/466/468
f 809/503/619 555/456/284 808/542/582 921/559/388
f 811/562/581 922/470/393 923/469/470 812/532/707
f 813/509/708 923/469/470 924/468/469 814/563/663
f 815/564/709 924/565/469 922/566/393 816/514/622
f 811/541/581 560/455/386 816/514/622 922/566/393
f 813/509/708 559/462/218 812/532/707 923/469/470
f 815/564/709 558/442/280 814/540/663 924/565/469
f 769/567/577 925/485/408 926/484/460 770/516/710
f 771/501/711 926/484/460 927/483/406 772/568/584
f 773/569/712 927/570/406 925/571/408 774/506/620
f 769/537/577 539/443/387 774/506/620 925/571/408
f 771/501/711 538/464/330 770/516/710 926/484/460
f 773/569/712 537/436/278 772/544/584 927/570/406
f 775/572/579 928/488/411 929/487/461 776/510/713
f 777/515/714 929/487/461 930/486/409 778/573/578
f 779/574/621 930/575/409 928/576/411 780/577/715
f 775/539/579 542/441/385 780/577/715 928/576/411
f 777/515/714 541/463/219 776/510/713 929/487/461
f 779/511/621 540/444/282 778/538/578 930/578/409
f 781/493/523 931/579/462 932/580/401 782/530/716
f 783/581/717 932/478/401 933/477/400 784/492/522
f 785/527/718 933/477/400 931/479/462 786/582/570
f 781/493/523 545/454/222 786/536/570 931/579/462
f 783/547/717 544/425/165 782/530/716 932/580/401
f 785/527/718 543/457/209 784/492/522 933/477/400
f 787/523/555 934/482/464 935/481/463 788/583/719
f 789/529/720 935/584/463 936/585/403 790/586/554
f 791/587/569 936/480/403 934/482/464 792/528/721
f 787/523/555 548/458/323 792/528/721 934/482/464
f 789/529/720 547/450/311 788/546/719 935/584/463
f 791/535/569 546/453/343 790/522/554 936/588/403
f 847/497/652 937/474/488 938/476/487 848/556/722
f 849/525/723 938/553/487 939/554/486 850/496/651
f 851/555/724 939/475/486 937/474/488 852/524/673
f 847/497/652 594/459/354 852/524/673 937/474/488
f 849/525/723 593/430/312 848/534/722 938/553/487
f 851/545/724 592/449/339 850/496/651 939/554/486
f 631/562/581 940/470/393 941/469/392 632/532/707
f 633/509/708 941/469/392 942/468/391 634/563/580
f 635/564/709 942/565/391 940/566/393 636/514/622
f 631/541/581 422/455/283 636/514/622 940/566/393
f 633/509/708 421/462/218 632/532/707 941/469/392
f 635/564/709 420/442/280 634/540/580 942/565/391
f 841/499/650 943/550/485 944/551/484 842/490/725
f 843/552/726 944/471/484 945/473/483 844/498/653
f 845/491/676 945/473/483 943/472/485 846/549/727
f 841/499/650 591/426/351 846/548/727 943/550/485
f 843/533/726 590/429/313 842/490/725 944/551/484
f 845/491/676 589/460/355 844/498/653 945/473/483
f 625/557/583 946/467/390 947/466/389 626/502/704
f 627/531/705 947/466/389 948/465/388 628/558/582
f 629/503/619 948/559/388 946/560/390 630/561/728
f 625/543/583 419/435/277 630/561/728 946/560/390
f 627/531/705 418/461/217 626/502/704 947/466/389
f 629/503/619 417/456/284 628/542/582 948/559/388
f 859/509/668 949/469/494 950/468/493 860/563/729
f 861/564/730 950/565/493 951/566/492 862/514/667
f 863/562/731 951/470/492 949/469/494 864/532/671
f 859/509/668 600/462/357 864/532/671 949/469/494
f 861/564/730 599/442/332 860/540/729 950/565/493
f 863/541/731 598/455/336 862/514/667 951/566/492
f 643/525/557 952/553/399 953/554/398 644/496/701
f 645/555/732 953/475/398 954/474/397 646/524/556
f 647/497/703 954/474/397 952/476/399 648/556/568
f 643/525/557 428/430/234 648/534/568 952/553/399
f 645/545/732 427/449/193 644/496/701 953/554/398
f 647/497/703 426/459/211 646/524/556 954/474/397
f 853/503/657 955/559/491 956/560/490 854/561/733
f 855/557/734 956/467/490 957/466/489 856/502/662
f 857/531/670 957/466/489 955/465/491 858/558/735
f 853/503/657 597/456/337 858/542/735 955/559/491
f 855/543/734 596/435/329 854/561/733 956/560/490
f 857/531/670 595/461/360 856/502/662 957/466/489
f 637/491/521 958/473/396 959/472/395 638/549/736
f 639/499/737 959/550/395 960/551/394 640/490/520
f 641/552/567 960/471/394 958/473/396 642/498/738
f 637/491/521 425/460/212 642/498/738 958/473/396
f 639/499/737 424/426/166 638/548/736 959/550/395
f 641/533/567 423/429/233 640/490/520 960/551/394
f 823/574/664 961/575/476 962/576/475 824/577/739
f 825/572/740 962/488/475 963/487/474 826/510/669
f 827/515/674 963/487/474 961/486/476 828/573/741
f 823/511/664 582/444/347 828/538/741 961/578/476
f 825/539/740 581/441/335 824/577/739 962/576/475
f 827/515/674 580/463/358 826/510/669 963/487/474
f 655/523/555 964/482/405 965/481/404 656/583/719
f 657/529/720 965/584/404 966/585/403 658/586/554
f 659/587/569 966/480/403 964/482/405 660/528/721
f 655/523/555 434/458/210 660/528/721 964/482/405
f 657/529/720 433/450/194 656/546/719 965/584/404
f 659/535/569 432/453/221 658/522/554 966/588/403
f 817/501/661 967/484/473 968/483/472 818/568/742
f 819/569/743 968/570/472 969/571/471 820/506/660
f 821/567/744 969/485/471 967/484/473 822/516/675
f 817/501/661 579/464/359 822/516/675 967/484/473
f 819/569/743 578/436/326 818/544/742 968/570/472
f 821/537/744 577/443/348 820/506/660 969/571/471
f 649/493/523 970/579/402 971/580/401 650/530/745
f 651/581/746 971/478/401 972/477/400 652/492/522
f 653/527/747 972/477/400 970/479/402 654/582/570
f 649/493/523 431/454/222 654/536/570 970/579/402
f 651/547/746 430/425/165 650/530/745 971/580/401
f 653/527/747 429/457/209 652/492/522 972/477/400
f 835/529/627 973/584/482 974/585/481 836/586/748
f 837/587/749 974/480/481 975/482/480 838/528/626
f 839/523/672 975/482/480 973/481/482 840/583/750
f 835/529/627 588/450/340 840/546/750 973/584/482
f 837/535/749 587/453/289 836/522/748 974/588/481
f 839/523/672 586/458/353 838/528/626 975/482/480
f 667/572/579 976/488/411 977/487/410 668/510/713
f 669/515/751 977/487/410 978/486/409 670/573/578
f 671/574/621 978/575/409 976/576/411 672/577/715
f 667/539/579 440/441/279 672/577/715 976/576/411
f 669/515/751 439/463/219 668/510/713 977/487/410
f 671/511/621 438/444/282 670/538/578 978/578/409
f 829/527/625 979/477/479 980/479/478 830/582/752
f 831/493/753 980/579/478 981/580/477 832/530/624
f 833/581/754 981/478/477 979/477/479 834/492/677
f 829/527/625 585/457/356 834/492/677 979/477/479
f 831/493/753 584/454/290 830/536/752 980/579/478
f 833/547/754 583/425/350 832/530/624 981/580/477
f 661/567/577 982/485/408 983/484/407 662/516/755
f 663/501/711 983/484/407 984/483/406 664/568/584
f 665/569/712 984/570/406 982/571/408 666/506/620
f 661/537/577 437/443/281 666/506/620 982/571/408
f 663/501/711 436/464/220 662/516/755 983/484/407
f 665/569/712 435/436/278 664/544/584 984/570/406
f 865/501/633 985/484/497 986/483/496 866/568/756
f 867/569/757 986/570/496 987/571/495 868/506/632
f 869/567/758 987/485/495 985/484/497 870/516/656
f 865/501/633 603/464/375 870/516/656 985/484/497
f 867/569/757 602/436/292 866/544/756 986/570/496
f 869/537/758 601/443/318 868/506/632 987/571/495
f 685/499/529 988/550/420 989/551/419 686/490/759
f 687/552/760 989/471/419 990/473/418 688/498/528
f 689/491/597 990/473/418 988/472/420 690/549/761
f 685/499/529 465/426/242 690/548/761 988/550/420
f 687/533/760 464/429/169 686/490/759 989/551/419
f 689/491/597 463/460/248 688/498/528 990/473/418
f 691/497/527 991/474/423 992/476/422 692/556/762
f 693/525/763 992/553/422 993/554/421 694/496/526
f 695/555/764 993/475/421 991/474/423 696/524/594
f 691/497/527 468/459/247 696/524/594 991/474/423
f 693/525/763 467/430/170 692/534/762 992/553/422
f 695/545/764 466/449/229 694/496/526 993/554/421
f 673/503/573 994/559/414 995/560/413 674/561/765
f 675/557/766 995/467/413 996/466/412 676/502/572
f 677/531/595 996/466/412 994/465/414 678/558/767
f 673/503/573 459/456/240 678/542/767 994/559/414
f 675/543/766 458/435/215 674/561/765 995/560/413
f 677/531/595 457/461/249 676/502/572 996/466/412
f 679/509/585 997/469/417 998/468/416 680/563/768
f 681/564/769 998/565/416 999/566/415 682/514/590
f 683/562/770 999/470/415 997/469/417 684/532/596
f 679/509/585 462/462/250 684/532/596 997/469/417
f 681/564/769 461/442/226 680/540/768 998/565/416
f 683/541/770 460/455/239 682/514/590 999/566/415
f 709/501/571 1000/484/432 1001/483/431 710/568/771
f 711/569/772 1001/570/431 1002/571/430 712/506/576
f 713/567/773 1002/485/430 1000/484/432 714/516/592
f 709/501/571 477/464/252 714/516/592 1000/484/432
f 711/569/772 476/436/216 710/544/771 1001/570/431
f 713/537/773 475/443/227 712/506/576 1002/571/430
f 715/574/587 1003/575/435 1004/576/434 716/577/774
f 717/572/775 1004/488/434 1005/487/433 718/510/586
f 719/515/591 1005/487/433 1003/486/435 720/573/776
f 715/511/587 480/444/228 720/538/776 1003/578/435
f 717/539/775 479/441/225 716/577/774 1004/576/434
f 719/515/591 478/463/251 718/510/586 1005/487/433
f 697/527/559 1006/477/426 1007/479/425 698/582/777
f 699/493/778 1007/579/425 1008/580/424 700/530/562
f 701/581/779 1008/478/424 1006/477/426 702/492/598
f 697/527/559 471/457/245 702/492/598 1006/477/426
f 699/493/778 470/454/198 698/536/777 1007/579/425
f 701/547/779 469/425/241 700/530/562 1008/580/424
f 703/529/561 1009/584/429 1010/585/428 704/586/780
f 705/587/781 1010/480/428 1011/482/427 706/528/560
f 707/523/593 1011/482/427 1009/481/429 708/583/782
f 703/529/561 474/450/230 708/546/782 1009/584/429
f 705/535/781 473/453/197 704/522/780 1010/588/428
f 707/523/593 472/458/246 706/528/560 1011/482/427
f 733/499/603 1012/550/444 1013/551/443 734/490/783
f 735/552/784 1013/471/443 1014/473/442 736/498/602
f 737/491/785 1014/473/442 1012/472/444 738/549/616
f 733/499/603 489/426/274 738/548/616 1012/550/444
f 735/533/784 488/429/253 734/490/783 1013/551/443
f 737/491/785 487/460/262 736/498/602 1014/473/442
f 739/497/601 1015/474/447 1016/476/446 740/556/786
f 741/525/787 1016/553/446 1017/554/445 742/496/600
f 743/555/611 1017/475/445 1015/474/447 744/524/788
f 739/497/601 492/459/261 744/524/788 1015/474/447
f 741/525/787 491/430/254 740/534/786 1016/553/446
f 743/545/611 490/449/269 742/496/600 1017/554/445
f 721/503/533 1018/559/438 1019/560/437 722/561/789
f 723/557/790 1019/467/437 1020/466/436 724/502/532
f 725/531/565 1020/466/436 1018/465/438 726/558/791
f 721/503/533 483/456/204 726/542/791 1018/559/438
f 723/543/790 482/435/175 722/561/789 1019/560/437
f 725/531/565 481/461/265 724/502/532 1020/466/436
f 727/509/541 1021/469/441 1022/468/440 728/563/792
f 729/564/793 1022/565/440 1023/566/439 730/514/546
f 731/562/794 1023/470/439 1021/469/441 732/532/566
f 727/509/541 486/462/266 732/532/566 1021/469/441
f 729/564/793 485/442/184 728/540/792 1022/565/440
f 731/541/794 484/455/203 730/514/546 1023/566/439
f 757/501/531 1024/484/456 1025/483/455 758/568/795
f 759/569/796 1025/570/455 1026/571/454 760/506/536
f 761/567/797 1026/485/454 1024/484/456 762/516/548
f 757/501/531 501/464/268 762/516/548 1024/484/456
f 759/569/796 500/436/176 758/544/795 1025/570/455
f 761/537/797 499/443/185 760/506/536 1026/571/454
f 763/574/543 1027/575/459 1028/576/458 764/577/798
f 765/572/799 1028/488/458 1029/487/457 766/510/542
f 767/515/547 1029/487/457 1027/486/459 768/573/800
f 763/511/543 504/444/186 768/538/800 1027/578/459
f 765/539/799 503/441/183 764/577/798 1028/576/458
f 767/515/547 502/463/267 766/510/542 1029/487/457
f 745/581/615 1030/478/450 1031/477/449 746/492/801
f 747/527/802 1031/477/449 1032/479/448 748/582/614
f 749/493/803 1032/579/448 1030/580/450 750/530/618
f 745/547/615 495/425/273 750/530/618 1030/580/450
f 747/527/802 494/457/259 746/492/801 1031/477/449
f 749/493/803 493/454/264 748/536/614 1032/579/448
f 751/587/613 1033/480/453 1034/482/452 752/528/804
f 753/523/805 1034/482/452 1035/481/451 754/583/612
f 755/529/617 1035/584/451 1033/585/453 756/586/806
f 751/535/613 498/453/263 756/522/806 1033/588/453
f 753/523/805 497/458/260 752/528/804 1034/482/452
f 755/529/617 496/450/270 754/546/612 1035/584/451
f 871/574/637 1036/575/500 1037/576/499 872/577/807
f 873/572/808 1037/488/499 1038/487/498 874/510/642
f 875/515/655 1038/487/498 1036/486/500 876/573/809
f 871/511/637 606/444/315 876/538/809 1036/578/500
f 873/539/808 605/441/303 872/577/807 1037/576/499
f 875/515/655 604/463/374 874/510/642 1038/487/498
f 877/527/680 1039/477/503 1040/479/502 878/582/810
f 879/493/811 1040/579/502 1041/580/501 880/530/679
f 881/581/690 1041/478/501 1039/477/503 882/492/812
f 877/527/680 609/457/370 882/492/812 1039/477/503
f 879/493/811 608/454/363 878/536/810 1040/579/502
f 881/547/690 607/425/382 880/530/679 1041/580/501
f 883/529/682 1042/584/506 1043/585/505 884/586/813
f 885/587/814 1043/480/505 1044/482/504 886/528/681
f 887/523/815 1044/482/504 1042/481/506 888/583/695
f 883/529/682 612/450/379 888/546/695 1042/584/506
f 885/535/814 611/453/362 884/522/813 1043/588/505
f 887/523/815 610/458/367 886/528/681 1044/482/504
f 889/552/692 1045/471/509 1046/473/508 890/498/816
f 891/491/817 1046/473/508 1047/472/507 892/549/691
f 893/499/696 1047/550/507 1045/551/509 894/490/818
f 889/533/692 615/429/372 894/490/818 1045/551/509
f 891/491/817 614/460/369 890/498/816 1046/473/508
f 893/499/696 613/426/383 892/548/691 1047/550/507
f 895/555/694 1048/475/512 1049/474/511 896/524/819
f 897/497/820 1049/474/511 1050/476/510 898/556/693
f 899/525/821 1050/553/510 1048/554/512 900/496/697
f 895/545/694 618/449/378 900/496/697 1048/554/512
f 897/497/820 617/459/368 896/524/819 1049/474/511
f 899/525/821 616/430/371 898/534/693 1050/553/510
f 901/503/629 1051/559/515 1052/560/514 902/561/822
f 903/557/823 1052/467/514 1053/466/513 904/502/634
f 905/531/643 1053/466/513 1051/465/515 906/558/824
f 901/503/629 621/456/306 906/542/824 1051/559/515
f 903/543/823 620/435/295 902/561/822 1052/560/514
f 905/531/643 619/461/376 904/502/634 1053/466/513
f 907/509/641 1054/469/518 1055/468/517 908/563/825
f 909/564/826 1055/565/517 1056/566/516 910/514/640
f 911/562/827 1056/470/516 1054/469/518 912/532/644
f 907/509/641 624/462/373 912/532/644 1054/469/518
f 909/564/826 623/442/300 908/540/825 1055/565/517
f 911/541/827 622/455/305 910/514/640 1056/566/516
f 383/489/519 384/500/828 639/499/737 640/490/520
f 384/500/828 399/427/167 424/426/166 639/499/737
f 637/491/521 638/549/736 651/581/746 652/492/522
f 638/548/736 424/426/166 430/425/165 651/547/746
f 649/493/523 650/530/745 381/520/829 382/494/524
f 650/530/745 430/425/165 389/428/168 381/520/829
f 379/495/525 380/526/830 693/525/763 694/496/526
f 380/526/830 403/431/171 467/430/170 693/525/763
f 691/497/527 692/556/762 687/552/760 688/498/528
f 692/534/762 467/430/170 464/429/169 687/533/760
f 685/499/529 686/490/759 377/489/831 378/500/530
f 686/490/759 464/429/169 397/432/172 377/489/831
f 757/501/531 758/568/795 723/557/790 724/502/532
f 758/544/795 500/436/176 482/435/175 723/543/790
f 721/503/533 722/561/789 375/508/606 376/504/534
f 722/561/789 482/435/175 453/434/174 375/508/606
f 373/505/535 374/519/609 759/569/796 760/506/536
f 374/519/609 455/433/173 500/436/176 759/569/796
f 371/507/537 372/513/589 380/526/830 379/495/525
f 372/513/589 413/437/177 403/431/171 380/526/830
f 378/500/530 377/489/831 369/504/574 370/508/538
f 377/489/831 397/432/172 447/438/178 369/504/574
f 367/504/539 368/508/832 384/500/828 383/489/519
f 368/508/832 441/434/179 399/427/167 384/500/828
f 382/494/524 381/520/829 365/519/833 366/505/540
f 381/520/829 389/428/168 415/433/180 365/519/833
f 727/509/541 728/563/792 765/572/799 766/510/542
f 728/540/792 485/442/184 503/441/183 765/539/799
f 763/574/543 764/577/798 363/518/608 364/589/544
f 764/577/798 503/441/183 443/440/182 363/518/608
f 361/513/545 362/507/605 729/564/793 730/514/546
f 362/507/605 409/439/181 485/442/184 729/564/793
f 767/515/547 768/573/800 761/567/797 762/516/548
f 768/538/800 504/444/186 499/443/185 761/537/797
f 359/517/549 360/590/834 357/589/588 358/518/550
f 360/521/834 405/447/191 411/445/190 357/512/588
f 355/519/551 356/505/575 353/494/835 354/520/552
f 356/505/575 445/446/189 395/448/192 353/494/835
f 351/590/553 352/517/836 657/529/720 658/586/554
f 352/517/836 385/451/195 433/450/194 657/529/720
f 655/523/555 656/583/719 645/555/732 646/524/556
f 656/546/719 433/450/194 427/449/193 645/545/732
f 643/525/557 644/496/701 349/495/837 350/526/558
f 644/496/701 427/449/193 407/452/196 349/495/837
f 697/527/559 698/582/777 705/587/781 706/528/560
f 698/536/777 470/454/198 473/453/197 705/535/781
f 703/529/561 704/586/780 360/590/834 359/517/549
f 704/522/780 473/453/197 405/447/191 360/521/834
f 354/520/552 353/494/835 699/493/778 700/530/562
f 353/494/835 395/448/192 470/454/198 699/493/778
f 347/589/563 348/518/838 352/517/836 351/590/553
f 348/518/838 449/440/199 385/451/195 352/517/836
f 350/526/558 349/495/837 345/507/839 346/513/564
f 349/495/837 407/452/196 451/439/200 345/507/839
f 725/531/565 726/558/791 731/562/794 732/532/566
f 726/542/791 483/456/204 484/455/203 731/541/794
f 641/552/567 642/498/738 647/497/703 648/556/568
f 642/498/738 425/460/212 426/459/211 647/497/703
f 659/587/569 660/528/721 653/527/747 654/582/570
f 660/528/721 434/458/210 429/457/209 653/527/747
f 709/501/571 710/568/771 675/557/766 676/502/572
f 710/544/771 476/436/216 458/435/215 675/543/766
f 673/503/573 674/561/765 370/508/538 369/504/574
f 674/561/765 458/435/215 448/434/214 370/508/538
f 356/505/575 355/519/551 711/569/772 712/506/576
f 355/519/551 446/433/213 476/436/216 711/569/772
f 661/567/577 662/516/755 669/515/751 670/573/578
f 662/516/755 436/464/220 439/463/219 669/515/751
f 667/572/579 668/510/713 633/509/708 634/563/580
f 668/510/713 439/463/219 421/462/218 633/509/708
f 631/562/581 632/532/707 627/531/705 628/558/582
f 632/532/707 421/462/218 418/461/217 627/531/705
f 625/557/583 626/502/704 663/501/711 664/568/584
f 626/502/704 418/461/217 436/464/220 663/501/711
f 679/509/585 680/563/768 717/572/775 718/510/586
f 680/540/768 461/442/226 479/441/225 717/539/775
f 715/574/587 716/577/774 358/518/550 357/589/588
f 716/577/774 479/441/225 412/440/224 358/518/550
f 372/513/589 371/507/537 681/564/769 682/514/590
f 371/507/537 414/439/223 461/442/226 681/564/769
f 719/515/591 720/573/776 713/567/773 714/516/592
f 720/538/776 480/444/228 475/443/227 713/537/773
f 707/523/593 708/583/782 695/555/764 696/524/594
f 708/546/782 474/450/230 466/449/229 695/545/764
f 677/531/595 678/558/767 683/562/770 684/532/596
f 678/542/767 459/456/240 460/455/239 683/541/770
f 689/491/597 690/549/761 701/581/779 702/492/598
f 690/548/761 465/426/242 469/425/241 701/547/779
f 343/495/599 344/526/840 741/525/787 742/496/600
f 344/526/840 387/431/255 491/430/254 741/525/787
f 739/497/601 740/556/786 735/552/784 736/498/602
f 740/534/786 491/430/254 488/429/253 735/533/784
f 733/499/603 734/490/783 341/489/841 342/500/604
f 734/490/783 488/429/253 391/432/256 341/489/841
f 362/507/605 361/513/545 344/526/840 343/495/599
f 361/513/545 410/437/202 387/431/255 344/526/840
f 342/500/604 341/489/841 376/504/534 375/508/606
f 341/489/841 391/432/256 454/438/201 376/504/534
f 339/517/607 340/590/842 364/589/544 363/518/608
f 340/521/842 393/447/257 444/445/187 364/512/544
f 374/519/609 373/505/535 337/494/843 338/520/610
f 373/505/535 456/446/188 401/448/258 337/494/843
f 743/555/611 744/524/788 753/523/805 754/583/612
f 744/524/788 492/459/261 497/458/260 753/523/805
f 751/587/613 752/528/804 747/527/802 748/582/614
f 752/528/804 497/458/260 494/457/259 747/527/802
f 745/581/615 746/492/801 737/491/785 738/549/616
f 746/492/801 494/457/259 487/460/262 737/491/785
f 755/529/617 756/586/806 340/590/842 339/517/607
f 756/522/806 498/453/263 393/447/257 340/521/842
f 338/520/610 337/494/843 749/493/803 750/530/618
f 337/494/843 401/448/258 493/454/264 749/493/803
f 629/503/619 630/561/728 368/508/832 367/504/539
f 630/561/728 419/435/277 441/434/179 368/508/832
f 366/505/540 365/519/833 665/569/712 666/506/620
f 365/519/833 415/433/180 435/436/278 665/569/712
f 671/574/621 672/577/715 348/518/838 347/589/563
f 672/577/715 440/441/279 449/440/199 348/518/838
f 346/513/564 345/507/839 635/564/709 636/514/622
f 345/507/839 451/439/200 420/442/280 635/564/709
f 335/489/519 336/500/828 795/499/699 796/490/520
f 336/500/828 509/427/287 550/426/286 795/499/699
f 793/491/521 794/549/698 783/581/717 784/492/522
f 794/548/698 550/426/286 544/425/165 783/547/717
f 781/493/523 782/530/716 333/520/829 334/494/524
f 782/530/716 544/425/165 519/428/285 333/520/829
f 331/520/623 332/494/844 831/493/753 832/530/624
f 332/494/844 517/448/291 584/454/290 831/493/753
f 829/527/625 830/582/752 837/587/749 838/528/626
f 830/536/752 584/454/290 587/453/289 837/535/749
f 835/529/627 836/586/748 329/590/845 330/517/628
f 836/522/748 587/453/289 523/447/288 329/521/845
f 901/503/629 902/561/822 327/508/687 328/504/630
f 902/561/822 620/435/295 575/434/294 327/508/687
f 325/505/631 326/519/684 867/569/757 868/506/632
f 326/519/684 573/433/293 602/436/292 867/569/757
f 865/501/633 866/568/756 903/557/823 904/502/634
f 866/544/756 602/436/292 620/435/295 903/543/823
f 323/519/635 324/505/659 332/494/844 331/520/623
f 324/505/659 567/446/297 517/448/291 332/494/844
f 330/517/628 329/590/845 321/589/665 322/518/636
f 329/521/845 523/447/288 533/445/296 321/512/665
f 319/504/539 320/508/832 336/500/828 335/489/519
f 320/508/832 535/434/299 509/427/287 336/500/828
f 334/494/524 333/520/829 317/519/846 318/505/540
f 333/520/829 519/428/285 561/433/298 317/519/846
f 871/574/637 872/577/807 315/518/685 316/589/638
f 872/577/807 605/441/303 529/440/302 315/518/685
f 313/513/639 314/507/688 909/564/826 910/514/640
f 314/507/688 563/439/301 623/442/300 909/564/826
f 907/509/641 908/563/825 873/572/808 874/510/642
f 908/540/825 623/442/300 605/441/303 873/539/808
f 905/531/643 906/558/824 911/562/827 912/532/644
f 906/542/824 621/456/306 622/455/305 911/541/827
f 311/500/645 312/489/847 309/504/658 310/508/646
f 312/489/847 515/432/309 565/438/308 309/504/658
f 307/507/647 308/513/666 305/526/848 306/495/648
f 308/513/666 531/437/191 525/431/190 305/526/848
f 303/590/649 304/517/836 789/529/720 790/586/554
f 304/517/836 527/451/195 547/450/311 789/529/720
f 787/523/555 788/583/719 801/555/702 802/524/556
f 788/546/719 547/450/311 553/449/310 801/545/702
f 799/525/557 800/496/701 301/495/837 302/526/558
f 800/496/701 553/449/310 505/452/196 301/495/837
f 841/499/650 842/490/725 312/489/847 311/500/645
f 842/490/725 590/429/313 515/432/309 312/489/847
f 306/495/648 305/526/848 849/525/723 850/496/651
f 305/526/848 525/431/190 593/430/312 849/525/723
f 847/497/652 848/556/722 843/552/726 844/498/653
f 848/534/722 593/430/312 590/429/313 843/533/726
f 299/589/563 300/518/849 304/517/836 303/590/649
f 300/518/849 571/440/199 527/451/195 304/517/836
f 302/526/558 301/495/837 297/507/839 298/513/654
f 301/495/837 505/452/196 569/439/314 297/507/839
f 875/515/655 876/573/809 869/567/758 870/516/656
f 876/538/809 606/444/315 601/443/318 869/537/758
f 797/552/567 798/498/700 803/497/703 804/556/568
f 798/498/700 551/460/325 552/459/324 803/497/703
f 791/587/569 792/528/721 785/527/718 786/582/570
f 792/528/721 548/458/323 543/457/209 785/527/718
f 853/503/657 854/561/733 310/508/646 309/504/658
f 854/561/733 596/435/329 566/434/328 310/508/646
f 324/505/659 323/519/635 819/569/743 820/506/660
f 323/519/635 568/433/327 578/436/326 819/569/743
f 817/501/661 818/568/742 855/557/734 856/502/662
f 818/544/742 578/436/326 596/435/329 855/543/734
f 805/557/583 806/502/704 771/501/711 772/568/584
f 806/502/704 556/461/331 538/464/330 771/501/711
f 769/567/577 770/516/710 777/515/714 778/573/578
f 770/516/710 538/464/330 541/463/219 777/515/714
f 775/572/579 776/510/713 813/509/708 814/563/663
f 776/510/713 541/463/219 559/462/218 813/509/708
f 811/562/581 812/532/707 807/531/705 808/558/582
f 812/532/707 559/462/218 556/461/331 807/531/705
f 823/574/664 824/577/739 322/518/636 321/589/665
f 824/577/739 581/441/335 534/440/334 322/518/636
f 308/513/666 307/507/647 861/564/730 862/514/667
f 307/507/647 532/439/333 599/442/332 861/564/730
f 859/509/668 860/563/729 825/572/740 826/510/669
f 860/540/729 599/442/332 581/441/335 825/539/740
f 857/531/670 858/558/735 863/562/731 864/532/671
f 858/542/735 597/456/337 598/455/336 863/541/731
f 839/523/672 840/583/750 851/555/724 852/524/673
f 840/546/750 588/450/340 592/449/339 851/545/724
f 827/515/674 828/573/741 821/567/744 822/516/675
f 828/538/741 582/444/347 577/443/348 821/537/744
f 845/491/676 846/549/727 833/581/754 834/492/677
f 846/548/727 591/426/351 583/425/350 833/547/754
f 295/520/678 296/494/850 879/493/811 880/530/679
f 296/494/850 511/448/364 608/454/363 879/493/811
f 877/527/680 878/582/810 885/587/814 886/528/681
f 878/536/810 608/454/363 611/453/362 885/535/814
f 883/529/682 884/586/813 293/590/851 294/517/683
f 884/522/813 611/453/362 507/447/361 293/521/851
f 326/519/684 325/505/631 296/494/850 295/520/678
f 325/505/631 574/446/317 511/448/364 296/494/850
f 294/517/683 293/590/851 316/589/638 315/518/685
f 293/521/851 507/447/361 530/445/316 316/512/638
f 291/500/686 292/489/852 328/504/630 327/508/687
f 292/489/852 521/432/366 576/438/307 328/504/630
f 314/507/688 313/513/639 289/526/853 290/495/689
f 313/513/639 564/437/304 513/431/365 289/526/853
f 881/581/690 882/492/812 891/491/817 892/549/691
f 882/492/812 609/457/370 614/460/369 891/491/817
f 889/552/692 890/498/816 897/497/820 898/556/693
f 890/498/816 614/460/369 617/459/368 897/497/820
f 895/555/694 896/524/819 887/523/815 888/583/695
f 896/524/819 617/459/368 610/458/367 887/523/815
f 893/499/696 894/490/818 292/489/852 291/500/686
f 894/490/818 615/429/372 521/432/366 292/489/852
f 290/495/689 289/526/853 899/525/821 900/496/697
f 289/526/853 513/431/365 616/430/371 899/525/821
f 809/503/619 810/561/706 320/508/832 319/504/539
f 810/561/706 557/435/277 535/434/299 320/508/832
f 318/505/540 317/519/846 773/569/712 774/506/620
f 317/519/846 561/433/298 537/436/278 773/569/712
f 779/574/621 780/577/715 300/518/849 299/589/563
f 780/577/715 542/441/385 571/440/199 300/518/849
f 298/513/654 297/507/839 815/564/709 816/514/622
f 297/507/839 569/439/314 558/442/280 815/564/709
f 1114/591/854 1117/592/151 1111/593/27 1108/594/855
f 1173/595/856 1152/3/3 1094/2/2 1185/596/857
f 1126/597/858 1129/598/22 1123/599/128 1120/600/859
f 1119/601/860 1135/602/861 1141/603/862 1127/604/863
f 1124/605/40 1128/606/864 1138/607/865 1131/608/866
f 1145/609/867 1143/610/868 1203/611/869 1205/612/870
f 1181/613/857 1086/20/2 1133/19/13 1160/614/871
f 1121/615/872 1122/616/26 1134/16/12 1136/15/11
f 1142/14/10 1139/13/9 1130/617/31 1125/618/873
f 1116/619/874 1154/620/875 1147/621/876 1112/622/877
f 1163/623/878 1140/10/8 1084/9/7 1179/624/879
f 1115/625/880 1107/626/881 1155/627/882 1157/628/883
f 1187/28/18 1093/27/7 1097/629/7 1195/630/884
f 1205/612/870 1203/611/869 1177/631/885 1175/632/886
f 1195/630/884 1097/629/7 1071/633/7 1144/634/887
f 1109/635/888 1110/636/34 1150/23/16 1156/22/15
f 1158/7/5 1151/6/4 1118/637/23 1113/638/889
f 1183/639/879 1093/27/7 1149/26/17 1170/640/890
f 1171/641/891 1148/642/892 1153/643/893 1172/644/894
f 1189/645/895 1188/646/896 1196/647/897 1197/648/898
f 1159/649/899 1164/650/900 1180/651/901 1182/652/902
f 1161/653/903 1132/654/904 1137/655/905 1162/656/906
f 1176/21/14 1086/20/2 1101/657/2 1206/658/907
f 1206/658/907 1101/657/2 1072/659/2 1146/660/908
f 1144/634/887 1071/633/7 1103/661/7 1204/662/909
f 1175/632/886 1177/631/885 1141/603/862 1135/602/861
f 1204/662/909 1103/661/7 1084/9/7 1178/8/6
f 1186/663/910 1184/664/911 1169/665/912 1174/666/913
f 1197/648/898 1196/647/897 1143/610/868 1145/609/867
f 1167/667/910 1165/668/911 1193/669/901 1191/670/902
f 1157/628/883 1155/627/882 1188/646/896 1189/645/895
f 1191/670/902 1193/669/901 1184/664/911 1186/663/910
f 1192/671/857 1095/672/2 1072/659/2 1168/673/857
f 1185/596/857 1094/2/2 1095/672/2 1192/671/857
f 1194/674/879 1097/629/7 1093/27/7 1183/639/879
f 1166/675/879 1071/633/7 1097/629/7 1194/674/879
f 1198/676/914 1095/672/2 1094/2/2 1190/1/1
f 1146/660/908 1072/659/2 1095/672/2 1198/676/914
f 1199/677/857 1101/657/2 1086/20/2 1181/613/857
f 1168/673/857 1072/659/2 1101/657/2 1199/677/857
f 1201/678/879 1103/661/7 1071/633/7 1166/675/879
f 1179/624/879 1084/9/7 1103/661/7 1201/678/879
f 1200/679/910 1202/680/911 1165/668/911 1167/667/910
f 1182/652/902 1180/651/901 1202/680/911 1200/679/910
f 1313/681/915 1312/682/916 1311/683/917
f 1316/684/61 1315/685/62 1314/686/918
f 1319/687/919 1318/688/920 1317/689/921
f 1322/690/922 1321/691/55 1320/692/56
f 1325/693/923 1324/694/924 1323/695/925
f 1328/696/49 1327/697/50 1326/698/926
f 1331/699/927 1330/700/928 1329/701/929
f 1334/702/930 1333/703/44 1332/704/134
f 1259/705/931 1132/654/904 1258/706/932 1338/707/933
f 1267/708/934 1138/607/865 1266/709/935 1342/710/936
f 1275/711/937 1148/642/892 1274/712/938 1346/713/939
f 1283/4/940 1152/3/3 1282/714/941 1350/715/942
f 1353/716/943 1352/717/944 1351/718/945
f 1356/719/946 1355/720/947 1354/721/948
f 1359/722/949 1358/723/950 1357/724/951
f 1362/725/952 1361/726/953 1360/727/954
f 1207/728/955 1216/729/84 1110/636/34 1109/635/888
f 1213/730/85 1228/731/86 1116/619/874 1112/622/877
f 1225/732/104 1222/733/956 1113/638/889 1118/637/23
f 1219/734/957 1210/735/958 1107/626/881 1115/625/880
f 1281/736/959 1308/737/960 1172/644/894 1153/643/893
f 1305/738/961 1363/739/962 1186/663/910 1174/666/913
f 1231/740/963 1240/741/72 1122/616/26 1121/615/872
f 1237/742/73 1252/743/964 1128/606/864 1124/605/40
f 1249/744/67 1246/745/965 1125/618/873 1130/617/31
f 1243/746/966 1234/747/967 1119/601/860 1127/604/863
f 1247/748/968 1365/749/969 1142/14/10 1125/618/873
f 1368/750/970 1236/751/971 1121/615/872 1136/15/11
f 1259/705/931 1268/752/972 1137/655/905 1132/654/904
f 1265/753/973 1254/754/93 1130/617/31 1139/13/9
f 1241/755/99 1262/756/974 1134/16/12 1122/616/26
f 1370/757/975 1106/758/976 1144/634/887 1204/662/909
f 1102/759/977 1100/760/978 1206/658/907 1146/660/908
f 1287/761/979 1258/706/932 1132/654/904 1161/653/903
f 1096/762/962 1290/763/980 1159/649/899 1182/652/902
f 1217/764/111 1278/765/981 1150/23/16 1110/636/34
f 1275/711/937 1280/766/982 1153/643/893 1148/642/892
f 1285/767/983 1230/768/103 1118/637/23 1151/6/4
f 1269/769/984 1296/770/985 1162/656/906 1137/655/905
f 1293/771/986 1092/772/987 1180/651/901 1164/650/900
f 1089/773/988 1212/774/989 1109/635/888 1156/22/15
f 1223/775/990 1088/776/991 1158/7/5 1113/638/889
f 1083/777/992 1082/778/993 1196/647/897 1188/646/896
f 1079/779/994 1370/757/975 1204/662/909 1178/8/6
f 1100/760/978 1078/780/995 1176/21/14 1206/658/907
f 1082/778/993 1105/781/996 1143/610/868 1196/647/897
f 1299/782/997 1274/712/938 1148/642/892 1171/641/891
f 1075/783/987 1302/784/998 1169/665/912 1184/664/911
f 1303/785/999 1310/786/1000 1174/666/913 1169/665/912
f 1073/787/1001 1070/788/1002 1198/676/914 1190/1/1
f 1074/789/1003 1087/790/1004 1157/628/883 1189/645/895
f 1297/791/1005 1292/792/1006 1161/653/903 1162/656/906
f 1080/793/1007 1366/794/1008 1141/603/862 1177/631/885
f 1367/795/1009 1077/796/1010 1175/632/886 1135/602/861
f 1070/788/1002 1102/759/977 1146/660/908 1198/676/914
f 1067/797/1011 1066/798/1011 1166/675/879 1194/674/879
f 1063/799/1012 1062/800/1012 1192/671/857 1168/673/857
f 1085/801/1013 1089/773/988 1156/22/15 1187/28/18
f 1076/802/1011 1067/797/1011 1194/674/879 1183/639/879
f 1062/800/1012 1364/803/1012 1185/596/857 1192/671/857
f 1059/804/962 1096/762/962 1182/652/902 1200/679/910
f 1064/805/962 1059/804/962 1200/679/910 1167/667/910
f 1057/806/987 1065/807/987 1165/668/911 1202/680/911
f 1092/772/987 1057/806/987 1202/680/911 1180/651/901
f 1207/808/955 1311/683/917 1312/682/916 1208/809/1014
f 1209/810/1015 1312/682/916 1313/681/915 1210/811/958
f 1211/812/1016 1313/813/915 1311/814/917 1212/774/989
f 1207/728/955 1109/635/888 1212/774/989 1311/814/917
f 1209/810/1015 1108/594/855 1208/809/1014 1312/682/916
f 1211/812/1016 1107/626/881 1210/735/958 1313/813/915
f 1213/815/85 1314/686/918 1315/685/62 1214/816/109
f 1215/817/1017 1315/685/62 1316/684/61 1216/818/84
f 1217/764/111 1316/819/61 1314/820/918 1218/821/1018
f 1213/730/85 1112/622/877 1218/821/1018 1314/820/918
f 1215/817/1017 1111/593/27 1214/816/109 1315/685/62
f 1217/764/111 1110/636/34 1216/729/84 1316/819/61
f 1219/822/957 1317/689/921 1318/688/920 1220/823/1019
f 1221/824/1020 1318/688/920 1319/687/919 1222/825/956
f 1223/826/990 1319/827/919 1317/828/921 1224/829/1021
f 1219/734/957 1115/625/880 1224/829/1021 1317/828/921
f 1221/824/1020 1114/591/854 1220/823/1019 1318/688/920
f 1223/775/990 1113/638/889 1222/733/956 1319/830/919
f 1225/831/104 1320/692/56 1321/691/55 1226/832/1022
f 1227/833/137 1321/691/55 1322/690/922 1228/834/86
f 1229/835/1023 1322/836/922 1320/837/56 1230/768/103
f 1225/732/104 1118/637/23 1230/768/103 1320/837/56
f 1227/833/137 1117/592/151 1226/832/1022 1321/691/55
f 1229/835/1023 1116/619/874 1228/731/86 1322/836/922
f 1231/838/963 1323/695/925 1324/694/924 1232/839/1024
f 1233/840/1025 1324/694/924 1325/693/923 1234/841/967
f 1235/842/1026 1325/843/923 1323/844/925 1236/845/971
f 1231/740/963 1121/615/872 1236/751/971 1323/846/925
f 1233/840/1025 1120/600/859 1232/839/1024 1324/694/924
f 1235/842/1026 1119/601/860 1234/747/967 1325/843/923
f 1237/847/73 1326/698/926 1327/697/50 1238/848/97
f 1239/849/98 1327/697/50 1328/696/49 1240/850/72
f 1241/755/99 1328/851/49 1326/852/926 1242/853/80
f 1237/742/73 1124/605/40 1242/853/80 1326/852/926
f 1239/849/98 1123/599/128 1238/848/97 1327/697/50
f 1241/755/99 1122/616/26 1240/741/72 1328/851/49
f 1243/854/966 1329/701/929 1330/700/928 1244/855/1027
f 1245/856/1028 1330/700/928 1331/699/927 1246/857/965
f 1247/748/968 1331/858/927 1329/859/929 1248/860/1029
f 1243/746/966 1127/604/863 1248/860/1029 1329/859/929
f 1245/856/1028 1126/597/858 1244/855/1027 1330/700/928
f 1247/748/968 1125/618/873 1246/745/965 1331/858/927
f 1249/861/67 1332/704/134 1333/703/44 1250/862/141
f 1251/863/138 1333/703/44 1334/702/930 1252/864/964
f 1253/865/89 1334/866/930 1332/867/134 1254/754/93
f 1249/744/67 1130/617/31 1254/754/93 1332/867/134
f 1251/863/138 1129/598/22 1250/862/141 1333/703/44
f 1253/865/89 1128/606/864 1252/743/964 1334/866/930
f 1262/756/974 1335/868/1030 1255/17/1031 1134/16/12
f 1335/868/1030 1336/869/1032 1256/18/1033 1255/17/1031
f 1336/869/1032 1257/870/1034 1133/19/13 1256/18/1033
f 1261/871/1035 1337/872/1036 1335/868/1030 1262/756/974
f 1337/872/1036 1338/707/933 1336/869/1032 1335/868/1030
f 1338/707/933 1258/706/932 1257/870/1034 1336/869/1032
f 1131/608/866 1260/873/1037 1337/872/1036 1261/871/1035
f 1260/873/1037 1259/705/931 1338/707/933 1337/872/1036
f 1270/874/1038 1339/875/1039 1263/11/1040 1140/10/8
f 1339/875/1039 1340/876/1041 1264/12/1042 1263/11/1040
f 1340/876/1041 1265/753/973 1139/13/9 1264/12/1042
f 1269/769/984 1341/877/1043 1339/875/1039 1270/874/1038
f 1341/877/1043 1342/710/936 1340/876/1041 1339/875/1039
f 1342/710/936 1266/709/935 1265/753/973 1340/876/1041
f 1137/655/905 1268/752/972 1341/877/1043 1269/769/984
f 1268/752/972 1267/708/934 1342/710/936 1341/877/1043
f 1278/765/981 1343/878/1044 1271/24/1045 1150/23/16
f 1343/878/1044 1344/879/1046 1272/25/1047 1271/24/1045
f 1344/879/1046 1273/880/1048 1149/26/17 1272/25/1047
f 1277/881/1049 1345/882/1050 1343/878/1044 1278/765/981
f 1345/882/1050 1346/713/939 1344/879/1046 1343/878/1044
f 1346/713/939 1274/712/938 1273/880/1048 1344/879/1046
f 1147/621/876 1276/883/1051 1345/882/1050 1277/881/1049
f 1276/883/1051 1275/711/937 1346/713/939 1345/882/1050
f 1286/884/1052 1347/885/1053 1279/886/1054 1154/620/875
f 1347/885/1053 1348/887/1055 1280/766/982 1279/886/1054
f 1348/887/1055 1281/736/959 1153/643/893 1280/766/982
f 1285/767/983 1349/888/1056 1347/885/1053 1286/884/1052
f 1349/888/1056 1350/715/942 1348/887/1055 1347/885/1053
f 1350/715/942 1282/714/941 1281/736/959 1348/887/1055
f 1151/6/4 1284/5/1057 1349/888/1056 1285/767/983
f 1284/5/1057 1283/4/940 1350/715/942 1349/888/1056
f 1287/761/979 1351/718/945 1352/717/944 1288/889/1058
f 1289/890/1059 1352/717/944 1353/716/943 1290/763/980
f 1291/891/1060 1353/716/943 1351/718/945 1292/792/1006
f 1287/761/979 1161/653/903 1292/792/1006 1351/718/945
f 1289/890/1059 1160/614/871 1288/889/1058 1352/717/944
f 1291/891/1060 1159/649/899 1290/763/980 1353/716/943
f 1293/771/986 1354/721/948 1355/720/947 1294/892/1061
f 1295/893/1062 1355/720/947 1356/719/946 1296/770/985
f 1297/791/1005 1356/719/946 1354/721/948 1298/894/1063
f 1293/771/986 1164/650/900 1298/894/1063 1354/721/948
f 1295/893/1062 1163/623/878 1294/892/1061 1355/720/947
f 1297/791/1005 1162/656/906 1296/770/985 1356/719/946
f 1299/782/997 1357/724/951 1358/723/950 1300/895/1064
f 1301/896/1065 1358/723/950 1359/722/949 1302/784/998
f 1303/785/999 1359/722/949 1357/724/951 1304/897/1066
f 1299/782/997 1171/641/891 1304/897/1066 1357/724/951
f 1301/896/1065 1170/640/890 1300/895/1064 1358/723/950
f 1303/785/999 1169/665/912 1302/784/998 1359/722/949
f 1305/738/961 1360/727/954 1361/726/953 1306/898/1067
f 1307/899/1068 1361/726/953 1362/725/952 1308/737/960
f 1309/900/1069 1362/725/952 1360/727/954 1310/786/1000
f 1305/738/961 1174/666/913 1310/786/1000 1360/727/954
f 1307/899/1068 1173/595/856 1306/898/1067 1361/726/953
f 1309/900/1069 1172/644/894 1308/737/960 1362/725/952
f 1207/808/955 1208/809/1014 1215/817/1017 1216/818/84
f 1208/809/1014 1108/594/855 1111/593/27 1215/817/1017
f 1213/815/85 1214/816/109 1227/833/137 1228/834/86
f 1214/816/109 1111/593/27 1117/592/151 1227/833/137
f 1225/831/104 1226/832/1022 1221/824/1020 1222/825/956
f 1226/832/1022 1117/592/151 1114/591/854 1221/824/1020
f 1219/822/957 1220/823/1019 1209/810/1015 1210/811/958
f 1220/823/1019 1114/591/854 1108/594/855 1209/810/1015
f 1281/736/959 1282/714/941 1307/899/1068 1308/737/960
f 1282/714/941 1152/3/3 1173/595/856 1307/899/1068
f 1305/738/961 1306/898/1067 1364/803/1012 1363/739/962
f 1306/898/1067 1173/595/856 1185/596/857 1364/803/1012
f 1231/838/963 1232/839/1024 1239/849/98 1240/850/72
f 1232/839/1024 1120/600/859 1123/599/128 1239/849/98
f 1237/847/73 1238/848/97 1251/863/138 1252/864/964
f 1238/848/97 1123/599/128 1129/598/22 1251/863/138
f 1249/861/67 1250/862/141 1245/856/1028 1246/857/965
f 1250/862/141 1129/598/22 1126/597/858 1245/856/1028
f 1243/854/966 1244/855/1027 1233/840/1025 1234/841/967
f 1244/855/1027 1126/597/858 1120/600/859 1233/840/1025
f 1247/748/968 1248/860/1029 1366/794/1008 1365/749/969
f 1248/860/1029 1127/604/863 1141/603/862 1366/794/1008
f 1368/901/970 1367/795/1009 1235/842/1026 1236/845/971
f 1367/795/1009 1135/602/861 1119/601/860 1235/842/1026
f 1259/705/931 1260/873/1037 1267/708/934 1268/752/972
f 1260/873/1037 1131/608/866 1138/607/865 1267/708/934
f 1265/753/973 1266/709/935 1253/865/89 1254/754/93
f 1266/709/935 1138/607/865 1128/606/864 1253/865/89
f 1241/755/99 1242/853/80 1261/871/1035 1262/756/974
f 1242/853/80 1124/605/40 1131/608/866 1261/871/1035
f 1370/757/975 1369/902/1070 1105/781/996 1106/758/976
f 1369/902/1070 1203/611/869 1143/610/868 1105/781/996
f 1102/903/977 1104/904/1071 1099/905/1072 1100/906/978
f 1104/904/1071 1145/609/867 1205/612/870 1099/905/1072
f 1287/761/979 1288/889/1058 1257/870/1034 1258/706/932
f 1288/889/1058 1160/614/871 1133/19/13 1257/870/1034
f 1096/762/962 1098/907/1012 1289/890/1059 1290/763/980
f 1098/907/1012 1181/613/857 1160/614/871 1289/890/1059
f 1217/764/111 1218/821/1018 1277/881/1049 1278/765/981
f 1218/821/1018 1112/622/877 1147/621/876 1277/881/1049
f 1275/711/937 1276/883/1051 1279/886/1054 1280/766/982
f 1276/883/1051 1147/621/876 1154/620/875 1279/886/1054
f 1285/767/983 1286/884/1052 1229/835/1023 1230/768/103
f 1286/884/1052 1154/620/875 1116/619/874 1229/835/1023
f 1269/769/984 1270/874/1038 1295/893/1062 1296/770/985
f 1270/874/1038 1140/10/8 1163/623/878 1295/893/1062
f 1293/771/986 1294/892/1061 1091/908/1011 1092/772/987
f 1294/892/1061 1163/623/878 1179/624/879 1091/908/1011
f 1089/773/988 1090/909/1073 1211/812/1016 1212/774/989
f 1090/909/1073 1155/627/882 1107/626/881 1211/812/1016
f 1223/826/990 1224/829/1021 1087/790/1004 1088/910/991
f 1224/829/1021 1115/625/880 1157/628/883 1087/790/1004
f 1083/777/992 1085/801/1013 1081/911/1074 1082/778/993
f 1085/801/1013 1187/28/18 1195/630/884 1081/911/1074
f 1079/779/994 1080/793/1007 1369/902/1070 1370/757/975
f 1080/793/1007 1177/631/885 1203/611/869 1369/902/1070
f 1100/906/978 1099/905/1072 1077/796/1010 1078/912/995
f 1099/905/1072 1205/612/870 1175/632/886 1077/796/1010
f 1082/778/993 1081/911/1074 1106/758/976 1105/781/996
f 1081/911/1074 1195/630/884 1144/634/887 1106/758/976
f 1299/782/997 1300/895/1064 1273/880/1048 1274/712/938
f 1300/895/1064 1170/640/890 1149/26/17 1273/880/1048
f 1075/783/987 1076/802/1011 1301/896/1065 1302/784/998
f 1076/802/1011 1183/639/879 1170/640/890 1301/896/1065
f 1303/785/999 1304/897/1066 1309/900/1069 1310/786/1000
f 1304/897/1066 1171/641/891 1172/644/894 1309/900/1069
f 1073/913/1001 1074/789/1003 1069/914/1075 1070/915/1002
f 1074/789/1003 1189/645/895 1197/648/898 1069/914/1075
f 1074/789/1003 1073/913/1001 1088/910/991 1087/790/1004
f 1073/787/1001 1190/1/1 1158/7/5 1088/776/991
f 1297/791/1005 1298/894/1063 1291/891/1060 1292/792/1006
f 1298/894/1063 1164/650/900 1159/649/899 1291/891/1060
f 1080/793/1007 1079/779/994 1365/749/969 1366/794/1008
f 1079/779/994 1178/8/6 1142/14/10 1365/749/969
f 1367/795/1009 1368/901/970 1078/912/995 1077/796/1010
f 1368/750/970 1136/15/11 1176/21/14 1078/780/995
f 1070/915/1002 1069/914/1075 1104/904/1071 1102/903/977
f 1069/914/1075 1197/648/898 1145/609/867 1104/904/1071
f 1067/797/1011 1068/916/987 1065/807/987 1066/798/1011
f 1068/916/987 1193/669/901 1165/668/911 1065/807/987
f 1063/799/1012 1064/805/962 1061/917/962 1062/800/1012
f 1064/805/962 1167/667/910 1191/670/902 1061/917/962
f 1085/801/1013 1083/777/992 1090/909/1073 1089/773/988
f 1083/777/992 1188/646/896 1155/627/882 1090/909/1073
f 1076/802/1011 1075/783/987 1068/916/987 1067/797/1011
f 1075/783/987 1184/664/911 1193/669/901 1068/916/987
f 1062/800/1012 1061/917/962 1363/739/962 1364/803/1012
f 1061/917/962 1191/670/902 1186/663/910 1363/739/962
f 1059/804/962 1060/918/1012 1098/907/1012 1096/762/962
f 1060/918/1012 1199/677/857 1181/613/857 1098/907/1012
f 1064/805/962 1063/799/1012 1060/918/1012 1059/804/962
f 1063/799/1012 1168/673/857 1199/677/857 1060/918/1012
f 1057/806/987 1058/919/1011 1066/798/1011 1065/807/987
f 1058/919/1011 1201/678/879 1166/675/879 1066/798/1011
f 1092/772/987 1091/908/1011 1058/919/1011 1057/806/987
f 1091/908/1011 1179/624/879 1201/678/879 1058/919/1011
f 1386/172/35 1389/171/36 1383/170/1076 1380/169/1077
f 1392/168/26 1395/167/119 1390/166/120 1385/165/25
f 1398/164/41 1401/163/1078 1396/162/39 1391/161/40
f 1381/176/1079 1382/175/153 1402/174/34 1397/173/152
f 1388/178/29 1394/177/151 1400/180/27 1384/179/28
f 1393/182/128 1387/181/20 1379/184/1080 1399/183/1081
f 1453/205/47 1452/204/48 1451/203/46
f 1456/208/66 1455/207/64 1454/206/65
f 1459/198/54 1458/197/52 1457/199/53
f 1462/200/60 1461/202/58 1460/201/59
f 1465/192/51 1464/191/49 1463/193/50
f 1377/194/55 1378/196/56 1466/195/57
f 1374/187/134 1375/186/43 1376/185/44
f 1371/190/62 1372/189/63 1373/188/61
f 1403/226/96 1412/225/1082 1382/175/153 1381/176/1079
f 1409/224/113 1424/223/108 1388/178/29 1384/179/28
f 1421/277/107 1418/269/102 1385/165/25 1390/166/120
f 1415/228/101 1406/227/161 1379/184/1080 1387/181/20
f 1425/218/1083 1436/217/1022 1394/177/151 1388/178/29
f 1433/255/79 1430/249/80 1391/161/40 1396/162/39
f 1427/222/1084 1420/221/100 1387/181/20 1393/182/128
f 1437/212/137 1448/211/109 1400/180/27 1394/177/151
f 1445/210/111 1442/209/93 1397/173/152 1402/174/34
f 1439/216/92 1432/215/97 1393/182/128 1399/183/1081
f 1449/230/110 1414/229/139 1384/179/28 1400/180/27
f 1407/232/140 1444/231/141 1399/183/1081 1379/184/1080
f 1403/282/96 1451/203/46 1452/204/48 1404/281/88
f 1405/280/142 1452/204/48 1453/205/47 1406/279/161
f 1407/232/140 1453/285/47 1451/284/46 1408/283/68
f 1403/226/96 1381/176/1079 1408/283/68 1451/284/46
f 1405/280/142 1380/169/1077 1404/281/88 1452/204/48
f 1407/232/140 1379/184/1080 1406/227/161 1453/285/47
f 1409/289/113 1454/206/65 1455/207/64 1410/288/82
f 1411/287/87 1455/207/64 1456/208/66 1412/286/1082
f 1413/292/83 1456/291/66 1454/290/65 1414/229/139
f 1409/224/113 1384/179/28 1414/229/139 1454/290/65
f 1411/287/87 1383/170/1076 1410/288/82 1455/207/64
f 1413/292/83 1382/175/153 1412/225/1082 1456/291/66
f 1415/268/101 1457/199/53 1458/197/52 1416/267/70
f 1417/220/157 1458/197/52 1459/198/54 1418/266/102
f 1419/265/71 1459/264/54 1457/263/53 1420/221/100
f 1415/228/101 1387/181/20 1420/221/100 1457/263/53
f 1417/220/157 1386/172/35 1416/267/70 1458/197/52
f 1419/265/71 1385/165/25 1418/269/102 1459/264/54
f 1421/270/107 1460/201/59 1461/202/58 1422/219/76
f 1423/275/81 1461/202/58 1462/200/60 1424/274/108
f 1425/218/1083 1462/273/60 1460/272/59 1426/271/106
f 1421/277/107 1390/166/120 1426/276/106 1460/278/59
f 1423/275/81 1389/171/36 1422/219/76 1461/202/58
f 1425/218/1083 1388/178/29 1424/223/108 1462/273/60
f 1427/222/1084 1463/253/50 1464/252/49 1428/251/72
f 1429/250/99 1464/191/49 1465/192/51 1430/249/80
f 1431/248/73 1465/192/51 1463/193/50 1432/247/97
f 1427/222/1084 1393/182/128 1432/215/97 1463/253/50
f 1429/214/99 1392/168/26 1428/251/72 1464/252/49
f 1431/248/73 1391/161/40 1430/249/80 1465/192/51
f 1433/255/79 1466/195/57 1378/196/56 1434/254/103
f 1435/260/104 1378/259/56 1377/258/55 1436/217/1022
f 1437/257/137 1377/194/55 1466/195/57 1438/256/86
f 1433/255/79 1396/162/39 1438/256/86 1466/195/57
f 1435/261/104 1395/167/119 1434/213/103 1378/262/56
f 1437/212/137 1394/177/151 1436/217/1022 1377/258/55
f 1439/236/92 1376/185/44 1375/186/43 1440/235/964
f 1441/234/89 1375/186/43 1374/187/134 1442/233/93
f 1443/239/1085 1374/238/134 1376/237/44 1444/231/141
f 1439/216/92 1399/183/1081 1444/231/141 1376/237/44
f 1441/234/89 1398/164/41 1440/235/964 1375/186/43
f 1443/239/1085 1397/173/152 1442/209/93 1374/238/134
f 1445/243/111 1373/188/61 1372/189/63 1446/242/90
f 1447/241/85 1372/189/63 1371/190/62 1448/240/109
f 1449/230/110 1371/246/62 1373/245/61 1450/244/84
f 1445/210/111 1402/174/34 1450/244/84 1373/245/61
f 1447/241/85 1401/163/1078 1446/242/90 1372/189/63
f 1449/230/110 1400/180/27 1448/211/109 1371/246/62
f 1403/282/96 1404/281/88 1411/287/87 1412/286/1082
f 1404/281/88 1380/169/1077 1383/170/1076 1411/287/87
f 1409/289/113 1410/288/82 1423/275/81 1424/274/108
f 1410/288/82 1383/170/1076 1389/171/36 1423/275/81
f 1421/270/107 1422/219/76 1417/220/157 1418/266/102
f 1422/219/76 1389/171/36 1386/172/35 1417/220/157
f 1415/268/101 1416/267/70 1405/280/142 1406/279/161
f 1416/267/70 1386/172/35 1380/169/1077 1405/280/142
f 1425/218/1083 1426/271/106 1435/260/104 1436/217/1022
f 1426/276/106 1390/166/120 1395/167/119 1435/261/104
f 1433/255/79 1434/254/103 1429/250/99 1430/249/80
f 1434/213/103 1395/167/119 1392/168/26 1429/214/99
f 1427/222/1084 1428/251/72 1419/265/71 1420/221/100
f 1428/251/72 1392/168/26 1385/165/25 1419/265/71
f 1437/257/137 1438/256/86 1447/241/85 1448/240/109
f 1438/256/86 1396/162/39 1401/163/1078 1447/241/85
f 1445/243/111 1446/242/90 1441/234/89 1442/233/93
f 1446/242/90 1401/163/1078 1398/164/41 1441/234/89
f 1439/236/92 1440/235/964 1431/248/73 1432/247/97
f 1440/235/964 1398/164/41 1391/161/40 1431/248/73
f 1449/230/110 1450/244/84 1413/292/83 1414/229/139
f 1450/244/84 1402/174/34 1382/175/153 1413/292/83
f 1407/232/140 1408/283/68 1443/239/1085 1444/231/141
f 1408/283/68 1381/176/1079 1397/173/152 1443/239/1085
f 1482/920/128 1485/921/20 1479/922/1080 1476/923/22
f 1488/924/119 1491/925/120 1486/926/1086 1481/927/1087
f 1494/928/27 1497/929/1088 1492/930/125 1487/931/126
f 1477/932/152 1478/933/1089 1498/934/153 1493/935/154
f 1484/936/1090 1490/937/1091 1496/938/37 1480/939/155
f 1489/940/39 1483/941/1092 1475/942/41 1495/943/42
f 1549/944/43 1548/945/44 1547/946/134
f 1552/947/46 1551/948/47 1550/949/48
f 1555/950/49 1554/951/50 1553/952/51
f 1558/953/156 1557/954/53 1556/955/54
f 1561/956/55 1560/957/1093 1559/958/57
f 1473/959/58 1474/960/59 1562/961/60
f 1470/962/61 1471/963/62 1472/964/63
f 1467/965/64 1468/966/1094 1469/967/66
f 1499/968/1085 1508/969/143 1478/933/1089 1477/932/152
f 1505/970/69 1520/971/70 1484/936/1090 1480/939/155
f 1517/972/71 1514/973/1095 1481/927/1087 1486/926/1086
f 1511/974/73 1502/975/74 1475/942/41 1483/941/1092
f 1521/976/75 1532/977/76 1490/937/1091 1484/936/1090
f 1529/978/77 1526/979/78 1487/931/126 1492/930/125
f 1523/980/79 1516/981/136 1483/941/1092 1489/940/39
f 1533/982/1096 1544/983/82 1496/938/37 1490/937/1091
f 1541/984/145 1538/985/84 1493/935/154 1498/934/153
f 1535/986/85 1528/987/86 1489/940/39 1495/943/42
f 1545/988/87 1510/989/88 1480/939/155 1496/938/37
f 1503/990/89 1540/991/1018 1495/943/42 1475/942/41
f 1499/992/1085 1547/946/134 1548/945/44 1500/993/141
f 1501/994/138 1548/945/44 1549/944/43 1502/995/74
f 1503/990/89 1549/996/43 1547/997/134 1504/998/93
f 1499/968/1085 1477/932/152 1504/998/93 1547/997/134
f 1501/994/138 1476/923/22 1500/993/141 1548/945/44
f 1503/990/89 1475/942/41 1502/975/74 1549/996/43
f 1505/999/69 1550/949/48 1551/948/47 1506/1000/94
f 1507/1001/140 1551/948/47 1552/947/46 1508/1002/143
f 1509/1003/96 1552/1004/46 1550/1005/48 1510/989/88
f 1505/970/69 1480/939/155 1510/989/88 1550/1005/48
f 1507/1001/140 1479/922/1080 1506/1000/94 1551/948/47
f 1509/1003/96 1478/933/1089 1508/969/143 1552/1004/46
f 1511/1006/73 1553/952/51 1554/951/50 1512/1007/97
f 1513/1008/1084 1554/951/50 1555/950/49 1514/1009/1095
f 1515/1010/99 1555/1011/49 1553/1012/51 1516/981/136
f 1511/974/73 1483/941/1092 1516/981/136 1553/1012/51
f 1513/1008/1084 1482/920/128 1512/1007/97 1554/951/50
f 1515/1013/99 1481/927/1087 1514/973/1095 1555/1014/49
f 1517/1015/71 1556/955/54 1557/954/53 1518/1016/162
f 1519/1017/101 1557/954/53 1558/953/156 1520/1018/70
f 1521/976/75 1558/1019/156 1556/1020/54 1522/1021/135
f 1517/972/71 1486/926/1086 1522/1021/135 1556/1020/54
f 1519/1017/101 1485/921/20 1518/1016/162 1557/954/53
f 1521/976/75 1484/936/1090 1520/971/70 1558/1019/156
f 1523/980/79 1559/1022/57 1560/1023/1093 1524/1024/103
f 1525/1025/104 1560/957/1093 1561/956/55 1526/979/78
f 1527/1026/137 1561/956/55 1559/958/57 1528/1027/86
f 1523/980/79 1489/940/39 1528/987/86 1559/1022/57
f 1525/1028/104 1488/924/119 1524/1029/103 1560/1030/1093
f 1527/1026/137 1487/931/126 1526/979/78 1561/956/55
f 1529/978/77 1562/961/60 1474/960/59 1530/1031/163
f 1531/1032/107 1474/1033/59 1473/1034/58 1532/977/76
f 1533/1035/1096 1473/959/58 1562/961/60 1534/1036/1097
f 1529/978/77 1492/930/125 1534/1036/1097 1562/961/60
f 1531/1032/107 1491/925/120 1530/1037/163 1474/1033/59
f 1533/982/1096 1490/937/1091 1532/977/76 1473/1034/58
f 1535/1038/85 1472/964/63 1471/963/62 1536/1039/109
f 1537/1040/1017 1471/963/62 1470/962/61 1538/1041/84
f 1539/1042/111 1470/1043/61 1472/1044/63 1540/991/1018
f 1535/986/85 1495/943/42 1540/991/1018 1472/1044/63
f 1537/1040/1017 1494/928/27 1536/1039/109 1471/963/62
f 1539/1042/111 1493/935/154 1538/985/84 1470/1043/61
f 1541/1045/145 1469/967/66 1468/966/1094 1542/1046/112
f 1543/1047/113 1468/966/1094 1467/965/64 1544/1048/82
f 1545/988/87 1467/1049/64 1469/1050/66 1546/1051/114
f 1541/984/145 1498/934/153 1546/1051/114 1469/1050/66
f 1543/1047/113 1497/929/1088 1542/1046/112 1468/966/1094
f 1545/988/87 1496/938/37 1544/983/82 1467/1049/64
f 1499/992/1085 1500/993/141 1507/1001/140 1508/1002/143
f 1500/993/141 1476/923/22 1479/922/1080 1507/1001/140
f 1505/999/69 1506/1000/94 1519/1017/101 1520/1018/70
f 1506/1000/94 1479/922/1080 1485/921/20 1519/1017/101
f 1517/1015/71 1518/1016/162 1513/1008/1084 1514/1009/1095
f 1518/1016/162 1485/921/20 1482/920/128 1513/1008/1084
f 1511/1006/73 1512/1007/97 1501/994/138 1502/995/74
f 1512/1007/97 1482/920/128 1476/923/22 1501/994/138
f 1521/976/75 1522/1021/135 1531/1032/107 1532/977/76
f 1522/1021/135 1486/926/1086 1491/925/120 1531/1032/107
f 1529/978/77 1530/1031/163 1525/1025/104 1526/979/78
f 1530/1037/163 1491/925/120 1488/924/119 1525/1028/104
f 1523/980/79 1524/1024/103 1515/1010/99 1516/981/136
f 1524/1029/103 1488/924/119 1481/927/1087 1515/1013/99
f 1533/1035/1096 1534/1036/1097 1543/1047/113 1544/1048/82
f 1534/1036/1097 1492/930/125 1497/929/1088 1543/1047/113
f 1541/1045/145 1542/1046/112 1537/1040/1017 1538/1041/84
f 1542/1046/112 1497/929/1088 1494/928/27 1537/1040/1017
f 1535/1038/85 1536/1039/109 1527/1026/137 1528/1027/86
f 1536/1039/109 1494/928/27 1487/931/126 1527/1026/137
f 1545/988/87 1546/1051/114 1509/1003/96 1510/989/88
f 1546/1051/114 1498/934/153 1478/933/1089 1509/1003/96
f 1503/990/89 1504/998/93 1539/1042/111 1540/991/1018
f 1504/998/93 1477/932/152 1493/935/154 1539/1042/111
f 1578/304/128 1581/303/20 1575/302/1080 1572/301/1081
f 1584/300/1098 1587/299/120 1582/298/1086 1577/297/1099
f 1590/296/27 1593/295/149 1588/294/125 1583/293/151
f 1573/308/31 1574/307/32 1594/306/153 1589/305/154
f 1580/310/35 1586/309/1100 1592/312/37 1576/311/1101
f 1585/314/1102 1579/313/122 1571/316/41 1591/315/42
f 1645/337/43 1644/336/44 1643/335/45
f 1648/340/46 1647/339/47 1646/338/48
f 1651/330/49 1650/329/50 1649/331/926
f 1654/332/52 1653/334/53 1652/333/54
f 1657/324/55 1656/323/56 1655/325/57
f 1569/326/58 1570/328/59 1658/327/60
f 1566/319/61 1567/318/62 1568/317/63
f 1563/322/64 1564/321/65 1565/320/66
f 1595/358/67 1604/357/68 1574/307/32 1573/308/31
f 1601/356/69 1616/355/70 1580/310/35 1576/311/1101
f 1613/408/71 1610/401/72 1577/297/1099 1582/298/1086
f 1607/360/73 1598/359/964 1571/316/41 1579/313/122
f 1617/350/75 1628/349/1103 1586/309/1100 1580/310/35
f 1625/389/77 1622/383/78 1583/293/151 1588/294/125
f 1619/354/1104 1612/353/80 1579/313/122 1585/314/1102
f 1629/344/81 1640/343/82 1592/312/37 1586/309/1100
f 1637/342/83 1634/341/84 1589/305/154 1594/306/153
f 1631/348/85 1624/347/158 1585/314/1102 1591/315/42
f 1641/362/144 1606/361/88 1576/311/1101 1592/312/37
f 1599/364/89 1636/363/1018 1591/315/42 1571/316/41
f 1595/412/67 1643/335/45 1644/336/44 1596/411/141
f 1597/410/138 1644/336/44 1645/337/43 1598/409/964
f 1599/364/89 1645/415/43 1643/414/45 1600/413/93
f 1595/358/67 1573/308/31 1600/413/93 1643/414/45
f 1597/410/138 1572/301/1081 1596/411/141 1644/336/44
f 1599/364/89 1571/316/41 1598/359/964 1645/415/43
f 1601/419/69 1646/338/48 1647/339/47 1602/418/161
f 1603/417/140 1647/339/47 1648/340/46 1604/416/68
f 1605/423/96 1648/422/46 1646/421/48 1606/420/88
f 1601/356/69 1576/311/1101 1606/361/88 1646/424/48
f 1603/417/140 1575/302/1080 1602/418/161 1647/339/47
f 1605/423/96 1574/307/32 1604/357/68 1648/422/46
f 1607/400/73 1649/331/926 1650/329/50 1608/399/97
f 1609/352/1084 1650/329/50 1651/330/49 1610/398/72
f 1611/397/146 1651/396/49 1649/395/926 1612/353/80
f 1607/360/73 1579/313/122 1612/353/80 1649/395/926
f 1609/352/1084 1578/304/128 1608/399/97 1650/329/50
f 1611/397/146 1577/297/1099 1610/401/72 1651/396/49
f 1613/402/71 1652/333/54 1653/334/53 1614/351/100
f 1615/407/101 1653/334/53 1654/332/52 1616/406/70
f 1617/350/75 1654/405/52 1652/404/54 1618/403/135
f 1613/408/71 1582/298/1086 1618/403/135 1652/404/54
f 1615/407/101 1581/303/20 1614/351/100 1653/334/53
f 1617/350/75 1580/310/35 1616/355/70 1654/405/52
f 1619/354/1104 1655/387/57 1656/386/56 1620/385/1105
f 1621/384/1106 1656/323/56 1657/324/55 1622/383/78
f 1623/382/137 1657/324/55 1655/325/57 1624/381/158
f 1619/354/1104 1585/314/1102 1624/347/158 1655/387/57
f 1621/346/1106 1584/300/1098 1620/385/1105 1656/386/56
f 1623/382/137 1583/293/151 1622/383/78 1657/324/55
f 1625/389/77 1658/327/60 1570/328/59 1626/388/106
f 1627/394/107 1570/393/59 1569/392/58 1628/349/1103
f 1629/391/81 1569/326/58 1658/327/60 1630/390/108
f 1625/389/77 1588/294/125 1630/390/108 1658/327/60
f 1627/394/107 1587/299/120 1626/345/106 1570/393/59
f 1629/344/81 1586/309/1100 1628/349/1103 1569/392/58
f 1631/368/85 1568/317/63 1567/318/62 1632/367/109
f 1633/366/110 1567/318/62 1566/319/61 1634/365/84
f 1635/371/111 1566/370/61 1568/369/63 1636/363/1018
f 1631/348/85 1591/315/42 1636/363/1018 1568/369/63
f 1633/366/110 1590/296/27 1632/367/109 1567/318/62
f 1635/371/111 1589/305/154 1634/341/84 1566/370/61
f 1637/375/83 1565/320/66 1564/321/65 1638/374/139
f 1639/373/113 1564/321/65 1563/322/64 1640/372/82
f 1641/379/144 1563/378/64 1565/377/66 1642/376/1082
f 1637/342/83 1594/306/153 1642/376/1082 1565/377/66
f 1639/373/113 1593/295/149 1638/374/139 1564/321/65
f 1641/362/144 1592/312/37 1640/343/82 1563/380/64
f 1595/412/67 1596/411/141 1603/417/140 1604/416/68
f 1596/411/141 1572/301/1081 1575/302/1080 1603/417/140
f 1601/419/69 1602/418/161 1615/407/101 1616/406/70
f 1602/418/161 1575/302/1080 1581/303/20 1615/407/101
f 1613/402/71 1614/351/100 1609/352/1084 1610/398/72
f 1614/351/100 1581/303/20 1578/304/128 1609/352/1084
f 1607/400/73 1608/399/97 1597/410/138 1598/409/964
f 1608/399/97 1578/304/128 1572/301/1081 1597/410/138
f 1617/350/75 1618/403/135 1627/394/107 1628/349/1103
f 1618/403/135 1582/298/1086 1587/299/120 1627/394/107
f 1625/389/77 1626/388/106 1621/384/1106 1622/383/78
f 1626/345/106 1587/299/120 1584/300/1098 1621/346/1106
f 1619/354/1104 1620/385/1105 1611/397/146 1612/353/80
f 1620/385/1105 1584/300/1098 1577/297/1099 1611/397/146
f 1629/391/81 1630/390/108 1639/373/113 1640/372/82
f 1630/390/108 1588/294/125 1593/295/149 1639/373/113
f 1637/375/83 1638/374/139 1633/366/110 1634/365/84
f 1638/374/139 1593/295/149 1590/296/27 1633/366/110
f 1631/368/85 1632/367/109 1623/382/137 1624/381/158
f 1632/367/109 1590/296/27 1583/293/151 1623/382/137
f 1641/379/144 1642/376/1082 1605/423/96 1606/420/88
f 1642/376/1082 1594/306/153 1574/307/32 1605/423/96
f 1599/364/89 1600/413/93 1635/371/111 1636/363/1018
f 1600/413/93 1573/308/31 1589/305/154 1635/371/111
f 1762/301/23 1765/302/24 1759/303/1086 1756/304/26
f 1768/305/27 1771/306/1088 1766/307/150 1761/308/151
f 1774/293/31 1777/294/1089 1772/295/153 1767/296/34
f 1757/297/19 1758/298/20 1778/299/1080 1773/300/22
f 1764/311/1107 1770/312/1108 1776/309/38 1760/310/35
f 1769/315/1109 1763/316/39 1755/313/40 1775/314/41
f 1822/1052/1110 1824/1053/1111 1810/1054/1112 1808/1055/1113
f 1788/1056/1114 1791/1057/1115 1785/1058/1116 1783/1059/1117
f 1819/1060/902 1817/1061/901 1792/1062/42 1787/1063/1118
f 1779/1064/1119 1781/1065/1120 1797/1066/1121 1794/1067/1122
f 1690/1068/7 1818/1069/879 1798/1070/1123 1782/1071/1124
f 1820/1072/857 1685/1073/2 1780/1074/1125 1793/1075/1126
f 1801/1076/1127 1781/1065/1120 1779/1064/1119 1799/1077/1128
f 1689/1078/7 1690/1068/7 1782/1071/1124 1802/1079/1129
f 1803/1080/1117 1783/1059/1117 1785/1058/1116 1805/1081/1130
f 1686/1082/2 1685/1073/2 1784/1083/1131 1804/1084/1131
f 1810/1054/1112 1801/1076/1127 1799/1077/1128 1808/1055/1113
f 1826/1085/1132 1689/1078/7 1802/1079/1129 1809/1086/1133
f 1812/1087/1134 1803/1080/1117 1805/1081/1130 1815/1088/1135
f 1823/1089/1136 1686/1082/2 1804/1084/1131 1811/1090/1137
f 1819/1060/902 1795/1091/40 1796/1092/41 1817/1061/901
f 1820/1072/857 1789/1093/1138 1784/1083/1131 1685/1073/2
f 1686/1082/2 1800/1094/1139 1780/1074/1125 1685/1073/2
f 1823/1089/1136 1807/1095/1140 1800/1094/1139 1686/1082/2
f 1821/1096/1141 1813/1097/1142 1814/1098/1143 1825/1099/1144
f 1826/1100/1132 1816/1101/1145 1806/1102/1146 1689/1103/7
f 1689/1103/7 1806/1102/1146 1786/1104/1147 1690/1105/7
f 1690/1105/7 1786/1104/1147 1790/1106/1148 1818/1107/879
f 1834/1108/36 1837/1109/37 1831/1110/38 1828/1111/35
f 1840/1112/30 1843/1113/27 1838/1114/149 1833/1115/125
f 1846/1116/1149 1849/1117/1150 1844/1118/1109 1839/1119/1118
f 1829/1120/129 1830/1121/21 1850/1122/22 1845/1123/128
f 1836/1124/33 1842/1125/34 1848/1126/152 1832/1127/1151
f 1841/1128/23 1835/1129/1152 1827/1130/25 1847/1131/118
f 1858/301/119 1861/302/120 1855/303/121 1852/304/26
f 1864/305/27 1867/306/28 1862/307/29 1857/308/126
f 1870/293/152 1873/294/32 1868/295/153 1863/296/124
f 1853/297/1153 1854/298/20 1874/299/1154 1869/300/22
f 1860/311/36 1866/312/37 1872/309/1155 1856/310/1156
f 1865/315/42 1859/316/39 1851/313/1092 1871/314/41
f 1879/296/24 1885/293/25 1882/294/118 1876/295/23
f 1884/300/20 1891/297/1157 1888/298/22 1883/299/128
f 1890/304/1089 1897/301/1158 1894/302/124 1889/303/152
f 1896/308/149 1880/305/125 1875/306/1159 1895/307/27
f 1898/316/116 1892/313/38 1886/314/1160 1878/315/36
f 1877/312/39 1881/309/40 1887/310/1161 1893/311/42
f 1930/1055/1162 1945/1052/1163 1941/1053/1164 1928/1054/1165
f 1905/1059/1166 1911/1056/1121 1908/1057/1122 1903/1058/1167
f 1910/1063/41 1937/1060/901 1939/1061/902 1909/1062/1168
f 1917/1067/1169 1901/1064/1170 1899/1065/1171 1914/1066/1172
f 1916/1075/1173 1938/1072/879 1738/1073/7 1902/1074/1174
f 1900/1071/1175 1733/1068/2 1940/1069/857 1915/1070/1138
f 1899/1065/1171 1901/1064/1170 1921/1077/1176 1919/1076/1177
f 1902/1074/1174 1738/1073/7 1737/1082/7 1922/1094/1178
f 1905/1059/1166 1903/1058/1167 1923/1081/1179 1925/1080/1166
f 1904/1104/1180 1733/1105/2 1734/1103/2 1924/1102/1181
f 1919/1076/1177 1921/1077/1176 1930/1055/1162 1928/1054/1165
f 1922/1094/1178 1737/1082/7 1946/1089/1182 1929/1095/1183
f 1925/1080/1166 1923/1081/1179 1932/1088/1184 1935/1087/1185
f 1924/1102/1181 1734/1103/2 1943/1100/1186 1933/1101/1187
f 1918/1091/1109 1913/1092/1188 1939/1061/902 1937/1060/901
f 1904/1104/1180 1907/1106/1126 1940/1107/857 1733/1105/2
f 1900/1071/1175 1920/1079/1189 1734/1078/2 1733/1068/2
f 1920/1079/1189 1927/1086/1190 1943/1085/1186 1734/1078/2
f 1936/1097/1191 1931/1098/1192 1942/1099/1193 1944/1096/1194
f 1926/1084/1195 1934/1090/1196 1946/1089/1182 1737/1082/7
f 1906/1083/1195 1926/1084/1195 1737/1082/7 1738/1073/7
f 1912/1093/1197 1906/1083/1195 1738/1073/7 1938/1072/879
f 1951/1108/1108 1957/1111/38 1954/1110/35 1948/1109/36
f 1956/1120/21 1963/1123/22 1960/1122/128 1955/1121/20
f 1962/1116/41 1969/1119/1109 1966/1118/39 1961/1117/122
f 1968/1112/127 1952/1115/28 1947/1114/125 1967/1113/30
f 1970/1128/34 1964/1131/152 1958/1130/32 1950/1129/153
f 1949/1124/24 1953/1127/1086 1959/1126/26 1965/1125/119
f 1975/296/24 1981/293/1198 1978/294/1087 1972/295/23
f 1980/300/129 1987/297/1080 1984/298/22 1979/299/19
f 1986/304/1089 1993/301/1199 1990/302/1200 1985/303/152
f 1992/308/149 1976/305/29 1971/306/151 1991/307/27
f 1994/316/37 1988/313/38 1982/314/35 1974/315/1107
f 1973/312/39 1977/309/40 1983/310/41 1989/311/42
f 2381/331/926 2380/329/49 2379/330/50
f 2384/333/53 2383/334/54 2382/332/52
f 2387/335/55 2386/336/56 2385/337/922
f 2390/338/58 2389/339/59 2388/340/60
f 2393/318/61 2392/319/62 2391/317/63
f 2396/322/1201 2395/320/65 2394/321/66
f 2399/323/44 2398/324/134 2397/325/930
f 2402/326/48 2401/327/46 2400/328/47
f 2405/1132/57 2404/1133/55 2403/1134/1093
f 2408/1135/61 2407/1136/62 2406/1137/63
f 2411/1138/49 2410/1139/50 2409/1140/926
f 2414/1141/43 2413/1142/44 2412/1143/45
f 2420/1144/1202 2419/1145/1203 2418/1146/1204
f 2417/1147/1205 2416/1148/1206 2415/1149/1207
f 2426/1150/1208 2425/1151/1209 2424/1152/1210
f 2423/1153/1211 2422/1154/1212 2421/1155/1213
f 2435/1156/54 2434/1157/52 2433/1158/53
f 2438/1159/47 2437/1160/48 2436/1161/1214
f 2429/1162/60 2428/1163/58 2427/1164/59
f 2432/1165/66 2431/1166/64 2430/1167/65
f 2447/1168/57 2446/1169/55 2445/1170/56
f 2450/1171/61 2449/1172/62 2448/1173/63
f 2441/1174/50 2440/1175/926 2439/1176/49
f 2444/1177/45 2443/1178/43 2442/1179/44
f 2459/331/51 2458/329/49 2457/330/50
f 2462/333/53 2461/334/54 2460/332/52
f 2453/335/55 2452/336/56 2451/337/57
f 2456/338/58 2455/339/59 2454/340/60
f 2471/318/61 2470/319/62 2469/317/63
f 2474/322/64 2473/320/65 2472/321/66
f 2465/323/44 2464/324/134 2463/325/43
f 2468/326/48 2467/327/46 2466/328/47
f 2486/320/1215 2485/321/56 2484/322/922
f 2483/317/58 2482/318/59 2481/319/60
f 2480/326/51 2479/327/49 2478/328/50
f 2477/323/53 2476/324/54 2475/325/156
f 2498/332/930 2497/333/44 2496/334/134
f 2495/329/46 2494/330/47 2493/331/1216
f 2492/338/918 2491/339/1217 2490/340/1218
f 2489/335/65 2488/336/66 2487/337/1201
f 2501/1135/49 2500/1136/133 2499/1137/51
f 2504/1132/43 2503/1133/44 2502/1134/134
f 2507/1141/57 2506/1142/1215 2505/1143/1093
f 2510/1138/1217 2509/1139/1218 2508/1140/63
f 2513/1147/1219 2512/1148/1220 2511/1149/1221
f 2516/1144/1222 2515/1145/1223 2514/1146/1224
f 2519/1153/1225 2518/1154/1226 2517/1155/1227
f 2522/1150/1228 2521/1151/1229 2520/1152/1230
f 2525/1167/60 2524/1166/58 2523/1165/59
f 2528/1164/66 2527/1163/64 2526/1162/65
f 1754/1161/54 2530/1160/52 2529/1159/53
f 1751/1158/47 1752/1157/48 1753/1156/46
f 1748/1177/49 1749/1179/50 1750/1178/51
f 1745/1175/43 1746/1174/44 1747/1176/134
f 1742/1171/56 1743/1173/57 1744/1172/1215
f 1739/1169/1218 1740/1168/63 1741/1170/61
f 1732/320/55 1735/321/56 1736/322/57
f 1729/317/58 1730/318/59 1731/319/60
f 1726/326/51 1727/327/49 1728/328/50
f 1723/323/53 1724/324/54 1725/325/52
f 1720/332/43 1721/333/44 1722/334/134
f 1717/329/46 1718/330/47 1719/331/48
f 1714/338/63 1715/339/61 1716/340/1218
f 1711/335/65 1712/336/66 1713/337/64
f 1995/401/1084 2004/408/100 1758/298/20 1757/297/19
f 2001/355/157 2016/356/76 1764/311/1107 1760/310/35
f 2013/357/77 2010/358/1022 1761/308/151 1766/307/150
f 2007/359/79 1998/360/136 1755/313/40 1763/316/39
f 2017/361/81 2028/362/82 1770/312/1108 1764/311/1107
f 2025/374/83 2022/366/84 1767/296/34 1772/295/153
f 2019/363/85 2012/364/158 1763/316/39 1769/315/1109
f 2029/343/87 2040/344/88 1776/309/38 1770/312/1108
f 2037/345/140 2034/346/141 1773/300/22 1778/299/1080
f 2031/347/89 2024/348/90 1769/315/1109 1775/314/41
f 2041/349/69 2006/350/70 1760/310/35 1776/309/38
f 1999/353/73 2036/354/74 1775/314/41 1755/313/40
f 1709/1180/1231 2090/1181/1232 1826/1085/1132 1809/1086/1133
f 2087/1182/1233 2082/1183/1234 1821/1096/1141 1825/1099/1144
f 2079/1184/1235 1708/1185/1236 1807/1095/1140 1823/1089/1136
f 1705/1186/1237 2052/1187/1238 1790/1106/1148 1786/1104/1147
f 2049/1188/85 2046/1189/86 1787/1063/1118 1792/1062/42
f 2043/1190/1239 1704/1191/1240 1784/1083/1131 1789/1093/1138
f 2053/1192/111 1702/1193/1011 1818/1107/879 1790/1106/1148
f 1699/1194/1012 2048/1195/103 1789/1093/1138 1820/1072/857
f 2055/1196/73 2064/1197/74 1796/1092/41 1795/1091/40
f 2061/1198/1241 1698/1199/1242 1782/1071/1124 1798/1070/1123
f 1695/1200/1243 2058/1201/1244 1793/1075/1126 1780/1074/1125
f 2065/1202/89 1701/1203/987 1817/1061/901 1796/1092/41
f 1700/1204/962 2060/1205/136 1795/1091/40 1819/1060/902
f 1693/1206/1245 1695/1200/1243 1780/1074/1125 1800/1094/1139
f 1698/1199/1242 1692/1207/1246 1802/1079/1129 1782/1071/1124
f 1687/1208/1247 1705/1186/1237 1786/1104/1147 1806/1102/1146
f 1704/1191/1240 1684/1209/1248 1804/1084/1131 1784/1083/1131
f 1708/1185/1236 1693/1206/1245 1800/1094/1139 1807/1095/1140
f 1692/1207/1246 1709/1180/1231 1809/1086/1133 1802/1079/1129
f 2073/1210/1249 1687/1208/1247 1806/1102/1146 1816/1101/1145
f 1684/1209/1248 2070/1211/1250 1811/1090/1137 1804/1084/1131
f 2067/1212/1251 2076/1213/1252 1814/1098/1143 1813/1097/1142
f 2083/1214/1253 2072/1215/1254 1813/1097/1142 1821/1096/1141
f 2085/1216/1255 2078/1217/1256 1816/1101/1145 1826/1100/1132
f 2091/1218/101 2100/1219/161 1830/1121/21 1829/1120/129
f 2097/1220/96 2112/1221/114 1836/1124/33 1832/1127/1151
f 2109/1222/113 2106/1223/1097 1833/1115/125 1838/1114/149
f 2103/1224/107 2094/1225/102 1827/1130/25 1835/1129/1152
f 2113/1226/83 2124/1227/84 1842/1125/34 1836/1124/33
f 2121/1228/85 2118/1229/158 1839/1119/1118 1844/1118/1109
f 2115/1230/1106 2108/1231/163 1835/1129/1152 1841/1128/23
f 2125/1232/1257 2136/1233/93 1848/1126/152 1842/1125/34
f 2133/1234/92 2130/1235/97 1845/1123/128 1850/1122/22
f 2127/1236/99 2120/1237/103 1841/1128/23 1847/1131/118
f 2137/1238/1085 2102/1239/68 1832/1127/1151 1848/1126/152
f 2095/1240/71 2132/1241/72 1847/1131/118 1827/1130/25
f 2139/401/1084 2148/408/100 1854/298/20 1853/297/1153
f 2145/355/75 2160/356/76 1860/311/36 1856/310/1156
f 2157/357/77 2154/358/1022 1857/308/126 1862/307/29
f 2151/359/79 2142/360/136 1851/313/1092 1859/316/39
f 2161/361/81 2172/362/82 1866/312/37 1860/311/36
f 2169/374/83 2166/366/84 1863/296/124 1868/295/153
f 2163/363/85 2156/364/158 1859/316/39 1865/315/42
f 2173/343/87 2184/344/88 1872/309/1155 1866/312/37
f 2181/345/95 2178/346/141 1869/300/22 1874/299/1154
f 2175/347/89 2168/348/1018 1865/315/42 1871/314/41
f 2185/349/69 2150/350/70 1856/310/1156 1872/309/1155
f 2143/353/73 2180/354/964 1871/314/41 1851/313/1092
f 2187/343/79 2202/344/136 1881/309/40 1877/312/39
f 2199/345/98 2208/346/100 1884/300/20 1883/299/128
f 2205/347/157 2196/348/76 1878/315/36 1886/314/1160
f 2193/341/77 2190/342/1022 1875/306/1159 1880/305/125
f 2203/349/73 2214/350/74 1887/310/1161 1881/309/40
f 2211/351/67 2220/352/143 1890/304/1089 1889/303/152
f 2217/353/69 2210/354/70 1886/314/1160 1892/313/38
f 2215/355/89 2226/356/90 1893/311/42 1887/310/1161
f 2223/357/1017 2232/358/112 1896/308/149 1895/307/27
f 2229/359/87 2222/360/88 1892/313/38 1898/316/116
f 2227/361/85 2192/362/1258 1877/312/39 1893/311/42
f 2197/363/81 2234/364/82 1898/316/116 1878/315/36
f 1681/1180/1259 2276/1181/1260 1943/1085/1186 1927/1086/1190
f 2273/1182/1261 2280/1183/1262 1944/1096/1194 1942/1099/1193
f 2277/1184/1263 1680/1185/1264 1929/1095/1183 1946/1089/1182
f 1677/1186/1265 2238/1187/1244 1907/1106/1126 1904/1104/1180
f 2235/1188/73 2244/1189/964 1910/1063/41 1909/1062/1168
f 2241/1190/1241 1676/1191/1266 1906/1083/1195 1912/1093/1197
f 2239/1192/99 1674/1193/1012 1940/1107/857 1907/1106/1126
f 1671/1194/1011 2246/1195/93 1912/1093/1197 1938/1072/879
f 2247/1198/1267 1670/1199/1268 1900/1071/1175 1915/1070/1138
f 1667/1200/1269 2256/1201/1238 1916/1075/1173 1902/1074/1174
f 2253/1196/85 2250/1197/158 1913/1092/1188 1918/1091/1109
f 1672/1204/987 2258/1205/90 1918/1091/1109 1937/1060/901
f 2251/1202/79 1673/1203/962 1939/1061/902 1913/1092/1188
f 1665/1206/1270 1667/1200/1269 1902/1074/1174 1922/1094/1178
f 1670/1199/1268 1664/1207/1271 1920/1079/1189 1900/1071/1175
f 1661/1208/1272 1677/1186/1265 1904/1104/1180 1924/1102/1181
f 1676/1191/1266 1660/1209/1273 1926/1084/1195 1906/1083/1195
f 1680/1185/1264 1665/1206/1270 1922/1094/1178 1929/1095/1183
f 1664/1207/1271 1681/1180/1259 1927/1086/1190 1920/1079/1189
f 2265/1212/1274 2262/1213/1275 1931/1098/1192 1936/1097/1191
f 2259/1210/1276 1661/1208/1272 1924/1102/1181 1933/1101/1187
f 1660/1209/1273 2268/1211/1277 1934/1090/1196 1926/1084/1195
f 2263/1242/1278 2272/1243/1279 1942/1099/1193 1931/1098/1192
f 2269/1244/1280 2282/1245/1281 1946/1089/1182 1934/1090/1196
f 2283/1221/107 2298/1220/102 1953/1127/1086 1949/1124/24
f 2295/1219/101 2304/1218/94 1956/1120/21 1955/1121/20
f 2301/1225/96 2292/1224/114 1950/1129/153 1958/1130/32
f 2289/1223/113 2286/1222/108 1947/1114/125 1952/1115/28
f 2299/1239/71 2310/1238/72 1959/1126/26 1953/1127/1086
f 2307/1246/73 2316/1247/74 1962/1248/41 1961/1249/122
f 2313/1241/1085 2306/1240/143 1958/1130/32 1964/1131/152
f 2311/1233/99 2322/1232/103 1965/1125/119 1959/1126/26
f 2319/1250/1282 2328/1251/109 1968/1112/127 1967/1113/30
f 2325/1237/111 2318/1236/93 1964/1131/152 1970/1128/34
f 2323/1227/104 2288/1226/106 1949/1124/24 1965/1125/119
f 2293/1231/83 2330/1230/84 1970/1128/34 1950/1129/153
f 2331/343/79 2346/344/136 1977/309/40 1973/312/39
f 2343/345/98 2352/346/100 1980/300/129 1979/299/19
f 2349/347/75 2340/348/76 1974/315/1107 1982/314/35
f 2337/341/77 2334/342/1022 1971/306/151 1976/305/29
f 2347/349/73 2358/350/964 1983/310/41 1977/309/40
f 2355/351/67 2364/352/68 1986/304/1089 1985/303/152
f 2361/353/69 2354/354/70 1982/314/35 1988/313/38
f 2359/355/89 2370/356/1018 1989/311/42 1983/310/41
f 2367/357/1017 2376/358/112 1992/308/149 1991/307/27
f 2373/359/87 2366/360/88 1988/313/38 1994/316/37
f 2371/361/85 2336/362/158 1973/312/39 1989/311/42
f 2341/363/1096 2378/364/82 1994/316/37 1974/315/1107
f 1995/398/1084 2379/330/50 2380/329/49 1996/352/1095
f 1997/399/146 2380/329/49 2381/331/926 1998/400/136
f 1999/353/73 2381/395/926 2379/396/50 2000/397/97
f 1995/401/1084 1757/297/19 2000/397/97 2379/396/50
f 1997/399/146 1756/304/26 1996/352/1095 2380/329/49
f 1999/353/73 1755/313/40 1998/360/136 2381/395/926
f 2001/406/157 2382/332/52 2383/334/54 2002/407/102
f 2003/351/1283 2383/334/54 2384/333/53 2004/402/100
f 2005/403/101 2384/404/53 2382/405/52 2006/350/70
f 2001/355/157 1760/310/35 2006/350/70 2382/405/52
f 2003/351/1283 1759/303/1086 2002/407/102 2383/334/54
f 2005/403/101 1758/298/20 2004/408/100 2384/404/53
f 2007/409/79 2385/337/922 2386/336/56 2008/410/103
f 2009/411/1106 2386/336/56 2387/335/55 2010/412/1022
f 2011/413/137 2387/414/55 2385/415/922 2012/364/158
f 2007/359/79 1763/316/39 2012/364/158 2385/415/922
f 2009/411/1106 1762/301/23 2008/410/103 2386/336/56
f 2011/413/137 1761/308/151 2010/358/1022 2387/414/55
f 2013/416/77 2388/340/60 2389/339/59 2014/417/163
f 2015/418/107 2389/339/59 2390/338/58 2016/419/76
f 2017/420/81 2390/421/58 2388/422/60 2018/423/164
f 2013/357/77 1766/307/150 2018/423/164 2388/422/60
f 2015/418/107 1765/302/24 2014/417/163 2389/339/59
f 2017/361/81 1764/311/1107 2016/356/76 2390/424/58
f 2019/363/85 2391/369/63 2392/370/62 2020/371/109
f 2021/365/1017 2392/319/62 2393/318/61 2022/366/84
f 2023/367/111 2393/318/61 2391/317/63 2024/368/90
f 2019/363/85 1769/315/1109 2024/348/90 2391/369/63
f 2021/341/1017 1768/305/27 2020/371/109 2392/370/62
f 2023/367/111 1767/296/34 2022/366/84 2393/318/61
f 2025/374/83 2394/321/66 2395/320/65 2026/375/112
f 2027/376/113 2395/377/65 2396/378/1201 2028/379/82
f 2029/372/87 2396/322/1201 2394/321/66 2030/373/1082
f 2025/374/83 1772/295/153 2030/373/1082 2394/321/66
f 2027/376/113 1771/306/1088 2026/342/112 2395/377/65
f 2029/343/87 1770/312/1108 2028/362/82 2396/380/1201
f 2031/381/89 2397/325/930 2398/324/134 2032/382/93
f 2033/383/67 2398/324/134 2399/323/44 2034/384/141
f 2035/385/92 2399/386/44 2397/387/930 2036/354/74
f 2031/347/89 1775/314/41 2036/354/74 2397/387/930
f 2033/383/67 1774/293/31 2032/382/93 2398/324/134
f 2035/385/92 1773/300/22 2034/346/141 2399/386/44
f 2037/388/140 2400/328/47 2401/327/46 2038/389/68
f 2039/390/96 2401/327/46 2402/326/48 2040/391/88
f 2041/349/69 2402/392/48 2400/393/47 2042/394/94
f 2037/345/140 1778/299/1080 2042/394/94 2400/393/47
f 2039/390/96 1777/294/1089 2038/389/68 2401/327/46
f 2041/349/69 1776/309/38 2040/344/88 2402/392/48
f 2043/1190/1239 2403/1252/1093 2404/1253/55 2044/1254/1284
f 2045/1255/137 2404/1133/55 2405/1132/57 2046/1189/86
f 2047/1256/79 2405/1132/57 2403/1134/1093 2048/1257/103
f 2043/1190/1239 1789/1093/1138 2048/1195/103 2403/1252/1093
f 2045/1258/137 1788/1056/1114 2044/1254/1284 2404/1253/55
f 2047/1256/79 1787/1063/1118 2046/1189/86 2405/1132/57
f 2049/1188/85 2406/1137/63 2407/1136/62 2050/1259/109
f 2051/1260/1285 2407/1261/62 2408/1262/61 2052/1187/1238
f 2053/1263/111 2408/1135/61 2406/1137/63 2054/1264/90
f 2049/1188/85 1792/1062/42 2054/1264/90 2406/1137/63
f 2051/1260/1285 1791/1057/1115 2050/1265/109 2407/1261/62
f 2053/1192/111 1790/1106/1148 2052/1187/1238 2408/1262/61
f 2055/1196/73 2409/1140/926 2410/1139/50 2056/1266/97
f 2057/1267/1286 2410/1268/50 2411/1269/49 2058/1201/1244
f 2059/1270/146 2411/1138/49 2409/1140/926 2060/1205/136
f 2055/1196/73 1795/1091/40 2060/1205/136 2409/1140/926
f 2057/1267/1286 1794/1067/1122 2056/1271/97 2410/1268/50
f 2059/1272/146 1793/1075/1126 2058/1201/1244 2411/1269/49
f 2061/1198/1241 2412/1273/45 2413/1274/44 2062/1275/1287
f 2063/1276/92 2413/1142/44 2414/1141/43 2064/1197/74
f 2065/1202/89 2414/1141/43 2412/1143/45 2066/1277/93
f 2061/1198/1241 1798/1070/1123 2066/1278/93 2412/1273/45
f 2063/1279/92 1797/1066/1121 2062/1275/1287 2413/1274/44
f 2065/1202/89 1796/1092/41 2064/1197/74 2414/1141/43
f 2073/1210/1249 2415/1280/1207 2416/1281/1206 2074/1282/1288
f 2075/1283/1289 2416/1148/1206 2417/1147/1205 2076/1213/1252
f 2077/1242/1290 2417/1147/1205 2415/1149/1207 2078/1284/1256
f 2073/1210/1249 1816/1101/1145 2078/1217/1256 2415/1280/1207
f 2075/1285/1289 1815/1088/1135 2074/1282/1288 2416/1281/1206
f 2077/1242/1290 1814/1098/1143 2076/1213/1252 2417/1147/1205
f 2067/1212/1251 2418/1146/1204 2419/1145/1203 2068/1286/1291
f 2069/1287/1292 2419/1288/1203 2420/1289/1202 2070/1211/1250
f 2071/1290/1293 2420/1144/1202 2418/1146/1204 2072/1215/1254
f 2067/1212/1251 1813/1097/1142 2072/1215/1254 2418/1146/1204
f 2069/1287/1292 1812/1087/1134 2068/1291/1291 2419/1288/1203
f 2071/1244/1293 1811/1090/1137 2070/1211/1250 2420/1289/1202
f 2085/1292/1255 2421/1155/1213 2422/1154/1212 2086/1243/1294
f 2087/1182/1233 2422/1154/1212 2423/1153/1211 2088/1293/1295
f 2089/1294/1296 2423/1295/1211 2421/1296/1213 2090/1181/1232
f 2085/1297/1255 1826/1085/1132 2090/1181/1232 2421/1296/1213
f 2087/1182/1233 1825/1099/1144 2086/1243/1294 2422/1154/1212
f 2089/1294/1296 1824/1053/1111 2088/1298/1295 2423/1295/1211
f 2079/1184/1235 2424/1299/1210 2425/1300/1209 2080/1301/1297
f 2081/1302/1298 2425/1151/1209 2426/1150/1208 2082/1183/1234
f 2083/1214/1253 2426/1150/1208 2424/1152/1210 2084/1303/1299
f 2079/1184/1235 1823/1089/1136 2084/1245/1299 2424/1299/1210
f 2081/1304/1298 1822/1052/1110 2080/1301/1297 2425/1300/1209
f 2083/1214/1253 1821/1096/1141 2082/1183/1234 2426/1150/1208
f 2103/1305/107 2427/1164/59 2428/1163/58 2104/1306/76
f 2105/1307/1096 2428/1163/58 2429/1162/60 2106/1308/1097
f 2107/1309/77 2429/1310/60 2427/1311/59 2108/1231/163
f 2103/1224/107 1835/1129/1152 2108/1231/163 2427/1311/59
f 2105/1307/1096 1834/1312/36 2104/1306/76 2428/1163/58
f 2107/1313/77 1833/1115/125 2106/1223/1097 2429/1314/60
f 2109/1315/113 2430/1167/65 2431/1166/64 2110/1316/82
f 2111/1317/144 2431/1166/64 2432/1165/66 2112/1318/114
f 2113/1226/83 2432/1319/66 2430/1320/65 2114/1321/112
f 2109/1222/113 1838/1114/149 2114/1321/112 2430/1320/65
f 2111/1317/144 1837/1322/37 2110/1316/82 2431/1166/64
f 2113/1226/83 1836/1124/33 2112/1221/114 2432/1319/66
f 2091/1323/101 2433/1158/53 2434/1157/52 2092/1324/70
f 2093/1325/157 2434/1157/52 2435/1156/54 2094/1326/102
f 2095/1240/71 2435/1327/54 2433/1328/53 2096/1329/100
f 2091/1218/101 1829/1120/129 2096/1329/100 2433/1328/53
f 2093/1325/157 1828/1111/35 2092/1324/70 2434/1157/52
f 2095/1240/71 1827/1130/25 2094/1225/102 2435/1327/54
f 2097/1330/96 2436/1161/1214 2437/1160/48 2098/1331/88
f 2099/1332/69 2437/1160/48 2438/1159/47 2100/1333/161
f 2101/1334/140 2438/1335/47 2436/1336/1214 2102/1239/68
f 2097/1220/96 1832/1127/1151 2102/1239/68 2436/1336/1214
f 2099/1332/69 1831/1110/38 2098/1331/88 2437/1160/48
f 2101/1334/140 1830/1121/21 2100/1219/161 2438/1335/47
f 2127/1337/99 2439/1176/49 2440/1175/926 2128/1338/80
f 2129/1247/73 2440/1175/926 2441/1174/50 2130/1339/97
f 2131/1340/98 2441/1341/50 2439/1342/49 2132/1241/72
f 2127/1236/99 1847/1131/118 2132/1241/72 2439/1342/49
f 2129/1247/73 1846/1248/1149 2128/1338/80 2440/1175/926
f 2131/1340/98 1845/1123/128 2130/1235/97 2441/1341/50
f 2133/1343/92 2442/1179/44 2443/1178/43 2134/1246/74
f 2135/1344/89 2443/1178/43 2444/1177/45 2136/1345/93
f 2137/1238/1085 2444/1346/45 2442/1347/44 2138/1348/141
f 2133/1234/92 1850/1122/22 2138/1348/141 2442/1347/44
f 2135/1344/89 1849/1249/1150 2134/1246/74 2443/1178/43
f 2137/1238/1085 1848/1126/152 2136/1233/93 2444/1346/45
f 2115/1230/1106 2445/1349/56 2446/1350/55 2116/1351/78
f 2117/1352/105 2446/1169/55 2447/1168/57 2118/1229/158
f 2119/1353/79 2447/1168/57 2445/1170/56 2120/1354/103
f 2115/1230/1106 1841/1128/23 2120/1237/103 2445/1349/56
f 2117/1251/105 1840/1112/30 2116/1355/78 2446/1356/55
f 2119/1353/79 1839/1119/1118 2118/1229/158 2447/1168/57
f 2121/1228/85 2448/1173/63 2449/1172/62 2122/1357/109
f 2123/1358/1017 2449/1359/62 2450/1360/61 2124/1227/84
f 2125/1361/1257 2450/1171/61 2448/1173/63 2126/1362/90
f 2121/1228/85 1844/1118/1109 2126/1362/90 2448/1173/63
f 2123/1358/1017 1843/1113/27 2122/1250/109 2449/1359/62
f 2125/1232/1257 1842/1125/34 2124/1227/84 2450/1360/61
f 2151/409/79 2451/337/57 2452/336/56 2152/410/103
f 2153/411/1106 2452/336/56 2453/335/55 2154/412/1022
f 2155/413/137 2453/414/55 2451/415/57 2156/364/158
f 2151/359/79 1859/316/39 2156/364/158 2451/415/57
f 2153/411/1106 1858/301/119 2152/410/103 2452/336/56
f 2155/413/137 1857/308/126 2154/358/1022 2453/414/55
f 2157/416/77 2454/340/60 2455/339/59 2158/417/106
f 2159/418/107 2455/339/59 2456/338/58 2160/419/76
f 2161/420/81 2456/421/58 2454/422/60 2162/423/108
f 2157/357/77 1862/307/29 2162/423/108 2454/422/60
f 2159/418/107 1861/302/120 2158/417/106 2455/339/59
f 2161/361/81 1860/311/36 2160/356/76 2456/424/58
f 2139/398/1084 2457/330/50 2458/329/49 2140/352/1095
f 2141/399/146 2458/329/49 2459/331/51 2142/400/136
f 2143/353/73 2459/395/51 2457/396/50 2144/397/97
f 2139/401/1084 1853/297/1153 2144/397/97 2457/396/50
f 2141/399/146 1852/304/26 2140/352/1095 2458/329/49
f 2143/353/73 1851/313/1092 2142/360/136 2459/395/51
f 2145/406/75 2460/332/52 2461/334/54 2146/407/102
f 2147/351/71 2461/334/54 2462/333/53 2148/402/100
f 2149/403/101 2462/404/53 2460/405/52 2150/350/70
f 2145/355/75 1856/310/1156 2150/350/70 2460/405/52
f 2147/351/71 1855/303/121 2146/407/102 2461/334/54
f 2149/403/101 1854/298/20 2148/408/100 2462/404/53
f 2175/381/89 2463/325/43 2464/324/134 2176/382/93
f 2177/383/67 2464/324/134 2465/323/44 2178/384/141
f 2179/385/138 2465/386/44 2463/387/43 2180/354/964
f 2175/347/89 1871/314/41 2180/354/964 2463/387/43
f 2177/383/67 1870/293/152 2176/382/93 2464/324/134
f 2179/385/138 1869/300/22 2178/346/141 2465/386/44
f 2181/388/95 2466/328/47 2467/327/46 2182/389/143
f 2183/390/96 2467/327/46 2468/326/48 2184/391/88
f 2185/349/69 2468/392/48 2466/393/47 2186/394/94
f 2181/345/95 1874/299/1154 2186/394/94 2466/393/47
f 2183/390/96 1873/294/32 2182/389/143 2467/327/46
f 2185/349/69 1872/309/1155 2184/344/88 2468/392/48
f 2163/363/85 2469/369/63 2470/370/62 2164/371/109
f 2165/365/1017 2470/319/62 2471/318/61 2166/366/84
f 2167/367/111 2471/318/61 2469/317/63 2168/368/1018
f 2163/363/85 1865/315/42 2168/348/1018 2469/369/63
f 2165/341/1017 1864/305/27 2164/371/109 2470/370/62
f 2167/367/111 1863/296/124 2166/366/84 2471/318/61
f 2169/374/83 2472/321/66 2473/320/65 2170/375/112
f 2171/376/113 2473/377/65 2474/378/64 2172/379/82
f 2173/372/87 2474/322/64 2472/321/66 2174/373/1082
f 2169/374/83 1868/295/153 2174/373/1082 2472/321/66
f 2171/376/113 1867/306/28 2170/342/112 2473/377/65
f 2173/343/87 1866/312/37 2172/362/82 2474/380/64
f 2205/381/157 2475/325/156 2476/324/54 2206/382/102
f 2207/383/1283 2476/324/54 2477/323/53 2208/384/100
f 2209/385/101 2477/386/53 2475/387/156 2210/354/70
f 2205/347/157 1886/314/1160 2210/354/70 2475/387/156
f 2207/383/1283 1885/293/25 2206/382/102 2476/324/54
f 2209/385/101 1884/300/20 2208/346/100 2477/386/53
f 2199/388/98 2478/328/50 2479/327/49 2200/389/72
f 2201/390/146 2479/327/49 2480/326/51 2202/391/136
f 2203/349/73 2480/392/51 2478/393/50 2204/394/97
f 2199/345/98 1883/299/128 2204/394/97 2478/393/50
f 2201/390/146 1882/294/118 2200/389/72 2479/327/49
f 2203/349/73 1881/309/40 2202/344/136 2480/392/51
f 2193/365/77 2481/319/60 2482/318/59 2194/366/106
f 2195/367/107 2482/318/59 2483/317/58 2196/368/76
f 2197/363/81 2483/369/58 2481/370/60 2198/371/164
f 2193/341/77 1880/305/125 2198/371/164 2481/370/60
f 2195/367/107 1879/296/24 2194/366/106 2482/318/59
f 2197/363/81 1878/315/36 2196/348/76 2483/369/58
f 2187/372/79 2484/322/922 2485/321/56 2188/373/103
f 2189/374/1106 2485/321/56 2486/320/1215 2190/375/1022
f 2191/376/137 2486/377/1215 2484/378/922 2192/379/1258
f 2187/343/79 1877/312/39 2192/362/1258 2484/380/922
f 2189/374/1106 1876/295/23 2188/373/103 2485/321/56
f 2191/376/137 1875/306/1159 2190/342/1022 2486/377/1215
f 2229/409/87 2487/337/1201 2488/336/66 2230/410/1082
f 2231/411/83 2488/336/66 2489/335/65 2232/412/112
f 2233/413/113 2489/414/65 2487/415/1201 2234/364/82
f 2229/359/87 1898/316/116 2234/364/82 2487/415/1201
f 2231/411/83 1897/301/1158 2230/410/1082 2488/336/66
f 2233/413/113 1896/308/149 2232/358/112 2489/414/65
f 2223/416/1017 2490/340/1218 2491/339/1217 2224/417/84
f 2225/418/111 2491/339/1217 2492/338/918 2226/419/90
f 2227/420/85 2492/421/918 2490/422/1218 2228/423/109
f 2223/357/1017 1895/307/27 2228/423/109 2490/422/1218
f 2225/418/111 1894/302/124 2224/417/84 2491/339/1217
f 2227/361/85 1893/311/42 2226/356/90 2492/424/918
f 2217/353/69 2493/395/1216 2494/396/47 2218/397/94
f 2219/398/140 2494/330/47 2495/329/46 2220/352/143
f 2221/399/96 2495/329/46 2493/331/1216 2222/400/88
f 2217/353/69 1892/313/38 2222/360/88 2493/395/1216
f 2219/401/140 1891/297/1157 2218/397/94 2494/396/47
f 2221/399/96 1890/304/1089 2220/352/143 2495/329/46
f 2211/351/67 2496/334/134 2497/333/44 2212/402/141
f 2213/403/92 2497/404/44 2498/405/930 2214/350/74
f 2215/406/89 2498/332/930 2496/334/134 2216/407/93
f 2211/351/67 1889/303/152 2216/407/93 2496/334/134
f 2213/403/92 1888/298/22 2212/408/141 2497/404/44
f 2215/355/89 1887/310/1161 2214/350/74 2498/405/930
f 2235/1188/73 2499/1137/51 2500/1136/133 2236/1259/97
f 2237/1260/1300 2500/1261/133 2501/1262/49 2238/1187/1244
f 2239/1263/99 2501/1135/49 2499/1137/51 2240/1264/136
f 2235/1188/73 1909/1062/1168 2240/1264/136 2499/1137/51
f 2237/1260/1300 1908/1057/1122 2236/1265/97 2500/1261/133
f 2239/1192/99 1907/1106/1126 2238/1187/1244 2501/1262/49
f 2241/1190/1241 2502/1252/134 2503/1253/44 2242/1254/1301
f 2243/1255/138 2503/1133/44 2504/1132/43 2244/1189/964
f 2245/1256/89 2504/1132/43 2502/1134/134 2246/1257/93
f 2241/1190/1241 1912/1093/1197 2246/1195/93 2502/1252/134
f 2243/1258/138 1911/1056/1121 2242/1254/1301 2503/1253/44
f 2245/1256/89 1910/1063/41 2244/1189/964 2504/1132/43
f 2247/1198/1267 2505/1273/1093 2506/1274/1215 2248/1275/1302
f 2249/1276/1282 2506/1142/1215 2507/1141/57 2250/1197/158
f 2251/1202/79 2507/1141/57 2505/1143/1093 2252/1277/103
f 2247/1198/1267 1915/1070/1138 2252/1278/103 2505/1273/1093
f 2249/1279/1282 1914/1066/1172 2248/1275/1302 2506/1274/1215
f 2251/1202/79 1913/1092/1188 2250/1197/158 2507/1141/57
f 2253/1196/85 2508/1140/63 2509/1139/1218 2254/1266/1303
f 2255/1267/1285 2509/1268/1218 2510/1269/1217 2256/1201/1238
f 2257/1270/111 2510/1138/1217 2508/1140/63 2258/1205/90
f 2253/1196/85 1918/1091/1109 2258/1205/90 2508/1140/63
f 2255/1267/1285 1917/1067/1169 2254/1271/1303 2509/1268/1218
f 2257/1272/111 1916/1075/1173 2256/1201/1238 2510/1269/1217
f 2259/1210/1276 2511/1280/1221 2512/1281/1220 2260/1282/1304
f 2261/1283/1305 2512/1148/1220 2513/1147/1219 2262/1213/1275
f 2263/1242/1278 2513/1147/1219 2511/1149/1221 2264/1284/1306
f 2259/1210/1276 1933/1101/1187 2264/1217/1306 2511/1280/1221
f 2261/1285/1305 1932/1088/1184 2260/1282/1304 2512/1281/1220
f 2263/1242/1278 1931/1098/1192 2262/1213/1275 2513/1147/1219
f 2265/1212/1274 2514/1146/1224 2515/1145/1223 2266/1286/1307
f 2267/1287/1308 2515/1288/1223 2516/1289/1222 2268/1211/1277
f 2269/1290/1280 2516/1144/1222 2514/1146/1224 2270/1215/1309
f 2265/1212/1274 1936/1097/1191 2270/1215/1309 2514/1146/1224
f 2267/1287/1308 1935/1087/1185 2266/1291/1307 2515/1288/1223
f 2269/1244/1280 1934/1090/1196 2268/1211/1277 2516/1289/1222
f 2271/1292/1310 2517/1155/1227 2518/1154/1226 2272/1243/1279
f 2273/1182/1261 2518/1154/1226 2519/1153/1225 2274/1293/1311
f 2275/1294/1312 2519/1295/1225 2517/1296/1227 2276/1181/1260
f 2271/1297/1310 1943/1085/1186 2276/1181/1260 2517/1296/1227
f 2273/1182/1261 1942/1099/1193 2272/1243/1279 2518/1154/1226
f 2275/1294/1312 1941/1053/1164 2274/1298/1311 2519/1295/1225
f 2277/1184/1263 2520/1299/1230 2521/1300/1229 2278/1301/1313
f 2279/1302/1314 2521/1151/1229 2522/1150/1228 2280/1183/1262
f 2281/1214/1315 2522/1150/1228 2520/1152/1230 2282/1303/1281
f 2277/1184/1263 1946/1089/1182 2282/1245/1281 2520/1299/1230
f 2279/1304/1314 1945/1052/1163 2278/1301/1313 2521/1300/1229
f 2281/1214/1315 1944/1096/1194 2280/1183/1262 2522/1150/1228
f 2283/1318/107 2523/1165/59 2524/1166/58 2284/1317/76
f 2285/1316/1096 2524/1166/58 2525/1167/60 2286/1315/108
f 2287/1321/1083 2525/1320/60 2523/1319/59 2288/1226/106
f 2283/1221/107 1949/1124/24 2288/1226/106 2523/1319/59
f 2285/1316/1096 1948/1322/36 2284/1317/76 2524/1166/58
f 2287/1321/1083 1947/1114/125 2286/1222/108 2525/1320/60
f 2289/1308/113 2526/1162/65 2527/1163/64 2290/1307/82
f 2291/1306/144 2527/1163/64 2528/1164/66 2292/1305/114
f 2293/1231/83 2528/1311/66 2526/1310/65 2294/1309/112
f 2289/1223/113 1952/1115/28 2294/1313/112 2526/1314/65
f 2291/1306/144 1951/1312/1108 2290/1307/82 2527/1163/64
f 2293/1231/83 1950/1129/153 2292/1224/114 2528/1311/66
f 2295/1333/101 2529/1159/53 2530/1160/52 2296/1332/70
f 2297/1331/157 2530/1160/52 1754/1161/54 2298/1330/102
f 2299/1239/71 1754/1336/54 2529/1335/53 2300/1334/162
f 2295/1219/101 1955/1121/20 2300/1334/162 2529/1335/53
f 2297/1331/157 1954/1110/35 2296/1332/70 2530/1160/52
f 2299/1239/71 1953/1127/1086 2298/1220/102 1754/1336/54
f 2301/1326/96 1753/1156/46 1752/1157/48 2302/1325/88
f 2303/1324/142 1752/1157/48 1751/1158/47 2304/1323/94
f 2305/1329/140 1751/1328/47 1753/1327/46 2306/1240/143
f 2301/1225/96 1958/1130/32 2306/1240/143 1753/1327/46
f 2303/1324/142 1957/1111/38 2302/1325/88 1752/1157/48
f 2305/1329/140 1956/1120/21 2304/1218/94 1751/1328/47
f 2307/1246/73 1750/1178/51 1749/1179/50 2308/1343/97
f 2309/1348/1084 1749/1347/50 1748/1346/49 2310/1238/72
f 2311/1345/99 1748/1177/49 1750/1178/51 2312/1344/80
f 2307/1246/73 1961/1249/122 2312/1344/80 1750/1178/51
f 2309/1348/1084 1960/1122/128 2308/1234/97 1749/1347/50
f 2311/1233/99 1959/1126/26 2310/1238/72 1748/1346/49
f 2313/1241/1085 1747/1342/134 1746/1341/44 2314/1340/141
f 2315/1339/92 1746/1174/44 1745/1175/43 2316/1247/74
f 2317/1338/89 1745/1175/43 1747/1176/134 2318/1337/93
f 2313/1241/1085 1964/1131/152 2318/1236/93 1747/1342/134
f 2315/1235/92 1963/1123/22 2314/1340/141 1746/1341/44
f 2317/1338/89 1962/1248/41 2316/1247/74 1745/1175/43
f 2319/1357/1282 1744/1172/1215 1743/1173/57 2320/1228/86
f 2321/1362/79 1743/1173/57 1742/1171/56 2322/1361/103
f 2323/1227/104 1742/1360/56 1744/1359/1215 2324/1358/78
f 2319/1250/1282 1967/1113/30 2324/1358/78 1744/1359/1215
f 2321/1362/79 1966/1118/39 2320/1228/86 1743/1173/57
f 2323/1227/104 1965/1125/119 2322/1232/103 1742/1360/56
f 2325/1354/111 1741/1170/61 1740/1168/63 2326/1353/90
f 2327/1229/85 1740/1168/63 1739/1169/1218 2328/1352/109
f 2329/1351/110 1739/1350/1218 1741/1349/61 2330/1230/84
f 2325/1237/111 1970/1128/34 2330/1230/84 1741/1349/61
f 2327/1229/85 1969/1119/1109 2326/1353/90 1740/1168/63
f 2329/1355/110 1968/1112/127 2328/1251/109 1739/1356/1218
f 2331/372/79 1736/322/57 1735/321/56 2332/373/103
f 2333/374/1106 1735/321/56 1732/320/55 2334/375/1022
f 2335/376/137 1732/377/55 1736/378/57 2336/379/158
f 2331/343/79 1973/312/39 2336/362/158 1736/380/57
f 2333/374/1106 1972/295/23 2332/373/103 1735/321/56
f 2335/376/137 1971/306/151 2334/342/1022 1732/377/55
f 2337/365/77 1731/319/60 1730/318/59 2338/366/106
f 2339/367/107 1730/318/59 1729/317/58 2340/368/76
f 2341/363/1096 1729/369/58 1731/370/60 2342/371/108
f 2337/341/77 1976/305/29 2342/371/108 1731/370/60
f 2339/367/107 1975/296/24 2338/366/106 1730/318/59
f 2341/363/1096 1974/315/1107 2340/348/76 1729/369/58
f 2343/388/98 1728/328/50 1727/327/49 2344/389/72
f 2345/390/146 1727/327/49 1726/326/51 2346/391/136
f 2347/349/73 1726/392/51 1728/393/50 2348/394/97
f 2343/345/98 1979/299/19 2348/394/97 1728/393/50
f 2345/390/146 1978/294/1087 2344/389/72 1727/327/49
f 2347/349/73 1977/309/40 2346/344/136 1726/392/51
f 2349/381/75 1725/325/52 1724/324/54 2350/382/102
f 2351/383/71 1724/324/54 1723/323/53 2352/384/100
f 2353/385/101 1723/386/53 1725/387/52 2354/354/70
f 2349/347/75 1982/314/35 2354/354/70 1725/387/52
f 2351/383/71 1981/293/1198 2350/382/102 1724/324/54
f 2353/385/101 1980/300/129 2352/346/100 1723/386/53
f 2355/351/67 1722/334/134 1721/333/44 2356/402/141
f 2357/403/138 1721/404/44 1720/405/43 2358/350/964
f 2359/406/89 1720/332/43 1722/334/134 2360/407/93
f 2355/351/67 1985/303/152 2360/407/93 1722/334/134
f 2357/403/138 1984/298/22 2356/408/141 1721/404/44
f 2359/355/89 1983/310/41 2358/350/964 1720/405/43
f 2361/353/69 1719/395/48 1718/396/47 2362/397/94
f 2363/398/140 1718/330/47 1717/329/46 2364/352/68
f 2365/399/96 1717/329/46 1719/331/48 2366/400/88
f 2361/353/69 1988/313/38 2366/360/88 1719/395/48
f 2363/401/140 1987/297/1080 2362/397/94 1718/396/47
f 2365/399/96 1986/304/1089 2364/352/68 1717/329/46
f 2367/416/1017 1716/340/1218 1715/339/61 2368/417/84
f 2369/418/111 1715/339/61 1714/338/63 2370/419/1018
f 2371/420/85 1714/421/63 1716/422/1218 2372/423/109
f 2367/357/1017 1991/307/27 2372/423/109 1716/422/1218
f 2369/418/111 1990/302/1200 2368/417/84 1715/339/61
f 2371/361/85 1989/311/42 2370/356/1018 1714/424/63
f 2373/409/87 1713/337/64 1712/336/66 2374/410/1082
f 2375/411/145 1712/336/66 1711/335/65 2376/412/112
f 2377/413/113 1711/414/65 1713/415/64 2378/364/82
f 2373/359/87 1994/316/37 2378/364/82 1713/415/64
f 2375/411/145 1993/301/1199 2374/410/1082 1712/336/66
f 2377/413/113 1992/308/149 2376/358/112 1711/414/65
f 1995/398/1084 1996/352/1095 2003/351/1283 2004/402/100
f 1996/352/1095 1756/304/26 1759/303/1086 2003/351/1283
f 2001/406/157 2002/407/102 2015/418/107 2016/419/76
f 2002/407/102 1759/303/1086 1765/302/24 2015/418/107
f 2013/416/77 2014/417/163 2009/411/1106 2010/412/1022
f 2014/417/163 1765/302/24 1762/301/23 2009/411/1106
f 2007/409/79 2008/410/103 1997/399/146 1998/400/136
f 2008/410/103 1762/301/23 1756/304/26 1997/399/146
f 2017/420/81 2018/423/164 2027/376/113 2028/379/82
f 2018/423/164 1766/307/150 1771/306/1088 2027/376/113
f 2025/374/83 2026/375/112 2021/365/1017 2022/366/84
f 2026/342/112 1771/306/1088 1768/305/27 2021/341/1017
f 2019/363/85 2020/371/109 2011/413/137 2012/364/158
f 2020/371/109 1768/305/27 1761/308/151 2011/413/137
f 2029/372/87 2030/373/1082 2039/390/96 2040/391/88
f 2030/373/1082 1772/295/153 1777/294/1089 2039/390/96
f 2037/388/140 2038/389/68 2033/383/67 2034/384/141
f 2038/389/68 1777/294/1089 1774/293/31 2033/383/67
f 2031/381/89 2032/382/93 2023/367/111 2024/368/90
f 2032/382/93 1774/293/31 1767/296/34 2023/367/111
f 2041/349/69 2042/394/94 2005/403/101 2006/350/70
f 2042/394/94 1778/299/1080 1758/298/20 2005/403/101
f 1999/353/73 2000/397/97 2035/385/92 2036/354/74
f 2000/397/97 1757/297/19 1773/300/22 2035/385/92
f 1709/1180/1231 1710/1363/1316 2089/1294/1296 2090/1181/1232
f 1710/1363/1316 1810/1054/1112 1824/1053/1111 2089/1294/1296
f 2087/1182/1233 2088/1293/1295 2081/1302/1298 2082/1183/1234
f 2088/1298/1295 1824/1053/1111 1822/1052/1110 2081/1304/1298
f 2079/1184/1235 2080/1301/1297 1707/1364/1317 1708/1185/1236
f 2080/1301/1297 1822/1052/1110 1808/1055/1113 1707/1364/1317
f 1705/1186/1237 1706/1365/1318 2051/1260/1285 2052/1187/1238
f 1706/1365/1318 1785/1058/1116 1791/1057/1115 2051/1260/1285
f 2049/1188/85 2050/1259/109 2045/1255/137 2046/1189/86
f 2050/1265/109 1791/1057/1115 1788/1056/1114 2045/1258/137
f 2043/1190/1239 2044/1254/1284 1703/1366/1319 1704/1191/1240
f 2044/1254/1284 1788/1056/1114 1783/1059/1117 1703/1366/1319
f 2053/1263/111 2054/1264/90 1701/1203/987 1702/1367/1011
f 2054/1264/90 1792/1062/42 1817/1061/901 1701/1203/987
f 1699/1368/1012 1700/1204/962 2047/1256/79 2048/1257/103
f 1700/1204/962 1819/1060/902 1787/1063/1118 2047/1256/79
f 2055/1196/73 2056/1266/97 2063/1276/92 2064/1197/74
f 2056/1271/97 1794/1067/1122 1797/1066/1121 2063/1279/92
f 2061/1198/1241 2062/1275/1287 1697/1369/1320 1698/1199/1242
f 2062/1275/1287 1797/1066/1121 1781/1065/1120 1697/1369/1320
f 1695/1200/1243 1696/1370/1321 2057/1267/1286 2058/1201/1244
f 1696/1370/1321 1779/1064/1119 1794/1067/1122 2057/1267/1286
f 2065/1202/89 2066/1277/93 1702/1367/1011 1701/1203/987
f 2066/1278/93 1798/1070/1123 1818/1069/879 1702/1371/1011
f 1700/1204/962 1699/1368/1012 2059/1270/146 2060/1205/136
f 1699/1194/1012 1820/1072/857 1793/1075/1126 2059/1272/146
f 1693/1206/1245 1694/1372/1322 1696/1370/1321 1695/1200/1243
f 1694/1372/1322 1799/1077/1128 1779/1064/1119 1696/1370/1321
f 1698/1199/1242 1697/1369/1320 1691/1373/1323 1692/1207/1246
f 1697/1369/1320 1781/1065/1120 1801/1076/1127 1691/1373/1323
f 1687/1208/1247 1688/1374/1324 1706/1365/1318 1705/1186/1237
f 1688/1374/1324 1805/1081/1130 1785/1058/1116 1706/1365/1318
f 1704/1191/1240 1703/1366/1319 1683/1375/1319 1684/1209/1248
f 1703/1366/1319 1783/1059/1117 1803/1080/1117 1683/1375/1319
f 1708/1185/1236 1707/1364/1317 1694/1372/1322 1693/1206/1245
f 1707/1364/1317 1808/1055/1113 1799/1077/1128 1694/1372/1322
f 1692/1207/1246 1691/1373/1323 1710/1363/1316 1709/1180/1231
f 1691/1373/1323 1801/1076/1127 1810/1054/1112 1710/1363/1316
f 2073/1210/1249 2074/1282/1288 1688/1374/1324 1687/1208/1247
f 2074/1282/1288 1815/1088/1135 1805/1081/1130 1688/1374/1324
f 1684/1209/1248 1683/1375/1319 2069/1287/1292 2070/1211/1250
f 1683/1375/1319 1803/1080/1117 1812/1087/1134 2069/1287/1292
f 2067/1212/1251 2068/1286/1291 2075/1283/1289 2076/1213/1252
f 2068/1291/1291 1812/1087/1134 1815/1088/1135 2075/1285/1289
f 2083/1214/1253 2084/1303/1299 2071/1290/1293 2072/1215/1254
f 2084/1245/1299 1823/1089/1136 1811/1090/1137 2071/1244/1293
f 2085/1292/1255 2086/1243/1294 2077/1242/1290 2078/1284/1256
f 2086/1243/1294 1825/1099/1144 1814/1098/1143 2077/1242/1290
f 2091/1323/101 2092/1324/70 2099/1332/69 2100/1333/161
f 2092/1324/70 1828/1111/35 1831/1110/38 2099/1332/69
f 2097/1330/96 2098/1331/88 2111/1376/144 2112/1377/114
f 2098/1331/88 1831/1110/38 1837/1109/37 2111/1376/144
f 2109/1315/113 2110/1316/82 2105/1307/1096 2106/1308/1097
f 2110/1316/82 1837/1322/37 1834/1312/36 2105/1307/1096
f 2103/1378/107 2104/1379/76 2093/1325/157 2094/1326/102
f 2104/1379/76 1834/1108/36 1828/1111/35 2093/1325/157
f 2113/1226/83 2114/1321/112 2123/1358/1017 2124/1227/84
f 2114/1321/112 1838/1114/149 1843/1113/27 2123/1358/1017
f 2121/1228/85 2122/1357/109 2117/1352/105 2118/1229/158
f 2122/1250/109 1843/1113/27 1840/1112/30 2117/1251/105
f 2115/1230/1106 2116/1351/78 2107/1309/77 2108/1231/163
f 2116/1355/78 1840/1112/30 1833/1115/125 2107/1313/77
f 2125/1361/1257 2126/1362/90 2135/1380/89 2136/1381/93
f 2126/1362/90 1844/1118/1109 1849/1117/1150 2135/1380/89
f 2133/1343/92 2134/1246/74 2129/1247/73 2130/1339/97
f 2134/1246/74 1849/1249/1150 1846/1248/1149 2129/1247/73
f 2127/1382/99 2128/1383/80 2119/1353/79 2120/1354/103
f 2128/1383/80 1846/1116/1149 1839/1119/1118 2119/1353/79
f 2137/1238/1085 2138/1348/141 2101/1334/140 2102/1239/68
f 2138/1348/141 1850/1122/22 1830/1121/21 2101/1334/140
f 2095/1240/71 2096/1329/100 2131/1340/98 2132/1241/72
f 2096/1329/100 1829/1120/129 1845/1123/128 2131/1340/98
f 2139/398/1084 2140/352/1095 2147/351/71 2148/402/100
f 2140/352/1095 1852/304/26 1855/303/121 2147/351/71
f 2145/406/75 2146/407/102 2159/418/107 2160/419/76
f 2146/407/102 1855/303/121 1861/302/120 2159/418/107
f 2157/416/77 2158/417/106 2153/411/1106 2154/412/1022
f 2158/417/106 1861/302/120 1858/301/119 2153/411/1106
f 2151/409/79 2152/410/103 2141/399/146 2142/400/136
f 2152/410/103 1858/301/119 1852/304/26 2141/399/146
f 2161/420/81 2162/423/108 2171/376/113 2172/379/82
f 2162/423/108 1862/307/29 1867/306/28 2171/376/113
f 2169/374/83 2170/375/112 2165/365/1017 2166/366/84
f 2170/342/112 1867/306/28 1864/305/27 2165/341/1017
f 2163/363/85 2164/371/109 2155/413/137 2156/364/158
f 2164/371/109 1864/305/27 1857/308/126 2155/413/137
f 2173/372/87 2174/373/1082 2183/390/96 2184/391/88
f 2174/373/1082 1868/295/153 1873/294/32 2183/390/96
f 2181/388/95 2182/389/143 2177/383/67 2178/384/141
f 2182/389/143 1873/294/32 1870/293/152 2177/383/67
f 2175/381/89 2176/382/93 2167/367/111 2168/368/1018
f 2176/382/93 1870/293/152 1863/296/124 2167/367/111
f 2185/349/69 2186/394/94 2149/403/101 2150/350/70
f 2186/394/94 1874/299/1154 1854/298/20 2149/403/101
f 2143/353/73 2144/397/97 2179/385/138 2180/354/964
f 2144/397/97 1853/297/1153 1869/300/22 2179/385/138
f 2187/372/79 2188/373/103 2201/390/146 2202/391/136
f 2188/373/103 1876/295/23 1882/294/118 2201/390/146
f 2199/388/98 2200/389/72 2207/383/1283 2208/384/100
f 2200/389/72 1882/294/118 1885/293/25 2207/383/1283
f 2205/381/157 2206/382/102 2195/367/107 2196/368/76
f 2206/382/102 1885/293/25 1879/296/24 2195/367/107
f 2193/365/77 2194/366/106 2189/374/1106 2190/375/1022
f 2194/366/106 1879/296/24 1876/295/23 2189/374/1106
f 2203/349/73 2204/394/97 2213/403/92 2214/350/74
f 2204/394/97 1883/299/128 1888/298/22 2213/403/92
f 2211/351/67 2212/402/141 2219/398/140 2220/352/143
f 2212/408/141 1888/298/22 1891/297/1157 2219/401/140
f 2217/353/69 2218/397/94 2209/385/101 2210/354/70
f 2218/397/94 1891/297/1157 1884/300/20 2209/385/101
f 2215/406/89 2216/407/93 2225/418/111 2226/419/90
f 2216/407/93 1889/303/152 1894/302/124 2225/418/111
f 2223/416/1017 2224/417/84 2231/411/83 2232/412/112
f 2224/417/84 1894/302/124 1897/301/1158 2231/411/83
f 2229/409/87 2230/410/1082 2221/399/96 2222/400/88
f 2230/410/1082 1897/301/1158 1890/304/1089 2221/399/96
f 2227/420/85 2228/423/109 2191/376/137 2192/379/1258
f 2228/423/109 1895/307/27 1875/306/1159 2191/376/137
f 2197/363/81 2198/371/164 2233/413/113 2234/364/82
f 2198/371/164 1880/305/125 1896/308/149 2233/413/113
f 1681/1180/1259 1682/1363/1325 2275/1294/1312 2276/1181/1260
f 1682/1363/1325 1928/1054/1165 1941/1053/1164 2275/1294/1312
f 2273/1182/1261 2274/1293/1311 2279/1302/1314 2280/1183/1262
f 2274/1298/1311 1941/1053/1164 1945/1052/1163 2279/1304/1314
f 2277/1184/1263 2278/1301/1313 1679/1364/1326 1680/1185/1264
f 2278/1301/1313 1945/1052/1163 1930/1055/1162 1679/1364/1326
f 1677/1186/1265 1678/1365/1327 2237/1260/1300 2238/1187/1244
f 1678/1365/1327 1903/1058/1167 1908/1057/1122 2237/1260/1300
f 2235/1188/73 2236/1259/97 2243/1255/138 2244/1189/964
f 2236/1265/97 1908/1057/1122 1911/1056/1121 2243/1258/138
f 2241/1190/1241 2242/1254/1301 1675/1366/1328 1676/1191/1266
f 2242/1254/1301 1911/1056/1121 1905/1059/1166 1675/1366/1328
f 2239/1263/99 2240/1264/136 1673/1203/962 1674/1367/1012
f 2240/1264/136 1909/1062/1168 1939/1061/902 1673/1203/962
f 1671/1368/1011 1672/1204/987 2245/1256/89 2246/1257/93
f 1672/1204/987 1937/1060/901 1910/1063/41 2245/1256/89
f 2247/1198/1267 2248/1275/1302 1669/1369/1329 1670/1199/1268
f 2248/1275/1302 1914/1066/1172 1899/1065/1171 1669/1369/1329
f 1667/1200/1269 1668/1370/1330 2255/1267/1285 2256/1201/1238
f 1668/1370/1330 1901/1064/1170 1917/1067/1169 2255/1267/1285
f 2253/1196/85 2254/1266/1303 2249/1276/1282 2250/1197/158
f 2254/1271/1303 1917/1067/1169 1914/1066/1172 2249/1279/1282
f 1672/1204/987 1671/1368/1011 2257/1270/111 2258/1205/90
f 1671/1194/1011 1938/1072/879 1916/1075/1173 2257/1272/111
f 2251/1202/79 2252/1277/103 1674/1367/1012 1673/1203/962
f 2252/1278/103 1915/1070/1138 1940/1069/857 1674/1371/1012
f 1665/1206/1270 1666/1372/1331 1668/1370/1330 1667/1200/1269
f 1666/1372/1331 1921/1077/1176 1901/1064/1170 1668/1370/1330
f 1670/1199/1268 1669/1369/1329 1663/1373/1332 1664/1207/1271
f 1669/1369/1329 1899/1065/1171 1919/1076/1177 1663/1373/1332
f 1661/1208/1272 1662/1374/1333 1678/1365/1327 1677/1186/1265
f 1662/1374/1333 1923/1081/1179 1903/1058/1167 1678/1365/1327
f 1676/1191/1266 1675/1366/1328 1659/1375/1334 1660/1209/1273
f 1675/1366/1328 1905/1059/1166 1925/1080/1166 1659/1375/1334
f 1680/1185/1264 1679/1364/1326 1666/1372/1331 1665/1206/1270
f 1679/1364/1326 1930/1055/1162 1921/1077/1176 1666/1372/1331
f 1664/1207/1271 1663/1373/1332 1682/1363/1325 1681/1180/1259
f 1663/1373/1332 1919/1076/1177 1928/1054/1165 1682/1363/1325
f 2265/1212/1274 2266/1286/1307 2261/1283/1305 2262/1213/1275
f 2266/1291/1307 1935/1087/1185 1932/1088/1184 2261/1285/1305
f 2259/1210/1276 2260/1282/1304 1662/1374/1333 1661/1208/1272
f 2260/1282/1304 1932/1088/1184 1923/1081/1179 1662/1374/1333
f 1660/1209/1273 1659/1375/1334 2267/1287/1308 2268/1211/1277
f 1659/1375/1334 1925/1080/1166 1935/1087/1185 2267/1287/1308
f 2263/1242/1278 2264/1284/1306 2271/1292/1310 2272/1243/1279
f 2264/1217/1306 1933/1101/1187 1943/1100/1186 2271/1216/1310
f 2269/1290/1280 2270/1215/1309 2281/1214/1315 2282/1303/1281
f 2270/1215/1309 1936/1097/1191 1944/1096/1194 2281/1214/1315
f 2283/1377/107 2284/1376/76 2297/1331/157 2298/1330/102
f 2284/1376/76 1948/1109/36 1954/1110/35 2297/1331/157
f 2295/1333/101 2296/1332/70 2303/1324/142 2304/1323/94
f 2296/1332/70 1954/1110/35 1957/1111/38 2303/1324/142
f 2301/1326/96 2302/1325/88 2291/1379/144 2292/1378/114
f 2302/1325/88 1957/1111/38 1951/1108/1108 2291/1379/144
f 2289/1308/113 2290/1307/82 2285/1316/1096 2286/1315/108
f 2290/1307/82 1951/1312/1108 1948/1322/36 2285/1316/1096
f 2299/1239/71 2300/1334/162 2309/1348/1084 2310/1238/72
f 2300/1334/162 1955/1121/20 1960/1122/128 2309/1348/1084
f 2307/1246/73 2308/1343/97 2315/1339/92 2316/1247/74
f 2308/1234/97 1960/1122/128 1963/1123/22 2315/1235/92
f 2313/1241/1085 2314/1340/141 2305/1329/140 2306/1240/143
f 2314/1340/141 1963/1123/22 1956/1120/21 2305/1329/140
f 2311/1381/99 2312/1380/80 2321/1362/79 2322/1361/103
f 2312/1380/80 1961/1117/122 1966/1118/39 2321/1362/79
f 2319/1357/1282 2320/1228/86 2327/1229/85 2328/1352/109
f 2320/1228/86 1966/1118/39 1969/1119/1109 2327/1229/85
f 2325/1354/111 2326/1353/90 2317/1383/89 2318/1382/93
f 2326/1353/90 1969/1119/1109 1962/1116/41 2317/1383/89
f 2323/1227/104 2324/1358/78 2287/1321/1083 2288/1226/106
f 2324/1358/78 1967/1113/30 1947/1114/125 2287/1321/1083
f 2293/1231/83 2294/1309/112 2329/1351/110 2330/1230/84
f 2294/1313/112 1952/1115/28 1968/1112/127 2329/1355/110
f 2331/372/79 2332/373/103 2345/390/146 2346/391/136
f 2332/373/103 1972/295/23 1978/294/1087 2345/390/146
f 2343/388/98 2344/389/72 2351/383/71 2352/384/100
f 2344/389/72 1978/294/1087 1981/293/1198 2351/383/71
f 2349/381/75 2350/382/102 2339/367/107 2340/368/76
f 2350/382/102 1981/293/1198 1975/296/24 2339/367/107
f 2337/365/77 2338/366/106 2333/374/1106 2334/375/1022
f 2338/366/106 1975/296/24 1972/295/23 2333/374/1106
f 2347/349/73 2348/394/97 2357/403/138 2358/350/964
f 2348/394/97 1979/299/19 1984/298/22 2357/403/138
f 2355/351/67 2356/402/141 2363/398/140 2364/352/68
f 2356/408/141 1984/298/22 1987/297/1080 2363/401/140
f 2361/353/69 2362/397/94 2353/385/101 2354/354/70
f 2362/397/94 1987/297/1080 1980/300/129 2353/385/101
f 2359/406/89 2360/407/93 2369/418/111 2370/419/1018
f 2360/407/93 1985/303/152 1990/302/1200 2369/418/111
f 2367/416/1017 2368/417/84 2375/411/145 2376/412/112
f 2368/417/84 1990/302/1200 1993/301/1199 2375/411/145
f 2373/409/87 2374/410/1082 2365/399/96 2366/400/88
f 2374/410/1082 1993/301/1199 1986/304/1089 2365/399/96
f 2371/420/85 2372/423/109 2335/376/137 2336/379/158
f 2372/423/109 1991/307/27 1971/306/151 2335/376/137
f 2341/363/1096 2342/371/108 2377/413/113 2378/364/82
f 2342/371/108 1976/305/29 1992/308/149 2377/413/113
